time_s,case,mass_multiplier,mass_kg,x_m,y_m,z_m,z_error_m,horizontal_offset_m,alpha_rad,beta_rad,tilt_magnitude_rad,vx_mps,vy_mps,vz_mps,wx_radps,wy_radps,angular_rate_magnitude_radps,u1_A,u2_A,u3_A,u4_A
0,min,0.171999999999999,0.01032,0.0001,0.0001,0.0306191833390181,0.0005,0.00014142135623731,0,0,0,0,0,0,0,0,0,0.16698535226495,0.170430974074497,-0.353237213668583,-0.351868936702197
0.005,min,0.171999999999999,0.01032,0.000148066595737602,0.000148457420190456,0.0310308133501879,0.000911630011169749,0.000209674324567716,-0.00163237369903665,0.00162838121554498,0.00230570364020322,0.0192266382950406,0.0193829680761824,0.164652004467899,-0.652949479614661,0.651352486217993,0.922281456081286,-0.0568823239130606,-0.0620883875290896,0.999999955854401,0.999999955821085
0.01,min,0.171999999999999,0.01032,0.000223799609911445,0.000224681494858491,0.0319811551455237,0.00186197180650561,0.000317124643521063,-0.00644642462118071,0.00644124843365587,0.00911296174581234,0.0110665673744968,0.0111066617910315,0.215484713666447,-1.27267088924296,1.27379440102636,1.80062305006144,-0.999999999999997,-0.999999999999997,0.999999999999998,0.999999999999998
0.015,min,0.171999999999999,0.01032,0.000226723479162372,0.000227457883218112,0.0330608962813737,0.00294171294235556,0.000321155141079128,-0.00717385334833638,0.00720397042942489,0.0101666789961848,-0.00989701967412623,-0.00999610644718287,0.216411740673534,0.981699398380695,-0.968705602718755,1.3791752076947,-0.231518770342178,-0.216681252292215,0.999999998465541,0.99999999846478
0.02,min,0.171999999999999,0.01032,0.000152608426422737,0.000153289578221827,0.0338936455366247,0.00377446219760662,0.00021630308968355,-0.00260646010106609,0.00264609237486884,0.00371422119895793,-0.0197490014217276,-0.0196712155513312,0.11668796142689,0.845257900527418,-0.854445619103665,1.20188944350529,0.999999999916599,0.999999999916526,0.530712290681703,0.52397034941993
0.025,min,0.171999999999999,0.01032,8.50763376059684e-05,8.66332342551169e-05,0.0340783326973757,0.00395914935835754,0.000121421993468839,0.000936885477110443,-0.000982480595691125,0.00135757965443286,-0.00726383410497979,-0.00699132203535307,-0.042813097126521,0.572080330743197,-0.596983569120319,0.826840544859093,0.0763358225275398,0.054908369829434,-0.999999999999803,-0.999999999999799
0.03,min,0.171999999999999,0.01032,0.000100144128112735,0.00010277419202834,0.0336930199623616,0.00357383662334352,0.000143496971893271,0.000802168416255419,-0.000919909109806109,0.00122053551293766,0.0132909503076866,0.0134477051446424,-0.111311996879087,-0.625967155085207,0.622012163474326,0.882459070300418,-0.936601329863068,-0.990880755835283,-0.999999999964824,-0.999999999997878
0.035,min,0.171999999999999,0.01032,0.000187567465558894,0.000189154309155084,0.0331395280914258,0.00302034475240773,0.000266384884721569,-0.00439940697677609,0.00426848740421258,0.00612982597364947,0.0216783846707767,0.021104341706055,-0.110084751495231,-1.4546630021274,1.45334644213315,2.05627340852801,-0.999999999993056,-0.999999999992748,0.598432566887314,0.618606925755969
0.04,min,0.171999999999999,0.01032,0.000261139260670326,0.000258665170855318,0.032561228428888,0.00244204508986984,0.000367561401778064,-0.00783741150415051,0.00792097790720756,0.0111430206897349,0.00775033337379642,0.00670000297403872,-0.121235113519926,0.0794611911776315,0.00764975906484389,0.0798285645437663,-0.999999999999117,-0.999999999998869,0.999999999998998,0.999999999998651
0.045,min,0.171999999999999,0.01032,0.000250261415333124,0.000241200610857431,0.0320067043966115,0.00188752105759334,0.000347575187092716,-0.00570354434813155,0.00587465492510896,0.00818791723335124,-0.0121014715086773,-0.0136858269731936,-0.100574499390674,0.774085671229955,-0.826178951904287,1.1321573596339,-0.999999999927535,-0.999999999923072,-0.0124140614163747,-0.0382643991028248
0.05,min,0.171999999999999,0.01032,0.000178174590662004,0.000160176195914545,0.0317434312955157,0.0016242479564976,0.000239588393907609,-0.00250016131160332,0.00274847829247996,0.00371549990018458,-0.0167332583597706,-0.0187239390039607,-0.00473474104762132,0.507267543381336,-0.424291701147311,0.661319747346633,0.0139715796731165,0.0806054274237489,-0.123459016276964,-0.166299470561903
0.055,min,0.171999999999999,0.01032,0.000124527396889554,9.82746281121235e-05,0.0318795061353752,0.00176032279635707,0.000158634722260496,-0.000208986942589978,0.000894801839193966,0.00091888294880143,-0.00472561914920959,-0.00603668811700786,0.0591646769914072,0.409202204224001,-0.317178880167087,0.517734377809537,0.796645525660606,0.932112298813673,0.334374662482153,0.221618532120877
0.06,min,0.171999999999999,0.01032,0.000141269234695746,0.000115947106465641,0.0321655135597346,0.00204633022071644,0.000182758660996617,-0.000291154856765833,0.00113851581574718,0.00117515505926869,0.0114223542716863,0.0131056794584149,0.0552382927523422,-0.442069369894343,0.414664470788373,0.606112160522277,0.706178294690881,0.851615432508989,0.999999999999874,0.999999999999864
0.065,min,0.171999999999999,0.01032,0.000210552345263552,0.000197262578486537,0.0323246708206834,0.00220548748166528,0.000288521775551065,-0.00440984579924585,0.00464759957209936,0.00640678716329053,0.0162908899554361,0.0194205093499435,0.00842461162719311,-1.20540700709766,0.988969031752497,1.55918754437227,-0.999999993462652,-0.999999999145273,0.569598166565513,0.630952048814895
0.07,min,0.171999999999999,0.01032,0.000258552538951788,0.000256978052564458,0.032435260147291,0.00231607680827287,0.000364536877281623,-0.00749840885552987,0.00722272883937513,0.0104112413886064,0.0029091875198582,0.00446568028122494,0.0358111190158414,-0.0300182154159494,0.0410826751578119,0.0508810323684636,-0.999999999999959,-0.999999999999991,0.999999999999972,0.999999999999992
0.075,min,0.171999999999999,0.01032,0.000221897454368196,0.000228119654413415,0.032615778832411,0.00249659549339286,0.000318240564643764,-0.00602366482279168,0.00622367913584071,0.00866133476337434,-0.0175712213532947,-0.0160090395416423,0.0363963550321533,0.619915828511228,-0.440702556571581,0.760601326456567,-0.0702737550619799,0.0280232190190064,0.999999981932668,0.974964948370625
0.08,min,0.171999999999999,0.01032,0.000112225636704835,0.000132987271055259,0.0326806677526001,0.00256148441358199,0.000174012090949251,-0.00233055993889058,0.00233640502384421,0.00330004516093434,-0.02629750571205,-0.02204391380162,-0.0104407869564968,0.857326125049211,-1.11420708822702,1.40586824423458,0.755552922903201,0.134961830492992,0.0735172668910144,-0.279232243196882
0.085,min,0.171999999999999,0.01032,1.89400746725209e-05,5.33587131376698e-05,0.0325726412663936,0.00245345792737546,5.66204794779133e-05,0.00122247738981001,-0.00282494276114118,0.0030781086030744,-0.0110167191008756,-0.0098075093654157,-0.032769807526116,0.563888806431025,-0.95033202576714,1.10503463530194,0.906082900859805,0.213942056419384,-0.999999997779648,-0.999999952560405
0.09,min,0.171999999999999,0.01032,4.98561769290286e-05,6.48607930579678e-05,0.0324506056975297,0.0023314223585116,8.18080732818414e-05,0.00152491663956518,-0.00315657936463212,0.00350561892436188,0.0233831600034787,0.0144083413335349,-0.0160444200194309,-0.442913106528955,0.817677384370762,0.929929204212095,-0.401851229632959,-0.697580689923139,-0.34487331879424,-0.999997241889287
0.095,min,0.171999999999999,0.01032,0.000180270271238227,0.00016638320625963,0.0324944829616593,0.00237529962264121,0.000245317634950157,-0.00325418639963663,0.00577330962874642,0.00662727947146913,0.0287824777202007,0.02620062394713,0.0335953256712769,-1.46872810915177,2.75427821298065,3.12141165710524,-1,-0.999999999999965,1,0.650231434588341
0.1,min,0.171999999999999,0.01032,0.000273589702173842,0.00025709431634311,0.0326685288009869,0.00254934546196877,0.000375431501916798,-0.00835982624882898,0.00869228577362418,0.0120599555090788,0.00854529465404505,0.0100838200862619,0.0360230100597492,-0.573527830525165,-1.58668775502955,1.68716098945762,-0.999999999844504,-0.999999999972715,0.999999999883938,0.999999999974971
0.105,min,0.171999999999999,0.01032,0.000269057758532936,0.000260031897571358,0.0328077495642215,0.00268856622520337,0.000374177317833843,-0.00625378414202228,0.0050134502737898,0.00801526666697823,-0.0103580721104073,-0.00890878759496289,0.0196652952340904,1.41594467324784,0.115153555095796,1.42061946310409,-0.0636226831279885,-0.234529900679236,0.586842467449975,0.559749154128838
0.11,min,0.171999999999999,0.01032,0.000224288912594574,0.000213935463750922,0.0328083083059897,0.00268912496697158,0.000309957898694611,-0.00260371477766779,0.00433056452122854,0.00505303074559902,-0.00754946626493725,-0.00952978593321128,-0.019441798526808,0.0440830724939485,-0.388307856120302,0.390802134596591,-0.505265056557837,-0.196512648930191,0.0194405405231046,-0.309512327227689
0.115,min,0.171999999999999,0.01032,0.000193570661522689,0.000200023881127525,0.032707832020886,0.00258864868186789,0.00027835077514469,-0.00266535912369216,0.00310068330617114,0.00408881110145938,-0.00473783416381705,0.00396515288385238,-0.0207487155146673,-0.0687408109036963,-0.103644629902657,0.124368438083609,-0.480747142436108,-0.606314481542684,-0.181347581810568,-0.263166030403149
0.12,min,0.171999999999999,0.01032,0.000183952787035354,0.000235928166013059,0.0326429473293036,0.00252376399028547,0.000299166721706075,-0.00424610662729792,0.0030062383184257,0.00520258496495293,0.000890684368883207,0.0103965610703614,-0.00520516111830386,-0.563558190538607,0.06586663480448,0.567394261253685,-0.421112481917157,-0.999999998802433,0.0666552762071073,0.2183073717298
0.125,min,0.171999999999999,0.01032,0.000194618833916264,0.000271932571880746,0.0326448397143525,0.00252565637533435,0.000334400679073179,-0.00679599566251325,0.00376796708878046,0.00777065846804707,0.00337573438348065,0.00400520127671319,0.00596211513785856,-0.456397423547524,0.238824873337424,0.515107686164218,-0.429599936586771,-0.930867184145731,0.441714834306208,0.995671020726414
0.13,min,0.171999999999999,0.01032,0.000202547240934655,0.000246776031297528,0.032646629434161,0.00252744609514286,0.000319255061718995,-0.00710267429098802,0.00470766628614116,0.00852115625637344,-0.000204371576124257,-0.0140678175100004,-0.00524622721445595,0.333725972157615,0.137054805606858,0.360772842980841,-0.732141278764514,-0.679873557578946,0.40627901127606,0.842625302095724
0.135,min,0.171999999999999,0.01032,0.000180225795445906,0.000139226319579654,0.0326069525891482,0.00248776925013006,0.000227739556089419,-0.00357352287500057,0.0045187539195007,0.00576100709278814,-0.00872420661937526,-0.0289520671771491,-0.0106245107906622,1.07793459423736,-0.212619752263043,1.09870384931794,-0.0723158641931574,0.99999999923958,0.755223359932949,0.434563697316526
0.14,min,0.171999999999999,0.01032,0.000122440869337715,3.11821878067389e-05,0.0324501585145382,0.00233097517552009,0.000126349100988453,0.00286044776129749,0.00261719719560519,0.00387709718162899,-0.0143897638239009,-0.014265585532017,-0.0520931190533241,1.49565366028186,-0.548002937295161,1.59288640235224,-0.777646739725307,0.999999999999992,-0.683269455933676,-0.999999999999992
0.145,min,0.171999999999999,0.01032,5.95611561801934e-05,5.22848537991521e-05,0.0322891353439013,0.0021699520048832,7.92542570611831e-05,0.00343810948436788,0.000106102415138082,0.0034397462913707,-0.010762121439108,0.0227066519289823,-0.0123161492014305,-1.2645889710537,-0.456434974891681,1.34443971676495,-0.368913310609487,0.0400697441414384,-0.999999956639736,-0.0707512463372978
0.15,min,0.171999999999999,0.01032,4.05531125595324e-05,0.000188191931625061,0.0323358821273991,0.00221669878838097,0.000192511708908932,-0.00593791923500884,-0.000984249928647804,0.00601893950489047,0.00315890399084357,0.0316561792013811,0.0310148626005386,-2.48582251669698,0.0202940373773259,2.48590535468887,0.999999999636123,-0.999999999995522,0.780331653462375,0.999999999995452
0.155,min,0.171999999999999,0.01032,7.37148888472231e-05,0.000295113326622484,0.0324339000216559,0.00231471668263778,0.000304180473383726,-0.00864568971659531,0.00155878262256685,0.00878508701949266,0.0101058065242327,0.0111123787975884,0.00819229510218704,1.40271432406239,0.996918983108536,1.72088783301294,0.130335846394718,-0.999999999999998,0.999999999998797,0.999999999999998
0.16,min,0.171999999999999,0.01032,9.97973371898778e-05,0.000305500305409804,0.0324390326373935,0.0023198492983754,0.000321387531051958,-0.00567909453391004,0.00407399108394124,0.00698924302604507,0.000327172812829189,-0.00695758728266072,-0.00613924880714147,-0.216076250988282,0.00916440144122022,0.216270507686385,-0.759423124539747,-0.580691128373002,0.593433446438331,0.389659919530904
0.165,min,0.171999999999999,0.01032,5.43522895703309e-05,0.000270591138493233,0.032441287600552,0.00232210426153384,0.00027599589781843,-0.00557139775977296,0.00269432751618605,0.00618868917963089,-0.018505191860648,-0.00700607948396737,0.00704123407051704,0.259154960643115,-0.561029828543297,0.617993335029801,0.0918050237234291,-0.435920527528103,0.323174823126174,0.481361795945598
0.17,min,0.171999999999999,0.01032,-4.73339463186716e-05,0.00023178051189035,0.032466907328495,0.00234772398947688,0.000236564384822085,-0.0043750983393664,-0.00162518638126693,0.00466719575901656,-0.022169302494953,-0.00851817115718598,0.00320665710669966,0.219364807519506,-1.1667757304379,1.18721797658095,0.286195577531393,-0.0504162382005069,-0.999999998211562,0.507443997568654
0.175,min,0.171999999999999,0.01032,-0.000114696381052476,0.000196276116234664,0.0325015484899704,0.0023823651509523,0.000227331418045765,-0.00337008096147074,-0.00517280888647992,0.0061737668779209,-0.00477567139856887,-0.0056835871050883,0.0106498074834679,0.182642143638761,-0.252273271647299,0.311448159764339,0.99999994178066,-0.0893872510130267,-0.955941835298126,0.255555527555101
0.18,min,0.171999999999999,0.01032,-6.80859532751244e-05,0.000179857209099931,0.0325437917587595,0.00242460841974138,0.000192313059095317,-0.00291761366613653,-0.00416075129368771,0.00508176355537628,0.0234198425095096,-0.000883975748805047,0.00624750003216289,-0.00165522550507727,0.657096308764182,0.657098393517276,0.999999999999767,-0.203142132628915,0.975936935912502,0.174217610562007
0.185,min,0.171999999999999,0.01032,4.76592475282784e-05,0.000184333061670025,0.0324823527017462,0.00236316936272809,0.000190394541674931,-0.00336265247432201,0.00321947178484505,0.00465536574679985,0.0228782378118515,0.00267431677684285,-0.0308231228374808,-0.176360297769117,2.29499292264892,2.3017592119155,-0.999999999999946,-0.999999999999834,0.816829999486825,-0.253676390611642
0.19,min,0.171999999999999,0.01032,9.59683551560694e-05,0.00019251718501383,0.0324114882751163,0.00229230493609813,0.000215111114815136,-0.00417847653941596,0.00593751964332622,0.00726042737759523,-0.0035545947607351,0.000599332560679025,0.00247735218549996,-0.149969328268463,-1.20777377925645,1.21704901350796,-0.821577353725933,-0.548445140033093,0.947405574075216,0.458342184275573
0.195,min,0.171999999999999,0.01032,8.8524705383623e-06,0.000178655621417944,0.0324411034662471,0.00232192012722897,0.000178874809011399,-0.00430934236533888,0.0011427118819625,0.0044582756831406,-0.0312917590863478,-0.00614395799903345,0.00936872426683387,0.0976229978992953,-0.710149325289034,0.716827952808285,0.999999999999924,0.149959486638237,-0.0450252596377446,0.999999999999714
0.2,min,0.171999999999999,0.01032,-0.000108755989931771,0.000133475847399624,0.0324062024452725,0.00228701910625443,0.000172173363750283,-0.00298640081561108,-0.00554114023455598,0.0062946663875457,-0.0157516251017058,-0.0119279516082947,-0.0233291326566511,0.431553621991825,-1.96339152131836,2.01025988236324,0.999999999853422,0.586888400210427,-0.999999999849221,0.846349154883686
0.205,min,0.171999999999999,0.01032,-0.000118366527226664,7.80608005894177e-05,0.0322591079879558,0.00213992464893771,0.000141789009998524,-0.000830444399541768,-0.00549328721536746,0.0055557035856181,0.0119074101837487,-0.0102380671157876,-0.0355086502700348,0.4308289444359,1.98253272899377,2.0288049686688,0.134917799258778,-0.287008517770782,-0.894646976084275,-0.663469231435878
0.21,min,0.171999999999999,0.01032,-2.32180849528219e-05,5.32788610246377e-05,0.0322211776846028,0.00210199434558466,5.81181254081643e-05,0.000402723076298477,0.000764021560670643,0.000863663604277102,0.0261519667257882,0.000325291289875548,0.0203365289288135,0.062438045900198,0.520390781421473,0.524123148662875,-0.420002165970807,0.833069345875095,0.99999999689505,0.357608355989658
0.215,min,0.171999999999999,0.01032,4.65176690985191e-05,8.59329474616723e-05,0.0322904756520505,0.00217129231303239,9.77157356714355e-05,-0.000654145121178091,0.00404724367053742,0.0040997667212009,0.00174233489474816,0.0127363432849383,0.0073826580502786,-0.485185324890825,0.79289806252524,0.929565563607912,-0.922162447499894,-0.309685713658553,0.999860382438429,0.0407124235707799
0.22,min,0.171999999999999,0.01032,-2.62877230572962e-05,0.000151509943558128,0.0323742792326732,0.00225509589365513,0.00015377355878214,-0.00365414587412625,0.00315180117168946,0.00482562251893545,-0.0308644917570743,0.0134944551536441,0.0261387741988194,-0.714814976288437,-1.15107506206443,1.35496651207063,0.999999984020501,-0.370525248994673,0.635056007012119,0.99999997971175
0.225,min,0.171999999999999,0.01032,-0.000178697607461451,0.00018317395958596,0.0324210871280039,0.00230190378898583,0.000255901415359208,-0.00572112977967047,-0.00669515294821177,0.00880661109370575,-0.0300994620045878,-0.000828848742511403,-0.00741561606653963,-0.111978585929254,-2.78770658589607,2.78995469725854,0.999999999999137,-0.87957749244917,-0.999999999999151,0.807983651190759
0.23,min,0.171999999999999,0.01032,-0.00027841364210497,0.000128480406531611,0.032410642331141,0.00229145899212285,0.000306629044567996,-0.00434093030753208,-0.00793502458949109,0.00904479359469738,-0.0097869518528196,-0.021048572479228,0.00323769732134609,0.66405837478461,2.29175792938434,2.38602764695164,0.811414141513481,-0.438889315619435,-0.999999999307973,0.053427225381653
0.235,min,0.171999999999999,0.01032,-0.00028839013604964,1.23712662117642e-05,0.0324708334412951,0.00235165010227698,0.000288655363363324,0.000579937234343753,-0.0046639920430553,0.00469990946438987,0.00579635427495139,-0.0253950836487109,0.0208387467403054,1.30428864196572,-0.983344910810025,1.63344301252807,0.999999995249341,0.999999997391133,0.223733010644649,-0.223662255371792
0.24,min,0.171999999999999,0.01032,-0.000266260432855125,-6.586861185978e-05,0.0324871545238765,0.00236797118485843,0.000274286879256979,0.00453679650197814,-0.0062251591457693,0.00770292989001693,0.00305552700285495,-0.0059008675799068,-0.0143103137077261,0.27845506508803,0.358878069724427,0.454236383617946,0.415507937880227,0.952129689660619,-0.886011907573251,-0.99999999998242
0.245,min,0.171999999999999,0.01032,-0.00023046555743392,-1.721582360309e-05,0.0324509328078785,0.00233174946886041,0.000231107675652845,0.00336000736490643,-0.00482475454964456,0.0058794477594874,0.0112624231656267,0.0253619828825828,-0.000178372691479701,-0.749170719916712,0.201283768725469,0.775739597502186,0.600996478069263,0.756631429564048,-0.0643014505175917,0.999999999999934
0.25,min,0.171999999999999,0.01032,-0.000173981700246091,0.000104394087545383,0.0323621977651897,0.00224301442617154,0.000202898392144822,-0.004787201095577,-0.00314569817277066,0.00572823806450695,0.011331119709505,0.0232819815768065,-0.03531564438407,-2.50971266427666,0.470338782024092,2.55340483024266,-0.815092601862412,-0.999999999999992,-0.999999999997581,0.999999999999991
0.255,min,0.171999999999999,0.01032,-0.000131384233479673,0.000154768488994976,0.0323106364416339,0.0021914531026158,0.000203015028982658,-0.0066626952453915,-0.00144272790320528,0.00681710875193066,0.00570786699706221,-0.00313222099696929,0.0146911149617751,1.75951500435086,0.210849325802059,1.77210340802307,0.0217819581994305,-0.657785871116969,0.240684262937141,0.978958254461341
0.26,min,0.171999999999999,0.01032,-0.00013133936514352,8.39801039163374e-05,0.0323900854889502,0.00227090214993211,0.000155893190005534,-0.00145367170179249,-0.001356347608742,0.00198817510605389,-0.00568991966260076,-0.0251831330344863,0.0170885039647483,0.324094413088744,-0.176297208016746,0.368941586365426,0.307213846092804,0.999999999999803,0.160996812257364,0.236919086458279
0.265,min,0.171999999999999,0.01032,-0.000175059010287339,-2.23941477781219e-06,0.0324160002756987,0.00229681693668056,0.000175073333381557,0.00246055999034474,-0.00327559900389139,0.00409681636156413,-0.0117979383949272,-0.0093046744431735,-0.00672258926536983,1.24159826376615,-0.591403350043009,1.37525422050951,0.10356465986978,0.732164249353013,-0.985891402370728,-0.999997274971531
0.27,min,0.171999999999999,0.01032,-0.000215238655075292,2.74931574160906e-05,0.0324540794993823,0.00233489616036419,0.000216987447432626,0.00356268914419347,-0.00568856186372585,0.00671211516703864,-0.00427391952025393,0.0211977033207346,0.0219542787388238,-0.800746602226659,-0.373781793890777,0.883689962838634,0.999596987099212,0.811216633552862,-0.684677990942536,0.738198540847223
0.275,min,0.171999999999999,0.01032,-0.000192931799501752,0.000148357241508451,0.0324850869646775,0.00236590362565936,0.000243377382611822,-0.00516982736400863,-0.00583372192218288,0.00779483331694845,0.0131966617496702,0.0271479303162097,-0.0095512926207546,-2.69226000105418,0.315717770507963,2.71070869403017,0.367932730547458,-0.999999999999635,-0.836580755174282,0.999999999999615
0.28,min,0.171999999999999,0.01032,-9.61617377200334e-05,0.000226827372710969,0.032469435578563,0.00235025223954484,0.000246369106854527,-0.00802289986896275,-0.00237366828594844,0.00836667337949319,0.0255113629630171,0.0042401221647972,0.00329073817494542,1.55103099907253,1.06830368398582,1.88334009708857,0.371381250726766,-0.999999993490456,0.999999925945403,0.999999994019005
0.285,min,0.171999999999999,0.01032,-2.94546745110614e-06,0.000189761130777004,0.0324345394427898,0.0023153561037717,0.000189783989135735,-0.00383354841091229,0.00302267428802443,0.00488186985388715,0.0117751451445538,-0.0190666189383829,-0.0172491924842029,0.124709584147653,1.09023334560333,1.09734280343187,-0.999999999869904,-0.358978626682175,0.989300511531148,-0.0368935548908042
0.29,min,0.171999999999999,0.01032,-3.1938946015471e-05,0.000101935706063589,0.0323886740602168,0.00226949072119865,0.000106822209503743,-0.00145345502376597,0.00368275739458381,0.00395919607161256,-0.0233725365702997,-0.0160635509469834,-0.0010969605450159,0.827327770710877,-0.826200102979576,1.16922104426532,0.792170812433007,-0.118984871271478,0.843414679761959,-0.606755960694049
0.295,min,0.171999999999999,0.01032,-0.000164436769975179,5.37706257240311e-05,0.0323668388685952,0.00224765552957705,0.000173005004293587,0.00111897232526449,-0.00558118703487595,0.0056922533133176,-0.0296265930135836,-0.00320248118883962,-0.00763711610362328,0.201643168901304,-2.87937766880433,2.88642958119085,0.999999999989543,0.379932770913401,-0.999999999989922,-0.317116893797443
0.3,min,0.171999999999999,0.01032,-0.000258750249103577,7.74443426958454e-05,0.0323583025456333,0.00223911920661521,0.000270091313497407,-0.000329330578012624,-0.00838552111366317,0.00839198563972228,-0.00809879863777536,0.0126719679775654,0.00422258691888639,-0.780964330212149,1.75764403728944,1.9233350843997,0.999999999979142,-0.124687244494455,-0.99999999997889,0.193855249994849
0.305,min,0.171999999999999,0.01032,-0.000248010009071983,0.000143081139675819,0.0324050635479429,0.00228588020892482,0.000286323553223999,-0.00380627915976609,-0.00446753724289613,0.00586912685658894,0.012394894650413,0.0135827508144239,0.0144818140049554,-0.609815102489236,-0.190450488982621,0.638862933638881,0.511748041260095,-0.803834622536374,-0.0369862416248533,0.706402511143738
0.31,min,0.171999999999999,0.01032,-0.000194808256833408,0.000167858686373423,0.032475362635957,0.00235617929693891,0.000257151308613202,-0.00560271078768051,-0.00373229955088496,0.00673204486823488,0.0088858062450171,-0.00367173213538237,0.0136378212006804,-0.108757548676532,0.484545565787091,0.496601056903889,0.273405672667742,-0.64131998069356,-0.0614643761140087,0.999456000832923
0.315,min,0.171999999999999,0.01032,-0.000161209667697786,9.80588680759253e-05,0.0325204304585948,0.0024012471195767,0.000188690483510861,-0.0038102794447665,-0.00220423771113885,0.0044019192784985,0.00455362940923151,-0.0242481951836166,0.004389307854437,0.825730085842137,0.12667917011135,0.835390798851031,0.0834200561663905,0.999999999983199,0.0573308829603772,0.924321506675837
0.32,min,0.171999999999999,0.01032,-0.000159514308040336,-1.33208606319716e-05,0.032449330647816,0.00233014730879784,0.00016006954675254,0.00254107287267357,-0.00228487038218454,0.00341726264832272,-0.00387548554625145,-0.0203036962995422,-0.0328292321659823,1.71481084113389,-0.158932238529626,1.7221601776009,-0.539830464311574,0.763110437342324,-0.950907717534365,-0.999999995241506
0.325,min,0.171999999999999,0.01032,-0.000185978104056053,-4.34710563298405e-05,0.0323876265700835,0.00226844323106539,0.00019099106766212,0.00484755262877978,-0.00363202538246964,0.00605725803212092,-0.00671003286003541,0.00824361802039464,0.00814760107300638,-0.792218938691403,-0.379929761584411,0.878611103138881,0.357868089116044,0.849868754552998,-0.657827148277481,-0.703166758717242
0.33,min,0.171999999999999,0.01032,-0.000203712803260949,6.69982822259016e-05,0.0324550972038843,0.00233591386486614,0.000214447373576026,1.26621279768171e-05,-0.00511943212910515,0.00511944778799422,-0.000383846821922978,0.0359441174019022,0.0188406524472887,-1.14173726162978,-0.215032937069792,1.16181028512349,0.999999999999973,-0.419050384881916,-0.263191079468286,0.905753485678676
0.335,min,0.171999999999999,0.01032,-0.000178913011289997,0.000208489102823843,0.0324998634095117,0.00238068007049359,0.00027473181760609,-0.00790203942795557,-0.00463079935751393,0.00915895899163851,0.0103037636103039,0.0206522108372745,-0.000934170196306187,-2.02414336074317,0.410486045706277,2.06534625149398,0.999999999965414,-0.999999999999184,0.353000317368467,0.999999999999213
0.34,min,0.171999999999999,0.01032,-0.000121422278772937,0.000260287560115982,0.0324416317274401,0.00232244838842201,0.000287215918315026,-0.00675150231842777,-0.00184314883526862,0.00699856993854371,0.0126925293965199,6.71720795810685e-05,-0.022358502632325,2.48435820455429,0.704574163191847,2.58233623681614,-0.368175165072018,-0.999939686972273,-0.0877737571057752,0.00400978516355277
0.345,min,0.171999999999999,0.01032,-8.49739005991185e-05,0.00025265054309212,0.0324165697685369,0.00229738642951883,0.000266557424784552,-0.00235654957029084,0.00016518298450118,0.0023623317496928,0.00188682187300771,-0.00312197888912598,0.0123337190710542,-0.72637710529952,0.0987585647160747,0.733059992911964,-0.183447052459787,0.017265461744701,0.393835191514333,0.00167468623127009
0.35,min,0.171999999999999,0.01032,-0.000114617404969137,0.000276083469694636,0.0324793215698127,0.00236013823079457,0.00029893014528563,-0.00503353905906414,-0.000829081547112549,0.0051013617467189,-0.0137442236210152,0.0124951495301323,0.0127670014392389,-0.344418690209801,-0.496464377361566,0.604235973899968,0.188484032919552,-0.999999999999862,-0.214943253495463,0.489936962591526
0.355,min,0.171999999999999,0.01032,-0.000187585259203092,0.000316440192277721,0.0325677402976787,0.00244855695866062,0.000367862236114353,-0.00785083586653757,-0.00450863104112192,0.00905336278231911,-0.0154429180725667,0.00364753950310205,0.022600489707181,-0.782500032779569,-0.975355420242181,1.25044971793984,0.554711028797284,-0.99999999996826,-0.999999997938769,0.999999999971901
0.36,min,0.171999999999999,0.01032,-0.000228597744759711,0.00029351681218958,0.032682576040571,0.00256339270155287,0.000372033665072342,-0.00778601992667589,-0.00679846084805187,0.0103364005437622,-0.000962076150081033,-0.0128168915383586,0.0233338074497192,0.808426408724242,0.0594234974701981,0.810607432962692,0.999998032222788,-0.440734419820871,-0.875405251229282,0.999964343124463
0.365,min,0.171999999999999,0.01032,-0.000183011273626556,0.000203079531697999,0.0327311488294253,0.00261196549040722,0.000273375972735522,-0.00396932763490081,-0.00543134955001791,0.00672719256507995,0.0191966646033432,-0.0233580206582738,-0.00390469190797898,0.71825050798579,0.487421021743387,0.868022490871759,0.440622392148878,-0.0554300440093943,-0.441416418898122,-0.0743001832878311
0.37,min,0.171999999999999,0.01032,-6.77338570790389e-05,0.000108975792331542,0.0326792049539137,0.00256002161489561,0.000128310555719672,-0.000302643456565361,-0.00127067367722702,0.00130621769081553,0.0269143020156636,-0.0142834750883091,-0.0168728582966654,0.748423163348388,1.17684932737297,1.39467256758517,0.068945476405918,0.693971245090634,0.999999999993874,-0.280290656789971
0.375,min,0.171999999999999,0.01032,2.42427290928648e-05,9.29996321624445e-05,0.0325078956681609,0.00238871232914282,9.61074476626032e-05,0.00103227677148992,0.00385644723797562,0.00399221500325915,0.00987633245309793,0.00789301102067009,-0.0516508560044473,-0.214455072126275,0.873999038708086,0.899925162234808,-0.999999999764529,-0.350376404599481,0.999999999732617,-0.999999991394288
0.38,min,0.171999999999999,0.01032,-1.10867725006506e-05,0.000180215192206974,0.0323329825407883,0.00221379920177014,0.000180555897235947,-0.00227191824051335,0.00353241037973536,0.00419994471183126,-0.0240081330905041,0.0269932129971419,-0.0183143949446255,-1.10722293267503,-1.00361378200419,1.49438390183722,0.99999999999985,-0.999999999999965,0.956308971130805,0.432187338937219
0.385,min,0.171999999999999,0.01032,-0.000139662634630099,0.000284892485623547,0.0322239755414511,0.00210479220243303,0.000317284383285064,-0.00864369878316522,-0.00529013250946132,0.0101340530204727,-0.0274222117612754,0.0148777043694871,-0.0252884047902204,-1.44148928438572,-2.52540337367448,2.90784345465249,1,-1,-1,1
0.39,min,0.171999999999999,0.01032,-0.000217114869808008,0.000317050873242087,0.0321678793068542,0.00204869596783612,0.000384265693128229,-0.00716411442209313,-0.00745459529388492,0.0103390292797948,-0.00355868230988792,-0.00201434932207077,0.00284991095145682,2.03332302881456,1.65961825990504,2.62464003400806,0.890188868913879,-0.756319679558381,-0.988134797110364,0.25947761780428
0.395,min,0.171999999999999,0.01032,-0.000180817889344888,0.000307067251797571,0.0322739069348528,0.00215472359583465,0.000356350117487918,-0.00366393527200085,-0.0034398373442879,0.0050256246012381,0.0180774744951359,-0.00197909925573566,0.0395611402479591,-0.633251368777647,-0.0537150800662329,0.63552545652026,0.722291872620145,0.0802752989094505,0.504502967453614,0.366924046155808
0.4,min,0.171999999999999,0.01032,-0.000102037931141203,0.000330604255537235,0.0324241897774579,0.00230500643843979,0.000345992649012817,-0.00625928592913857,-0.00155797564682478,0.00645026731684906,0.0134345087863383,0.0113939007516011,0.020551996794093,-0.404888894077441,0.80645975905148,0.902392575056236,0.0583956961061486,-0.999999999999982,0.42052636917809,0.642157157373585
0.405,min,0.171999999999999,0.01032,-6.19978936851418e-05,0.000366068061233735,0.0325298723579509,0.00241068901893276,0.000371280977531599,-0.00867280297990472,0.00071308892568751,0.00870206914154228,0.00258150619608599,0.0027916215269991,0.0217210354030976,-0.560517926229017,0.101966069953436,0.569716969245104,0.268769980477266,-0.999999999910979,0.999999991805507,0.99999999991918
0.41,min,0.171999999999999,0.01032,-9.09968917561804e-05,0.000344200144676968,0.032572681495298,0.00245349815627992,0.000356025524232367,-0.00829108534419835,-0.000254381015607157,0.00829498679238744,-0.0141811054245015,-0.0115387881497062,-0.00459738046423364,0.713204980511565,-0.488954046471303,0.864718106545227,-0.232679432503362,-0.775565411419811,-0.485432639305546,0.759758405005505
0.415,min,0.171999999999999,0.01032,-0.000169316808668589,0.000264355807345024,0.0325734823559392,0.00245429901692104,0.000313930206534438,-0.00511675223411721,-0.0039740900914925,0.00647877654195932,-0.0171468613404621,-0.0203989467830715,0.00491772472068235,0.55652826352089,-0.998929583882833,1.14349640211673,0.504769270512372,0.00831506169298901,-0.999999999998001,0.357681591232301
0.42,min,0.171999999999999,0.01032,-0.000218568908409289,0.000179280520971307,0.0325910573543214,0.00247187401530328,0.000282690418873671,-0.00221629689207977,-0.00671325136122437,0.00706963335349318,-0.00255397855581791,-0.0136311677664151,0.00211227463221126,0.603653873294088,-0.0967349240099155,0.611355579238596,0.999999999702896,0.264582400516085,-0.999999999563656,-0.151852512743919
0.425,min,0.171999999999999,0.01032,-0.000174106047887078,0.000152295506290657,0.0325824721128874,0.00246328877386924,0.000231315449434716,-0.00078264309780058,-0.00562382068463049,0.00567801807952499,0.0203391227647026,0.00283716189415493,-0.00554637120582742,-0.0301923555824136,0.532507194647464,0.533362438391501,0.530720373700593,-0.229639293927824,-0.401500164556611,-0.535618769850152
0.43,min,0.171999999999999,0.01032,-4.91226425848506e-05,0.000204602509508368,0.0325715503462457,0.00245236700722754,0.000210416779063935,-0.00281817952581485,-0.000859753023601875,0.00294640647252115,0.0296542393561882,0.0180856393929297,0.00117766454914493,-0.784022215623292,1.37311986976398,1.58118595090252,-0.0772740906381666,-0.999999999996486,0.99999999999122,0.191467553886682
0.435,min,0.171999999999999,0.01032,5.37661200352044e-05,0.000277324572480208,0.0325619978213406,0.00244281448232248,0.000282488431913539,-0.00763103767931841,0.00468107928144802,0.00895238735211894,0.0115012656918338,0.0110031857958064,-0.00499867451116805,-1.14112104577813,0.843213052255977,1.41886063184959,-0.99999999999987,-0.999999999999945,0.999999999999879,0.999999999999948
0.44,min,0.171999999999999,0.01032,3.28387714828702e-05,0.000287767627614458,0.0325329849387885,0.00241380159977037,0.000289635274811887,-0.00758932992864606,0.00386579953692445,0.00851717880671342,-0.0198722051127675,-0.00682596374210657,-0.00660647850967444,1.15780414604707,-1.1693249500654,1.64554892952147,0.305009121160659,-0.99995499544055,0.692073173530429,0.447851139436021
0.445,min,0.171999999999999,0.01032,-8.68019109777281e-05,0.000226844006530278,0.032481081472166,0.00236189813314789,0.000242884283246353,-0.0039739063807085,-0.00317999626295427,0.00508962750651154,-0.0279840678714718,-0.0175434846915651,-0.0141549081393165,0.288365273127952,-1.64899336988609,1.6740172235298,0.772310139806549,-0.134642266022998,-0.999999999869766,0.0747305784388345
0.45,min,0.171999999999999,0.01032,-0.000169610866879158,0.000158082664703165,0.0324360334412784,0.00231685010226027,0.00023185766116985,-0.00207440392297628,-0.00683030667044335,0.00713836401761372,-0.00513951448910016,-0.0099610520392801,-0.00386430421573362,0.471435709964937,0.188869206890454,0.507861404264562,0.999999999999993,0.536297320432425,-0.999999999999993,0.279268865339538
0.455,min,0.171999999999999,0.01032,-0.00013033687926999,0.000141004661682615,0.0323983717953915,0.00227918845637335,0.000192015667886943,-0.00108303748285348,-0.00413857123892183,0.00427793666256252,0.0208491095327675,0.00312985083106014,-0.0112003541390358,-0.0748891339158202,0.887824965718156,0.890977862873768,0.156627598609288,-0.372942876194547,-0.243575588586981,-0.464771473014547
0.46,min,0.171999999999999,0.01032,-1.98627281881987e-05,0.00018406832526425,0.0324086616249892,0.0022894782859711,0.000185136912409882,-0.00283909157723456,0.000711991442872348,0.00292700748182297,0.023340550899949,0.0140956146015938,0.0153162859781341,-0.627532503836609,1.05240010699951,1.22529303784198,-0.250955612151003,-0.999999900449911,0.999999999994823,0.11600356591113
0.465,min,0.171999999999999,0.01032,4.51228474535142e-05,0.000235814211882298,0.032504099926106,0.00238491658708791,0.000240092511103496,-0.00649109838580233,0.00401694433744304,0.0076334919967392,0.00265367935673623,0.00660274004562512,0.0228590344685916,-0.833270219590501,0.269581050828763,0.875792898933499,-0.726861978255311,-0.999999999873606,0.999999997669063,0.999999999884371
0.47,min,0.171999999999999,0.01032,-1.26321350349045e-05,0.000215560684712881,0.0325998821226084,0.00248069878359031,0.00021593049721942,-0.00689663167566872,0.00255995926762206,0.00735642031981053,-0.0257556723521037,-0.014704150913392,0.015453844132368,0.671056903643946,-0.852375078757157,1.08483208046889,0.999999997975569,-0.424973122241748,0.601869559755976,0.99999999367382
0.475,min,0.171999999999999,0.01032,-0.000133971592002822,0.000103170963023548,0.0325614849674702,0.00244230162845204,0.000169093568993552,-0.00247117119691486,-0.00544979177460171,0.00598388815662342,-0.0227801104350634,-0.0302517377623408,-0.0308127061876765,1.0991272878576,-2.35152533813235,2.59571805302341,0.999999999987665,0.999999998758011,-0.999999999988188,0.172672842594568
0.48,min,0.171999999999999,0.01032,-0.00018626593895748,-4.93461119761795e-06,0.032363289264474,0.00224410592545591,0.000186331292067069,0.00369494036238437,-0.00702521575383675,0.00793764704868723,0.00186237165320036,-0.0129904919261257,-0.0484655750107753,1.3673173358621,1.72135574643833,2.19832261116181,0.666011751426126,0.999999999941094,-0.999999995625969,-0.999999999942291
0.485,min,0.171999999999999,0.01032,-0.000125880957161455,1.80889406058919e-05,0.0321878272385131,0.00206864389949497,0.000127173995565633,0.00351429863390825,-0.00212579115182783,0.00410722326024273,0.0222916210652095,0.0221999126475296,-0.0217192353735979,-1.43957402725254,0.238414094365232,1.45918287419093,-0.99999998441674,0.590269181972818,-0.738101360748531,0.468560598268359
0.49,min,0.171999999999999,0.01032,-3.84185253929726e-05,0.000146934550462538,0.0321804221051987,0.00206123876618062,0.000151874109752119,-0.00520123840563531,0.000563934173694325,0.00523172081675963,0.0126933516421836,0.0293383312951289,0.0187571820478557,-2.04664078856488,0.837476035843631,2.21135809583836,-0.203256852114283,-0.999999999999954,0.9999999999974,0.999999999999954
0.495,min,0.171999999999999,0.01032,-3.28413149034017e-05,0.000234455986507008,0.0322946139392929,0.00217543060027476,0.000236744929351314,-0.00754457735476375,0.00260320501625717,0.00798106031919822,-0.0104624674463552,0.00567024312265918,0.0269195515898034,1.10930520891351,-0.0217676988184945,1.10951876019943,-0.215226174560498,-0.999999990083656,0.760208045664968,0.999999992163022
0.5,min,0.171999999999999,0.01032,-0.000139440408986639,0.000206554275001378,0.0324350041912072,0.00231582085218912,0.000249215361042826,-0.0046724074363962,-0.00130014717991499,0.00484992514799264,-0.0321771701869397,-0.016830927724911,0.0292365491759418,0.039562758433513,-1.53957317965037,1.54008142231299,0.31528352587797,0.328118571253997,-0.999999999352301,0.999999998791369
0.505,min,0.171999999999999,0.01032,-0.000272540494675081,0.000117483915085439,0.0325553242084955,0.00243614086947739,0.000296784082358775,-0.00237263761848238,-0.00877327636203628,0.00908844251746702,-0.021062864088437,-0.0187972162414646,0.0188914577393629,0.880345168732016,-1.44967849319815,1.69604697745996,1,0.99999999999998,-1,0.495866339333132
0.51,min,0.171999999999999,0.01032,-0.000336331020656061,5.7613466980977e-05,0.0325708017856268,0.00245161844660866,0.000341229932791829,0.00160551633702121,-0.00759029784389237,0.00775824104210736,-0.00445334630395536,-0.00515096300032032,-0.0127004268868538,0.710916413469419,1.92286990045572,2.05008068158763,0.389545263838797,0.344925417047604,-0.999999999731539,-0.999999994903032
0.515,min,0.171999999999999,0.01032,-0.000346599534390268,0.000100333782005019,0.0325574643498148,0.00243828101079671,0.000360829745241411,0.00124635143110245,-0.00532819898138814,0.00547202853383247,0.00034594081027252,0.0222390890099371,0.00736545256207374,-0.854582375836922,-1.01803035545402,1.32917148694851,0.546590840928253,-0.999999998862992,-0.471498139029158,-0.528824997280334
0.52,min,0.171999999999999,0.01032,-0.000352865132529866,0.00021273695938466,0.0326454475510023,0.00252626421198418,0.000412032541971566,-0.00655090938461179,-0.00802290062395941,0.0103576709827704,-0.00285218006611158,0.0227221819419192,0.0278278279129176,-2.26432195044878,-0.0598503015744851,2.26511279054327,0.999999987999499,-0.999999999920123,-0.932905309179058,0.999999999919457
0.525,min,0.171999999999999,0.01032,-0.000333659814209678,0.000277773195088965,0.0327487604727617,0.00262957713374354,0.000434150687582513,-0.00830851779204109,-0.00807434337746232,0.0115856156020228,0.010534307394187,0.00329231233980291,0.0134973407908249,1.56127858747706,0.0392732001733189,1.56177245844784,0.999999759692477,-0.999984733924006,-0.657089573255709,0.878469102379447
0.53,min,0.171999999999999,0.01032,-0.000252720649903278,0.000250598159134549,0.0327610113531184,0.00264182801410031,0.000355903307443412,-0.00476545267491694,-0.00600106629377727,0.00766305003632253,0.0218413583283731,-0.0141623267215696,-0.00859698864811502,-0.144052540627395,0.7900376333007,0.803063258089037,0.328706899796255,-0.386704340939041,-0.313443425543861,0.220135783697253
0.535,min,0.171999999999999,0.01032,-0.000144310305796386,0.00018489251705874,0.0326834378052934,0.00256425446627525,0.000234543614757177,-0.00357801382926877,-0.00173199353400089,0.00397517101069368,0.0215227793143837,-0.0121199301087537,-0.0224324304819082,0.619028078886664,0.917591470609854,1.10687391756517,-0.597668276559754,-0.377267954305701,0.124532161141295,-0.157563713939413
0.54,min,0.171999999999999,0.01032,-8.32307306847226e-05,0.000137657663456005,0.0325927708165325,0.00247358747751441,0.000160863255091023,-0.001438653712506,0.0012573272496393,0.00191065337442269,0.00290905073028161,-0.00677401133234047,-0.013834365022427,0.236715967818444,0.278136842846222,0.365232190214235,-0.808330132340893,-0.100874822904278,0.324977961862609,-0.363894248590086
0.545,min,0.171999999999999,0.01032,-0.000131987920375207,0.000134418171250407,0.0325550264668064,0.00243584312778825,0.000188385391915816,-0.00127136990736597,-4.85378021273162e-05,0.00127229609745181,-0.0224119266064752,0.00547821445010158,-0.00126337486803796,-0.169802445762435,-0.800482863552869,0.818294375777266,-0.244919382810003,-0.034973724269428,-0.999999999985488,0.0479128029303817
0.55,min,0.171999999999999,0.01032,-0.000237239910221919,0.000180974229000645,0.0325944103129236,0.00247522697390546,0.000298386404791643,-0.00318562649182565,-0.007061145060743,0.00774648215090416,-0.0196888693322099,0.0131442086499936,0.0170169133149224,-0.595900188021434,-2.00456003989341,2.09125751346443,0.999999999999991,-0.183103547233806,-0.999999999999991,0.999999999999363
0.555,min,0.171999999999999,0.01032,-0.000289155489258639,0.00022491143987935,0.0326243987152265,0.00250521537620841,0.000366327794136625,-0.00640081386028888,-0.00821582133778278,0.0104148998232548,-0.00107736228247791,0.00443067570148831,-0.00502155239374401,-0.69017475936386,1.54268952907749,1.69003910652633,0.766427311615532,-0.999999999979634,-0.999999993153929,0.999999999980305
0.56,min,0.171999999999999,0.01032,-0.000257048378312664,0.000191809548849226,0.0325943738688621,0.00247519052984396,0.000320725383814431,-0.00647827251736067,-0.00464996607973616,0.00797434632756112,0.013920206660868,-0.0176714321135379,-0.00698838615203429,0.659191296535144,-0.116347425858846,0.669380227472895,0.133995927843754,-0.669893964854684,-0.403196624293019,0.655585345284832
0.565,min,0.171999999999999,0.01032,-0.000197111377777214,6.52101129991057e-05,0.0325604819548546,0.00244129861583653,0.00020761804855693,-0.00167349814203356,-0.00363317176883044,0.00400006664109691,0.0100545935533119,-0.0329683422265104,-0.00656837945093537,1.2627184535957,0.523065150221132,1.36676810192035,0.99999999986348,0.999999999964609,0.796616538306775,-0.0320447494274072
0.57,min,0.171999999999999,0.01032,-0.000163520396540731,-5.40597554884711e-05,0.0324022147847948,0.00228303144577666,0.000172224786974208,0.00486386477050938,-0.00206159915358171,0.00528274280803553,0.00338179894128113,-0.0147396051685203,-0.0567384885730125,1.35222671142148,0.105563895878363,1.3563409656848,-0.420044175707738,0.999999999972904,-0.433948358456929,-0.999999999972903
0.575,min,0.171999999999999,0.01032,-0.000170354598880844,-4.88399169257862e-05,0.0322036439783451,0.00208446063932699,0.000177217456378233,0.00402902812337496,-0.00239214146293009,0.00468565986789648,-0.00611547987732618,0.0168275405935943,-0.0226898340068539,-1.68616137027525,-0.237780819617717,1.70284464493581,-0.438595239122799,-0.0388740203167814,-0.946557408802607,-0.726026444256802
0.58,min,0.171999999999999,0.01032,-0.000206597999024918,6.768015498458e-05,0.0322535256104708,0.00213434227145273,0.000217401326076537,-0.00235669403494395,-0.00419230802986288,0.00480930903473598,-0.00838188018030362,0.0297804881705522,0.0426424868571477,-0.868127493052313,-0.482285807155397,0.993098657725821,0.999999999948561,-0.834198391645739,-0.142730904184432,0.993311492650094
0.585,min,0.171999999999999,0.01032,-0.000230868748875764,0.000152280874189083,0.0324526776519792,0.00233349431296111,0.000276567973292737,-0.00662846582840678,-0.00576334049363207,0.0087836582859248,-0.00132641976003477,0.00405979951124913,0.0370183297462035,-0.840581224332817,-0.146127178352279,0.853188107602337,0.999999999383147,-0.999999999993371,-0.509702786133784,0.999999999993859
0.59,min,0.171999999999999,0.01032,-0.000204140857009029,0.000105921822987623,0.0326131096009486,0.00249392626193053,0.000229984612714421,-0.00444057657512394,-0.00545332459880387,0.0070326004791584,0.0120175765067287,-0.0226034199918331,0.0271544498415649,1.71573692564595,0.270133536283557,1.73687228242323,0.983834453954701,0.750664955488248,-0.0188130705008716,0.999999999586034
0.595,min,0.171999999999999,0.01032,-0.000124280418461158,-1.14744279936525e-05,0.0326021011978384,0.00248291785882033,0.000124808993709035,0.00249087198544309,-0.00276004259362957,0.00371783248230938,0.01992659891242,-0.0243550804006773,-0.0315578110856449,1.05684249858087,0.807179265786162,1.32983248340599,-0.748169440813552,0.696568162270665,-0.670003376466411,-0.9999999999994
0.6,min,0.171999999999999,0.01032,-3.96124634707446e-05,-6.65813616514903e-05,0.0325167184569335,0.0023975351179154,7.74740277873018e-05,0.00462490302486727,0.000867514942959726,0.00470556162064475,0.0139405830837452,0.00231230693754218,-0.00259528527632695,-0.203230082811195,0.643843748849559,0.675157196134425,-0.644189969269194,0.837846508751615,0.47891804346573,-0.825968823728227
0.605,min,0.171999999999999,0.01032,-2.22557201879042e-05,1.26691134658466e-05,0.0325111253994647,0.00239194206044662,2.56090514680412e-05,0.0018426406832886,0.00225537322760235,0.00291239301666099,-0.00699788577060906,0.0293878831093926,0.000358062288812528,-0.909674853820273,-0.0887004349925087,0.913989117463001,0.0745122312620079,0.278067755519704,0.99999999999905,0.999999999999792
0.61,min,0.171999999999999,0.01032,-0.000105731422069909,0.000138380607119874,0.0324111691579065,0.00229198581888839,0.00017415029727161,-0.00590278950122429,-0.000684746763497556,0.00594237343372866,-0.026392394982193,0.0208967143522182,-0.0403405589121047,-2.18849721998488,-1.08734756144745,2.44373582886271,0.141613728074234,-0.999999999999954,-0.999999999998206,0.999999999999955
0.615,min,0.171999999999999,0.01032,-0.000210668928173014,0.000181000007411433,0.0322868335654439,0.00216765022642579,0.000277745206944252,-0.00637933780454071,-0.00719125631055763,0.0096130181602126,-0.0155826074590488,-0.00384895423559442,-0.00939367807293402,1.99787789865832,-1.51525625737658,2.50749229778802,0.999999999997562,-0.232405096228193,-0.999999999997426,0.999999999908773
0.62,min,0.171999999999999,0.01032,-0.000234884181787288,0.000129364111632662,0.0322556329947378,0.00213644965571968,0.000268152292983654,-0.00123244353507974,-0.00656480315852901,0.00667948782298405,0.00589650601333911,-0.0168054040759142,-0.00308655020950894,0.0608798091260732,1.76583751818803,1.76688666637101,0.454453082168611,0.28966842823246,-0.653233976463897,-0.208204407247205
0.625,min,0.171999999999999,0.01032,-0.000186798654013525,8.33139399762958e-05,0.0322953141274933,0.00217613078847516,0.000204535937516219,-0.000189864651491607,-0.00219037559831302,0.00219858905836702,0.0133377050961659,-0.00161466458663219,0.0189590033117016,0.356151744309178,-0.0160664941016337,0.356513950929256,0.0807014896245005,0.381128996162269,0.325176138575988,-0.116537168851555
0.63,min,0.171999999999999,0.01032,-0.000155904100562606,0.000110828586735393,0.0323918060409554,0.00227262270193727,0.000191282681416797,-0.000591382278215449,-0.00183907642221569,0.00193182170133192,-0.00097988371579812,0.0126205232902712,0.0196377620731411,-0.516758794998715,0.156586164540568,0.539961923781715,0.193152385811201,-0.119387316401257,0.175049054121271,0.125773801246093
0.635,min,0.171999999999999,0.01032,-0.000184296377246232,0.000184336962418453,0.0324866659155335,0.00236748257651536,0.000260663135828117,-0.00415706857645709,-0.00271951551157635,0.00496759335766036,-0.0103770269576522,0.0167828269829525,0.0183061877580959,-0.90951572429794,-0.508761800284833,1.04214078807725,0.822035136728067,-0.999999999941027,0.105432817387775,0.501247787604777
0.64,min,0.171999999999999,0.01032,-0.000235807968718853,0.000233196268016827,0.0325574010020073,0.00243821766298916,0.000331641218078042,-0.0068213227579952,-0.00550245440158291,0.00876398588601342,-0.0102276096313961,0.0027608952563973,0.0099878468314217,-0.156185948317303,-0.604413755717793,0.624267601716334,0.697116557946064,-0.999999999990901,-0.949408480834278,0.999999999992167
0.645,min,0.171999999999999,0.01032,-0.000251575571827775,0.000191889288247084,0.0326084351195152,0.00248925178049708,0.000316404436259108,-0.00591528860761267,-0.00693914686913859,0.00911824536754896,0.00392056838782738,-0.0192836871642947,0.0104258001717464,0.518599608470316,0.0297367686955223,0.519451469646604,0.924052829979958,-0.262680689166499,-0.817893051132542,0.78182714418086
0.65,min,0.171999999999999,0.01032,-0.000189031994611675,6.97028633627488e-05,0.0326133207359707,0.00249413739695257,0.000201473532127261,-0.00146696353423545,-0.00524258211580687,0.00544395529479758,0.0210968624986124,-0.0295908827894391,-0.0084715535895523,1.26073042088057,0.648889132637166,1.41792041405303,0.999999999999833,0.99999999999995,0.351844220809868,0.0332486056527216
0.655,min,0.171999999999999,0.01032,-7.46220741719443e-05,-3.41882967639372e-05,0.032453759832771,0.00233457649375287,8.20810184472768e-05,0.00422749132283066,-0.000822666025398196,0.00430679257382486,0.0246671056772799,-0.0119655812612353,-0.0553528076903245,1.01705152194587,1.1190773035263,1.51219304639326,-0.999999999195887,0.999999999978177,-0.0619727088142514,-0.999999999979614
0.66,min,0.171999999999999,0.01032,2.81881725599353e-06,-1.08137816929136e-05,0.0322605298357878,0.00214134649676966,1.11751333425906e-05,0.00364721934599634,0.00314670970413769,0.0048170520985271,0.00630925089389519,0.0213153872896447,-0.0219391911029601,-1.2491603126796,0.468672988288052,1.334187339441,-0.999999998660258,0.533147577669492,0.707357483797793,0.414722887641057
0.665,min,0.171999999999999,0.01032,-4.34787014100746e-05,0.00010794955676287,0.0321799207342027,0.00206073739518456,0.000116376562423911,-0.00438008076771653,0.00224142547999436,0.00492027394705703,-0.0248282583603225,0.0261899480926688,-0.0103044495310797,-1.96175973280555,-0.830786677945386,2.13042431302049,0.100596414976043,-0.999999999996507,-0.251743946301857,0.999999999995961
0.67,min,0.171999999999999,0.01032,-0.000166875644318191,0.000172299175331543,0.0322042362637707,0.00208505292475255,0.000239863474682039,-0.00683296107781224,-0.00572922971365398,0.00891703034662956,-0.0245305188029239,-0.000450100665199792,0.0200306613582737,0.980607608767264,-2.35747539951395,2.55328837808926,0.999999999984806,-0.841590402364737,-0.999999999985127,0.999999998579692
0.675,min,0.171999999999999,0.01032,-0.000233234338465585,0.000109342751125653,0.0323489658577268,0.00222978251870872,0.000257592883952965,-0.00284117278058932,-0.00761219212195582,0.00812512964024131,-0.00201295885603397,-0.0247324690171561,0.0378611762241944,0.616107710121903,1.60429043619321,1.71852742606356,0.999999996207041,0.999999997804007,-0.772010145818815,0.703610400828277
0.68,min,0.171999999999999,0.01032,-0.000195733662190019,7.45553527647363e-06,0.0324685324916695,0.0023493491526514,0.00019587560215753,0.00191258459188497,-0.00364255677363811,0.00411414628693399,0.0170132293662606,-0.0160224173225156,0.00996547735287889,1.28539523886781,-0.0164362968661287,1.28550031970386,0.357416398372447,0.838393788296511,0.0759827022932414,-0.801034183105329
0.685,min,0.171999999999999,0.01032,-0.00012178218700469,-2.06597946721678e-06,0.0325017036739051,0.00238252033488695,0.000121799709945485,0.00399871910631692,-0.00195729858783248,0.00445205258876791,0.0125673607078709,0.0122138114250394,0.003302995541343,-0.450941433095033,0.690539571188383,0.824738186007438,-0.203509961509832,0.61879145437047,0.0383777678378983,-0.596780986796013
0.69,min,0.171999999999999,0.01032,-8.37741840216386e-05,0.000119409683107879,0.0325243921341151,0.00240520879509698,0.00014586564478456,-0.00120747352974221,0.000114568530361106,0.00121289664571109,0.00263584048534973,0.0363764536049988,0.0057723885426695,-1.63153562132862,0.13820727608905,1.63737892218879,0.515515737116647,-0.99999999999707,0.999999999995194,0.500463810460014
0.695,min,0.171999999999999,0.01032,-0.000104664054180416,0.000263156678185947,0.0325053801527281,0.00238619681370996,0.000283206641008546,-0.00908087269022309,-0.000943389966411359,0.00912974443480019,-0.0109917885488609,0.0211223444262285,-0.0133771810974782,-1.51782404286373,-0.561390674798036,1.61831681535025,0.999999999960381,-0.999999999999584,0.492570258404103,0.999999999999593
0.7,min,0.171999999999999,0.01032,-0.000156567035464431,0.00032525977399104,0.0323836582500412,0.00226447491102306,0.000360980826597235,-0.00700017845795934,-0.00433754329616504,0.00823509443111518,-0.00976940396474514,0.00371889389580858,-0.0353115799772842,2.35010173576923,-0.796270657103436,2.48133535174701,0.666364674560467,-0.999999999303575,-0.999999998503224,0.116758575916787
0.705,min,0.171999999999999,0.01032,-0.000156434431182842,0.000342099895242418,0.0323024633190015,0.00218327997998335,0.000376170266746819,-0.00439032684938206,-0.00571556419080321,0.00720712452116633,0.00982244567738075,0.00301715460474274,0.00283360756140135,-1.30616109233832,0.245062299248169,1.32895159040923,0.837697782313126,-0.941171333286281,-0.701320080926254,-0.118845286054355
0.71,min,0.171999999999999,0.01032,-5.64784408873962e-05,0.000373861342069886,0.0323956974479501,0.00227651410893198,0.00037810331574765,-0.00832334874262273,-0.00249085834121877,0.00868806707889267,0.0301599504407977,0.00968742412624429,0.0344600440180507,-0.26704766495795,1.0448200405856,1.07840779511685,0.27177990088787,-0.999999999713567,0.999999999315057,0.999999999724757
0.715,min,0.171999999999999,0.01032,6.29418292089699e-05,0.000389582897895373,0.0325209557544233,0.00240177241540522,0.000394634651540799,-0.00895189185899258,0.00469632880237562,0.0101089995585676,0.0176081575977487,-0.00339880179604966,0.0156432785712435,0.0156304184100128,1.83005481685215,1.83012156499601,-0.999999999968723,-0.99633234669637,0.999999999969614,0.999999997080821
0.72,min,0.171999999999999,0.01032,7.72659098830485e-05,0.000338931509929962,0.0325934425637695,0.0024742592247514,0.000347627083601751,-0.00786507382235681,0.00511975381495715,0.00938462920721382,-0.0118785253281173,-0.0168617533901148,0.0133514451672307,0.419096796244293,-1.66068481181954,1.71275105278915,-0.423034164436301,-0.408923461362326,0.656758289931044,0.885228684158434
0.725,min,0.171999999999999,0.01032,-2.49378823021891e-05,0.000240438647199342,0.0326098853027724,0.00249070196375427,0.000241728444831731,-0.00467900829520517,-0.00108263002072598,0.00480262494771099,-0.0290029915459778,-0.0225353917021332,-0.00677434956608396,0.855329414616361,-0.820268722453716,1.18508615068434,0.999999999999412,0.934338519576276,-0.457664216191133,0.999999999998689
0.73,min,0.171999999999999,0.01032,-0.000117107096957898,0.000152864117861022,0.0324547315589468,0.00233554821992867,0.000192565600996997,-0.00107856614011352,-0.00568784280679714,0.00578920207916716,-0.00786469431630562,-0.0124944200331948,-0.0552871479641536,0.584847447420299,-1.02181639197475,1.17735095687833,0.999999999999586,0.0785110833650392,-0.999999999999581,-0.654135442748577
0.735,min,0.171999999999999,0.01032,-8.54335820126693e-05,0.000143924390838927,0.0322405338622007,0.00212135052318256,0.000167371225764382,-0.000292659172383537,-0.00447960751518285,0.00448915725735497,0.0205341002943969,0.00891852922435692,-0.030391930734287,-0.270484660328304,1.50511050862046,1.52922189188903,-0.0207598911540774,-0.820699744914304,-0.628061897301346,-0.999999988958585
0.74,min,0.171999999999999,0.01032,4.08293663425461e-05,0.000223556060959453,0.0322618789050282,0.00214269556601008,0.000227253931863985,-0.00370762728575133,0.00205552991707634,0.00423930458094764,0.0299710790476892,0.0229341388238535,0.038929947865294,-1.09550258501881,1.10894446428321,1.55880843551967,-0.747612333464656,-0.999999999999987,0.999999999999976,0.59361031080137
0.745,min,0.171999999999999,0.01032,0.000127287884830813,0.000307089799123286,0.0324940126785691,0.00237482933955094,0.000332424954463835,-0.00879912875307445,0.00616822160380229,0.0107457724043828,0.00461232834761752,0.0104793564416798,0.0539235615510498,-0.941098001910434,0.536132210407173,1.08309888571445,-0.999999999999583,-0.999999999999915,0.999999999999686,0.999999999999922
0.75,min,0.171999999999999,0.01032,8.10096388088111e-05,0.000319581648186863,0.0327456117170056,0.00262642837798752,0.00032968923464039,-0.00738975574343055,0.00408136103512314,0.00844191908552707,-0.0231236267564182,-0.005482616816249,0.0467160538235815,1.50484720576799,-1.37087643787883,2.03564911530428,0.981678395499166,-0.019293492988254,0.999999999613969,0.999999995723986
0.755,min,0.171999999999999,0.01032,-3.18996102051428e-05,0.000289332675027042,0.0327905877348859,0.00267140439586783,0.000291085867004126,-0.00415243316890752,-0.00324196258519669,0.00526811376358356,-0.0220400728491633,-0.00661697244767956,-0.0287256466714559,-0.209918175958777,-1.5584530102491,1.5725270826769,0.838333387495451,-0.953667082011675,-0.999999999996197,-0.569676037342237
0.76,min,0.171999999999999,0.01032,-7.35364627738998e-05,0.000279729978332804,0.0326814862794231,0.00256230294040503,0.00028923428589185,-0.00488841060606195,-0.00524310579817896,0.00716845287801746,0.00538533182166053,0.00277589376998445,-0.0149149355136645,-0.0844727989029975,0.757995725056189,0.762688122995214,0.630539923927884,-0.963507797740723,-0.999999999986651,-0.0373483215914007
0.765,min,0.171999999999999,0.01032,1.85022672812664e-05,0.00029459640105004,0.0326421543433669,0.0025229710043488,0.000295176851067599,-0.00593866590976266,-0.00104631437871768,0.00603013487136801,0.0314301602004059,0.00317067531691007,-0.000817838908827065,-0.335629322577283,0.920720842728325,0.979986689913716,-0.00364900341543944,-0.308404938779535,0.999999995267504,0.999999993266005
0.77,min,0.171999999999999,0.01032,0.000143683135432784,0.000295874013820743,0.0325435259223973,0.00242434258337923,0.000328916821494725,-0.00682972138884431,0.0062963341377377,0.00928918283937175,0.0186421870602009,-0.00265963020862922,-0.0386335294790043,-0.0207928690553786,2.01633856385383,2.01644577102576,-0.999999999998811,-0.512004364736578,0.999999999998846,0.999999999921115
0.775,min,0.171999999999999,0.01032,0.000175462245222464,0.000257198123375196,0.0323442187369749,0.00222503539795676,0.000311348477057831,-0.00593625994028201,0.00613275939416428,0.00853521645099333,-0.0059305431443289,-0.0128107259695894,-0.0410893446899818,0.378177448480298,-2.0817684612832,2.11583981173729,-0.999999998196562,-0.842540788844094,0.142071325815891,0.208791588095957
0.78,min,0.171999999999999,0.01032,0.000116222476072,0.000179533284586381,0.0322559619860788,0.00213677864706067,0.000213868801414982,-0.00344424494372622,0.000813659780853567,0.00353904866756058,-0.0177653645158565,-0.0182552095459365,0.00578664433154493,0.618628550142019,-0.0458713840410896,0.620326903273316,0.397110374921129,0.0903120761277665,-0.23861681718747,0.124817294041351
0.785,min,0.171999999999999,0.01032,6.91433030708859e-05,0.000107903441493533,0.0323134163475004,0.00219423300848226,0.000128155955950946,-0.000601127345656106,-0.000201124514501023,0.000633881026714657,-0.00106630468458914,-0.0103967276912027,0.0171951002370925,0.518618489086026,-0.360042334100746,0.631344295584102,0.425721049139199,0.483557956112659,-0.164953592652367,-0.205817823317719
0.79,min,0.171999999999999,0.01032,0.000101502875221238,0.000101047742551677,0.0324043889070741,0.00228520556805602,0.000143225276934514,0.000187730054853435,0.000322127336757669,0.000372838563699978,0.0140101335447301,0.00765444811446027,0.0191939235924102,-0.203075528882209,0.569343074604223,0.604475977215455,-0.203983937215547,0.364521350383624,0.0709680985146116,0.0357076803513323
0.795,min,0.171999999999999,0.01032,0.00017957483606926,0.000173151221892631,0.0324994773037237,0.00238029396470562,0.000249456343659994,-0.00266590510660695,0.00431002602773459,0.00506787671487603,0.0172186507944786,0.0211869436219214,0.0188414350674301,-0.938378535701944,1.02581640178655,1.39027104063935,-0.792448251271913,-0.999999991487419,0.775927863558143,0.318359024549399
0.8,min,0.171999999999999,0.01032,0.000228530506366781,0.00025265252396618,0.0326194883299718,0.0025003049909537,0.00034067505075473,-0.0075054813712801,0.00688847280911002,0.0101874093005278,0.00236361732452955,0.0106135772074981,0.0291629754318007,-0.997451970167316,0.00556231076362557,0.997467479215082,-0.975982539912279,-0.999999999999989,0.999999999999417,0.99999999999999
0.805,min,0.171999999999999,0.01032,0.000186110329749864,0.000257622695810168,0.0327350430263534,0.00261585968733526,0.000317815210831863,-0.00703041214299485,0.00569004622211934,0.00904451883243238,-0.0193316879712963,-0.00862550846990291,0.0170589031208232,1.18747966148142,-0.484932945559898,1.28267997104555,-0.10164864730941,-0.489498097148984,0.835789039871837,0.756707025493071
0.81,min,0.171999999999999,0.01032,6.81136676937464e-05,0.000192374474908793,0.0327307729679326,0.00261158962891444,0.000204076971564966,-0.00317376346270317,0.00133241784417376,0.00344210863115362,-0.0278669768511506,-0.0174737798906469,-0.01876692648915,0.355179810635255,-1.25811840561834,1.3072928594766,0.999999999621608,0.38641839531175,0.0677835383527173,0.313164711861838
0.815,min,0.171999999999999,0.01032,-2.90908898896053e-05,0.000130680432176614,0.032529570146405,0.00241038680738692,0.000133879256154326,-0.00117648537899596,-0.00402062278800664,0.00418921537408016,-0.0110148461821901,-0.00720383720222491,-0.0617142021218608,0.44373142284763,-0.883097847253824,0.988311379802297,0.999999999921518,-0.564911325563884,-0.999999999926193,-0.9718513230747
0.82,min,0.171999999999999,0.01032,-7.42653509819122e-07,0.000131056539008785,0.0323132741139913,0.00219409077497315,0.000131058643176239,-0.000752179048640915,-0.00361344005935658,0.00369089723289301,0.0223541407341046,0.00735427993509322,-0.0248042108436469,-0.274008890705612,1.04597093871385,1.08126596026123,0.663179249729218,-0.97081729875165,0.608184624210851,-0.999999999649108
0.825,min,0.171999999999999,0.01032,0.000122008198885209,0.000192190007219213,0.0322684798106196,0.00214929647160148,0.000227646654862605,-0.00331486506001835,0.00469876754279767,0.00575036927400139,0.0267462002239068,0.0170991073490782,0.0068864894949806,-0.751065513845364,2.27891210214785,2.39948739846738,-0.999999999999608,-0.999999999985246,0.999999999999593,0.330253882519694
0.83,min,0.171999999999999,0.01032,0.000193570207753217,0.000251744764193823,0.0323771040137117,0.00225792067469362,0.000317560784147897,-0.00703191346945597,0.00733329203342347,0.0101599694433295,0.00187860332329616,0.0067227954407659,0.0365631917418769,-0.735753849929681,-1.22510230589753,1.42905891677068,-0.988287176236409,-0.999999999837917,0.999999997458361,0.999999999853313
0.835,min,0.171999999999999,0.01032,0.000140764802383722,0.000234511507563168,0.0325709400991736,0.00245175676015548,0.000273514856579452,-0.00678345193101773,0.00352170855131785,0.00764314406647248,-0.0230007654710941,-0.0136160980930279,0.0409712424428662,0.835138465304974,-0.299531086944715,0.887228904104364,0.927721941513826,-0.231119617958087,0.999999999701139,0.999999999983463
0.84,min,0.171999999999999,0.01032,3.5639476098897e-05,0.000139414585054888,0.0326313574718295,0.00251217413281138,0.000143897876226964,-0.00260959035819356,-0.00040254102598412,0.00264045471750173,-0.0190493650428359,-0.0244226709102842,-0.0168042933805029,0.834406163824697,-1.27016874397607,1.5197244106753,0.179666117239364,0.0126661703076707,-0.999398674935793,-0.340637180815073
0.845,min,0.171999999999999,0.01032,-8.00912971189582e-06,4.56939174900706e-05,0.0325822015378308,0.00246301819881267,4.63905190133862e-05,0.00128652829175514,-0.0036127582752247,0.00383499379408767,0.00158992271851877,-0.0130655961156429,-0.00285808021898161,0.724041296154781,-0.0139181557201606,0.724175057286665,0.718186457999324,0.565887062651574,-0.839667122466454,-0.776809032769754
0.85,min,0.171999999999999,0.01032,7.04344861215632e-05,4.39599894938915e-05,0.0325705574879256,0.00245137414890751,8.30270890222687e-05,0.00229392211006701,-0.0010809207973182,0.00253583682778079,0.0297875236148648,0.0123720249171713,-0.00179953974308357,-0.32108376883003,1.02665314688276,1.07569115949252,-0.999999999768445,0.999999999734453,-0.188446296003163,0.279141503099289
0.855,min,0.171999999999999,0.01032,0.00020290108017415,0.000150359647105291,0.032547721029578,0.00242853769055991,0.000252540831972702,-0.00224157537421536,0.00710358061183,0.00744886015891397,0.0231991140061697,0.0301878381273885,-0.0073350435959578,-1.49311522488292,2.24714741677652,2.69797416360916,-0.999999999999993,-0.999999999999757,0.999999999999993,0.571960735889231
0.86,min,0.171999999999999,0.01032,0.000269498492897265,0.00026328407700059,0.0325294660159658,0.00241028267694766,0.000376759794664916,-0.00876255885124507,0.00756493560381221,0.0115762985583199,0.00343985108307658,0.0149819338307309,3.30381510598011e-05,-1.11527816592897,-2.06260541998364,2.34482120980338,-0.428118095159409,-0.999999999997756,0.999999999906635,0.999999999997868
0.865,min,0.171999999999999,0.01032,0.000262155585267397,0.000292926449628888,0.0325049734618618,0.00238579012284372,0.000393104891573582,-0.00661624800389616,0.0036855801454549,0.00757352220948953,-0.00637701413502371,-0.00312498477941133,-0.00983005979263761,1.97380250486853,0.510863236640716,2.03884221429132,-0.288542604834205,-0.756903770561955,0.100580636035642,0.0880240219277298
0.87,min,0.171999999999999,0.01032,0.000251074260413867,0.000280773358952294,0.0324987680483976,0.00237958470937944,0.000376658948306985,-0.00311083006109305,0.00484681610687301,0.00575924387770164,0.00194448419361172,-0.00173625149122649,0.0073478944069281,-0.57163532774729,-0.0463688520734696,0.573512875506176,-0.497007196872072,-0.156131585819429,0.46867412916331,0.0200750584172531
0.875,min,0.171999999999999,0.01032,0.000255537902575076,0.000306742214695406,0.0325415924266984,0.00242240908768033,0.000399237280234088,-0.00562182412280243,0.00526619545155963,0.00770309814306885,-0.000159027329128101,0.0121237937884713,0.009781856913426,-0.432762296936465,0.214120589948118,0.482836237962164,-0.701125577965404,-0.999999999966183,0.45476664394326,0.557058855846866
0.88,min,0.171999999999999,0.01032,0.000241103843425899,0.00034706543645701,0.0326123236921393,0.00249314035312115,0.000422593753500729,-0.00842180856128633,0.00553566494999909,0.0100782164037891,-0.00561459633054289,0.00400549491617018,0.0185106492629006,-0.687231478457093,-0.106332790572335,0.695409064747665,-0.0849678624203112,-0.999999999921939,0.999999996439959,0.999999999928271
0.885,min,0.171999999999999,0.01032,0.000198244260600421,0.000329486946005404,0.0326417762185531,0.00252259287953497,0.000384528847356054,-0.00818526058447537,0.00436612963116892,0.00927693800733503,-0.0115292367996485,-0.0110368910968125,-0.00672963869737257,0.781850669181478,-0.361481336959736,0.861370550848891,-0.353470094740149,-0.78900167473024,0.235081768582774,0.738616458272509
0.89,min,0.171999999999999,0.01032,0.000139514989623687,0.0002499632208316,0.0325961513760831,0.00247696803706495,0.000286262194671606,-0.00483361276781973,0.00231428841004647,0.00535908044669095,-0.0119624715910448,-0.0207725989727092,-0.0115202982906376,0.558808457480777,-0.459255151489243,0.723313338962758,-0.112768314387101,-0.133659791909742,-0.186226845789862,0.137217438644929
0.895,min,0.171999999999999,0.01032,9.97269852074693e-05,0.000164184901638656,0.0325407313678476,0.00242154802882953,0.000192099332389954,-0.00181554007007105,0.000651568348909002,0.00192891862434204,-0.00395273017544236,-0.0135387287044683,-0.0106477050035314,0.648420621618694,-0.205832872965743,0.680306162057721,0.0202014076308704,0.128320498194562,-0.338991113093042,-0.388312825850457
0.9,min,0.171999999999999,0.01032,0.000110201204963209,0.000140376452908467,0.0325112656654159,0.00239208232639782,0.000178465274231449,-0.000408077605858253,0.000868017019822234,0.000959156337154729,0.00814241807773818,0.00401534921239275,-0.0011385759691519,-0.0854356359335763,0.292412341331036,0.304637859187057,-0.288997195015082,-0.0385562525441439,-0.140328255102203,-0.412467472671431
0.905,min,0.171999999999999,0.01032,0.000164074540945585,0.000200828566116756,0.0325435369805607,0.00242435364154255,0.000259331000759679,-0.00275794271531187,0.0032545462853615,0.00426594884457164,0.0134069163152123,0.0201654960709229,0.014047102027045,-0.854510407847869,0.662199364884671,1.08106245701809,-0.169993077806992,-0.999999999942552,0.999999999306352,0.253945880988561
0.91,min,0.171999999999999,0.01032,0.000208184459890094,0.000281365583028364,0.0325995466009834,0.00248036326196524,0.000350010515060079,-0.00790919251592964,0.00592454414041398,0.00988208224645753,0.00423705126259133,0.0120493106937205,0.00835674614202916,-1.20598951239924,0.405799777136319,1.272432380577,-0.81044339739239,-0.999999999999643,0.999999999990561,0.999999999999664
0.915,min,0.171999999999999,0.01032,0.000180273256106403,0.00029824851005746,0.0326169051345159,0.00249772179549779,0.000348497662285846,-0.00765282486457477,0.00582377383439981,0.00961675985361461,-0.0154015327760679,-0.00529613988208224,-0.00141333272900707,1.30853657294119,-0.446107899541986,1.38249058613737,-0.473872539921406,-0.844622194445013,0.719959351569921,0.560888662032941
0.92,min,0.171999999999999,0.01032,7.06645063882102e-05,0.000249612545020765,0.0325945994467813,0.00247541610776322,0.000259422233231527,-0.00415830432731382,0.00188834345103089,0.00456698323487268,-0.0284419671112091,-0.0141582461325956,-0.00750894236482249,0.0892716419631854,-1.12806425380558,1.13159108637915,0.999999999997915,0.599393280821696,0.170171034266445,0.819850171947161
0.925,min,0.171999999999999,0.01032,-3.31979764301399e-05,0.000201311539561896,0.0324333836825448,0.0023142003435267,0.000204030491838443,-0.00308261637037223,-0.00405135022179115,0.00509077227014665,-0.0131030260161309,-0.00516215605095218,-0.0569773633297871,0.341003540813451,-1.24781321532323,1.29356918453657,0.999999999999995,-0.785175173902915,-0.999999999999995,-0.595410654642038
0.93,min,0.171999999999999,0.01032,-1.64573146565025e-05,0.000195980356939498,0.0322504809423752,0.00213129760335705,0.000196670138841249,-0.00268883174390931,-0.00400148003837176,0.00482096034463487,0.0197992907255859,0.00302968300199309,-0.0161837327380721,-0.183489690228281,1.26776128869099,1.28097117513374,0.462769432933848,-0.999994872569788,0.0711220561200843,-0.579899548218692
0.935,min,0.171999999999999,0.01032,0.000106274233823285,0.000223087138747412,0.0322721039260616,0.00215292058704345,0.000247107434629622,-0.00420165220605181,0.00377715124350823,0.00564984537637587,0.0292933286663292,0.00781302972117228,0.024832926212631,-0.421638494628719,1.84369122406101,1.89128959967329,-0.999999999975136,-0.0974965206479677,0.953781067307421,0.999999999844062
0.94,min,0.171999999999999,0.01032,0.000189856852551777,0.000248839235900307,0.0323943617878023,0.0022751784487842,0.000312996149791521,-0.00597439771092409,0.00744993476889753,0.00954960502162908,0.00413971882506772,0.00248780913998593,0.0240702184836699,-0.287459707320194,-0.37457781390529,0.472166942937218,-0.99999999998325,-0.611736128827877,0.999999999986116,0.999999999390821
0.945,min,0.171999999999999,0.01032,0.000148708573790385,0.000225949133341317,0.0325115234934284,0.00239234015441032,0.000270494456091918,-0.00607254057795902,0.00403761893660182,0.00729233266850632,-0.0205990303296246,-0.0116438501635821,0.0227944637667802,0.248202560506223,-0.990348519012993,1.02097732597403,0.217194924699158,-0.340446027458098,0.449320139720776,0.894842220226199
0.95,min,0.171999999999999,0.01032,4.97620448116312e-05,0.000140784961244123,0.0325633432401197,0.00244415990110154,0.00014932068314987,-0.00334565048043373,-0.00053225210665614,0.0033877233420494,-0.0189795812618769,-0.0224218186752954,-0.00206656509029238,0.842553478503894,-0.83759989829019,1.18805300965687,0.481324362875872,0.0787949981926638,-0.717276137043212,0.0491938023488167
0.955,min,0.171999999999999,0.01032,1.00816383667873e-05,4.31521703232391e-05,0.0325490472753547,0.00242986393633659,4.43142103141252e-05,0.000893348251015356,-0.00288663818047181,0.00302171326941353,0.00310741868393936,-0.0166312976930581,-0.00365182081568889,0.853046014075739,-0.104154531236076,0.859380979838112,0.546080770612148,0.49225783302193,-0.762292859032825,-0.784803646630742
0.96,min,0.171999999999999,0.01032,8.81221321036728e-05,1.90315874484435e-05,0.0325474196039637,0.00242823626494558,9.01538212573649e-05,0.00280339333007666,-0.000515254408506474,0.0028503510781312,0.0281087788108148,0.00698306454313981,0.00300075225928643,-0.0890279824512176,1.05270804002221,1.05646590062658,-0.999999999999954,0.999999999999909,-0.130247480046972,-0.181434200722255
0.965,min,0.171999999999999,0.01032,0.000211858116088512,0.000113845961613379,0.0325680941322131,0.002448910793195,0.000240509385114695,-0.000380279889870826,0.00717501634650511,0.00718508680304251,0.021385614783121,0.0309426851228346,0.00526905904048528,-1.18444130552778,2.02340026198242,2.34457881642543,-0.999999999994219,-0.999999998739384,0.999999999994331,0.252886239882413
0.97,min,0.171999999999999,0.01032,0.00027025114555663,0.000239444402738359,0.0326165243580568,0.00249734101903873,0.000361066896402039,-0.00833149944452805,0.00751990437303875,0.0112233170129788,0.00197159700412629,0.0192966913271572,0.0141030312970058,-1.99604651633511,-1.88544505136897,2.74574302095176,-0.499374913668764,-0.999999999996408,0.999999999940452,0.999999999996581
0.975,min,0.171999999999999,0.01032,0.000252093484828962,0.000289843417726739,0.0326432992634757,0.00252411592445758,0.000384135824797333,-0.00724035791591602,0.00397133300941428,0.00825798211564007,-0.0092346612951937,0.000862914668194862,-0.00339306912946651,2.43250312777992,0.46601650591918,2.47674036799343,-0.235998047277764,-0.968915660442077,0.231614542071168,0.112432006989416
0.98,min,0.171999999999999,0.01032,0.000220281493091828,0.000286999378153043,0.0326412679251296,0.00252208458611149,0.000361790794878751,-0.00312530521768318,0.0043893397228862,0.00538830547636123,-0.00349013539965993,-0.0020005304976734,0.00258053379102896,-0.786482048486788,-0.298813820530411,0.84133448279026,-0.332036711914986,-0.220436436023935,0.353086085784421,-0.0123764811691431
0.985,min,0.171999999999999,0.01032,0.000203580197081755,0.000310531782929079,0.0326380748162889,0.00251889147727076,0.000371315074906687,-0.00597604116769717,0.00367523872459155,0.00701572859514596,-0.00319038300436925,0.0114134924080878,-0.00385777732732179,-0.35381233151881,0.0131734212125506,0.354057488215148,-0.785755097306867,-0.999999999962649,-0.193565224331952,0.628058447522583
0.99,min,0.171999999999999,0.01032,0.000190360905024185,0.000345002515816138,0.0326568919487753,0.00253770860975714,0.000394035544184901,-0.00834656970969361,0.00369157819570929,0.0091264985341483,-0.00209733381865863,0.00237480074673579,0.011384630321878,-0.594399085279763,-0.00663763276545387,0.59443614522516,0.332856398179435,-0.999999999274043,0.954435281871918,0.999999999332026
0.995,min,0.171999999999999,0.01032,0.000179746353542807,0.000317952681450927,0.0326294951673982,0.00251031182838008,0.00036524328776005,-0.00805271318630996,0.00363686582291355,0.00883589173059782,-0.00214848677389265,-0.0131947344928199,-0.0223433428727049,0.711941694633224,-0.0152473163528416,0.712104948173505,-0.677695779035454,-0.906824238346486,0.0150784259174975,0.618503648897248
1,min,0.171999999999999,0.01032,0.000163934998195771,0.000225593138468789,0.032548808697826,0.00242962535880793,0.000278867258310555,-0.00446849514871151,0.00340378675564572,0.0056172246859074,-0.00417605536492191,-0.0237490827000354,-0.00993124495615436,0.721745520406154,-0.0779843105542923,0.725946381573032,-0.485399726351921,-0.0280965737627916,0.112026048951437,0.0707850810295696
1.005,min,0.171999999999999,0.01032,0.000139082649170673,0.000128120196298573,0.0325111654032835,0.00239198206426542,0.000189099888947395,-0.000754838553184484,0.00278272102127016,0.00288328242175345,-0.00576488424511718,-0.0152400941680513,-0.00512607286085088,0.763717117804657,-0.170441983195932,0.782505147371961,-0.240015715656534,0.389144863157173,0.134542972714453,-0.50718202482412
1.01,min,0.171999999999999,0.01032,0.00011219832093737,0.000107197390479399,0.0324972737301397,0.00237809039112162,0.000155176492249174,0.000778996444977427,0.00192557396331185,0.00207717850688668,-0.00498884704820401,0.00687097184038209,-0.000430596396665896,-0.150183118539893,-0.172416839987391,0.228653746537434,-0.186555478380741,0.124969633683002,-0.045065039365131,-0.510312980279469
1.015,min,0.171999999999999,0.01032,9.61243913737119e-05,0.000189958089898722,0.032524044006799,0.00240486066778085,0.000212894280183704,-0.00241857535999955,0.00136541046640014,0.00277738231321365,-0.00144072477725917,0.026233307927347,0.011138707060356,-1.1288456034509,-0.0516485587772906,1.13002653511066,0.993180816821435,-0.999999998723614,0.99999999977408,0.362153335894245
1.02,min,0.171999999999999,0.01032,0.000103052537203487,0.000295703346314944,0.0325149482552774,0.00239576491625928,0.000313145803813386,-0.00872060630100127,0.00144933268932132,0.00884022281966911,0.00421198310916922,0.0160647946391418,-0.0147770076689844,-1.39196677294979,0.085217447945762,1.39457287741826,0.652558731735365,-0.999999999999957,0.999999999994893,0.999999999999958
1.025,min,0.171999999999999,0.01032,0.000125526271574881,0.000335041841286302,0.0323781429537632,0.00225895961474509,0.000357784684227828,-0.00772477910362041,0.00280642798476932,0.00821877425370881,0.00477751063938843,-0.000329396650598567,-0.0399451129366917,1.79029765190213,0.457620670233436,1.84785885830904,-0.999999999996226,-0.999999999999721,-0.079179219850062,0.313523142806658
1.03,min,0.171999999999999,0.01032,0.00012816918541306,0.000323642080843845,0.032300501854669,0.00218131851565085,0.000348097021794759,-0.00462094107355675,0.00379552340245642,0.00597989082708691,-0.00372034510411676,-0.00423050752638445,0.008888673298997,-0.548762439876673,-0.0619825031585929,0.552251795938414,-0.368326021006225,-0.322041460776511,0.615201654921165,0.262533560258507
1.035,min,0.171999999999999,0.01032,8.22695471153552e-05,0.000324435615915987,0.0323724791455876,0.00225329580656944,0.000334703969587083,-0.00633552943823762,0.00245597007539666,0.00679490414016411,-0.0146395102149653,0.00454792155524116,0.0199022430684364,-0.137072905995673,-0.473838827665311,0.49326688127355,0.188137054064111,-0.777980323133858,0.376813477978527,0.623016576333132
1.04,min,0.171999999999999,0.01032,7.57449844031086e-06,0.000333365677416986,0.032472080708144,0.00235289736912586,0.000333451717503912,-0.00728362163772964,-0.000504158436368368,0.00730104923216963,-0.0152385092550525,-0.000975896954841251,0.0199383819541334,-0.242163973801136,-0.710212577040702,0.750363441802672,0.695111365286845,-0.666437401506322,-0.166355535515797,0.99999999990181
1.045,min,0.171999999999999,0.01032,-3.36931937888006e-05,0.000302002932326551,0.032534463817276,0.00241528047825792,0.000303876623716806,-0.00722693741899513,-0.00287078401422982,0.00777624750856282,-0.00126856763659213,-0.0115692010813327,0.00501486169869148,0.264837661294941,-0.236437654103878,0.355023592340451,0.60584130466892,-0.578481644963108,-0.62145312669369,0.814756571914075
1.05,min,0.171999999999999,0.01032,1.04775022055353e-05,0.000221864463159037,0.0325449136806749,0.00242573034165676,0.000222111724286032,-0.00479445970083492,-0.0018356740357146,0.00513386238502035,0.0189368460343265,-0.0204861865856732,-0.000834916339159108,0.70815342596914,0.650481645509964,0.96156520624302,-0.0168707096721829,-0.068828664919428,0.115857156893929,0.26426130991646
1.055,min,0.171999999999999,0.01032,0.000107391993043147,0.000130277024894771,0.0325223472964291,0.00240316395741094,0.000168834662866403,-0.00120019677733245,0.00360595611129701,0.00380044626075931,0.019828950300718,-0.0161487887200329,-0.00819163735916673,0.72955174343185,1.52617041329468,1.69157969861325,-0.999999999999938,0.0535532940641883,0.645526529742794,-0.639452354413215
1.06,min,0.171999999999999,0.01032,0.00015594281692228,9.53932395978777e-05,0.0325244374958122,0.00240525415679408,0.000182805996374938,0.000656439614282086,0.00617105235607744,0.00620586820264882,-0.000408620749064619,0.00219527460127544,0.00902771711242273,0.0131028132139643,-0.500131915382509,0.500303524371253,-0.844520268002977,0.352766476379601,0.990920508639147,-0.388034769894835
1.065,min,0.171999999999999,0.01032,9.30540584751641e-05,0.000155831846909622,0.0325590225165674,0.00243983917754926,0.000181501025644384,-0.00139186045154134,0.0034106250991403,0.0036836991032725,-0.0247468826297817,0.0219801683234223,0.00480629118964991,-0.832422839543333,-0.604038987392347,1.02848961204446,0.999999999803456,-0.999999999926938,0.770139467628335,0.0303236981632085
1.07,min,0.171999999999999,0.01032,-1.44568285661073e-05,0.000248921524882931,0.0325383256121991,0.00241914227318096,0.000249340982275746,-0.00734786267044977,-0.00263220996086911,0.00780510186364584,-0.0182574721867269,0.0152557028659013,-0.013085052936969,-1.54997804802004,-1.81309503661141,2.38531875461729,0.999999999977649,-0.99999999999967,-0.794731521246631,0.999999999999677
1.075,min,0.171999999999999,0.01032,-3.34460739060365e-05,0.000277967013482997,0.0324678390881816,0.00234865574916347,0.000279971963675624,-0.00756438417967399,-0.0049119739554183,0.00901927913729306,0.0106617740507552,-0.0036375074258749,-0.0151095566700269,1.46336944433035,0.901189438791738,1.71860191294828,0.571168331401347,-0.999999999658812,-0.932610497730722,0.501647479972769
1.08,min,0.171999999999999,0.01032,8.86962001049802e-05,0.00023074965619793,0.0324459553451479,0.00232677200612974,0.000247209263071847,-0.00380903827031025,0.00057641466182262,0.00385240527554568,0.0381951355536515,-0.0152494354881522,0.00635605945653642,0.0387689194151442,1.29416600810463,1.29474657197696,-0.999999999999966,0.817902785652253,0.527535601174246,0.999999999999976
1.085,min,0.171999999999999,0.01032,0.0002358140981506,0.000176714752614623,0.0324295518119097,0.00231036847289158,0.000294680153180068,-0.00268781357110184,0.00872276034889205,0.00912747993135031,0.0206520236645963,-0.00636452594517056,-0.0129174727518036,0.409720960268219,1.96437226672314,2.00664637331896,-0.999999999999997,0.916044713549552,0.999999999999997,0.999999999999701
1.09,min,0.171999999999999,0.01032,0.000291662746989627,0.000166123745131559,0.0323048995712049,0.00218571623218681,0.000335654966711458,-0.00224075682268554,0.0068052978710117,0.00716471006054036,0.00168743587101443,0.00212812295194475,-0.0369434235301045,-0.230898260901696,-2.73135725787528,2.74109950148392,-0.999999999828191,-0.851080925371899,-0.078125484478753,-0.496065122642709
1.095,min,0.171999999999999,0.01032,0.000302126490807812,0.00018756850717165,0.0322827823850553,0.00216359904603716,0.00035561546835092,-0.0035938594123088,0.00280270200305157,0.00455751730587497,0.0024980616562595,0.00644978186409172,0.0280965490702465,-0.310342774947609,1.13031891069123,1.17214908515444,-0.149007769543721,-0.185020385320727,0.0705226344312173,0.77481120816059
1.1,min,0.171999999999999,0.01032,0.000352747595960723,0.000206764273385856,0.0324305240028762,0.00231134066385807,0.000408879360208913,-0.0050126191200047,0.00714761768733047,0.00873010819214035,0.0177503804049049,0.00122852462159075,0.0310000980581188,-0.257161108130752,0.607647363020325,0.659823577420958,-0.999999999998478,-0.235547535151093,0.999999999995719,0.999999999981003
1.105,min,0.171999999999999,0.01032,0.00040947836557365,0.000188328563331213,0.0325563864021149,0.00243720306309678,0.000450710749416149,-0.00477645461345902,0.0100743361309605,0.0111492944688895,0.00494192744026608,-0.00860280864344781,0.0193448616373652,0.351626910749025,0.563040014431672,0.663818907695556,-0.999999999997418,0.155404444221481,0.999999999997641,0.99999999994387
1.11,min,0.171999999999999,0.01032,0.000406550367326413,0.000132107992020748,0.0325891971640743,0.00247001382505621,0.000427475990821701,-0.00259075975233865,0.00858930945163218,0.00897152567572738,-0.00611312673916092,-0.0138854198807383,-0.00622055685359526,0.522651033699125,-1.15705068616299,1.26961820772112,-0.90554193265183,0.0032906091229255,0.43293355186533,0.0226183478659805
1.115,min,0.171999999999999,0.01032,0.000373392859777409,7.67979082099259e-05,0.0325667989178091,0.00244761557879103,0.000381208796380897,-0.000312053847508087,0.0061343165288616,0.00614224851988336,-0.00714987628044068,-0.0082386136435905,-0.00273874165247675,0.388831328233099,0.175053517054756,0.42641943629337,-0.510728811132233,0.245744049731071,0.290554483534637,-0.312566759003219
1.12,min,0.171999999999999,0.01032,0.000355357946049504,6.98743848673779e-05,0.032556489282584,0.00243730594356585,0.000362162531857061,0.00031720540997752,0.00664196150941639,0.00664953171017989,-6.40892107212912e-05,0.00546920430657132,-0.00138511243759325,-0.137127625238856,0.0280044751671598,0.139957980240629,-0.899399340293114,0.0380542005520263,0.357051271744832,-0.27295506465214
1.125,min,0.171999999999999,0.01032,0.000351628218198244,0.000124295580057901,0.0325760700508758,0.00245688671185769,0.000372950124085248,-0.00176103429374073,0.0071819621348838,0.00739471580864576,-0.0014278019297828,0.016299273769638,0.00921741975432953,-0.694168256248445,0.187995775019802,0.719174512485185,-0.596988209773345,-0.999999999998876,0.913001808196779,0.0195763137356713
1.13,min,0.171999999999999,0.01032,0.000329438878895969,0.000183656668883237,0.0326365016707282,0.00251731833171013,0.000377173364586525,-0.0057673021824671,0.00739291788342275,0.00937640705680602,-0.00744793379112702,0.00744516176049622,0.014955228186647,-0.908338899242102,-0.103613475604224,0.914229352079193,-0.437115778795417,-0.999999999475793,0.999999983995806,0.999999999514055
1.135,min,0.171999999999999,0.01032,0.000274049232887143,0.000160417249988021,0.0326604065526616,0.00254122321364344,0.000317547911565721,-0.00626098017148516,0.00599898598300588,0.00867108444959634,-0.0147079246124034,-0.0167409293185826,-0.00539327541332067,0.710867703634877,-0.453959284562523,0.843452384021553,-0.518770529100706,-0.66412433180402,0.318944766088094,0.697660399436201
1.14,min,0.171999999999999,0.01032,0.000198266827221995,3.25497147425012e-05,0.0326168953048117,0.00249771196579354,0.00020092092650218,-0.00116468272994012,0.00339365329235839,0.003587947676619,-0.015605037653656,-0.0344060847796251,-0.0120112237266406,1.32765127298314,-0.588173791696475,1.45210409815976,0.999999999966315,0.999999999985697,0.962017762544356,-0.134550341056516
1.145,min,0.171999999999999,0.01032,0.000146127356020799,-9.47322359501583e-05,0.0324211383903843,0.00230195505136621,0.000174147640540278,0.00574137199418303,0.00131506687842752,0.00589005545562402,-0.00525075082682214,-0.0165066954974387,-0.0662915420442891,1.43477061666612,-0.243260773875871,1.45524655181009,-0.283675904137839,0.999999999972435,-0.583596643394922,-0.999999999972226
1.15,min,0.171999999999999,0.01032,0.000154868423442706,-0.000105782933098548,0.0321765493471434,0.00205736600812531,0.000187548013891273,0.00458263024479472,0.00158452829132038,0.00484883799136473,0.00874717779558476,0.012086416638083,-0.0315440752520728,-1.89826731642145,0.351045339033013,1.93045373802396,-0.890407237936862,-0.122972294686476,-0.560559469744999,-0.859883143578143
1.155,min,0.171999999999999,0.01032,0.000211472735739214,-2.14291259989614e-05,0.0322044265684142,0.00208524322939608,0.000212555699528634,-0.00105409486631268,0.00422335876897976,0.00435291572152563,0.0138945471230186,0.0216551062017515,0.0426949637603797,-0.35642272802151,0.70448685203074,0.789518135152371,-0.935902812995147,-0.256047213443815,0.481100035003223,0.99999996443547
1.16,min,0.171999999999999,0.01032,0.00025266944638591,3.23888390508512e-05,0.0324441685008112,0.00232498516179312,0.00025473689570226,-0.00310893017894612,0.00688291507897406,0.00755248084022266,0.00258413713565978,-0.000127920181826427,0.0532018091984375,-0.465511397031864,0.359335671966978,0.588067161057746,-0.999999977434597,-0.388316706226956,0.999999998429545,0.999999997333174
1.165,min,0.171999999999999,0.01032,0.000213273332491369,-2.68658405163403e-05,0.0326739973487533,0.00255481400973521,0.000214958804747848,-0.00202360884140864,0.00654877187246586,0.00685429834342125,-0.0183425826934764,-0.0235739516450502,0.0387297299783996,0.899639932046855,-0.492992954570256,1.02586259342525,-0.201817955549807,0.99999999999986,0.999999999999929,0.565031659942259
1.17,min,0.171999999999999,0.01032,9.2088150563585e-05,-0.000137074732933662,0.0327206036398362,0.00260142030081803,0.000165135428915349,0.00540954969980652,0.0021167919530752,0.00580896170819543,-0.0301314900776371,-0.0205096053218786,-0.0200872135452717,2.07362348443921,-1.27979901318601,2.4367601173217,0.999999999999871,0.999999999999884,0.145938498819518,-0.999999999999888
1.175,min,0.171999999999999,0.01032,-1.70677380645017e-05,-0.000177717281614486,0.0325436467185129,0.00242446337949477,0.000178534982194194,0.00689634151608517,-0.00394943816898974,0.00794717485381774,-0.0135308653735976,0.00425258584954899,-0.050695554984032,-1.47890675792775,-1.14669303563997,1.87138187354414,0.999999999735629,0.655420173944998,-0.999999999742488,-0.999999983394109
1.18,min,0.171999999999999,0.01032,-6.76749675581858e-07,-0.000104242925106678,0.0323243592071406,0.00220517586812253,0.00010424512182793,0.00203317127401049,-0.00369687812790641,0.00421908678768928,0.0200872607291656,0.0251371567535742,-0.0370194495648661,-0.466361338902129,1.2477170520733,1.33202505248853,-0.487283266117635,-0.999999999771897,-0.691438164671455,-0.51919466633794
1.185,min,0.171999999999999,0.01032,0.000117066191739628,-8.52779978617633e-06,0.0323093320551546,0.00219014871613646,0.00011737638867171,-0.00187820689561138,0.00433722946456693,0.00472643846580379,0.0270099158369183,0.0131488933746265,0.0310085887704367,-1.09818992894662,1.96592598491604,2.25186280625794,-0.999999999544939,-0.547883400174539,0.999999994438308,0.99999999943858
1.19,min,0.171999999999999,0.01032,0.000188650916345115,-1.10800821116071e-05,0.0324697951739662,0.00235061183494813,0.000188976020853048,-0.00341966106600915,0.00737833699744168,0.00813227758098527,0.00162397400527676,-0.0141698063047988,0.0331766587542327,0.481608260787509,-0.749482971766138,0.890882282810794,-0.999999999999974,0.10741385762,0.999999999999975,0.999999999988082
1.195,min,0.171999999999999,0.01032,0.000133425067480408,-0.000129930234209357,0.0325817541139272,0.00246257077490905,0.000186236716019827,0.00205062938050712,0.00373103301383282,0.00425742741646989,-0.0237143135511597,-0.0333702545343012,0.011606917230133,1.706507917819,-0.709438621677405,1.84809968116075,0.915823797940062,0.534903745365303,0.999999976552404,-0.999999990084506
1.2,min,0.171999999999999,0.01032,2.2803992828058e-05,-0.000257804682229049,0.0325604670936147,0.00244128375459656,0.000258811275388309,0.00869997215034723,-0.00105078988706026,0.00876320003215523,-0.0205341163097803,-0.0177795246735755,-0.0201217253551266,0.953229190117041,-1.20329053867983,1.53510716543425,0.999999999999552,0.999999999999994,-0.347730674772546,-0.999999999999994
1.205,min,0.171999999999999,0.01032,-2.25752927711101e-05,-0.000301309040208633,0.0324343660017614,0.00231518266274325,0.000302153572798915,0.00658732813635907,-0.00384014692345835,0.00762493412232621,0.00238240207011308,0.000377781481741522,-0.0303187113861999,-1.7982867957123,0.087547724120588,1.80041661946115,0.561230553540606,-0.0475482298373439,-0.999999999997864,-0.999999999998604
1.21,min,0.171999999999999,0.01032,5.9380200881633e-05,-0.00030058154123296,0.0323764345891717,0.00225725125015358,0.000306390716547882,0.00379025277797018,-0.00109801596363493,0.00394609366048347,0.0303997953909842,-8.67818914719625e-05,0.00714614635033345,0.67945665235675,1.00930465980878,1.21669932141987,-0.864807623424041,0.999999999712858,0.0212683644417214,0.607136937206003
1.215,min,0.171999999999999,0.01032,0.000189731625276807,-0.000330938204224939,0.0324008818275994,0.00228169848858124,0.000381468458258093,0.00647172542289651,0.00700493926757942,0.00953689698444107,0.0217407743670855,-0.0120558833053198,0.00263274902073001,0.393132405613783,2.23187743267696,2.26623696087509,-0.999999999998881,0.779608215923762,0.999999999998891,-0.999999999952085
1.22,min,0.171999999999999,0.01032,0.000245897172067777,-0.000364079067387146,0.0324467722299428,0.00232758889092471,0.000439339261323665,0.00883123465620799,0.00710294544655933,0.0113332492944348,0.00072544434930224,-0.00120046195956301,0.0157234119166581,0.550671287710807,-2.19267496108499,2.26076587732524,-0.24661167997599,0.999999999990332,0.999999999648835,-0.999999999989197
1.225,min,0.171999999999999,0.01032,0.000228647661861948,-0.000333839065737582,0.0325007632020682,0.00238157986305011,0.000404633507124011,0.00792161726507979,0.00272666375598059,0.00837775120975721,-0.0076252484316337,0.0132964626193887,0.00587297693350192,-0.914518244162088,0.442162284853494,1.01580072113194,-0.0292197633943438,0.782728368303729,0.0325982711719875,-0.513861713731535
1.23,min,0.171999999999999,0.01032,0.000220165371605422,-0.000253340690586242,0.0325183142637502,0.00239913092473209,0.000335640129246888,0.00435473313046012,0.00385466096851548,0.0058156781048923,0.00423233232902339,0.0189028874411472,0.00114744773929027,-0.512235409685779,0.00903660016046171,0.512315113068527,-0.534974247876814,0.145338700312353,0.215734813098548,0.0453996578982569
1.235,min,0.171999999999999,0.01032,0.000241798332376588,-0.000186188416465278,0.0325278238255822,0.0024086404865641,0.000305176276872805,0.00202647042463592,0.00486938487939133,0.0052742289944189,0.00442085197944302,0.00795802220723854,0.00265637699351347,-0.419069672643902,0.39685296418988,0.577158267476228,-0.72263773879058,-0.187920698597019,0.509092594821532,0.148989501620527
1.24,min,0.171999999999999,0.01032,0.000246089278264715,-0.000187413070632522,0.0325481255013053,0.00242894216228714,0.000309327644934556,0.00176369464668859,0.0060626284986924,0.00631395938535522,-0.00270447362419249,-0.00844788387413628,0.005464293295704,0.313959361464973,0.0804444835305456,0.324101520487007,-0.687118947621237,-0.162997891443351,0.779112113936241,-0.400250594999417
1.245,min,0.171999999999999,0.01032,0.000202387750050855,-0.000250297459520428,0.0325874561283091,0.00246827278929099,0.000321884481783493,0.0048198291769568,0.00519432981201613,0.00708602959992714,-0.0147761376613513,-0.0167058716810262,0.0102679575058361,0.90849445064231,-0.427763958201053,1.00416341836561,0.144407526996531,0.545189798536218,0.994090032032344,-0.999999999772888
1.25,min,0.171999999999999,0.01032,0.000115295524245367,-0.000306512193693664,0.0325926666823999,0.00247348334338173,0.000327479438734581,0.00818917156036393,0.00222176841811008,0.00848520982349787,-0.0200607526608439,-0.00578002198826817,-0.00818373586953723,0.439242502720543,-0.761260599361365,0.878892300760582,0.775435702703654,0.999999999999795,0.47004029438266,-0.999999999999782
1.255,min,0.171999999999999,0.01032,3.90335555851566e-05,-0.000291725994293678,0.0324890595297374,0.00236987619071927,0.000294325796029255,0.00720148311249782,-0.00111325408731221,0.00728702227816744,-0.0104440348032403,0.0116945017482625,-0.0332591251954489,-0.834317881866986,-0.572748402807551,1.01199163085552,0.126048523480222,0.345989005325865,-0.987596280255891,-0.964780504248407
1.26,min,0.171999999999999,0.01032,4.03543338718292e-05,-0.0002130872198566,0.0324074371711501,0.00228825383213203,0.000216874700065393,0.00383347918941294,-0.00178855430489884,0.00423018784420199,0.0109723461179094,0.0197610080265685,0.000610181760552152,-0.512883687366966,0.302628315772898,0.595511187363157,0.145277117672207,0.0225635729982457,-0.445362262250437,-0.0248232095958957
1.265,min,0.171999999999999,0.01032,0.000132916966590518,-0.000137862242071625,0.0324422385616079,0.00232305522258979,0.000191501743586423,0.00116555342656155,0.00192243477960981,0.00224817042770844,0.0260527069695663,0.0103289830874217,0.0133103744225499,-0.554286617773591,1.18176731803056,1.30529983092316,-0.999999999997737,0.467674058281021,0.342137726550735,0.999999999991326
1.27,min,0.171999999999999,0.01032,0.00023070518170466,-0.00012837537017198,0.0324809907782242,0.00236180743920606,0.000264017265594834,0.000553876336276967,0.00756678771252986,0.00758703204701156,0.0130625790760905,-0.00653423432756386,0.0021905122239602,0.30961578165976,1.07597385513746,1.11963461414524,-0.999999999972284,0.836924698527401,0.99999999997366,0.999999998906929
1.275,min,0.171999999999999,0.01032,0.000244087845983597,-0.000191134060631605,0.032418774708779,0.00229959136976087,0.000310017911886456,0.00329873538085335,0.00655256372172564,0.00733605796325034,-0.00770951336451583,-0.0185692418562862,-0.0270769400020349,0.788327836170791,-1.48166345145915,1.67832874034605,-0.999999995011057,0.35873981102505,0.162248152417265,-0.999999999775994
1.28,min,0.171999999999999,0.01032,0.000185781624688413,-0.000257726825602374,0.0323793407301727,0.00226015739115462,0.000317707300367717,0.00721858733193048,0.00260166293510953,0.00767311234745262,-0.0156129751535577,-0.00806786413202113,0.0113033485595312,0.779612944260062,-0.0986968631873006,0.785835487656835,0.998692558669905,0.999999999780551,0.839522698520157,-0.999999999763548
1.285,min,0.171999999999999,0.01032,0.00013854090342925,-0.000247060274527553,0.0323770568935129,0.00225787355449475,0.000283253175044204,0.00690311073064106,0.00157207513901983,0.00707985578964826,-0.00328331335010752,0.0123344845619495,-0.0122168832234806,-0.905803584775831,-0.313138255248578,0.958402682118987,-0.178973647013413,0.605737973137139,-0.333056360010953,-0.739652547178093
1.29,min,0.171999999999999,0.01032,0.000149531607831437,-0.000156074297555078,0.0323755914367859,0.00225640809776782,0.000216145525278609,0.00291457616035983,0.00163304210956631,0.00334089519831955,0.00767959511098235,0.0240599062270404,0.0116307005327097,-0.689610243336658,0.337525043467168,0.767779553441194,-0.215424519993605,0.147574291994487,0.0878967928336454,0.436656437969686
1.295,min,0.171999999999999,0.01032,0.000199712151327518,-6.45694848151621e-05,0.0324335897407316,0.00231440640171343,0.000209890832951706,-0.000754554778315558,0.00408389424132289,0.00415301638424279,0.0123926222874501,0.012542018868926,0.0115686210455377,-0.778042132133499,0.642815809235462,1.00923818991251,-0.99725172470116,-0.42792249996577,0.380295877224926,0.789235573586086
1.3,min,0.171999999999999,0.01032,0.000233283488892441,-6.3412216143236e-05,0.0325124583756622,0.00239327503664412,0.000241748413326802,-0.00184687685465954,0.00651538910452687,0.00677209342077209,0.00103591273851914,-0.0120791114001556,0.0199788329267364,0.341113301595908,0.329782136046133,0.474462371301256,-0.891143613976456,-0.172528099598312,0.9999999998741,0.432315804272778
1.305,min,0.171999999999999,0.01032,0.000187840601102707,-0.000165657388307451,0.0325884894920783,0.00246930615306018,0.000250452513909268,0.00264741187125865,0.00593289438169775,0.00649677037923166,-0.0192130678544127,-0.0288189574655303,0.0104336136396858,1.45660218877137,-0.562780025177783,1.5615413196815,-0.0630728199384966,0.517481548680047,0.999999999914791,-0.999999999977122
1.31,min,0.171999999999999,0.01032,6.5004428954987e-05,-0.00027570489685535,0.0326040896241637,0.00248490628514556,0.0002832644805368,0.00867521027127855,0.00139484652011405,0.00878663018827873,-0.0299214010046754,-0.0152000459536297,-0.00419356080553424,0.954517171236594,-1.2524391194557,1.57470847401304,0.999999999978351,0.999999999999158,-0.0119123895276025,-0.99999999999911
1.315,min,0.171999999999999,0.01032,-3.96499132579306e-05,-0.000307920995855914,0.0325278511038568,0.00240866776483864,0.000310463291405376,0.00697719485197421,-0.00445019389770058,0.00827559506800248,-0.0119403358804916,0.00231360635340429,-0.0263018473172354,-1.63372333895833,-1.08557704767016,1.96151203786401,0.999999999999797,0.237562043894875,-0.999999999999796,-0.821507671497364
1.32,min,0.171999999999999,0.01032,-1.86794232746699e-05,-0.000292620113885834,0.0324321155614536,0.00231293222243547,0.000293215708829579,0.00399380375439656,-0.00379928010658871,0.00551225886156962,0.0203285318737959,0.00380674643462788,-0.0119923696440297,0.440366899927268,1.34594256411491,1.41615126044069,0.560436267940721,-0.407363353336925,0.326483871154282,-0.854122449320589
1.325,min,0.171999999999999,0.01032,9.88032555803628e-05,-0.000296263996420777,0.0324085712549926,0.00228938791597452,0.000312305041407417,0.00555160736525833,0.00400091214625207,0.00684307258035584,0.0266645396682172,-0.00526429944860511,0.00257464705964796,0.182754544417438,1.77413433702141,1.78352232094348,-0.999999999917835,0.500385222092287,0.944911600266781,-0.712285734333853
1.33,min,0.171999999999999,0.01032,0.000168606842877138,-0.000314038803713154,0.032453261990535,0.00233407865151688,0.000356438827434084,0.00675419204857182,0.0069021129412443,0.00965703232275231,0.00125689525049279,-0.0018456234683457,0.0153016471572986,0.298279328907958,-0.613654019024515,0.682306245844725,-0.999999999995777,0.999999999093481,0.999999999996198,-0.626548349990587
1.335,min,0.171999999999999,0.01032,0.000108560418752214,-0.000297152406926367,0.0325203418710328,0.00240115853201467,0.000316362003821239,0.00721603497564146,0.00358030705103789,0.00805541801208308,-0.0252754649004625,0.00860018218306025,0.0115303050418168,-0.113542158080101,-0.71506833705805,0.724026621281602,0.999999999530392,0.999999995446699,0.770633202479462,-0.482565575339585
1.34,min,0.171999999999999,0.01032,3.83076996878777e-07,-0.000226914326858275,0.0324735618446909,0.00235437850567274,0.000226914650213532,0.00523728380692289,-0.00243602678451874,0.00577610319931608,-0.0179954718016714,0.0194950498441767,-0.0302423155785901,-0.677958309407329,-1.6914651971646,1.82227384948408,0.811313571938281,-0.125380127418319,-0.999999999931372,-0.723496327604712
1.345,min,0.171999999999999,0.01032,-1.34437116345482e-05,-0.000129298971793517,0.0323891342031447,0.00226995086412657,0.000129995990281906,0.0015916752203328,-0.00457232556760206,0.00484144514614892,0.0124647563491006,0.0195510921817266,-0.0035287410398811,-0.780285125228707,0.836945683931274,1.14425650730261,0.570031036500486,-0.511728922053486,-0.769967129680641,0.126553085631047
1.35,min,0.171999999999999,0.01032,0.000114094512446072,-7.40338239275962e-05,0.0324209464222405,0.00230176308322236,0.000136009429289477,-0.00106556607200851,0.00132360756697871,0.00169922571931422,0.0385505332831476,0.00255496696464156,0.0162536286781994,-0.282611391707816,1.52142756990103,1.54745308464521,-0.999999999921076,0.196420065999771,0.67630092702016,0.999999999895228
1.355,min,0.171999999999999,0.01032,0.000260686349034741,-0.000108883332440035,0.0324747518199208,0.00235556848090266,0.000282511862859438,0.000594984714293539,0.00933396021000341,0.00935290436239834,0.0200862013523199,-0.0164947703696169,0.00526853039391991,0.946831706228637,1.68271348730885,1.93080681589095,-1,0.999999999999981,1,0.255587475693437
1.36,min,0.171999999999999,0.01032,0.00031792806842988,-0.000179946133831803,0.0324537572361765,0.00233457389715836,0.000365320226344734,0.00583585777673675,0.00684597578552731,0.00899581127227139,0.00281048640573577,-0.0119303501870903,-0.013666363891638,1.14951751874865,-2.67790725709929,2.91420277323577,-0.999999995846595,0.999999999945185,-0.0683798308214754,-0.999999999943889
1.365,min,0.171999999999999,0.01032,0.000336627714043725,-0.000180330230249055,0.0324508184333013,0.00233163509428315,0.000381886383370737,0.00636440323077419,0.0036786037948904,0.00735103763856988,0.00466937183980221,0.0117767116201893,0.0124908427415528,-0.938099337133667,1.41095846084452,1.69435360670651,-0.999999998118206,0.957776447492468,-0.359383601955148,-0.468311607847984
1.37,min,0.171999999999999,0.01032,0.000383957680768207,-7.88885536773167e-05,0.0325569672537679,0.00243778391474978,0.000391978193937111,0.00186826742291255,0.00853169931314915,0.0087338603339821,0.0142626148499907,0.0287999590085061,0.0299686854450961,-0.860354986010988,0.530279746458978,1.01064697667314,-0.999999999999999,0.0788585970181155,0.999999999999999,0.99999999999999
1.375,min,0.171999999999999,0.01032,0.00042672821181676,2.12635819358882e-05,0.0326408327638129,0.00252164942479474,0.000427257658418283,-0.0038967375480455,0.00968104788958429,0.0104358637284497,0.0028455975694305,0.0112608952367759,0.00357751857288659,-1.44564700237223,-0.0705403158849213,1.44736698581699,-0.999999999998251,-0.999999999999167,0.999999999998433,0.999999999999204
1.38,min,0.171999999999999,0.01032,0.000415541705813832,-5.26463995860214e-06,0.0326363324527959,0.00251714911377776,0.000415575054237574,-0.00398823592127125,0.00878562107811577,0.00964847985394334,-0.00732019997060196,-0.021872183994572,-0.00537764297967828,1.40904765308193,-0.287630408702484,1.43810519109906,-0.99999999946258,0.819298812875798,0.564950726822267,0.999945160394626
1.385,min,0.171999999999999,0.01032,0.000365794612597538,-0.000131823858743257,0.0325310115092522,0.0024118281702341,0.000388822875277864,0.0050660616892345,0.00732821250457349,0.00890885399764284,-0.0125786373159156,-0.0287515035192902,-0.0367507344377853,2.21267139112037,-0.295333020714429,2.23229394977607,-0.999999999891104,0.999999999998125,0.136006863375814,-0.999999999998267
1.39,min,0.171999999999999,0.01032,0.000301931057472471,-0.000216087509963823,0.0324004847158638,0.00228130137684565,0.000371289880590369,0.00745977478044214,0.00555957461090359,0.00930360734495627,-0.012966784734111,-0.00495395696893603,-0.0154599829175921,-1.25518615463732,-0.412122136753532,1.32111200827012,-0.430727829993343,0.999999999332332,0.164523338394341,-0.999999999578056
1.395,min,0.171999999999999,0.01032,0.00025141701461409,-0.000181962433858708,0.0323644695521115,0.00224528621309342,0.000310355993293583,0.00411095056016954,0.00392744250344954,0.00568548319196006,-0.0072388324092415,0.0186039874109821,0.00105391741669966,-0.0843435334717202,-0.240730706228086,0.255078624270181,-0.286301893885775,0.36960738453612,-0.00240711184766085,-0.124343089971623
1.4,min,0.171999999999999,0.01032,0.000238188807691511,-8.75807771700807e-05,0.0323985165195994,0.0022793331805813,0.000253780024113835,0.00151423782321685,0.00361023351150813,0.00391493322968308,0.0019475496402097,0.0191486752644687,0.0125648695784505,-0.954341561309358,0.113847109451519,0.961108204091948,-0.259358075219887,-0.0834543037715482,0.274080250226971,0.449173541091598
1.405,min,0.171999999999999,0.01032,0.000260554890350692,-2.27829104173654e-05,0.0324599827789868,0.00234079943996869,0.000261549062114065,-0.00190587617515438,0.00494254951578059,0.00529727851929309,0.00699888342346296,0.00677047143661744,0.0120216341765094,-0.413704038039135,0.419079292257465,0.588879006493612,-0.750969736097773,-0.52289484699028,0.480354491883149,0.748884277269455
1.41,min,0.171999999999999,0.01032,0.000281332833989628,-4.86814441290961e-05,0.0325269287684361,0.00240774542941802,0.000285513653759553,-0.00160784000245053,0.00665562860484496,0.00684708270719075,0.00131229403211145,-0.0171298849213097,0.0147567616032207,0.532918507120678,0.266152343368284,0.595683813035205,-0.720572346837877,0.111120381522634,0.975328512035237,0.0640195522499862
1.415,min,0.171999999999999,0.01032,0.000253634369262442,-0.000145537227776278,0.0325741610308001,0.00245497769178196,0.000292423456548822,0.00404664207719398,0.00661706721850107,0.00775634518797857,-0.0123916799229861,-0.0216124285375632,0.00413614334235449,1.72887432473712,-0.281576897905839,1.75165406977791,-0.865528273922698,0.694663136955011,0.425007284269758,-0.999999999999674
1.42,min,0.171999999999999,0.01032,0.00016688446285463,-0.000207268996006422,0.0326157094277785,0.00249652608876036,0.000266103101537334,0.00719550296106985,0.00368490844805517,0.00808417052846569,-0.0223082826401388,-0.0030802787544944,0.0124832154490062,-0.469329971186775,-0.891286610272523,1.00730454357422,0.458335254380661,0.9999999999999,0.44855649867779,-0.999999999999892
1.425,min,0.171999999999999,0.01032,7.26764666780544e-05,-0.000162892393327391,0.0326160614996334,0.00249687816061528,0.000178369842217601,0.004644694659441,-0.000394861737929754,0.00466144873097631,-0.0153749158304913,0.020830919826107,-0.0123423867070411,-0.550993349464763,-0.740621464121446,0.923100116060979,0.243993611366329,0.260212923331343,-0.874865959651436,-0.310162883650078
1.43,min,0.171999999999999,0.01032,5.19723267725298e-05,-4.9857252005337e-05,0.0325700916803492,0.00245090834133111,7.20199161876372e-05,0.000388565345452884,-0.00194011023185049,0.00197863860758297,0.00709325986828151,0.0243831367027145,-0.00604554100662652,-1.15145837613049,0.122522066553151,1.15795856953239,0.339940402969505,-0.505351463295771,-0.569431000654611,0.514927139349723
1.435,min,0.171999999999999,0.01032,0.000139496550527594,2.68161456671106e-05,0.0325411013644466,0.00242191802542847,0.000142050671513855,-0.00367839645579446,0.00120212569234549,0.00386984581943498,0.0279164296337441,0.00628622236626452,-0.00555058535442849,-0.475326344368452,1.13437230312524,1.22993319157926,-0.999999999943594,-0.731576109690039,0.210095082132627,0.999999999610089
1.44,min,0.171999999999999,0.01032,0.000254845536078133,-1.48193830047656e-05,0.0325341324103119,0.00241494907129381,0.000255276049349705,-0.00266497791701294,0.00805438816852538,0.00848382437745197,0.0182231645864717,-0.022940433835015,0.00276300370056274,0.880693759881061,1.60653268734672,1.83209409534743,-0.999999999999924,0.999999999995231,0.999999999999924,0.585495229517747
1.445,min,0.171999999999999,0.01032,0.00030050223212637,-0.000120648117065396,0.032476403709106,0.00235722037008787,0.000323817170119739,0.0054329228763707,0.00752972034707561,0.00928511386498607,3.95138328230087e-05,-0.0193910597892373,-0.0258544841829372,2.35846655747239,-1.81639981592663,2.97685619303553,-0.282739968822926,0.999999999979363,0.995402218136808,-0.999999999979238
1.45,min,0.171999999999999,0.01032,0.000286785819143243,-0.000152098446315818,0.0323372746434751,0.00221809130445703,0.000324622924996597,0.00636155935519291,0.00407287093358789,0.00755365574217594,-0.00552607902607392,0.0068109280890687,-0.0297971420693989,-1.98701196594351,0.433660050531537,2.03378405742343,-0.633567183698851,0.39317794547338,-0.156407354118776,-0.978168874712485
1.455,min,0.171999999999999,0.01032,0.000280464087834032,-7.36092641245727e-05,0.0322955446254021,0.002176361286384,0.000289962805079439,0.000563182431061349,0.00528731144583858,0.00531722077555106,0.00299738650238959,0.0245847447874293,0.0131051348401895,-0.33233880370912,0.0521161543687373,0.336400318069105,-0.570211935467321,0.0711141377757044,0.521347584192451,0.999956820378183
1.46,min,0.171999999999999,0.01032,0.000288574190583528,3.00572746747279e-06,0.0323514582607862,0.00223227492176812,0.000288589843668392,-0.0023888817929126,0.00607571717388834,0.00652848339184462,0.00024665459740874,0.00606125184938891,0.00926031931345579,-0.848486885880459,0.263246136851168,0.888385346613835,-0.697014298574018,-0.656085535371218,0.712473020802569,0.842699978647941
1.465,min,0.171999999999999,0.01032,0.000269200600292917,-3.36878669051104e-05,0.0324158892105518,0.00229670587153365,0.000271300268290843,-0.00260951408513292,0.00637788770442325,0.00689108230474287,-0.00799609071365296,-0.0207386895984222,0.0165120605927572,0.76023396899233,-0.142377924637204,0.773451460037299,-0.346480574963354,0.421388997624375,0.935433603045956,0.265878496560055
1.47,min,0.171999999999999,0.01032,0.000208164252635736,-0.000142511587871245,0.0324542639957776,0.00233508065675945,0.000252273480082585,0.00505295918456308,0.00465769737310179,0.00687215696417505,-0.0164184483492194,-0.0227907987880318,-0.00116214650244008,2.30475533888607,-0.54569820789138,2.3684770858549,-0.695058692305339,0.999999999999996,-0.148158284583179,-0.999999999999996
1.475,min,0.171999999999999,0.01032,0.000126559437946861,-0.000196420153491111,0.0324979170711461,0.00237873373212797,0.000233662508826078,0.00742541501078571,0.00173903894246488,0.00762633886775372,-0.0162234775263308,0.00122737254008566,0.0186233766498505,-1.35577300839702,-0.621765164363382,1.49154697207756,0.497746227554277,0.999999995483105,0.0597708893275881,-0.903811029766053
1.48,min,0.171999999999999,0.01032,7.87279840224115e-05,-0.000130836700806318,0.0325580314782107,0.00243884813919262,0.000152696881913532,0.00306297503813035,-0.000445788015502382,0.00309524523082989,-0.00290910404344891,0.0250060085338312,0.00542238617600793,-0.389202980665119,-0.252165618823523,0.463752584332706,0.339622759372579,0.761861718321305,-0.400930929999874,0.96109630822586
1.485,min,0.171999999999999,0.01032,0.00010859039626866,-2.61756391478023e-05,0.0325021435860459,0.00238296024702778,0.0001117006635906,-0.0011666702698747,0.000322525878150841,0.00121043069222755,0.0148540689419482,0.0168584161295753,-0.0277775430419439,-1.3026551425369,0.559491176284812,1.41772380833447,-0.999999999997637,-0.999999999997815,-0.616035456504366,0.45776575281907
1.49,min,0.171999999999999,0.01032,0.00018732650996489,-6.68625745010625e-06,0.0324713025741722,0.00235211923515405,0.000187445798497366,-0.00372910375626599,0.00469456960499625,0.00599543147747948,0.0166403765365441,-0.00906266345049682,0.01544113829245,0.277681747980384,1.18932631445335,1.22131250522241,-0.999999999942165,-0.612802186791387,0.643765283589782,0.804695731527589
1.495,min,0.171999999999999,0.01032,0.000230412585152306,-0.000121984473277477,0.0325571111781572,0.00243792783913913,0.000260710895662902,0.000457594775157635,0.00701591995745198,0.00703082682389664,0.000594053538422445,-0.0370566228804517,0.0188823033015833,1.39699766458907,-0.260786173471058,1.42113050179812,-0.847315162869368,0.373569332586383,0.999999999988878,-0.999999999988564
1.5,min,0.171999999999999,0.01032,0.000184580635731354,-0.000276150859162321,0.0326574050503259,0.00253822171130777,0.000332158558678049,0.0093146725163302,0.00499626402589421,0.0105700415468872,-0.0189268333068032,-0.0246099314734857,0.0212352455658724,2.14583343187996,-0.547076199152049,2.2144736361159,0.759915108015872,0.99999999999931,0.999999999928459,-0.999999999999305
1.505,min,0.171999999999999,0.01032,0.000100431454858422,-0.000359836446359259,0.0326543623641096,0.00253517902509153,0.000373589005798403,0.00798461723730789,0.000174556817442136,0.00798652505842371,-0.0147328390423696,-0.00886430340528965,-0.0224523200523686,-2.67785554348888,-1.38160668422878,3.0132619105713,0.137894747682701,0.886431230782401,-0.999999998643258,-0.999999999438956
1.51,min,0.171999999999999,0.01032,8.7606855987715e-05,-0.00037368135556234,0.032569621173032,0.00245043783401393,0.000383813387873534,0.00667631333789175,-0.00207637074554149,0.00699174336332876,0.00960299949408663,0.0033263397240576,-0.011444156378671,2.15453398372242,0.481235659035332,2.20762416333532,-0.0444024461638799,0.570741217619937,-0.902795032477089,-0.999999998902319
1.515,min,0.171999999999999,0.01032,0.000191874906653218,-0.000343003258414119,0.0325670530563014,0.00244786971728332,0.000393023173726288,0.00943146444283723,0.00268165642916811,0.00980529462793453,0.0321042207721145,0.00894489913523056,0.0104169096864255,-1.05247354174423,1.4219752108485,1.76909978699317,-0.99999999999998,0.999999999999895,0.624894911223981,-0.93531370763892
1.52,min,0.171999999999999,0.01032,0.000319271079762429,-0.000258138083717133,0.0326209347607971,0.00250175142177899,0.000410571909216669,0.00515978612115657,0.0097918215742538,0.0110681146794792,0.0188542484715698,0.0250011707435641,0.0111357721118431,-0.656197786928034,1.42209084718577,1.56618578502641,-0.999999999997753,0.990814317582109,0.999999999997816,0.999999999888307
1.525,min,0.171999999999999,0.01032,0.000377917158591732,-0.000163898992305496,0.0325680181717002,0.00244883483268211,0.000411927491722518,0.000977005372975522,0.00794677453432199,0.00800660758362563,0.00460418306015143,0.0126944658210906,-0.0323024077505932,-1.01691451234438,-2.1601096631585,2.3875068339771,-0.99999999999825,-0.999999999991831,0.469840542237313,-0.0608789174980313
1.53,min,0.171999999999999,0.01032,0.000391822095755048,-0.000163922308972907,0.0324799870391998,0.00236080370018169,0.000424729417512947,-0.000192711904397846,0.00615143320171228,0.00615445109763859,0.000957791805174961,-0.0127037924880549,-0.00291004524957478,0.549027601395037,1.44197313011462,1.54295748971452,-0.999999997522585,-0.747170632728295,0.217619886016634,-0.999999999795251
1.535,min,0.171999999999999,0.01032,0.000403665196830242,-0.000245454105696723,0.0325821540026809,0.00246297066366276,0.000472433391215498,0.00601160330058081,0.00921832252937339,0.0110053098320359,0.00377944862490264,-0.0199089262014718,0.0437768306420039,1.93269848059642,-0.215217399050171,1.94464442656071,-0.99999999986604,0.961109696980264,0.999999999889507,-0.99999999975158
1.54,min,0.171999999999999,0.01032,0.000393929987577409,-0.000301435182836381,0.0327741760120934,0.00265499267307526,0.000496028229604264,0.00906165792070016,0.00853033765816461,0.0124450915960506,-0.00767353232603589,-0.00248350465439142,0.0330319731229944,-0.712676632548683,-0.0599765494333426,0.71519589558586,-0.603488848881854,0.999999999999057,0.999999999984108,-0.999999999998951
1.545,min,0.171999999999999,0.01032,0.000339497787165861,-0.000269023722290978,0.0328637716781319,0.00274458833911377,0.000433165684981867,0.00565733337505898,0.00734536137307034,0.00927144835597708,-0.0140993478385829,0.0154480888725527,0.00280629329240798,-0.649053185707788,-0.414013964604363,0.769855571367027,-0.46317146549687,0.384379659175095,0.629719791340359,-0.223170948681524
1.55,min,0.171999999999999,0.01032,0.000265018797711003,-0.000198382798321618,0.0327999835860809,0.0026808002470628,0.000331044857700738,0.00287415785285238,0.00490014685958539,0.0056808646004475,-0.0156922479433603,0.0128082807151912,-0.0283215301127933,-0.464217023174854,-0.564071840789616,0.730530277385618,-0.427147878658594,-0.375766691140088,-0.0791323680627769,-0.251158620461456
1.555,min,0.171999999999999,0.01032,0.000204812208917774,-0.000164974320756036,0.0326665101059482,0.00254732676693009,0.000262991572927144,0.00154632184509118,0.00265312073460763,0.0030708567014778,-0.00839038757393166,0.000555110311041939,-0.0250678619402913,-0.0669173799296268,-0.33473860920149,0.341361790812613,-0.296241278267838,-0.471503363989438,-0.407634676592767,-0.329106684184026
1.56,min,0.171999999999999,0.01032,0.000195959201529711,-0.000193636520084808,0.0325878658760469,0.00246868253702879,0.000275490672391492,0.00265643261038139,0.00226037815077885,0.00348797127253309,0.00484918461870683,-0.0120199900425507,-0.00638983002022579,0.510961686045712,0.177641575669979,0.540960603013925,-0.450953177178596,-0.139282622035696,-0.199011132888656,-0.999999965357839
1.565,min,0.171999999999999,0.01032,0.000240673816642218,-0.000248267468745103,0.032621817061101,0.00250263372208292,0.000345775392493787,0.00606970479168608,0.00435787644773093,0.00747210836323355,0.0130366614262957,-0.00983238942156747,0.0199703040418778,0.854347186476163,0.661357743110851,1.08041805770378,-0.999999999999896,0.999999999991551,0.358185581774595,-0.783954633979821
1.57,min,0.171999999999999,0.01032,0.000285089236879707,-0.000258194949655147,0.0327133331617889,0.00259414982277078,0.000384630348532299,0.00732802383227184,0.00747718503542232,0.0104693948889269,0.00472950666869985,0.00586139705754983,0.0166361362332678,-0.351019570241857,0.586365691965708,0.683402855867022,-0.999999999917532,0.999999998534281,0.999999999924447,-0.725801317798295
1.575,min,0.171999999999999,0.01032,0.000263233408652247,-0.000187156304832447,0.0327441418147205,0.00262495847570239,0.000322984999449226,0.00479008020506403,0.00735574716093764,0.0087779202927908,-0.0134718379596838,0.0225540608715302,-0.00431267506062362,-0.664157880641268,-0.634940841759581,0.918833805947662,-0.746469206928631,0.258720503049596,0.696092101608924,-0.147372516260381
1.58,min,0.171999999999999,0.01032,0.00016500079631665,-7.58279025369971e-05,0.032680838624938,0.00256165528591993,0.000181590565801996,0.000383516781737883,0.00355535908182835,0.00357598424529722,-0.0258212069745548,0.0219773000466499,-0.0210086008523606,-1.09846748868919,-0.885214389884137,1.4107570094687,0.121928791341832,-0.970099166065821,-0.0542349826553949,0.0739978946863075
1.585,min,0.171999999999999,0.01032,5.94920483870483e-05,-1.67093569876344e-05,0.0325896349079815,0.00247045156896334,6.17940647006418e-05,-0.00291683842593739,-0.00102139082971454,0.00309049925255611,-0.0163822921972859,0.00167011817309516,-0.0154728859302763,-0.221674594380919,-0.945485574733017,0.971124398736932,0.453743619067554,-0.995955140351668,-0.972489025965573,0.524181108294344
1.59,min,0.171999999999999,0.01032,4.54958501772585e-05,-8.01575365050151e-05,0.0325474514112559,0.00242826807223776,9.21688832627605e-05,-0.00119273828278833,-0.00272108112550253,0.00297101112465015,0.01078381291337,-0.0270493899800474,-0.00140051275995922,0.911314651640543,0.26560945641782,0.949232731016632,0.974704484614086,-0.314806698204043,-0.00881595766233501,-0.999999999415648
1.595,min,0.171999999999999,0.01032,0.000155460197856828,-0.000205130198342385,0.0325494489490027,0.00243026560998454,0.000257383510329761,0.00686121464398913,0.00182406293964276,0.00709954026671228,0.0332019261584579,-0.0229396747549005,0.00219952785867228,2.31026651907044,1.55244816964029,2.78341996625686,-0.999999999993116,0.999999999999824,0.553694282243119,-0.999999999999821
1.6,min,0.171999999999999,0.01032,0.000286443451101944,-0.000270175307524501,0.0325749231771595,0.00245573983814136,0.000393756964986209,0.00778951397519088,0.00944609628889705,0.0122435804840254,0.0191913751395883,-0.00307836891794611,0.00799016340405407,-1.93894678658974,1.49636517006142,2.44920872189359,-0.999999999976299,0.999999999020601,0.999999999977446,-0.674890468512655
1.605,min,0.171999999999999,0.01032,0.000343630254316983,-0.000249524022937463,0.0325893533467715,0.00247017000775343,0.000424669270968421,0.00414371312600342,0.00732449348147776,0.0084153765947118,0.00368334614642722,0.0113388827527614,-0.00221809555922662,0.480626446914755,-2.34500629302914,2.39375359964641,-0.999999999648251,0.0749160903000577,0.151331742672194,-0.462834416598747
1.61,min,0.171999999999999,0.01032,0.000361092090760393,-0.000202833876218894,0.0326187999525085,0.00249961661349042,0.00041416069266855,0.00416921219279221,0.00483542120524204,0.00638464004785169,0.00330138843093673,0.00733717593466603,0.013996737854022,-0.470426820199238,1.34937738253485,1.42902789114117,-0.950049275595305,0.464360186637522,-0.0822434522550773,-0.0689169260440781
1.615,min,0.171999999999999,0.01032,0.000394000750725362,-0.000170051032242879,0.0326903329351027,0.00257114959608456,0.000429131617500992,0.00266117332724991,0.00881475082470831,0.00920769654036026,0.00986207555505099,0.00577596165574002,0.0146164551836365,-0.132788726017682,0.242354465251655,0.276348570802917,-0.999999999992714,0.999999999691298,0.999999999992395,0.901516644547076
1.62,min,0.171999999999999,0.01032,0.000413634804761907,-0.000160322310722815,0.0326451482634093,0.00252596492439118,0.000443618073376101,0.00234757660844797,0.00936527334824177,0.00965502256961732,-0.00200845394043304,-0.00188447304771417,-0.0326903238609908,0.00735003849690746,-0.0221454558382695,0.0233333298136114,-0.999999999999982,-0.270524729059491,0.999999999999982,-0.581549730379519
1.625,min,0.171999999999999,0.01032,0.000375273118607277,-0.000180470949917815,0.0325110624967049,0.00239187915768676,0.000416412868813477,0.00321999287522514,0.00830119764048868,0.00890383267941146,-0.0133362205214187,-0.00617498263028589,-0.0209439828207775,0.34161646821396,-0.403484827262968,0.528679314127578,-0.912577355931342,-0.0174389650167295,0.56301006922376,-0.854288822566745
1.63,min,0.171999999999999,0.01032,0.000293892161064602,-0.000202844694581708,0.0324705951367535,0.00235141179773537,0.000357097427119222,0.0047642219207177,0.00579295817456125,0.00750041165017382,-0.0192161624956516,-0.00277451523527143,0.00475703884022369,0.276075149983064,-0.599810959108003,0.660295899657293,-0.0409505302374298,0.644270507169985,0.454519947474305,-0.648924049213367
1.635,min,0.171999999999999,0.01032,0.000212988311398888,-0.00018892759851055,0.0324830258445777,0.00236384250555958,0.000284706266653042,0.00505497675768486,0.00288626647061667,0.0058209384260736,-0.013145377370634,0.00834135366373478,0.000215244289459833,-0.159773215196198,-0.562865722469829,0.58510281303854,0.0898018587965407,0.596609005315673,-0.158385650870658,-0.504264768930717
1.64,min,0.171999999999999,0.01032,0.000186312534083199,-0.000122224582462872,0.0324883873029696,0.00236920396395151,0.000222825512261785,0.00303105316567251,0.00160093959692691,0.00342786973004253,0.00247506644435867,0.0183398527553363,0.0019293390673128,-0.649796221608743,0.0487349729939218,0.651621229864188,-0.147382961375246,0.0854932161207102,-0.260726390666372,-0.024108669497004
1.645,min,0.171999999999999,0.01032,0.000233255423737886,-3.73908782827551e-05,0.032515928994627,0.00239674565560888,0.000236233296725708,-0.000438079258926664,0.00355232349957306,0.0035792339519401,0.016302089417516,0.0155936289167105,0.00908733759563525,-0.737856748230927,0.731818588064541,1.03922616727385,-0.999999999999956,0.00376599041758219,0.265828979156733,0.963375282174965
1.65,min,0.171999999999999,0.01032,0.000297490860758912,-3.36951142136295e-06,0.0325473505079747,0.00242816716895662,0.000297509942425958,-0.00238596718380264,0.00786872036047235,0.00822250567123521,0.00939208539089438,-0.00198508217215367,0.0034812677434612,-0.041298421719465,0.994740156295176,0.995597076222439,-0.999999999999998,-0.055261684390433,0.999999999999998,0.999999999999922
1.655,min,0.171999999999999,0.01032,0.00030185938200785,-6.31071635683177e-05,0.0325180670230987,0.00239888368408058,0.000308385474041498,-0.000446321291204977,0.00782140414718008,0.00783412825581179,-0.00764467689131932,-0.0219099786866282,-0.0151946616938794,0.817156778758531,-1.01366664161208,1.30202352566616,-0.845654023188504,-0.280461162367072,0.708137470120637,-0.999999999998553
1.66,min,0.171999999999999,0.01032,0.000235837271076847,-0.000156931629431138,0.032510698009923,0.00239151467090492,0.000283278581514534,0.00553340062453161,0.00444535558022728,0.00709786648974357,-0.0187641674810816,-0.0156198076584998,0.0122470564236186,1.5747319875361,-0.336752785169038,1.61033638438946,0.445147623835357,0.999999999999112,0.706746957070076,-0.99999999999909
1.665,min,0.171999999999999,0.01032,0.000159363290693352,-0.000173173412741215,0.0325183422594839,0.00239915892046577,0.000235341643788457,0.00659970769348956,0.00208912969708455,0.00692247098446399,-0.0118254246723167,0.00912309433446909,-0.00918935659928137,-1.14820915995292,-0.605737568088053,1.2981919258696,-0.00525932904199033,0.730558813116178,-0.325684502197093,-0.820086627317939
1.67,min,0.171999999999999,0.01032,0.000134807433822203,-7.84635698860546e-05,0.0324941194955451,0.002374936156527,0.000155979408939102,0.00183166825473514,0.000669981950144047,0.00195035494434303,0.00200308192385737,0.0287608428075949,-0.000499748976228005,-0.759006615548842,0.0380784693118503,0.759961191293372,0.694975261879904,0.0803148709495123,0.367096389939304,0.999999998198299
1.675,min,0.171999999999999,0.01032,0.000181131300986228,2.08824805217259e-05,0.0324019287377629,0.00228274539874474,0.000182331089476545,-0.00376785395041147,0.00250262129911046,0.00452325510649053,0.0165264649417525,0.0109775773555173,-0.0363765541366753,-1.48080226650981,0.694977270274713,1.63577772288874,-0.999999999993016,-0.999999999999508,0.112496682472882,0.999999999999536
1.68,min,0.171999999999999,0.01032,0.000246146348445328,-9.67655221604356e-06,0.0322974906026463,0.00217830726362818,0.000246336478248267,-0.00386525756891265,0.0068136597053367,0.00783365653154168,0.0094795540418876,-0.0232011904506251,-0.00539869990994716,1.44184081910933,1.02943809221579,1.77162290946882,-0.999999999999995,0.961584321889917,0.999999999999995,0.999999999999882
1.685,min,0.171999999999999,0.01032,0.000241374579174311,-0.00013793102630976,0.0322293512208109,0.00211016788179283,0.000278004776020916,0.0055412138350725,0.0071117872825727,0.00901568461729678,-0.0113882617502945,-0.0281005991868614,-0.0218570528241942,2.32074774248473,-0.910187061321388,2.4928518950882,-0.298075836187216,0.999999999999988,0.999999999996256,-0.999999999999989
1.69,min,0.171999999999999,0.01032,0.000156755074432749,-0.00021764625317205,0.0321555724691753,0.00203638913015717,0.000268220142569958,0.00709896246756612,0.00257225873052698,0.00755061474932238,-0.0224595401463305,-0.00378549155805467,-0.0076544478300691,-1.69764828948728,-0.905624359496902,1.92410113957486,0.146439145673698,0.72702518851674,-0.253641037714139,-0.999999186805807
1.695,min,0.171999999999999,0.01032,7.97282998868592e-05,-0.000189067367917954,0.0322061526937172,0.00208696935469907,0.000205190329728942,0.00331180024213779,-0.000780764055977283,0.00340258921336826,-0.00835116967202528,0.0152170456596934,0.0278865376468293,0.182783399315951,-0.435584755104801,0.472381043168758,0.758035387920715,0.499508025761853,-0.344885901731866,0.241444579444269
1.7,min,0.171999999999999,0.01032,9.90483717289755e-05,-0.000125163945965353,0.0323389873545153,0.00221980401549719,0.000159613888217095,0.00217866491836962,-0.000615627932304453,0.00226397406733557,0.0160791984088718,0.0103443231213467,0.0252473266724205,-0.63603752882322,0.501639204573933,0.810052856076143,-0.443768423375858,0.320975813850917,-0.133498329409809,0.421891464451765
1.705,min,0.171999999999999,0.01032,0.000185662849309049,-9.36776991844467e-05,0.0324783172668592,0.00235913392784109,0.000207957219009214,0.000351223512614946,0.00509821773777139,0.00511030156228969,0.0185665926231576,0.00225017559101587,0.0304846382651393,-0.0949390334786487,1.7838990634564,1.78642360281051,-0.999999999874236,0.109539426994934,0.820963691995718,0.495389166960655
1.71,min,0.171999999999999,0.01032,0.000231211624196489,-0.000113714497820217,0.0326059054949154,0.00248672215589732,0.000257662186162585,0.00110218914411045,0.00762846182884823,0.00770767479747228,-0.000347082668181693,-0.0102648950453241,0.0205506529573507,0.395325286076849,-0.771801427025669,0.86715599782888,-0.999588814828861,0.307981718133575,0.999999701659582,-0.00385927123933827
1.715,min,0.171999999999999,0.01032,0.000172672042827301,-0.000171783745674415,0.0326707580663828,0.00255157472736469,0.000243567833779597,0.00381156667114134,0.00457430059694984,0.00595418058508567,-0.0230687498794934,-0.0129628040963552,0.00539037562959832,0.688425724735508,-0.449863065733687,0.822378718346311,0.197229437644689,0.360160639483386,0.57871227496642,-0.999668082558601
1.72,min,0.171999999999999,0.01032,5.80748739407308e-05,-0.000204974150965932,0.0326614486983075,0.00254226535928942,0.000213042468882231,0.006102655968344,0.000233081036439403,0.00610710542217115,-0.0227701176751347,-0.000313358020251428,-0.00911412285970265,0.228009994145555,-1.28662475847049,1.30667204245729,0.412031253906086,0.801502193073218,-0.654216411252624,-0.999285560281779
1.725,min,0.171999999999999,0.01032,-7.45131296591964e-06,-0.000155587132199884,0.0326129101323631,0.00249372679334501,0.000155765457567139,0.00516437984734583,-0.00349056881129855,0.00623336905967246,-0.00344035708752553,0.0200681655266707,-0.0103013035180609,-0.603320442544822,-0.202835180624693,0.636504255203005,0.668461116227185,0.389356291981764,-0.999999999976443,-0.426996116372144
1.73,min,0.171999999999999,0.01032,4.9007150802119e-05,-3.41298032180341e-05,0.0325638941909282,0.00244471085191006,5.97205517175064e-05,0.000405417004052364,-0.00187606605363083,0.00191937145564916,0.026023742594741,0.0285147660660693,-0.0093050730559192,-1.30026469477256,0.848636283691778,1.55269823805857,0.482563469491034,-0.116435197581008,0.999999998566494,0.99999999970514
1.735,min,0.171999999999999,0.01032,0.00017171754624046,6.23525210039791e-05,0.0324102372965805,0.00229105395756242,0.000182687581850536,-0.00466179096422998,0.0061923034119666,0.00775093004355151,0.0230604155805954,0.010078163622736,-0.0521576846831368,-0.726618492540375,2.37871150254719,2.48721588247823,-0.999999999979612,-0.999999999909976,0.999999999979184,0.999999999917392
1.74,min,0.171999999999999,0.01032,0.000231320927947022,3.24719990793934e-05,0.0321956581426742,0.00207647480365604,0.000233588960420829,-0.00371718658178279,0.00732440216714898,0.00821366807156965,0.000780937102029499,-0.0220303723925703,-0.0336739768794156,1.10446024551925,-1.92587200047424,2.22009355571857,-0.999999997892406,0.00376599237795483,0.594507191242906,0.11303550092245
1.745,min,0.171999999999999,0.01032,0.000195016612364336,-8.62228535090583e-05,0.0321171571351441,0.00199797379612595,0.000213227248646383,0.00383186815187767,0.00287827538169661,0.00479246102814151,-0.0153026633351039,-0.0254475686428104,0.00227357386737775,1.91516164794493,0.147421286293296,1.92082721071197,-0.162071952658808,0.960800167387404,-0.0578369592598996,-0.999999999985336
1.75,min,0.171999999999999,0.01032,0.000139236123264722,-0.000144669551088522,0.0322147418309025,0.00209555849188439,0.00020078838869303,0.00649689731964074,0.00221315522276982,0.0068635071808827,-0.00700953230474185,0.00206888961102472,0.0367603044360002,-0.849149980839708,-0.413469349864013,0.94446418314145,0.401549457800395,0.999999990419115,0.383595618939725,-0.943066537346354
1.755,min,0.171999999999999,0.01032,0.000124141541375939,-6.37391227829544e-05,0.0324012123143173,0.00228202897529915,0.000139548550935989,0.00260860608521298,0.00125374595332899,0.00289425372476205,0.000971699549228577,0.0303032817112025,0.037827888929904,-0.706166512931395,0.0297056420876822,0.706791036415663,0.999999999620701,0.263370782831693,0.960231113725437,0.999999999932087
1.76,min,0.171999999999999,0.01032,0.000150059681006268,5.43085433824598e-05,0.0324534458247507,0.00233426248573256,0.000159584854381697,-0.00439367988566896,0.00242122464586698,0.00501664745856092,0.00939555630290299,0.0169157847549632,-0.0169344847565392,-2.09474787542138,0.437285834927514,2.13990363404772,-0.315778652608084,-0.999999999974879,0.391955604856472,0.999999999975104
1.765,min,0.171999999999999,0.01032,0.000191095163551993,6.20893046434271e-05,0.032385471819218,0.0022662884801999,0.000200928950836029,-0.00508709188737553,0.00461506448347673,0.00686857511113115,0.00701863671538722,-0.0138034802505762,-0.0102551174565252,1.81738307473876,0.440250100116385,1.8699468952351,-0.999999999991831,-0.751070508288386,0.467927445659702,0.358948131798103
1.77,min,0.171999999999999,0.01032,0.000190499793670133,-5.54560586287732e-05,0.0324038857011289,0.00228470236211076,0.000198407524622936,0.00169794548227787,0.00557188413214687,0.00582485292886077,-0.00725678466813133,-0.0332146650583039,0.0176206702208706,0.896631873122605,-0.0575222406483287,0.898475110433536,-0.243476303213705,0.999999848011879,0.999999999978753,-0.775112824846438
1.775,min,0.171999999999999,0.01032,0.000123562354406368,-0.000159449511738204,0.0324631419133521,0.00234395857433395,0.00020172209155171,0.00697873417827795,0.00319362662969422,0.00767476265306992,-0.0195181910373744,-0.00838271618546847,0.00608181466840229,1.21568360527742,-0.893780760332733,1.50888391723196,0.953693727333761,0.999999999987323,0.999999998897222,-0.99999999998655
1.78,min,0.171999999999999,0.01032,3.5445598456415e-05,-0.000136646252170811,0.0324166807077534,0.00229749736873524,0.000141168653327367,0.00484029635421783,-0.000833232519181103,0.00491149114095458,-0.015728511342607,0.0175040200124256,-0.0246662969078825,-2.07105873490147,-0.716962899217394,2.19164780068922,0.141972955597801,-0.133683282054211,-0.99998851082507,-0.592937016439569
1.785,min,0.171999999999999,0.01032,9.35685937170125e-06,-4.13639312478879e-05,0.0323915026717447,0.00227231933272662,4.24090276424937e-05,-0.00148878549761803,-0.00256781782372586,0.00296819315977953,0.00529301570872149,0.0206089083567437,0.0145950825044331,-0.460574005832874,0.0231287773994907,0.461154372410081,0.639069503562567,-0.68233263104066,-0.44345398501247,0.839847858139152
1.79,min,0.171999999999999,0.01032,8.934203803548e-05,-8.06792335308275e-06,0.0324647228498935,0.00234553951087535,8.97055803591079e-05,-0.00291642814448471,3.80519922583201e-05,0.00291667637492701,0.02670105575679,-0.00729050519882159,0.0146929887550562,-0.110483052913797,1.01921914899418,1.02518982567014,-0.999999999568877,-0.245112676370112,-0.0314004618216469,0.999999999408904
1.795,min,0.171999999999999,0.01032,0.000201249046637698,-0.000105937698364487,0.0325523738141511,0.002433190475133,0.00022742905422867,-5.58008550144503e-05,0.00690100117783067,0.00690122677441052,0.018061747684097,-0.0318574048057402,0.0203673969480052,1.2547339687019,1.72596052523476,2.13384560521212,-0.99999999999949,0.585841111452102,0.999999999999521,-0.573634020335227
1.8,min,0.171999999999999,0.01032,0.000239331817477333,-0.000239636348059149,0.0326394949968268,0.00252031165780873,0.00033868170627911,0.0083859384591459,0.00707317150952613,0.0109705842617317,-0.00282863934824289,-0.0216220550721246,0.0144810761222872,2.12196175696224,-1.65709239255658,2.69233669801516,-0.479773992905499,0.999999999999058,0.999999999951012,-0.999999999999034
1.805,min,0.171999999999999,0.01032,0.0001919031578701,-0.000302720358129569,0.0326629374680751,0.00254375412905695,0.000358422149464303,0.00745422742540026,0.00328553038575364,0.00814617802563263,-0.0161428244946504,-0.00361154895604333,-0.00510408762299844,-2.4946461704605,0.142035943047581,2.49868639987307,-0.140400285271186,0.218677024791357,0.0460533531825407,-0.99999999999353
1.81,min,0.171999999999999,0.01032,0.000126417038232622,-0.000310201573325128,0.0326502694522206,0.00253108611320247,0.000334972063982794,0.00377046878352881,0.00201416771207664,0.00427472881244381,-0.0100516233603408,0.000619062877819644,3.68812812065527e-05,1.02114271371192,-0.650581012518381,1.21077995342522,0.0911690923977404,0.0653327303813765,-0.0798042586469985,-0.427102750132247
1.815,min,0.171999999999999,0.01032,9.90742633080253e-05,-0.000331748263329805,0.0326396744694497,0.00252049113043161,0.000346226255319219,0.00698836140500976,0.000318337370793746,0.00699560818004224,-0.000885486609497821,-0.00923773887969021,-0.0042748743895495,0.266014334880461,-0.0277511239947791,0.267457942945929,-0.190688614657503,0.768600119614057,-0.557220401439334,-0.999999999998612
1.82,min,0.171999999999999,0.01032,0.000125892189197076,-0.000351253961334065,0.0326402440293245,0.00252106069030638,0.000373132936972476,0.0082952103098064,0.00136362383743066,0.00840654412073876,0.0116126569651181,0.00143545967798586,0.00450269833945674,0.256725227038195,0.445865710649546,0.514493998148508,-0.287277147497667,0.999999998269609,0.126949843514408,-0.999999997953386
1.825,min,0.171999999999999,0.01032,0.000188387405198857,-0.000305610784242768,0.0326463170384651,0.00252713369944695,0.000359009423111759,0.00772714330459145,0.00428118740130822,0.00883387283216216,0.0133854294355943,0.016821811158533,-0.0020734946832311,-0.483952029124175,0.721159714901477,0.868493466233446,-0.999999995053805,0.819910509123667,0.465178027445581,-0.579040933618502
1.83,min,0.171999999999999,0.01032,0.000222132265546455,-0.000197982050342975,0.0326270619507822,0.00250787861176412,0.000297556105053835,0.00408356319181165,0.00648998080697873,0.00766781189235047,0.000112514703445037,0.0262296824013846,-0.00562854038989933,-0.973480015987745,0.162357647366728,0.986926211621699,-0.983430423675339,0.19342683004788,0.861270968609113,0.306486072478438
1.835,min,0.171999999999999,0.01032,0.000172093715314587,-9.23249068015636e-05,0.0325654407594511,0.00244625742043298,0.000195294995498337,-0.00045257475739896,0.00540962630788028,0.00542852472610608,-0.0201279347961921,0.0160331750151798,-0.019019936142559,-0.840975163696498,-0.59449944700611,1.02988776982976,-0.54622412593217,-0.999975266413718,0.328667669060202,0.28821958302259
1.84,min,0.171999999999999,0.01032,5.03494423251897e-05,-7.95482034192995e-05,0.0325092778220692,0.00239009448305105,9.41434172403778e-05,-0.00185509824505002,0.000781300545836835,0.00201291332195716,-0.0285697743995669,-0.0109224936622742,-0.00344523881021083,0.279965768636073,-1.25683085781127,1.28763528871905,0.999999999764733,0.265093754928451,-0.0749424539956137,0.999999671500516
1.845,min,0.171999999999999,0.01032,-4.59701443123305e-05,-0.000184280731345862,0.0323989657245035,0.00227978238548534,0.000189927991916574,0.00275718495122217,-0.00440264705435166,0.00519474445381458,-0.00995806025544114,-0.030970517508351,-0.0406796002160712,1.5649475098728,-0.81674818226413,1.76525870678744,0.999999999999993,0.586967008916702,-0.999999999999993,-0.999999999999994
1.85,min,0.171999999999999,0.01032,-1.37329359837001e-05,-0.000305557664717614,0.0322558455749732,0.00213666223595506,0.000305866114498508,0.00925088496434242,-0.00359291509258412,0.00992410759141674,0.0228529435868933,-0.0175402558403496,-0.0165684595960413,1.03253249537529,1.14064096697115,1.53856594578809,0.848898694588646,0.999999999908854,0.999999992799522,-0.999999999905889
1.855,min,0.171999999999999,0.01032,9.96814194527981e-05,-0.000353383729174625,0.0321502195577392,0.0020310362187211,0.000367173590321376,0.00725699525617642,0.00491255798563507,0.00876340151484536,0.022512798587706,-0.00159016994245476,-0.0256819472975443,-1.83008837864169,2.26154826431653,2.90926520370221,-0.999999999999993,0.368138741651687,0.999999999999993,-0.788200491671584
1.86,min,0.171999999999999,0.01032,0.000143809772173191,-0.000361991825981376,0.0321233036466651,0.00200412030764694,0.000389511659196276,0.0051762960714945,0.00616306908437901,0.008048444667052,-0.0048614574995489,-0.00185306878024582,0.014915582867879,0.997808704768925,-1.76134382481895,2.02434045568933,-0.534692556810069,0.232161020825328,0.899586612033942,-0.728590633783207
1.865,min,0.171999999999999,0.01032,7.14518500592418e-05,-0.000384264236180465,0.0322711389564018,0.00215195561738366,0.000390850828429779,0.00831306032245062,0.00091213601070462,0.00836295187279748,-0.0240817113460306,-0.00705589529938983,0.0442185410268083,0.256896995613521,-0.339029404650804,0.425366904651892,0.999999999999003,0.952758439725304,0.212369103182433,-0.999999999981619
1.87,min,0.171999999999999,0.01032,-9.81160749382232e-06,-0.000389585986841741,0.0324680481270311,0.002348864788013,0.000389709518468648,0.00886360648651158,-0.00238322817390119,0.00917841470389122,-0.00842367167519502,0.00492719503487981,0.0345451272249308,-0.0366785299891341,-0.979116269191521,0.979803032837563,0.999999997662697,0.99999999890911,-0.533969488485097,-0.921007418280145
1.875,min,0.171999999999999,0.01032,1.31629417381445e-05,-0.000333729040289849,0.0326118675412767,0.00249268420225856,0.000333988525802887,0.00766358576536091,-0.00322044357321621,0.00831274946039588,0.0176134913679818,0.0174155835858768,0.0229826384732914,-0.443329758471136,0.644230109465516,0.782031782402753,0.682025047277555,0.999999425141214,0.313464815892735,-0.175788641788165
1.88,min,0.171999999999999,0.01032,0.000125881657634705,-0.000236385848421751,0.0326206948221412,0.00250151148312311,0.000267814228641669,0.00443904106931595,0.00347586944110207,0.00563797428041854,0.0274739949906423,0.0215216931613626,-0.0194517261274702,-0.846488119946848,2.03429509626179,2.20338346092684,-0.999999999999693,-0.63311969787523,0.71398032547271,-0.732972371010211
1.885,min,0.171999999999999,0.01032,0.000216255210267431,-0.00015196860427653,0.0325842603867089,0.00246507704769078,0.000264311885191656,0.00102395627454763,0.00775763578305461,0.00782492168617135,0.00867542606244807,0.0122452044967258,0.00487795195453748,-0.51954579796048,-0.321588559480777,0.611021307130376,-0.999999999992115,0.225043544093189,0.999999999992691,0.999999990599914
1.89,min,0.171999999999999,0.01032,0.000203543468022598,-0.000144901679948239,0.0325416147428697,0.00242243140385155,0.000249852837139161,0.00034987562545925,0.00493382285519992,0.00494621278553437,-0.0137601229603812,-0.00941843476540966,-0.0219362094902319,0.249913538325127,-0.807936611661095,0.845705826573635,-0.659969722085088,-0.760996378201729,0.00147972286474718,-0.6296134305505
1.895,min,0.171999999999999,0.01032,0.000130571689970551,-0.000223851320913817,0.0325246411837414,0.00240545784472332,0.000259149339371387,0.00385563074154522,0.00168487944766521,0.00420769618298579,-0.0154285882604375,-0.0221614216208213,0.0151467858389414,1.15238850810926,-0.49164075135279,1.25288064156687,0.999999999999184,0.5128450564905,0.61593409169872,-0.999999999999979
1.9,min,0.171999999999999,0.01032,8.53323341028964e-05,-0.000306433050470017,0.0325435069556658,0.00242432361664765,0.000318092473447279,0.00863523019915857,3.80707189915345e-06,0.0086352310383832,-0.00266715408662438,-0.0108712702016587,-0.00760047706921017,0.75945127493608,-0.180788198953634,0.780673178662451,0.999999999994241,0.999999999999861,0.466335054684958,-0.999999999999853
1.905,min,0.171999999999999,0.01032,0.000108577216225256,-0.000319106464210482,0.0324418385407354,0.00232265520171724,0.000337072614408441,0.00736811157083198,0.000761531106905356,0.007407361051482,0.011965106935568,0.0058019047054726,-0.033066888902956,-1.26629872626672,0.483877812956115,1.35559957288865,-0.80493690806975,0.252391630154074,-0.473675628344937,-0.999999975423734
1.91,min,0.171999999999999,0.01032,0.000174578251614059,-0.000279126529320771,0.0323937156888947,0.00227453234987658,0.000329225128608497,0.00433999574574269,0.00401731147595987,0.00591391195131814,0.0144353072199533,0.0101900692504115,0.0138177481666923,0.0550523962310026,0.81843433466569,0.820283808501939,-0.999999999995275,0.394868819956019,0.460889531564455,0.0329622904577167
1.915,min,0.171999999999999,0.01032,0.000211537392042287,-0.000251385075761235,0.0324840035869252,0.00236482024790709,0.00032854607674957,0.00423963884616484,0.00634085955508333,0.00762764953594497,0.000348348951337952,0.000906512173403025,0.0222974110455116,-0.0951951560621444,0.110984896983695,0.146218210549088,-0.84282406285771,0.460370842918873,0.99999999923447,-0.130939581463806
1.92,min,0.171999999999999,0.01032,0.000161066559758408,-0.000257606243806773,0.032570966130133,0.00245178279111486,0.000303814768437354,0.00466648194669991,0.00518852698080196,0.00697831397899135,-0.0205366818648894,-0.00339497939161801,0.0124876062375961,0.265932396276173,-0.571917926696245,0.630721931016926,-0.00348196234018683,0.400732274240597,0.746445467358616,-0.589695301945723
1.925,min,0.171999999999999,0.01032,4.1262522677973e-05,-0.00026906341787302,0.0325939100622826,0.00247472672326452,0.000272208961305945,0.00593271556199617,0.000410585196868368,0.00594690626657584,-0.0273849329672847,-0.00118789023488093,-0.00331003337773194,0.24056104984233,-1.33925878687719,1.360692366749,0.999999999827752,0.999999999525418,-0.0871460671304746,-0.391196726166466
1.93,min,0.171999999999999,0.01032,-5.01525320308668e-05,-0.000252052890070011,0.0324995942290937,0.00238041089007557,0.0002569940385724,0.00612140226665541,-0.00440009883676271,0.0075387290363492,-0.00918108891625123,0.00799210135608434,-0.0344162998978455,-0.165086367978633,-0.585014826575244,0.60786170812549,0.999999999984574,0.355793209999559,-0.999999999984525,-0.944184558512942
1.935,min,0.171999999999999,0.01032,-1.50337235725238e-05,-0.000187499364811547,0.0323729343406387,0.00225375100162059,0.000188101102200887,0.00427671855929372,-0.00358592207332333,0.00558114314019582,0.0232286122995884,0.0178293087473013,-0.0162476554841467,-0.572787114966045,0.910685531950996,1.07584070250943,0.937425384981694,-0.182796588480345,0.999999999872766,-0.590877680126102
1.94,min,0.171999999999999,0.01032,0.000104241777680787,-0.000100952441287454,0.0322746310594794,0.00215544772046124,0.000145112865094544,0.00106041515639771,0.00455914068248291,0.00468083796628218,0.0244815882017357,0.0167894606623359,-0.0230736569795939,-0.713734246192357,2.3473395703715,2.45345055642449,-0.999999999984611,-0.999999997487858,0.99999999998335,-0.389178191802716
1.945,min,0.171999999999999,0.01032,0.000160854266911618,-5.53410834216391e-05,0.0322767588114437,0.00215757547242559,0.000170107997160494,-0.00112898297721633,0.00681999893903739,0.00691281332680952,-0.0018365925094032,0.0014550824839902,0.0239247577653338,-0.162025007253259,-1.44299626774971,1.45206416239608,-0.803019870225694,-0.237381922658319,0.999975670781955,0.671496761876826
1.95,min,0.171999999999999,0.01032,9.05946902150107e-05,-9.88977389443964e-05,0.0324025304793448,0.00228334714032669,0.000134119948790132,5.82658723494695e-05,0.00217669043663728,0.00217747013041025,-0.0262672381692396,-0.0188777446930931,0.0263839093951063,0.636924547079577,-0.414327133210331,0.759828830715718,0.999999977811279,0.492961892929085,0.254009067751023,-0.19608612246454
1.955,min,0.171999999999999,0.01032,-1.36482291259401e-06,-0.000182785843776826,0.0324755035276124,0.0023563201885943,0.000182790939126612,0.00578049888414325,-0.0029347085034011,0.00648279888238993,-0.0105165670818023,-0.0146774972398785,0.00280530991193756,1.65196865763794,-1.63023244280502,2.3209175477367,0.999999999999974,0.999999999999992,-0.999999999999973,-0.999999999999993
1.96,min,0.171999999999999,0.01032,3.30596566437967e-05,-0.000198397975296103,0.0324970559366714,0.00237787259765329,0.000201133531513268,0.00702297968750253,-0.00419328721650863,0.00817960276365594,0.0242863589043586,0.00843264463216747,0.0058156537116581,-1.15497633629423,1.12680095756201,1.61358319753346,0.999999983182293,0.97609219341308,0.817544410143377,-0.59970027702984
1.965,min,0.171999999999999,0.01032,0.00017644833004314,-0.000109132672577414,0.0324322191918058,0.00231303585278772,0.000207470367520044,0.00231478564333731,0.00596195629717311,0.00639555747875059,0.0330691104553787,0.0272734764553081,-0.0317503516578857,-0.728301281371863,2.93529644791069,3.02429958727058,-0.999999999999866,0.195706022599799,0.999999999999863,0.9999999999807
1.97,min,0.171999999999999,0.01032,0.000290472517521771,-1.77259190080954e-05,0.0322529055943572,0.00213372225533906,0.000291012871949192,-0.00290995729500087,0.00869189406915103,0.00916607189411427,0.0125405645360737,0.00928922497241948,-0.0399750873215766,-1.36159589396341,-1.84332133911952,2.29167557427123,-0.999999999998104,-0.999999999852405,0.999999999998106,0.999999999983989
1.975,min,0.171999999999999,0.01032,0.000307963033853331,-6.53509914417145e-05,0.0321230857981244,0.00200390245910624,0.000314820555717957,-0.00321002854512137,0.00515423947214567,0.0060721057135658,-0.00554435800344956,-0.0283392539458671,-0.0119528311715543,1.24156739391521,0.428259500317374,1.31335288222377,-0.92015073088435,-0.677731817993603,0.00234347815676111,-0.863536875645138
1.98,min,0.171999999999999,0.01032,0.000284926793869459,-0.000219541477136074,0.0322511183088193,0.00213193496980116,0.000359696730660453,0.0070310945564676,0.00592201242914758,0.00919274289170358,-0.00367013799009948,-0.0333369403318768,0.0631658354495235,2.85488184672038,-0.12115031751661,2.85745126960512,-0.497200605787773,0.999999999997878,0.999999999832334,-0.999999999997901
1.985,min,0.171999999999999,0.01032,0.000239635248394027,-0.000342006801745191,0.0325677132288654,0.00244852988984727,0.000417604723049011,0.00895691511583026,0.00616193057929515,0.0108717853573478,-0.0144464802000732,-0.0156491895117697,0.0634721325689173,-2.08455362297531,0.21711757757564,2.09583010989723,-0.0417414396551121,0.999999999999999,0.999999999999956,-0.999999999999999
1.99,min,0.171999999999999,0.01032,0.000151805785501048,-0.000383719966557448,0.0328079315694231,0.00268874823040502,0.000412657253960765,0.00672342700584772,0.00340556305877961,0.00753673208030422,-0.0206853049571185,-0.00103607641313325,0.032615203654184,1.1911583789823,-1.31966458578185,1.77774376747228,0.593939016990515,0.747302842832184,0.400097794679196,-0.568512338713894
1.995,min,0.171999999999999,0.01032,7.13864566554345e-05,-0.000386698020106523,0.0328541056696139,0.00273492233059577,0.000393231973456029,0.00908616898511487,-0.00118176865920634,0.00916269851026136,-0.0114824265811268,-0.000155145006496559,-0.0141455635778838,-0.246061587275435,-0.51526810141253,0.571005710186667,0.447719277780157,0.99999999993533,-0.836692959668541,-0.999999999941937
2,min,0.171999999999999,0.01032,7.75432860256433e-05,-0.000355016321437181,0.0327462802350606,0.00262709689604253,0.000363386226616313,0.0079576401276632,-0.00145683325190106,0.00808989490198978,0.0139451583292104,0.0128278244742331,-0.0289846102434108,-0.205349955705232,0.405242264334642,0.454301548655966,NaN,NaN,NaN,NaN
0,nominal,1,0.06,0.0001,0.0001,0.0306191833390181,0.0005,0.00014142135623731,0,0,0,0,0,0,0,0,0,0.166985352264877,0.170430974074711,-0.353237213668319,-0.351868936702063
0.005,nominal,1,0.06,0.000107854100779747,0.00010791394283784,0.030598551485742,0.00047936814672387,0.000152571052673226,-0.00117942541854198,0.00117915981646632,0.00166777162425549,0.00314164031189884,0.00316557713513589,-0.00825274131045155,-0.471770167416791,0.471663926586527,0.667108649702197,-0.280155583066908,-0.2799654474746,0.0277846214043992,0.0304183126152482
0.01,nominal,1,0.06,0.000124526236350508,0.000124689686340383,0.0305399606426497,0.000420777303631575,0.000176222306815243,-0.00275323692699341,0.00275421479435151,0.00389435652060579,0.00352721391640539,0.00354472026588143,-0.0151835959264657,-0.157754435963781,0.15835806456755,0.223525700266951,-0.663052470195013,-0.664133294381459,0.287666999592586,0.290253079896254
0.015,nominal,1,0.06,0.000137832507309318,0.00013803715610896,0.0304527542191797,0.000333570880161602,0.000195069363401387,-0.00317616448403309,0.0031801358275868,0.00449458393085882,0.0017952944671186,0.00179426764154925,-0.0196989734615237,-0.0114165868520918,0.0120103487265652,0.0165706647991281,-0.738260847086117,-0.738866029957789,0.282759096332578,0.284078256560552
0.02,nominal,1,0.06,0.000142092828986641,0.000142262468279002,0.0303491977772784,0.000230014438260331,0.000201069594743365,-0.00307958855174237,0.00308586458109096,0.00435963597802091,-9.11657961890772e-05,-0.000104142773532179,-0.0217236032989841,0.0500469597683804,-0.0497188473248995,0.0705454602463869,-0.687527781090119,-0.68756338752258,0.202892829619945,0.203127825386822
0.025,nominal,1,0.06,0.000138084387372612,0.000138179728646274,0.030241293196645,0.000122109857626899,0.00019534824146848,-0.00277505082505473,0.00278238789836474,0.00392970603208478,-0.00151221084942264,-0.00152895307955934,-0.0214382289543886,0.0717681309066772,-0.0716718257655882,0.10142738891646,-0.590428476389965,-0.590167246091756,0.123604876413016,0.12324497919676
0.03,nominal,1,0.06,0.000128349575084987,0.000128364901571023,0.0301397048667059,2.05215276877467e-05,0.000181524547595732,-0.00240788614341135,0.00241533871303628,0.00341053907444617,-0.00238171406562734,-0.00239697775054073,-0.0191971030212723,0.0750977417506737,-0.0751478483657955,0.106239681522769,-0.47941709319626,-0.479081677932933,0.0698790525493623,0.0693111717170548
0.035,nominal,1,0.06,0.000115412948402416,0.000115361473575628,0.0300529797650015,-6.62035740166232e-05,0.000163182162764436,-0.00204439567274005,0.00205140674004148,0.00289617390358484,-0.00279293660740124,-0.00280439344761744,-0.0154929376604756,0.0702984465178446,-0.0704249408321262,0.0995065016671309,-0.368179331566668,-0.367885024574082,0.0452021955461094,0.0446519722086019
0.04,nominal,1,0.06,0.000101236005572857,0.000101137824186817,0.0299869963153719,-0.000132187023646202,0.000143099924198411,-0.00171273195778129,0.00171903310036196,0.00242662843454563,-0.00287784052442223,-0.00288506630790691,-0.0109004421913555,0.0623670394656615,-0.0625245150396792,0.088311735305442,-0.263397214935668,-0.263181588037336,0.0442704352691984,0.0438398985367666
0.045,nominal,1,0.06,8.71523127724934e-05,8.70271995667899e-05,0.0299447279919972,-0.000174455347020902,0.000123163546092309,-0.00142251832851474,0.00142801981654021,0.00201563860634586,-0.00275563659572322,-0.002759183540104,-0.00600688715852516,0.0537184122409599,-0.0538807984890217,0.0760842182026226,-0.169216934800997,-0.169076550604215,0.058820746076883,0.0585365477601535
0.05,nominal,1,0.06,7.39681529507724e-05,7.38322373317877e-05,0.029926349270468,-0.000192834068550144,0.000104510702420213,-0.00117455062102232,0.00117926168292407,0.00166439997541361,-0.0025180273329652,-0.00251880135389687,-0.00134460145317189,0.0454686707560045,-0.0456224549574343,0.0644112444893053,-0.0886386019971095,-0.0885546990616502,0.0804746693626738,0.0803246351016635
0.055,nominal,1,0.06,6.21006584116026e-05,6.19655257980776e-05,0.0299296425997166,-0.000189540739301546,8.7728092208749e-05,-0.000965692043914956,0.000969670952817045,0.00136851119119201,-0.0022289704827027,-0.00222788325958717,0.0026619331526107,0.0380747600869428,-0.0382138370853757,0.053944274028537,-0.0237265437368719,-0.0236791745670689,0.102160932008387,0.102117031806584
0.06,nominal,1,0.06,5.17044225056765e-05,5.15774783862667e-05,0.029950615098265,-0.000168568240753151,7.30313876585357e-05,-0.000791343738261715,0.00079466908793692,0.0011214828894854,-0.00192952387966773,-0.00192733570513721,0.00572706626674738,0.0316645621743538,-0.0317869088666745,0.0448670488553881,0.0245140477248858,0.0245400542721569,0.11875952191027,0.118790598067008
0.065,nominal,1,0.06,4.27712331068819e-05,4.2656569189496e-05,0.0299842119225896,-0.000134971416428532,6.04066327194414e-05,-0.000646656422059872,0.000649411647419234,0.000916460591621396,-0.0016437518798501,-0.00164102797357107,0.00771166346310051,0.0262103643063831,-0.0263160673403999,0.0371418712148135,0.0562342724458969,0.0562481148926131,0.127254361206315,0.127332290415353
0.07,nominal,1,0.06,3.52017192300592e-05,3.5101054238161e-05,0.0300250186476036,-9.4164691414475e-05,4.97116188167539e-05,-0.00052708187817953,0.000529347465602789,0.000747010070645206,-0.00138405367087899,-0.00138117800696293,0.00861102654252232,0.0216194532457539,-0.0217096053861781,0.0306383374984497,0.0726926080786602,0.0726985671463615,0.126561506048183,0.126663566811125
0.075,nominal,1,0.06,2.88531748971904e-05,2.87666701040367e-05,0.0300678695950096,-5.13137440085396e-05,4.07434290471769e-05,-0.000428583759978684,0.000430433688938942,0.00060741847180593,-0.00115536406226852,-0.0011525756466868,0.00852935241985134,0.0177797940345847,-0.0178559052793608,0.0251983021106137,0.0760588107474176,0.0760579929709297,0.117160877560116,0.117270123264508
0.08,nominal,1,0.06,2.35693018431682e-05,2.34961869506284e-05,0.0301083118610458,-1.08714779723067e-05,3.32803664431936e-05,-0.00034768065491959,0.000349181063691445,0.000492756788939537,-0.000958185159340374,-0.000955617614676519,0.00764755399464182,0.0145814479890529,-0.014645144819638,0.020666371046839,0.0691211145979798,0.0691130748948141,0.100638469392976,0.100743176516966
0.085,nominal,1,0.06,1.91972768508459e-05,1.91362913613811e-05,0.0301429062194949,2.37228804767509e-05,2.71059603326592e-05,-0.00028141385863289,0.000282622829056704,0.000398835082878459,-0.000790624837588525,-0.000788340621022387,0.00619018938498166,0.0119252705256269,-0.0119781490342582,0.0169023114217046,0.0549592282675306,0.0549431601454161,0.0792227083008004,0.0793154900143301
0.09,nominal,1,0.06,1.55965101079325e-05,1.55461936303324e-05,0.0301693703595839,5.01870205657472e-05,2.20212457399355e-05,-0.00022728742269966,0.000228255302152598,0.000322118076919361,-0.000649681859576829,-0.000647698471397097,0.00439546665061689,0.00972530384766511,-0.00976886172738444,0.0137844910815803,0.036636229994832,0.0366116888531957,0.0553720854063331,0.0554489689784938
0.095,nominal,1,0.06,1.26422949736465e-05,1.26011656777272e-05,0.0301865853625783,6.74020235601792e-05,1.7849845899565e-05,-0.000183203339632761,0.000183973305567208,0.000259633666564878,-0.000532004194137575,-0.000530312709645001,0.00249053454715546,0.00790832937909438,-0.00794393690677121,0.0112092732657835,0.0169444984901967,0.0169117432509163,0.031445631180094,0.0315052286437965
0.1,nominal,1,0.06,1.02265279125346e-05,1.01931838341168e-05,0.0301944940133592,7.5310674341085e-05,1.44389358964554e-05,-0.000147401604785248,0.000148010327225473,0.00020888822383911,-0.000434302630307214,-0.000432880027799136,0.000672925765206722,0.0064123645599108,-0.00644125442992277,0.00908890410776788,-0.00177748089495041,-0.0018174146660856,0.00946703009485675,0.00950983943649686
0.105,nominal,1,0.06,8.25689133597032e-06,8.23006141183543e-06,0.0301939217679803,7.47384289621518e-05,1.16580515257312e-05,-0.000118408297465438,0.000118886629380392,0.000167793192812147,-0.00035355200031848,-0.000352368941113418,-0.000901823916779649,0.0051849583680133,-0.00520822470810989,0.00734910864582893,-0.017754911257578,-0.0178003079083865,-0.00902113282371145,-0.00899330365755294
0.11,nominal,1,0.06,6.65533809430656e-06,6.63390209525358e-06,0.0301863502201478,6.71668811297009e-05,9.39692407966234e-06,-9.49917895551654e-05,9.53654501968323e-05,0.000134603154398912,-0.000287069296347022,-0.000286094785519321,-0.00212679521620052,0.00418164479609575,-0.00420024696531389,0.00592690709985767,-0.0298195182986129,-0.0298681754250995,-0.0230244534578111,-0.0230089637472679
0.115,nominal,1,0.06,5.3563514273735e-06,5.33934167063022e-06,0.0301736703421307,5.44870031125681e-05,7.56300668314226e-06,-7.61260183112202e-05,7.6416250536621e-05,0.00010786386795399,-0.000232525370426203,-0.000231729384330023,-0.00294515599065248,0.0033646637014823,-0.00337943289877063,0.00476880787423501,-0.0373961328551398,-0.0374456010390039,-0.0320996208533348,-0.0320933991958903
0.12,nominal,1,0.06,4.30522739594501e-06,4.29182049447712e-06,0.0301579394474571,3.87561084390226e-05,6.07903825350765e-06,-6.09595008915874e-05,6.11836906543217e-05,8.63684245024487e-05,-0.000187924242145193,-0.000187279086131216,-0.00334720187876612,0.00270194326637084,-0.0027135910541491,0.00382936989906235,-0.0404448458571513,-0.0404926790149377,-0.0363076745273376,-0.0363075608808856
0.125,nominal,1,0.06,3.45649365993738e-06,3.44599738905804e-06,0.030141161957324,2.1978618305888e-05,4.88080387093993e-06,-4.87889064062975e-05,4.89611562249229e-05,6.91198394616463e-05,-0.000151569252257859,-0.000151050156036415,-0.00336379417448793,0.00216629452774512,-0.0021754227176104,0.00307006449138025,-0.0393703060917273,-0.039414294525592,-0.0361310000052462,-0.0361340318017432
0.13,nominal,1,0.06,2.77250512546938e-06,2.76434341143962e-06,0.0301251095819406,5.92624292245283e-06,3.91514740043381e-06,-3.90362692004233e-05,3.9167919861626e-05,5.52987907587017e-05,-0.000122026161529342,-0.000121611435010954,-0.00305715597888636,0.00173476035460456,-0.00174187182770838,0.00245835533478623,-0.0349092634518411,-0.0349476263554687,-0.032366357880173,-0.0323699955322893
0.135,nominal,1,0.06,2.22221986963395e-06,2.21591760334439e-06,0.0301111913975433,-7.99194147477547e-06,3.1382402670617e-06,-3.12291946811788e-05,3.13292916356911e-05,4.42355865206865e-05,-9.80879408048297e-05,-9.77588882271375e-05,-0.00251011778000445,0.00138806945309324,-0.00139357946266558,0.00196692667005505,-0.0280072950389588,-0.0280388140976825,-0.0260056428456169,-0.0260079260606721
0.14,nominal,1,0.06,1.78014237483363e-06,1.77531096611246e-06,0.030100378668323,-1.88046706951633e-05,2.51408748874765e-06,-2.49836219233758e-05,2.50593250023299e-05,3.53857476109038e-05,-7.87430571152978e-05,-7.84837666656347e-05,-0.00181497390815111,0.00111015965002793,-0.00111440719067888,0.00157300916563984,-0.0196955947043669,-0.0197196775037991,-0.0181157266724684,-0.0181153547935003
0.145,nominal,1,0.06,1.42541576293749e-06,1.42173988945921e-06,0.0300931835562838,-2.59997827343622e-05,2.01324474679811e-06,-1.99888517735783e-05,2.00457888922684e-05,2.83087945264272e-05,-6.31475876431578e-05,-6.29446639956631e-05,-0.00106307090752885,0.0008877484098911,-0.000891007253345716,0.00125777230243747,-0.0109782255869162,-0.0109948968174979,-0.0097280767427867,-0.00972441277832967
0.15,nominal,1,0.06,1.14104462495603e-06,1.13827036627071e-06,0.0300896856880892,-2.94976509289079e-05,1.61172028059186e-06,-1.5994631679163e-05,1.60371990276417e-05,2.26499447064286e-05,-5.06008675494277e-05,-5.04431452797384e-05,-0.000336076370290016,0.000709939627875023,-0.000712428692504954,0.00100576782466514,-0.00273883517479936,-0.00274866348568218,-0.00174733081203027,-0.00174033744983858
0.155,nominal,1,0.06,9.1323194818577e-07,9.11156347775055e-07,0.0300895965220812,-2.95868169368878e-05,1.29003817047324e-06,-1.28001245340271e-05,1.28317372362056e-05,1.81244770568871e-05,-4.05242031586757e-05,-4.04024621185237e-05,0.000300409967097965,0.000567863230179329,-0.000569756024069503,0.000804419402521589,0.00432665126065838,0.00432267464726103,0.00511454025526295,0.00512441644894424
0.16,nominal,1,0.06,7.30815901678881e-07,7.29277917888145e-07,0.0300923490264799,-2.68343125382209e-05,1.03244281375095e-06,-1.02445960538467e-05,1.02678943129276e-05,1.45045303932235e-05,-3.24422154440801e-05,-3.23489098362404e-05,0.000800591792368462,0.000454348161892815,-0.000455781145241659,0.000643559402520993,0.00974815426301719,0.00974876426127969,0.0103751982088489,0.0103871732837482
0.165,nominal,1,0.06,5.84794164097156e-07,5.83666925240431e-07,0.0300971995000608,-2.19838389573131e-05,8.26227144302165e-07,-8.19964904217463e-06,8.21666534731003e-06,1.16080934629473e-05,-2.59664795886099e-05,-2.58954872228449e-05,0.00113959763999421,0.000363630642776019,-0.000364710441005387,0.000515015485343931,0.013290752677805,0.0132945647854604,0.0137903447688854,0.0138034525716972
0.17,nominal,1,0.06,4.67924908873144e-07,4.67109162990984e-07,0.0301033292921759,-1.58540468422202e-05,6.61169184471023e-07,-6.56282477096176e-06,6.57511787849259e-06,9.28993240505129e-06,-2.0781222500995e-05,-2.07276176769339e-05,0.00131231920604316,0.000291099065709132,-0.000291908546521591,0.000412249033460452,0.0149387543229085,0.0149444061928126,0.0153370926482249,0.0153503294788803
0.175,nominal,1,0.06,3.74394592716697e-07,3.738132299509e-07,0.0301099363261399,-9.24701287820587e-06,5.29062984853246e-07,-5.25238837873299e-06,5.26114955724494e-06,7.43419655004816e-06,-1.66309039615834e-05,-1.65907555390999e-05,0.00133049437956265,0.000233075491182375,-0.000233678781977469,0.00033004538738843,0.0148604044204605,0.0148666712426985,0.0151781397638898,0.0151905844931853
0.18,nominal,1,0.06,2.99543491957534e-07,2.99137013147472e-07,0.030116309197244,-2.87414177416179e-06,4.23331142498286e-07,-4.20311923704661e-06,4.2092557983232e-06,5.94844901605022e-06,-1.33095363420821e-05,-1.32797311822713e-05,0.00121865406205472,0.000186632165492175,-0.000187078721591229,0.000264253691116145,0.0133602855206041,0.0133661619334479,0.0136137659051088,0.0136246676071775
0.185,nominal,1,0.06,2.39640645186489e-07,2.3936345175219e-07,0.0301218797053389,2.69636632077574e-06,3.38707101874347e-07,-3.36293848196072e-06,3.36713901748672e-06,4.75888436469449e-06,-1.06516023663356e-05,-1.06296933758416e-05,0.00100954917591998,0.000149440136542181,-0.000149767990743365,0.000211572222801223,0.0108265296396671,0.0108312764015225,0.0110287432760365,0.0110375740216195
0.19,nominal,1,0.06,1.91700582310524e-07,1.91517968211192e-07,0.0301262525839163,7.06924489819391e-06,2.70976466516813e-07,-2.69022254601487e-06,2.69300762254677e-06,3.80651906631002e-06,-8.52442278405047e-06,-8.50850004055728e-06,0.000739602255047685,0.000119646237836162,-0.000119884567232612,0.000169373940406717,0.00767914885290401,0.00768230672717364,0.00784044285101898,0.00784691766590288
0.195,nominal,1,0.06,1.53334984504091e-07,1.53220719886101e-07,0.030129213626482,1.00302874638351e-05,2.16767632443788e-07,-2.1516710476139e-06,2.15343245733428e-06,3.04416813685457e-06,-6.8218163385227e-06,-6.81039928947911e-06,0.000444814771208887,9.57743615242256e-05,-9.5945498852386e-05,0.00013556646737083,0.00432441555033322,0.00432579158095835,0.00445304819126693,0.00445711704883645
0.2,nominal,1,0.06,1.22633220559543e-07,1.22567627443931e-07,0.0301307192424231,1.15359034049446e-05,1.73383188579631e-07,-1.72061773537151e-06,1.72164881686762e-06,2.43405013093335e-06,-5.45888923929666e-06,-5.45083768738895e-06,0.000157431605234547,7.66469633727279e-05,-7.67679573342763e-05,0.000108480764504762,0.00111861588662212,0.00111824864357155,0.00122118500969331,0.00122300323896841
0.205,nominal,1,0.06,9.80665149181298e-08,9.80349470868041e-08,0.0301308716608688,1.16883218507294e-05,1.38664675380936e-07,-1.37569268670688e-06,1.37621170365452e-06,1.94589029021024e-06,-4.36779301726846e-06,-4.36223445546191e-06,-9.64642269210986e-05,6.13230560931252e-05,-6.14068879509635e-05,8.67831959334454e-05,-0.00165708667569892,-0.00165897591844827,-0.00157530817011215,-0.00157542416826225
0.21,nominal,1,0.06,7.84112876420933e-08,7.84029387851167e-08,0.0301298845773226,1.07012383045099e-05,1.10884403050356e-07,-1.09976149407597e-06,1.09992963002942e-06,1.55541651491453e-06,-3.49429789314615e-06,-3.49056886521305e-06,-0.000298369191566171,4.90494209592384e-05,-4.91059414990779e-05,6.94063339108719e-05,-0.0038103358360867,-0.00381339926845918,-0.00374513487984015,-0.00374675992233199
0.215,nominal,1,0.06,6.26879375316738e-08,6.26949132070264e-08,0.0301280440816545,8.86074263635114e-06,8.86590641390468e-08,-8.79082293774418e-07,8.79017507904636e-07,1.24316429261404e-06,-2.79504215102168e-06,-2.79264136602306e-06,-0.000437829075697757,3.92222591613825e-05,-3.92589073508352e-05,5.54945710867659e-05,-0.00524058901356316,-0.0052444097586098,-0.00518860133781478,-0.00519125566896984
0.22,nominal,1,0.06,5.01119964796946e-08,5.01285961815888e-08,0.0301256693159999,6.48597698179806e-06,7.08808037928304e-08,-7.02634134064773e-07,7.02421795116961e-07,9.93524586816193e-07,-2.23533426976999e-06,-2.23388544415198e-06,-0.000512077186122854,3.13570047224757e-05,-3.13793777642351e-05,4.43613243043525e-05,-0.00593303359841457,-0.00593717935066592,-0.00589157483144406,-0.00589477505660048
0.225,nominal,1,0.06,4.0055155888137e-08,4.00773210123171e-08,0.0301230765948058,3.89325578767363e-06,5.66622199772235e-08,-5.61580306495367e-07,5.61281338972851e-07,7.93983111988275e-07,-1.78740196685304e-06,-1.78662462355673e-06,-0.000525011291526588,2.50645263052867e-05,-2.5076804693409e-05,3.5455276229918e-05,-0.00594552235952542,-0.00594959114847261,-0.00591245238753042,-0.0059157550204421
0.23,nominal,1,0.06,3.20141524897516e-08,3.2039044275159e-08,0.0301205497873153,1.36644829713817e-06,4.52924532091459e-08,-4.48838374534131e-07,4.48495506597096e-07,6.34510918654854e-07,-1.42899939250111e-06,-1.42868607130651e-06,-0.000485711704687103,2.00322464792075e-05,-2.00375282568929e-05,2.83336096826631e-05,-0.00539089431577739,-0.00539454957943294,-0.00536450818881325,-0.00536754292564579
0.235,nominal,1,0.06,2.55859052533236e-08,2.5611583922539e-08,0.0301183187250721,-8.64613946029158e-07,3.62020963295403e-08,-3.58734961341415e-07,3.58377471075048e-07,5.0707512684293e-07,-1.1422995020701e-06,-1.14229806974146e-06,-0.000406713192579234,1.6009118797879e-05,-1.60096859519264e-05,2.26407139676272e-05,-0.00441707020366302,-0.00442006367124369,-0.00439601040917661,-0.0043985015443023
0.24,nominal,1,0.06,2.04476252420261e-08,2.04728074252734e-08,0.0301165463583018,-2.63698071634871e-06,2.89351209071377e-08,-2.86728107216133e-07,2.86375424813756e-07,4.05245470554583e-07,-9.13012502448882e-07,-9.13212529164779e-07,-0.000302233515547988,1.27936228522338e-05,-1.27911325525903e-05,1.80911541274495e-05,-0.00318713347157263,-0.00318931564085677,-0.00317031948185935,-0.00317209520363272
0.245,nominal,1,0.06,1.63408860574828e-08,1.63647624082043e-08,0.0301153244388509,-3.85890016718973e-06,2.3126391975849e-08,-2.29183781705815e-07,2.28848217407044e-07,3.23877619491314e-07,-7.29683171368449e-07,-7.30005477662862e-07,-0.000186534264789037,1.02241073518936e-05,-1.02197504100945e-05,1.44559907854036e-05,-0.00186126586939387,-0.00186258506176506,-0.00184783768519575,-0.00184882817425388
0.25,nominal,1,0.06,1.30588539796233e-08,1.30809528695971e-08,0.0301146767290516,-4.50660996656124e-06,1.84836412873044e-08,-1.83195970871068e-07,1.82884756818193e-07,2.58858258550588e-07,-5.83129659775343e-07,-5.83518337780044e-07,-7.25496549592182e-05,8.17101698200498e-06,-8.16563382544582e-06,1.15517571949673e-05,-0.000581946120259887,-0.000582438051067062,-0.000571219139165272,-0.000571445364848417
0.255,nominal,1,0.06,1.04360438555012e-08,1.04561301837039e-08,0.0301145681762238,-4.61516279433652e-06,1.47730047645192e-08,-1.46441890742355e-07,1.46158705726581e-07,2.06899962841624e-07,-4.65994389873511e-07,-4.66410736577224e-07,2.91285238489072e-05,6.53061506948032e-06,-6.5247866111989e-06,9.23156397948928e-06,0.000536706528648778,0.000536936081246942,0.00054527749742816,0.000545721736875972
0.26,nominal,1,0.06,8.34009792510554e-09,8.35809857192298e-09,0.030114918174173,-4.26516484514083e-06,1.18074148372254e-08,-1.17065580263541e-07,1.16811665696555e-07,1.65376284047149e-07,-3.72383982284753e-07,-3.72801908135143e-07,0.000110870655828895,5.21990912204511e-06,-5.21402940081149e-06,7.37790985543578e-06,0.0014150980889127,0.00141589464725433,0.00142194745041567,0.00142291740731873
0.265,nominal,1,0.06,6.66518766346348e-09,6.68113702778367e-09,0.0301156159505442,-3.56738847393304e-06,9.43728343185727e-09,-9.35844077144536e-08,9.33593906783961e-08,1.32189323302249e-07,-2.97580122372072e-07,-2.97982709520583e-07,0.000168239892654478,4.17255989758996e-06,-4.16688060645226e-06,5.8968762991438e-06,0.00200998017766794,0.00201116316135775,0.00201545428548148,0.00201677727460702
0.27,nominal,1,0.06,5.32671941888259e-09,5.34072001938566e-09,0.0301165362427217,-2.64709629643409e-06,7.54302526132372e-09,-7.48141003463078e-08,7.46165902541305e-08,1.05663546939236e-07,-2.37807175460282e-07,-2.38184093838618e-07,0.000199876978345086,3.33556304966836e-06,-3.33023956325395e-06,4.7134357327723e-06,0.00231247155198273,0.00231385565317068,0.00231684674185081,0.00231834385350481
0.275,nominal,1,0.06,4.25708816141893e-09,4.26928254092439e-09,0.0301175537082924,-1.6296307257177e-06,6.02906070862908e-09,-5.98087127310608e-08,5.96367168885631e-08,8.44607608288795e-08,-1.90045327525182e-07,-1.90390897545892e-07,0.000207109249941275,2.66659199643042e-06,-2.66170978297301e-06,3.76767990203534e-06,0.00234310990758161,0.0023445233394767,0.00234660679303518,0.0023481114266117
0.28,nominal,1,0.06,3.40227401164938e-09,3.41282500506593e-09,0.0301185549030914,-6.28435926706972e-07,4.81900850440711e-09,-4.78125958156412e-08,4.76638177041534e-08,6.75121014097816e-08,-1.51880332382638e-07,-1.52192116797491e-07,0.000193368669662974,2.13185476973742e-06,-2.12744989079089e-06,3.01178481918585e-06,0.00214491513159771,0.00214621351277514,0.00214770994135938,0.00214908191025813
0.285,nominal,1,0.06,2.71911623949276e-09,2.72819341349064e-09,0.030119447093685,2.63754666874477e-07,3.85183494263279e-09,-3.82220269598786e-08,3.80940678512169e-08,5.39637040090355e-08,-1.21382776480012e-07,-1.21660519832624e-07,0.000163507567769332,1.70437277256764e-06,-1.70045005038372e-06,2.40757490469558e-06,0.00177547258339967,0.00177654785424049,0.00177770615402192,0.0017788407926418
0.29,nominal,1,0.06,2.17313150078825e-09,2.18090213412188e-09,0.0301201636005815,9.80261563355428e-07,3.07877161191531e-09,-3.05545803956854e-08,3.04450681464933e-08,4.31333346450402e-08,-9.70111190017924e-08,-9.72559919148779e-08,0.000123095190823046,1.3626058531096e-06,-1.35914983150573e-06,1.92457345284886e-06,0.0012989666303731,0.00129975101127057,0.00130075154915943,0.00130158382158345
0.295,nominal,1,0.06,1.73676890646335e-09,1.74339222895032e-09,0.0301206657523119,1.48241329375742e-06,2.46084999510784e-09,-2.44246820961395e-08,2.43313612976781e-08,3.44757920590031e-08,-7.75339187281651e-08,-7.77479701537486e-08,7.77655013380842e-05,1.0893534667088e-06,-1.08633290802035e-06,1.53844407193711e-06,0.000778937997741517,0.000779403465733637,0.000780364289298561,0.000780868387679515
0.3,nominal,1,0.06,1.38801526437173e-09,1.39363904752984e-09,0.030120941839921,1.75850090289656e-06,1.96693064670028e-09,-1.9524114211489e-08,1.94448929714916e-08,2.75553061753273e-08,-6.19675381084852e-08,-6.21533024144428e-08,3.26695423175417e-05,8.70873687151397e-07,-8.6825442245424e-07,1.22975067435802e-06,0.000272334052109746,0.000272488154099863,0.000273473703732668,0.000273658964364397
0.305,nominal,1,0.06,1.10928074592625e-09,1.11403954820045e-09,0.0301210036801409,1.82034112281709e-06,1.57212845793127e-09,-1.56064548917849e-08,1.5539430762635e-08,2.20235179459605e-08,-4.95262692697061e-08,-4.96864973173111e-08,-7.93345434879769e-06,6.96190040730248e-07,-6.93930461088383e-07,9.82964932049114e-07,-0.000174801747581948,-0.000174922719302435,-0.000173891172623124,-0.000173987015389974
0.31,nominal,1,0.06,8.86508903130392e-10,8.90523468820109e-10,0.030120881518973,1.6981799549308e-06,1.25655484713117e-09,-1.24746709380453e-08,1.2418140430296e-08,1.76019211098977e-08,-3.9582467848637e-08,-3.97199344348268e-08,-4.09310128058083e-05,5.56523540765595e-07,-5.54585671847245e-07,7.85674053819098e-07,-0.000529871126565027,-0.0005302105122059,-0.000529143603179793,-0.000529462725326578
0.315,nominal,1,0.06,7.08465977895258e-10,7.11843410965477e-10,0.0301206180406678,1.4347016497121e-06,1.00431323976638e-09,-9.97120884895431e-09,9.92365819196642e-09,1.40678355769623e-08,-3.16347022454167e-08,-3.17520887070258e-08,-6.4460309281747e-05,4.44861294870782e-07,-4.43207223484569e-07,6.27960360709981e-07,-0.000774553027409492,-0.000775042678902445,-0.000773971764302837,-0.000774445075935184
0.32,nominal,1,0.06,5.66173447426791e-10,5.69007838784834e-10,0.0301202622026063,1.078863588206e-06,8.02696887479778e-10,-7.97007723688762e-09,7.93017640053431e-09,1.12432125705043e-08,-2.52823099419702e-08,-2.53821401652317e-08,-7.78749153203556e-05,3.55591349955896e-07,-3.54185493088276e-07,5.01889003344008e-07,-0.000904137596253034,-0.000904706337697885,-0.00090367318663905,-0.000904228752919543
0.325,nominal,1,0.06,4.524548932568e-10,4.54828225624359e-10,0.0301198635117146,6.8017269645726e-07,6.41548240786791e-10,-6.37052587688e-09,6.33712040469809e-09,8.98569390596177e-09,-2.02051117260258e-08,-2.0289705098958e-08,-8.16014413791136e-05,2.84229194047149e-07,-2.83036905246212e-07,4.01118591541261e-07,-0.000925678597607047,-0.000926259545545123,-0.000925307542419777,-0.000925877868310323
0.33,nominal,1,0.06,3.61574092323255e-10,3.63557317469966e-10,0.0301194672126927,2.83873674535723e-07,5.12747254819899e-10,-5.09199480507348e-09,5.06408380034804e-09,7.18145917149452e-09,-1.61472086473926e-08,-1.62186581627994e-08,-7.69181673891717e-05,2.2718323467546e-07,-2.26177736493806e-07,3.20575405486863e-07,-0.000855338604422083,-0.000855874847066148,-0.000855042129195828,-0.000855569807680653
0.335,nominal,1,0.06,2.88945940666576e-10,2.90600100229891e-10,0.0301191106928291,-7.26461890435126e-08,4.09802604776147e-10,-4.07007375080926e-09,4.04679266438914e-09,5.73951489287904e-09,-1.2904052015279e-08,-1.29642287332304e-08,-6.56897780420286e-05,1.81585187030229e-07,-1.80738717889754e-07,2.56202389319919e-07,-0.00071531453275471,-0.000715762900948527,-0.000715077639436346,-0.000715519101950623
0.34,nominal,1,0.06,2.30905485083518e-10,2.3228280763964e-10,0.0301188212413687,-3.62097649381915e-07,3.27525030748199e-10,-3.25326062503213e-09,3.23387607228704e-09,4.58711882833823e-09,-1.0312130217944e-08,-1.03626883028697e-08,-5.00908060930895e-05,1.45140063280623e-07,-1.44427918951085e-07,2.0475610306324e-07,-0.000530705914476358,-0.000531038806443545,-0.000530516621862654,-0.000530843946822999
0.345,nominal,1,0.06,1.84523330208189e-10,1.85668306035986e-10,0.0301186151492657,-5.68189752369469e-07,2.61766268371983e-10,-2.60038886983194e-09,2.5842762266548e-09,3.66612955172059e-09,-8.24073173218763e-09,-8.28311233859207e-09,-3.23460351020236e-05,1.16008638799452e-07,-1.15412019301814e-07,1.63639660459877e-07,-0.000326633291981464,-0.000326838705140603,-0.000326482028738104,-0.000326682955895673
0.35,nominal,1,0.06,1.47458079960825e-10,1.48408482946687e-10,0.0301184980097077,-6.85329310457644e-07,2.09210332336312e-10,-2.07855449158103e-09,2.0651811880693e-09,2.93007885798778e-09,-6.58536836675789e-09,-6.62081689712739e-09,-1.45097881331042e-05,9.27251125009126e-08,-9.22259961323865e-08,1.30780659315198e-07,-0.000125839182547888,-0.00012591924749371,-0.000125718303677961,-0.000125794753267315
0.355,nominal,1,0.06,1.17838378483871e-10,1.1862617293887e-10,0.0301184659886093,-7.17350408796502e-07,1.67206615747796e-10,-1.66145011108917e-09,1.65036802439715e-09,2.34182217249533e-09,-5.26251222402363e-09,-5.29210710599937e-09,1.70134879728052e-06,7.41166396958322e-08,-7.36992693364726e-08,1.04522048298585e-07,5.30805881347942e-05,5.31121844837481e-05,5.31771889277744e-05,5.32116964726693e-05
0.36,nominal,1,0.06,9.41686189224245e-11,9.48207820315438e-11,0.030118507780407,-6.75558611114291e-07,1.33636482649127e-10,-1.32805274471936e-09,1.31888128174848e-09,1.87167623485023e-09,-4.20539160055515e-09,-4.23004925693129e-09,1.50153702757563e-05,5.92423068520915e-08,-5.88954277229972e-08,8.3536353330943e-08,0.000196752181092291,0.000196873438728911,0.000196829379921714,0.00019695298314816
0.365,nominal,1,0.06,7.52535686492082e-11,7.5792810377498e-11,0.0301186069469038,-5.76392114298024e-07,1.06806599512205e-10,-1.0615630005447e-09,1.05397965511278e-09,1.49592416837121e-09,-3.36062850873137e-09,-3.381139404687e-09,2.46512284507621e-05,4.73535908177726e-08,-4.70652229312824e-08,6.67644948524914e-08,0.000297419466959274,0.000297603571957171,0.000297481161482401,0.000297667156788897
0.37,nominal,1,0.06,6.0138078741287e-11,6.05834480309218e-11,0.0301187443512494,-4.38987768719423e-07,8.53635911264788e-11,-8.48550579775646e-10,8.42287277655282e-10,1.19561111760368e-09,-2.6855674544371e-09,-2.7026055339435e-09,3.03105097810398e-05,3.78513774898479e-08,-3.76117280517153e-08,5.33607427320418e-08,0.000352736720217759,0.000352955411828265,0.000352786025426032,0.000353006239351177
0.375,nominal,1,0.06,4.80588588243118e-11,4.84263016460933e-11,0.030118900438636,-2.82900382158474e-07,6.82258059872769e-11,-6.78282119105806e-10,6.73117078608543e-10,9.55590516180002e-10,-2.14612051235301e-09,-2.16025301998791e-09,3.21244448437347e-05,3.02560067780882e-08,-3.00563515669805e-08,4.26475112482974e-08,0.000365079707874881,0.000365306214894677,0.000365119112729963,0.000365346844604153
0.38,nominal,1,0.06,3.84059435267207e-11,3.87087979114537e-11,0.0301190571719069,-1.26167111171721e-07,5.45287771174764e-11,-5.42178703989616e-10,5.37923404783884e-10,7.63753452675761e-10,-1.71504560668343e-09,-1.72674847386792e-09,3.0568863551486e-05,2.41853592683878e-08,-2.40211179628832e-08,3.4087324786902e-08,0.000340522283145051,0.00034073362224509,0.000340553774208751,0.000340766099679683
0.385,nominal,1,0.06,3.06919179711565e-11,3.09413203470766e-11,0.0301191994956595,1.61566413824088e-08,4.35816375732787e-11,-4.33384874298671e-10,4.29879919274159e-10,6.10425420723967e-10,-1.37056461554223e-09,-1.38024255188293e-09,2.63606374707397e-05,1.93321726079901e-08,-1.91962762410065e-08,2.72438969177714e-08,0.000287632772354695,0.000287811298603588,0.000287657937874541,0.0002878372597677
0.39,nominal,1,0.06,2.45273141789922e-11,2.47325259577957e-11,0.0301193162688128,1.32929794685599e-07,3.48322692497637e-11,-3.46422858356129e-10,3.43537729177958e-10,4.87880075592741e-10,-1.09527690132349e-09,-1.10327520382942e-09,2.03486238499023e-05,1.54526337690265e-08,-1.5340599797474e-08,2.17742483807344e-08,0.000216235592169074,0.000216369778765679,0.000216255703725891,0.000216390531608926
0.395,nominal,1,0.06,1.96009049154753e-11,1.97696073761845e-11,0.0301194006664817,2.1732746357736e-07,2.78394117989945e-11,-2.76908609892461e-10,2.74538065506191e-10,3.89935286482842e-10,-8.75286804083268e-10,-8.81892228815034e-10,1.34104437062806e-05,1.23530656164409e-08,-1.2259265671233e-08,1.74036727423256e-08,0.00013626220786054,0.000136346709392796,0.000136278280584788,0.000136363297479103
0.4,nominal,1,0.06,1.56639724617489e-11,1.58025455321166e-11,0.0301194501024631,2.66763445014306e-07,2.22504040092994e-11,-2.21341564950359e-10,2.19395519271772e-10,3.11651218914999e-10,-6.99486177407323e-10,-7.04932508812126e-10,6.36394886844904e-06,9.87375236039958e-09,-9.79775282253448e-09,1.39099585206419e-08,5.67859630782754e-05,5.6821078216545e-05,5.6798807036671e-05,5.68343371717056e-05
0.405,nominal,1,0.06,1.25177703000744e-11,1.26315120605102e-11,0.0301194657606686,2.82421650441012e-07,1.77834099716629e-11,-1.76925117799787e-10,1.75326332885156e-10,2.49081955009642e-10,-5.58994687262474e-10,-5.6348087983044e-10,-1.00666697243691e-07,7.89282649982922e-09,-7.82992173211194e-09,1.11177508735987e-08,-1.46982538528325e-05,-1.47075629708471e-05,-1.46879902281459e-05,-1.46969649815662e-05
0.41,nominal,1,0.06,1.00034855119123e-11,1.00967786944397e-11,0.0301194518461779,2.68507159780634e-07,1.42131862153259e-11,-1.41420941155431e-10,1.40111221724791e-10,1.99075455670712e-10,-4.46719228002365e-10,-4.50412466597761e-10,-5.46512956713781e-06,6.30884415791319e-09,-6.2561227320338e-09,8.88485150394228e-09,-7.27222212358959e-05,-7.27675899760607e-05,-7.27140187356682e-05,-7.2759118482467e-05
0.415,nominal,1,0.06,7.99419699855261e-12,8.07066405731425e-12,0.030119414674617,2.31335598888799e-07,1.13597008753616e-11,-1.1304151310504e-10,1.11968712561614e-10,1.591080647792e-10,-3.569961773415e-10,-3.60033388252427e-10,-9.40349478988985e-06,5.04292706224353e-09,-5.00088093323708e-09,7.10210697353415e-09,-0.000114023739123551,-0.000114094772618163,-0.000114017184174287,-0.000114088001879167
0.42,nominal,1,0.06,6.38846945511731e-12,6.45111314898896e-12,0.0301193617139316,1.78374913437085e-07,9.07906398479629e-12,-9.03551944487267e-11,8.94765115571679e-11,1.27161736714734e-10,-2.85294840032619e-10,-2.8778697507769e-10,-1.1780779390603e-05,4.03160040028166e-09,-3.99599946854144e-09,5.67642612390356e-09,-0.000137485444909062,-0.00013757105247568,-0.000137480207351524,-0.000137565641506642
0.425,nominal,1,0.06,5.10525144913407e-12,5.15655988696371e-12,0.0301193006779243,1.17338906206049e-07,7.2562870827117e-12,-7.22210982895665e-11,7.1503080255378e-11,1.01629609485416e-10,-2.27992362360677e-10,-2.30034329732407e-10,-1.26336235016871e-05,3.22203806338242e-09,-3.19337305217453e-09,4.53642598663746e-09,-0.000143879512835597,-0.000143969082230731,-0.000143875327604387,-0.000143964757924792
0.43,nominal,1,0.06,4.07977435042397e-12,4.12180649303629e-12,0.0301192387492366,5.54102184691097e-08,5.79946958923085e-12,-5.77293913485493e-11,5.71392867558352e-11,8.12254930205999e-11,-1.82198477123363e-10,-1.83867027838562e-10,-1.21378515932027e-05,2.57464471302444e-09,-2.55214434764256e-09,3.62522222346556e-09,-0.000135475306583975,-0.000135559637166659,-0.000135471962885536,-0.000135556179588084
0.435,nominal,1,0.06,3.26027930167101e-12,3.29472087439362e-12,0.0301191819840243,-1.35499380465864e-09,4.63514905532384e-12,-4.6146757473348e-11,4.56615088444088e-11,6.49191544557692e-11,-1.4559954237782e-10,-1.46967219618506e-10,-1.05682333162608e-05,2.0584088370561e-09,-2.03896681692801e-09,2.89731472591505e-09,-0.000115570484479985,-0.000115642423726029,-0.000115567812447421,-0.000115639659315373
0.44,nominal,1,0.06,2.60540083536661e-12,2.63361789998311e-12,0.0301191349244549,-4.84145632542732e-08,3.70459940560926e-12,-3.68875975183316e-11,3.64901072744332e-11,5.18866339202503e-11,-1.16351844143939e-10,-1.17473970145698e-10,-8.25559446351551e-06,1.64525514495044e-09,-1.62959381106223e-09,2.31569438420492e-09,-8.80031363124722e-05,-8.80579189235285e-05,-8.80010007693657e-05,-8.80557089180992e-05
0.445,nominal,1,0.06,2.08207128216473e-12,2.105184531352e-12,0.0301191004209335,-8.29180846137478e-08,2.96088208732783e-12,-2.9486507253728e-11,2.91603701554035e-11,4.14702459315628e-11,-9.29799771368143e-11,-9.38993773067452e-11,-5.54581408034404e-06,1.31518096089102e-09,-1.30230103654965e-09,1.85086167762167e-09,-5.66946570330758e-05,-5.6729957408195e-05,-5.66929508136384e-05,-5.67281903693833e-05
0.45,nominal,1,0.06,1.66386872786159e-12,1.6827934355481e-12,0.0301190796456479,-1.03693370247931e-07,2.36648534546054e-12,-2.3570803668287e-11,2.33028480278089e-11,3.31452185356515e-11,-7.43010445844424e-11,-7.50570610148163e-11,-2.76430017264149e-06,1.05110047328534e-09,-1.04070781448818e-09,1.47915008030877e-09,-2.526175451755e-05,-2.52774959589926e-05,-2.52603910431909e-05,-2.52760832019898e-05
0.455,nominal,1,0.06,1.32968201948961e-12,1.34516000764716e-12,0.0301190722638754,-1.1107514272593e-07,1.89143060119246e-12,-1.88407166984667e-11,1.86228958757106e-11,2.64912222539739e-11,-5.93736387643502e-11,-5.99963101455579e-11,-1.88408818435758e-07,8.40934314642776e-10,-8.31273046351153e-10,1.18244889916378e-09,3.27706576519309e-06,3.27908303176462e-06,3.27815645952525e-06,3.28021158749211e-06
0.46,nominal,1,0.06,1.06262667488913e-12,1.07528410853918e-12,0.0301190767201076,-1.06618910557937e-07,1.51175770686404e-12,-1.50605487274714e-11,1.48845821221401e-11,2.11747706699098e-11,-4.74484990758425e-11,-4.79540494976337e-11,1.97090168614645e-06,6.71132873755375e-10,-6.64052455077029e-10,9.44131874967146e-10,2.66884690333306e-05,2.67050533998731e-05,2.66893417931357e-05,2.67059565813757e-05
0.465,nominal,1,0.06,8.49199061313753e-13,8.59569961108449e-13,0.0301190905923343,-9.27466837809254e-08,1.20830441684873e-12,-1.20426631188683e-11,1.1896321815457e-11,1.69277348671188e-11,-3.79225463543068e-11,-3.83316094746602e-11,3.57798902462073e-06,5.36021369685855e-10,-5.31251667596216e-10,7.54683538368011e-10,4.36048402332641e-05,4.36319496803197e-05,4.36055376533063e-05,4.36326732393903e-05
0.47,nominal,1,0.06,6.78618105292469e-13,6.87127911768646e-13,0.0301191109691993,-7.23698188251354e-08,9.65747016543298e-13,-9.62799548566825e-12,9.5053776975591e-12,1.35296157464025e-11,-3.03098360542066e-11,-3.0645210261261e-11,4.57275695825644e-06,4.29845683594165e-10,-4.25125979562957e-10,6.04565472222735e-10,5.35086759530518e-05,5.35419478066071e-05,5.35092324980934e-05,5.35425268600378e-05
0.475,nominal,1,0.06,5.42284312428265e-13,5.492556637356e-13,0.0301191348101948,-4.85288233174896e-08,7.71851060536572e-13,-7.69532218100135e-12,7.59496385156649e-12,1.08120978249373e-11,-2.42236810914754e-11,-2.45036889519574e-11,4.96364124528461e-06,3.43223638272592e-10,-3.39039558834088e-10,4.82442005139984e-10,5.66385281107922e-05,5.66737489810665e-05,5.66389724076381e-05,5.66742111718724e-05
0.48,nominal,1,0.06,4.33329256496855e-13,4.39016253400029e-13,0.0301191592574051,-2.40816130474275e-08,6.1685453332655e-13,-6.15125505567439e-12,6.06907549839084e-12,8.64127398970359e-12,-1.93583412810883e-11,-1.95920751822713e-11,4.81524286302345e-06,2.74403211858191e-10,-2.7131578243617e-10,3.85887777050586e-10,5.38387044219375e-05,5.38721852617478e-05,5.38390593401702e-05,5.38725543861821e-05
0.485,nominal,1,0.06,3.46257371319393e-13,3.50872304174831e-13,0.0301191818772408,-1.46177732765485e-09,4.92955921995031e-13,-4.9150476864412e-12,4.84901509908945e-12,6.90439289084772e-12,-1.54704127898967e-11,-1.56655045078079e-11,4.23269142534751e-06,2.20079735835084e-10,-2.16708377284387e-10,3.08865036723927e-10,4.63765513380163e-05,4.64053919050554e-05,4.63768346553701e-05,4.64056859188707e-05
0.49,nominal,1,0.06,2.76675406385732e-13,2.80399474230642e-13,0.0301192008209243,1.74819061657394e-08,3.93920227517616e-13,-3.92586328240875e-12,3.87499473969839e-12,5.51615688182048e-12,-1.23623731835676e-11,-1.25236274698674e-11,3.3447819723059e-06,1.75594025777897e-10,-1.72899766472038e-10,2.46429688014602e-10,3.57502193954152e-05,3.57724516022493e-05,3.57504460822526e-05,3.57726852711483e-05
0.495,nominal,1,0.06,2.2106856804034e-13,2.24070259868609e-13,0.03011921490213,3.15631118845416e-08,3.14767840055163e-13,-3.135441774132e-12,3.09591916608858e-12,4.40632620239658e-12,-9.88036215458913e-12,-1.00080582749459e-11,2.28770031474872e-06,1.40574577532802e-10,-1.38730462971885e-10,1.97502792904099e-10,2.35068552416784e-05,2.35214724116491e-05,2.35070360071357e-05,2.35216582190709e-05
0.5,nominal,1,0.06,1.76628064485112e-13,1.79063510799419e-13,0.0301192235983547,4.02593365832205e-08,2.51517820568584e-13,-2.50504158573347e-12,2.47317490796058e-12,3.52020276001538e-12,-7.89583926750235e-12,-7.99464135273015e-12,1.1907895644889e-06,1.11585497826609e-10,-1.10367240279318e-10,1.56946650337256e-10,1.10867944976835e-05,1.10936857756146e-05,1.10869383149365e-05,1.10938346901961e-05
0.505,nominal,1,0.06,1.41117950517581e-13,1.43109130021073e-13,0.0301192269887551,4.36497370262523e-08,2.00983827841124e-13,-2.00410339733092e-12,1.9753744645239e-12,2.81398910841645e-12,-6.30820631951004e-12,-6.38711095860823e-12,1.65370612125516e-07,8.8789777534411e-11,-8.87529370953545e-11,1.255416601677e-10,-2.95768385353835e-07,-2.95957713496381e-07,-2.95653294380408e-07,-2.95837252574924e-07
0.51,nominal,1,0.06,1.12746339698623e-13,1.14373287811887e-13,0.0301192256450997,4.23060815997467e-08,1.6060194917976e-13,-1.60400944888929e-12,1.5786078765343e-12,2.250521970562e-12,-5.04043800807295e-12,-5.10722592506596e-12,-7.02832782609249e-07,7.12478018422412e-11,-6.99536981004832e-11,9.98487313153493e-11,-9.73041146298798e-06,-9.73646930979403e-06,-9.73031903463137e-06,-9.7363720312068e-06
0.515,nominal,1,0.06,9.00721994949602e-14,9.1383916180493e-14,0.0301192204941423,3.71551241440393e-08,1.28312202297144e-13,-1.28142615395597e-12,1.26218966434659e-12,1.79865942769212e-12,-4.02921807339229e-12,-4.08852272749172e-12,-1.35755019992989e-06,5.77855161310895e-11,-5.66135867746022e-11,8.08966259001067e-11,-1.66460540855331e-05,-1.66564129689313e-05,-1.66459804621182e-05,-1.66563361476194e-05
0.52,nominal,1,0.06,7.19476084037307e-14,7.29837722882401e-14,0.0301192126693624,2.93303442887305e-08,1.02484581144864e-13,-1.02113332985675e-12,1.00724375757194e-12,1.43431281961501e-12,-3.22061836309951e-12,-3.27153482940944e-12,-1.77236174184803e-06,4.63316135085977e-11,-4.53647759352573e-11,6.48427428936051e-11,-2.08081673364002e-05,-2.08211145237402e-05,-2.0808109108836e-05,-2.08210546064311e-05
0.525,nominal,1,0.06,5.74647412435117e-14,5.82700153254849e-14,0.0301192033680035,2.00289853903579e-08,8.18388121383491e-14,-8.13207689300819e-13,8.03503419176419e-13,1.14320798220017e-12,-2.57252850098811e-12,-2.61396795569264e-12,-1.948181818184e-06,3.68386427137743e-11,-3.61313594229508e-11,5.16000070808481e-11,-2.22843620827709e-05,-2.22982269399439e-05,-2.22843157752611e-05,-2.22981802022564e-05
0.53,nominal,1,0.06,4.58983391647699e-14,4.6523477229274e-14,0.0301191937261467,1.03871286051549e-08,6.53535880544215e-14,-6.48351157667334e-13,6.42861659861101e-13,9.13033590492672e-13,-2.05403233050861e-12,-2.08464728279174e-12,-1.9085608952514e-06,2.910396993962e-11,-2.81253443031765e-11,4.04731523163013e-11,-2.13869721341614e-05,-2.1400278145676e-05,-2.13869342647466e-05,-2.14002411645832e-05
0.535,nominal,1,0.06,3.66551335142854e-14,3.71602038468756e-14,0.0301191847206914,1.38167327579097e-09,5.21965474230953e-14,-5.17784046382412e-13,5.14827827326846e-13,7.3016985043086e-13,-1.64324992968517e-12,-1.66066207016759e-12,-1.69362123584264e-06,2.31228745743485e-11,-2.30881887105254e-11,3.26761654193677e-11,-1.86019865149922e-05,-1.8613560122671e-05,-1.86019557084154e-05,-1.86135302636012e-05
0.54,nominal,1,0.06,2.92536636558834e-14,2.97012353598195e-14,0.03011917710305,-6.23596808566051e-09,4.16886101854085e-14,-4.16141641630708e-13,4.10976749632536e-13,5.84872425950843e-13,-1.31733801367563e-12,-1.32292532465485e-12,-1.35343530877426e-06,1.75340873263332e-11,-1.84522423671987e-11,2.54544586810508e-11,-1.45134133536622e-05,-1.45224445640783e-05,-1.45133886549964e-05,-1.45224190359926e-05
0.545,nominal,1,0.06,2.3315489563942e-14,2.37455496567179e-14,0.030119171365531,-1.19734871045774e-08,3.32785694119495e-14,-3.34534536198941e-13,3.27504216363256e-13,4.68158485606691e-13,-1.05793162310093e-12,-1.05934895658581e-12,-9.41572298151625e-07,1.51087548463739e-11,-1.49367709405133e-11,2.12457430827257e-11,-9.73105313999394e-06,-9.73711008663686e-06,-9.73103426294477e-06,-9.73708916761432e-06
0.55,nominal,1,0.06,1.85491099382835e-14,1.89700890268705e-14,0.0301191677381008,-1.56009172698479e-08,2.65317499835559e-14,-2.64833950194425e-13,2.5792507323352e-13,3.69678731573916e-13,-8.4862022716246e-13,-8.50835295353154e-13,-5.09399768269462e-07,1.27714795554324e-11,-1.2894886311381e-11,1.81490711337597e-11,-4.82799695315431e-06,-4.83100365102583e-06,-4.82798387734616e-06,-4.83098911460022e-06
0.555,nominal,1,0.06,1.4739855747543e-14,1.515342628161e-14,0.0301191662107101,-1.71283080184492e-08,2.11397652666855e-14,-2.09073373310817e-13,2.0291890219243e-13,2.91355034784959e-13,-6.75081449133741e-13,-6.75829802751054e-13,-1.01556530615969e-07,9.53275119801089e-12,-9.10758210505499e-12,1.3184134298599e-11,-2.92169356273e-07,-2.92354554030331e-07,-2.92159669648884e-07,-2.92343353311945e-07
0.56,nominal,1,0.06,1.17160632001149e-14,1.21274760395587e-14,0.0301191665747416,-1.67642765468157e-08,1.68624379020104e-14,-1.68718989264708e-13,1.61511256328766e-13,2.33563659971754e-13,-5.34435569837511e-13,-5.34550294069434e-13,2.47169118932926e-07,6.60900242043256e-12,-7.45547624041047e-12,9.96308380796872e-12,3.50583670230548e-06,3.50801392548996e-06,3.50584453183374e-06,3.50802355236293e-06
0.565,nominal,1,0.06,9.32242951560962e-15,9.73234490961988e-15,0.0301191684764023,-1.48626158602561e-08,1.34768775876801e-14,-1.36662229749588e-13,1.2878656616054e-13,1.87783238505337e-13,-4.23017903964596e-13,-4.2350215790611e-13,5.13495155451977e-07,6.21370138561551e-12,-5.63439982687988e-12,8.3878809194423e-12,6.32830612938725e-06,6.33223884019063e-06,6.32831246077698e-06,6.33224744214282e-06
0.57,nominal,1,0.06,7.42885933931795e-15,7.82934555381393e-15,0.0301191714749526,-1.18640655459579e-08,1.07928959452224e-14,-1.10038057582196e-13,1.02466137399474e-13,1.50358516320262e-13,-3.34410166552073e-13,-3.3769758441627e-13,6.85924970012575e-07,4.43596748134103e-12,-4.8937716775467e-12,6.60505932808126e-12,8.07065443840573e-06,8.07567091719126e-06,8.07065929696402e-06,8.07567816766286e-06
0.575,nominal,1,0.06,5.93546107009244e-15,6.31043825617675e-15,0.0301191750994038,-8.23961431375975e-09,8.66321701792135e-15,-8.92605625099134e-14,8.19526340979373e-14,1.21176244599247e-13,-2.6294914113813e-13,-2.69865334638602e-13,7.63855523054221e-07,3.87503054757219e-12,-3.31162964306788e-12,5.09732798998294e-12,8.74894211432765e-06,8.75438073713288e-06,8.74894634764482e-06,8.75438692519713e-06
0.58,nominal,1,0.06,4.75990398397741e-15,5.09541373310907e-15,0.0301191788985354,-4.44048273151587e-09,6.97279908273862e-15,-7.33258726404723e-14,6.68926134246789e-14,9.92537421424013e-14,-2.07273693307884e-13,-2.16144474588472e-13,7.55797109260821e-07,2.49884540020425e-12,-2.71237862623547e-12,3.68798402195304e-12,8.47799147757854e-06,8.48326195078902e-06,8.47799588132281e-06,8.48326750809117e-06
0.585,nominal,1,0.06,3.82589895679482e-15,4.11817258764131e-15,0.0301191824805891,-8.58429022310148e-10,5.62110738993697e-15,-6.03025171541131e-14,5.42741904476996e-14,8.11300272641103e-14,-1.66328317565153e-13,-1.74751983598632e-13,6.77024375001054e-07,2.71049679433941e-12,-2.33499056455626e-12,3.57756534652981e-12,7.443776313729e-06,7.44840330766739e-06,7.44377974406539e-06,7.4484081718022e-06
0.59,nominal,1,0.06,3.07775754443975e-15,3.32344988861265e-15,0.0301191855405964,2.20157831548606e-09,4.52967003924957e-15,-4.66903841846915e-14,4.22580765060748e-14,6.29740978919695e-14,-1.32928247376874e-13,-1.43137096012833e-13,5.46978560351742e-07,2.73435639342924e-12,-2.47145501209368e-12,3.68575565699767e-12,5.87368197559754e-06,5.87733252940879e-06,5.87368374754585e-06,5.87733525206702e-06
0.595,nominal,1,0.06,2.48984548822051e-15,2.68260566580386e-15,0.0301191878748195,4.53580134909815e-09,3.66001416847189e-15,-3.62803305634961e-14,3.33507600513872e-14,4.92801743280374e-14,-1.02236575110825e-13,-1.13200593110684e-13,3.86710653390468e-07,1.42966505504894e-12,-1.09147156978135e-12,1.79868072688541e-12,4.00783566988596e-06,4.01032567206479e-06,4.00783697833323e-06,4.01032773046246e-06
0.6,nominal,1,0.06,2.04183919049303e-15,2.17962770377535e-15,0.0301191893831021,6.04408394513922e-09,2.98661751935165e-15,-3.12796674314426e-14,2.80322806894634e-14,4.20026946192088e-14,-7.69659439801648e-14,-8.79905917007191e-14,2.16602384488554e-07,5.70600197772448e-13,-1.03592017498819e-12,1.18267290264279e-12,2.07405959986697e-06,2.07534649022679e-06,2.07406135893697e-06,2.07534941067418e-06
0.605,nominal,1,0.06,1.70308898371014e-15,1.7787379366521e-15,0.0301191900609468,6.72192868381161e-09,2.46260446148386e-15,-2.63243968907048e-14,2.48212936933947e-14,3.61810792027145e-14,-5.85341387329911e-14,-7.23653151485804e-14,5.4535511208219e-08,1.41150801852269e-12,-2.48474623439266e-13,1.43321126315946e-12,2.68220453966136e-07,2.6838500154916e-07,2.68223331208607e-07,2.68387081758104e-07
0.61,nominal,1,0.06,1.43539641675477e-15,1.45119892856446e-15,0.0301191899838064,6.64478832027027e-09,2.0411617288934e-15,-2.01863473475696e-14,2.26666956462354e-14,3.03523921751779e-14,-4.85428880491568e-14,-5.86502880864743e-14,-8.53916560658552e-08,1.04371179873136e-12,-6.13364595424441e-13,1.21059920937164e-12,-1.25905687280162e-06,-1.25984189943318e-06,-1.2590538522064e-06,-1.25984061332771e-06
0.615,nominal,1,0.06,1.20892483785866e-15,1.18942746885126e-15,0.0301191892864012,5.94738312417742e-09,1.69594721829705e-15,-1.69814486565366e-14,1.9807305880451e-14,2.60902082152738e-14,-4.20457435092874e-14,-4.60582957988049e-14,-1.93570421802869e-07,2.38247677681839e-13,-5.30391310889314e-13,5.81443805184709e-13,-2.40912284729509e-06,-2.41062342681213e-06,-2.40911946203262e-06,-2.41062146805088e-06
0.62,nominal,1,0.06,1.00378883024449e-15,9.77306129265268e-16,0.0301191881398737,4.80085554990795e-09,1.4009708369638e-15,-1.5589880505684e-14,1.63089354182919e-14,2.25615989827743e-14,-4.00086595363825e-14,-3.8790240035593e-14,-2.65040608572642e-07,3.18379582659211e-13,-8.68956873974351e-13,9.25446706991564e-13,-3.1359395165083e-06,-3.13789287899693e-06,-3.13593769303574e-06,-3.13789115133494e-06
0.625,nominal,1,0.06,8.17381230983267e-16,7.97098426132674e-16,0.0301191867293237,3.39030559182163e-09,1.14169960046717e-15,-1.1017290234245e-14,1.21953587988477e-14,1.64349463138223e-14,-3.45543801681057e-14,-3.32928412174447e-14,-2.9917937464015e-07,1.51065652591641e-12,-7.76473773803315e-13,1.69852720340246e-12,-3.44159909109834e-06,-3.44374202375041e-06,-3.44159794081773e-06,-3.44374210223597e-06
0.63,nominal,1,0.06,6.58493946350076e-16,6.5466094030245e-16,0.030119185233803,1.89478487067074e-09,9.28544680743682e-16,-6.09161514533874e-15,9.77922485218075e-15,1.15213286468371e-14,-2.90005336851707e-14,-2.36821531146447e-14,-2.99028913755615e-07,4.5961350964608e-13,-1.89979804863472e-13,4.97329774400397e-13,-3.36800146140566e-06,-3.37009829316957e-06,-3.36800049146891e-06,-3.37009919259526e-06
0.635,nominal,1,0.06,5.2485194741146e-16,5.63805153465974e-16,0.0301191838102605,4.71242406208106e-10,7.70289437663786e-16,-6.4198969056563e-15,8.41024613145918e-15,1.05805158792461e-14,-2.44562658902758e-14,-1.26601616199458e-14,-2.70388071603345e-07,-5.90926213773106e-13,-3.57611683425153e-13,6.90709711996574e-13,-2.9861445452384e-06,-2.9880043387787e-06,-2.98614351514049e-06,-2.98800418683205e-06
0.64,nominal,1,0.06,4.08535830671953e-16,5.1730185729193e-16,0.0301191825823045,-7.56713584154634e-10,6.5916821563278e-16,-8.15085537249958e-15,5.41310347784766e-15,9.78458647901339e-15,-2.20701808055268e-14,-5.94115684967184e-15,-2.20794324118662e-07,-1.01457172964203e-13,-8.41245378019456e-13,8.47341338531873e-13,-2.3844444862501e-06,-2.3859311852727e-06,-2.38444461751367e-06,-2.38592980893854e-06
0.645,nominal,1,0.06,3.11343958757966e-16,4.91543204685126e-16,0.0301191816340395,-1.70497862009289e-09,5.81850309553244e-16,-6.98708228062228e-15,3.67000059664751e-15,7.89228884263487e-15,-1.68065679600681e-14,-4.36230419304993e-15,-1.58511690938986e-07,5.66966409715121e-13,1.44004225539394e-13,5.84968483525784e-13,-1.65736823861881e-06,-1.65840243584602e-06,-1.65736808195881e-06,-1.6584012180284e-06
0.65,nominal,1,0.06,2.3479057211475e-16,4.7391383224804e-16,0.03011918100871,-2.3303081096715e-09,5.28886503089268e-16,-7.50497685043113e-15,3.94883095322077e-15,8.48044476561351e-15,-1.38147866972184e-14,-2.68944478178447e-15,-9.16201047719623e-08,-7.74124237638659e-13,-3.24720829100895e-14,7.74804989315475e-13,-8.95400605155545e-07,-8.95961105263189e-07,-8.95400338950085e-07,-8.95959206163958e-07
0.655,nominal,1,0.06,1.69910940088784e-16,4.57963527959345e-16,0.0301191807114699,-2.62754825189337e-09,4.88467317742778e-16,-8.35820357044737e-15,2.21186140450154e-15,8.64591798467708e-15,-1.21370661131681e-14,-3.69067693369347e-15,-2.72759527155465e-08,4.32833549632163e-13,-6.62315736577602e-13,7.91206051926746e-13,-1.77089817003331e-07,-1.77203577521616e-07,-1.77089828534092e-07,-1.77201783034287e-07
0.66,nominal,1,0.06,1.14246614005453e-16,4.37667439396455e-16,0.0301191807153164,-2.62370170728277e-09,4.52332926415445e-16,-7.13190126053102e-15,7.91311182057406e-16,7.17566644826897e-15,-1.01286643201643e-14,-4.42775849146245e-15,2.88145702069358e-08,5.76873743343762e-14,9.4095647599948e-14,1.10371300865977e-13,4.36429715116985e-07,4.36697647297497e-07,4.36429556419928e-07,4.36699190651022e-07
0.665,nominal,1,0.06,6.77369320932275e-17,4.15644626451714e-16,0.0301191809690903,-2.36992786506462e-09,4.21127946671303e-16,-7.4321844529534e-15,9.13983806374953e-16,7.48817281725241e-15,-8.47520844472586e-15,-4.38136668643383e-15,7.26949664421893e-08,-1.77800651303331e-13,-4.50265978729293e-14,1.83413374975488e-13,9.04329878401156e-07,9.04888898167533e-07,9.04329886417503e-07,9.04890549046944e-07
0.67,nominal,1,0.06,2.68913687026576e-17,3.92135134636582e-16,0.0301191814064291,-1.93258904018778e-09,3.93056114985065e-16,-6.02601663590031e-15,2.44312737155306e-16,6.03096718691816e-15,-7.86301691150209e-15,-5.02243003961913e-15,1.02240563883225e-07,7.40267778124569e-13,-2.22841829814929e-13,7.73081408678771e-13,1.20655699318325e-06,1.20730440237752e-06,1.20655691344794e-06,1.20730518794396e-06
0.675,nominal,1,0.06,-1.19085638380652e-17,3.7312891613913e-16,0.0301191819546607,-1.38435737179199e-09,3.73318901144648e-16,-5.76729241714099e-15,-1.18869111075955e-15,5.88851835198047e-15,-7.65695610478704e-15,-2.58005735936142e-15,1.17052103425726e-07,-6.36778090620844e-13,-3.50359709351012e-13,7.26800015569107e-13,1.34223913337447e-06,1.34307029242423e-06,1.34223834459581e-06,1.34307167104397e-06
0.68,nominal,1,0.06,-4.31508828545476e-17,3.59838516594183e-16,0.0301191825427978,-7.9622026680215e-10,3.62416551382286e-16,-6.26358363423122e-15,-1.38861970074699e-15,6.4156640043188e-15,-4.83997150180592e-15,-2.73610245861744e-15,1.18202737922666e-07,4.38261603784752e-13,2.70388273356033e-13,5.14959271904526e-13,1.32653237738939e-06,1.32735402913031e-06,1.32653207412327e-06,1.32735536718327e-06
0.685,nominal,1,0.06,-6.68669942864677e-17,3.4574598024421e-16,0.030119183108023,-2.30995163968961e-10,3.5215263420843e-16,-4.86444496507699e-15,-1.13095594645121e-15,4.99418523595954e-15,-4.64647307096213e-15,-2.90091208137183e-15,1.07887303641333e-07,1.21393863876942e-13,-1.67322771637721e-13,2.06720536221011e-13,1.18647412958168e-06,1.18720882396521e-06,1.18647395866235e-06,1.18720996221405e-06
0.69,nominal,1,0.06,-9.12607065219697e-17,3.31763047589996e-16,0.0301191836003007,2.61282575436672e-10,3.44086088502705e-16,-6.05038181740884e-15,-1.42711040846633e-15,6.21641088204315e-15,-5.11101182323865e-15,-2.69226098031376e-15,8.90237919878546e-08,-5.95768604809683e-13,4.8860986831673e-14,5.97768873822517e-13,9.56398474269893e-07,9.56989590712823e-07,9.5639783273714e-07,9.56991176155375e-07
0.695,nominal,1,0.06,-1.14294060496173e-16,3.1426838388938e-16,0.0301191839849929,6.45974780610903e-10,3.3440656299951e-16,-6.55383590282269e-15,-2.51790599971427e-15,7.02087000766463e-15,-4.10232976644249e-15,-4.30560449993286e-15,6.48530906251674e-08,3.94386970644145e-13,-4.8517922333085e-13,6.25251918322361e-13,6.73431170728433e-07,6.73845863340984e-07,6.73430147231146e-07,6.73847873970522e-07
0.7,nominal,1,0.06,-1.29440678819952e-16,2.83825069635967e-16,0.0301191842435643,9.04546149788077e-10,3.11948007666712e-16,-5.41345486398189e-15,-2.94120777248935e-15,6.16086006376715e-15,-1.95631756306916e-15,-7.87172120143229e-15,3.85754569414224e-08,6.17654448921712e-14,3.1585851422082e-13,3.21840909749695e-13,3.73478754909053e-07,3.73707209954841e-07,3.73477990055541e-07,3.73708783161901e-07
0.705,nominal,1,0.06,-1.36455110832754e-16,2.38541940581179e-16,0.0301191843726334,1.0336152697632e-09,2.74813126849162e-16,-4.51401632585851e-15,-2.04770243661396e-15,4.95675586034171e-15,-8.4945524205166e-16,-1.02415304204829e-14,1.30521916664017e-08,2.98009970357183e-13,4.15436201293369e-14,3.00891699463012e-13,8.80105804920521e-08,8.80619684842209e-08,8.80101934378939e-08,8.80629023814676e-08
0.71,nominal,1,0.06,-1.41747586263381e-16,1.86041911221114e-16,0.0301191843817388,1.04272065981625e-09,2.33888800378084e-16,-3.34540627669782e-15,-1.89566693865122e-15,3.84516531484206e-15,-1.26753493019921e-15,-1.07584813235431e-14,-9.41003498414445e-09,1.69434049307094e-13,1.92705790557572e-14,1.70526397609704e-13,-1.58194130916225e-07,-1.58295460308747e-07,-1.5819422614509e-07,-1.58295103324936e-07
0.715,nominal,1,0.06,-1.51961314969668e-16,1.34449161705689e-16,0.0301191842902497,9.51231603901759e-10,2.02901006233762e-16,-2.28582185686936e-15,-2.52653662707151e-15,3.40710564692021e-15,-2.81795655231555e-15,-9.87861848262694e-15,-2.71855875759817e-08,2.54399718624289e-13,-2.71618454423871e-13,3.72150240655209e-13,-3.48280293487724e-07,-3.48500042395109e-07,-3.48280902265536e-07,-3.48499846845152e-07
0.72,nominal,1,0.06,-1.65296264943372e-16,8.67354850144099e-17,0.0301191841238608,7.84842638795746e-10,1.86670564270092e-16,-2.95518504952527e-16,-2.5655977776314e-15,2.58256135326086e-15,-2.51602343716619e-15,-9.20685219388456e-15,-3.93699982444329e-08,5.41721622142443e-13,2.55993994199915e-13,5.9916211576089e-13,-4.73588857979542e-07,-4.73885760026192e-07,-4.73589128594047e-07,-4.73886816402505e-07
0.725,nominal,1,0.06,-1.81338643153165e-16,5.2477725558519e-17,0.0301191839110744,5.72056246123109e-10,1.88779276353169e-16,1.05377539810718e-16,-1.66705583518756e-15,1.6703830649074e-15,-3.90092784675102e-15,-4.4962515884718e-15,-4.57445581352409e-08,-3.81363204237145e-13,1.03422782777623e-13,3.95138160069981e-13,-5.33097756095146e-07,-5.33431949128744e-07,-5.33097649414179e-07,-5.33432081179555e-07
0.73,nominal,1,0.06,-2.08144089010123e-16,3.2335421285654e-17,0.0301191836800092,3.40991131164703e-10,2.10640787264895e-16,-5.91758428576117e-16,-2.58913677800104e-15,2.65590046744762e-15,-6.82125049603204e-15,-3.56067012067421e-15,-4.66814885281594e-08,1.02508816882411e-13,-4.72255159903017e-13,4.83252515351608e-13,-5.32231714112878e-07,-5.32565754954713e-07,-5.32232577264415e-07,-5.32566084529974e-07
0.735,nominal,1,0.06,-2.42343919842942e-16,1.7974460200258e-17,0.0301191834557836,1.16765517393924e-10,2.43009581507258e-16,1.82252970331507e-17,-5.6863336848456e-15,5.68636289176673e-15,-6.85868183709554e-15,-2.18371431348422e-15,-4.30087568301382e-08,1.41484673361296e-13,-7.66623602834808e-13,7.79570177225613e-13,-4.81258771714273e-07,-4.81561916833225e-07,-4.81260913915132e-07,-4.81561902087885e-07
0.74,nominal,1,0.06,-2.64902457643925e-16,7.55391219159339e-18,0.0301191832586261,-8.03919708580736e-11,2.65010138778104e-16,-3.7367560974015e-16,-6.28591130445866e-15,6.29700836817261e-15,-2.16473328329774e-15,-1.9845048899816e-15,-3.58542377922005e-08,-2.98245036070616e-13,5.26792554989586e-13,6.05359808323297e-13,-3.93493416371734e-07,-3.93742022560402e-07,-3.93495493898496e-07,-3.9374183195953e-07
0.745,nominal,1,0.06,-2.65250623964523e-16,-4.20221943489274e-18,0.0301191831027716,-2.36246473772628e-10,2.65283908599349e-16,-3.12677559217503e-16,-5.15594094499637e-15,5.16541327333334e-15,2.0254667550586e-15,-2.71794776061285e-15,-2.64875635464373e-08,3.22644256279675e-13,-7.48044112046708e-14,3.31202379287864e-13,-2.83511405493322e-07,-2.836913081007e-07,-2.83513187984414e-07,-2.83691400583688e-07
0.75,nominal,1,0.06,-2.46926806000228e-16,-1.67857309647482e-17,0.0301191829961149,-3.42903226646651e-10,2.47496683382818e-16,6.94232526783609e-16,-5.64507203288528e-15,5.68760028990328e-15,5.30406043065944e-15,-2.31545685132934e-15,-1.61751371617439e-08,8.01197781207695e-14,-1.20848023950893e-13,1.44994564515216e-13,-1.65548520118808e-07,-1.65654854624678e-07,-1.65550168412831e-07,-1.65655191225163e-07
0.755,nominal,1,0.06,-2.12872879251602e-16,-2.59305649319903e-17,0.0301191829405273,-3.9849084448873e-10,2.14446396375783e-16,8.76925584324623e-16,-4.55312447096429e-15,4.6368028779038e-15,8.31751026879078e-15,-1.34247673556751e-15,-6.05991016590719e-09,-7.04255510436371e-15,5.57627048719288e-13,5.5767151894801e-13,-5.22004594970434e-08,-5.22359281525896e-08,-5.22015043048383e-08,-5.22363760127901e-08
0.76,nominal,1,0.06,-1.67906657922166e-16,-2.8759927013465e-17,0.0301191829326945,-4.06323658747043e-10,1.7035192742206e-16,1.05058957388333e-15,-3.17935519766593e-15,3.34843813227566e-15,9.66897826298385e-15,2.10731902977635e-16,2.92678409824329e-09,7.65081509278457e-14,-8.11933939994238e-15,7.69377724572883e-14,4.65025247655261e-08,4.65284774396179e-08,4.65018692571908e-08,4.6528373097085e-08
0.765,nominal,1,0.06,-1.18273195737831e-16,-2.77239549523934e-17,0.0301191829653073,-3.73710840051444e-10,1.21479078479554e-16,1.12067891356057e-15,-2.07366576845492e-15,2.35711920499601e-15,1.01844066107498e-14,2.0365692145099e-16,1.01183433365905e-08,-4.84724150569509e-14,4.50395111084348e-13,4.52995950434588e-13,1.23618539584391e-07,1.23692732092973e-07,1.23618132381962e-07,1.23692336752014e-07
0.77,nominal,1,0.06,-6.66067244689619e-17,-2.45378288642869e-17,0.0301191830284326,-3.10585467067082e-10,7.09828203853386e-17,1.48313404670466e-15,-6.44149362329151e-16,1.61697711841683e-15,1.04821818967979e-14,1.07079351379162e-15,1.51318064876855e-08,1.9345446831459e-13,1.21411451365958e-13,2.28397398920541e-13,1.75435169468837e-07,1.75542082966369e-07,1.75435272786284e-07,1.75541221643258e-07
0.775,nominal,1,0.06,-1.62721462165554e-17,-1.13605673035102e-17,0.0301191831109035,-2.28114641759314e-10,1.98455343075097e-17,1.67010382983881e-15,6.91402058502475e-17,1.67153437610696e-15,9.65164940416465e-15,4.20011111051909e-15,1.78565235336001e-08,-1.18666555060931e-13,1.63904375905801e-13,2.02352157712981e-13,2.01279174388326e-07,2.01402207083171e-07,2.01279731033442e-07,2.01401713620532e-07
0.78,nominal,1,0.06,2.76769017188509e-17,1.40532994023553e-17,0.0301191832015917,-1.37426413998609e-10,3.10403948564958e-17,2.90497303373785e-16,2.27871339390782e-15,2.2971555051503e-15,7.92796976999788e-15,5.96543557182709e-15,1.84187674028056e-08,-4.33176055525078e-13,7.19924899317226e-13,8.40198402603328e-13,2.03067206884722e-07,2.0319141341707e-07,2.03068852070609e-07,2.03191885948752e-07
0.785,nominal,1,0.06,5.40722307544131e-17,4.02290233693971e-17,0.0301191832904629,-4.85551807094531e-11,6.7395700604816e-17,-1.87673081100651e-15,2.74224363158259e-15,3.32295330571112e-15,2.630161844227e-15,4.50485401498964e-15,1.71297256199851e-08,-4.33715190227042e-13,-5.34512804247316e-13,6.88340616365189e-13,1.84687908086123e-07,1.84800053741109e-07,1.84689113785834e-07,1.84801342516537e-07
0.79,nominal,1,0.06,5.79334713943607e-17,5.21919113299181e-17,0.0301191833693488,3.03307066962244e-11,7.79761676159533e-17,-3.17414514082872e-15,1.49943872554043e-15,3.51048627211343e-15,-1.08566558824797e-15,2.80301169218745e-16,1.44246298219234e-08,-8.52505417018385e-14,3.73908418304518e-14,9.30899023162382e-14,1.51295471011013e-07,1.5138662766217e-07,1.51296291907153e-07,1.51387965769068e-07
0.795,nominal,1,0.06,4.68236756332012e-17,4.31212931973945e-17,0.0301191834324112,9.33930988100684e-11,6.36545562141383e-17,-1.78385052026531e-15,1.3772821419375e-15,2.25367006838862e-15,-3.3582527162158e-15,-3.90854842222819e-15,1.08003266815762e-08,6.41368389927202e-13,-8.62534752716242e-14,6.47142235983901e-13,1.08606875839153e-07,1.08671863057694e-07,1.08607548397868e-07,1.08672282671664e-07
0.8,nominal,1,0.06,2.53475367955686e-17,2.13583441219901e-17,0.0301191834763058,1.37287670815001e-10,3.31462891623791e-17,-1.34807592507381e-16,1.3612778463978e-15,1.36793657093122e-15,-5.23220281883726e-15,-4.79663120793357e-15,6.75750197734127e-09,1.82487811759689e-14,7.98517570557431e-14,8.19104457276227e-14,6.22613315785022e-08,6.22976081526133e-08,6.22617259743896e-08,6.22975121679782e-08
0.805,nominal,1,0.06,-4.51523931228427e-18,-1.04427114075321e-18,0.0301191835000803,1.61062146258883e-10,4.63442426441595e-18,-3.18478580415925e-17,4.05936405300311e-18,3.2105521306346e-17,-6.71290762430387e-15,-4.16441489716374e-15,2.75228782988468e-09,2.29351126103467e-14,-6.22739149993661e-13,6.23161350153615e-13,1.7295474494044e-08,1.73035825206367e-08,1.72952685639901e-08,1.73032808260679e-08
0.81,nominal,1,0.06,-3.73575401940306e-17,-1.94514468402472e-17,0.0301191835048617,1.65843571514612e-10,4.21182216330126e-17,1.07611880693586e-16,-1.81108986942567e-15,1.81428411005628e-15,-6.42401272839465e-15,-3.19845538263386e-15,-8.39717928940902e-10,3.28487828837248e-14,-1.03320543397808e-13,1.08416683333149e-13,-2.22353959128255e-08,-2.22525615761662e-08,-2.22365166567854e-08,-2.22524117998973e-08
0.815,nominal,1,0.06,-6.16874131402654e-17,-3.7723210750488e-17,0.0301191834933982,1.54380064287807e-10,7.23075208347203e-17,7.74660260522403e-16,-3.22358299109443e-15,3.31535606228139e-15,-3.30793645009925e-15,-4.11025018146248e-15,-3.74568494221707e-09,2.33970569047802e-13,-4.61676705269696e-13,5.17578600184778e-13,-5.34786449658874e-08,-5.35154528210182e-08,-5.34804814284558e-08,-5.35156045278174e-08
0.82,nominal,1,0.06,-6.33109668184084e-17,-5.86029283700393e-17,0.0301191834695234,1.30505280193649e-10,8.62703989386021e-17,8.75004626036811e-16,-3.23536906530856e-15,3.35160350941775e-15,2.65851497884204e-15,-4.24163686635802e-15,-5.80422909878039e-09,-1.93832822842039e-13,4.56962275584045e-13,4.96372525949878e-13,-7.48533848449944e-08,-7.49034033232046e-08,-7.48548449559436e-08,-7.49033496652259e-08
0.825,nominal,1,0.06,-3.82791131378054e-17,-8.32059625510878e-17,0.0301191834376078,9.85896989047497e-11,9.15888787280963e-17,1.2810852872633e-15,-2.05197197654434e-15,2.41904289043534e-15,7.35422649339917e-15,-5.59957680606141e-15,-6.96200372424741e-09,3.56265087332634e-13,1.63965599216425e-14,3.56642201133564e-13,-8.59858518114103e-08,-8.60422416030908e-08,-8.59865793098212e-08,-8.60425620875067e-08
0.83,nominal,1,0.06,4.04597742350196e-18,-1.11910014436152e-16,0.0301191834020514,6.3033290392811e-11,1.11983129374077e-16,2.92357388099184e-15,-1.62055211411196e-15,3.34267458664023e-15,9.57580973112376e-15,-5.88204394796442e-15,-7.26055938984342e-09,3.00730350158782e-13,1.5617138505131e-13,3.38863165622155e-13,-8.75419004818588e-08,-8.75989402189417e-08,-8.75423950864602e-08,-8.75996636098798e-08
0.835,nominal,1,0.06,5.80524213094417e-17,-1.38775814911864e-16,0.0301191833668591,2.78409587051165e-11,1.50428755310748e-16,2.75653417303851e-15,1.10917163218916e-15,2.9713199687651e-15,1.20267678232521e-14,-4.86427624232012e-15,-6.81637346415493e-09,-3.67546233340115e-13,9.35718113469137e-13,1.00531518516172e-12,-8.09896123088059e-08,-8.10416908898369e-08,-8.09884157147668e-08,-8.10424926502148e-08
0.84,nominal,1,0.06,1.09769775079907e-16,-1.59721813807483e-16,0.0301191833353254,-3.69273361888744e-12,1.93805214911895e-16,2.26603463957106e-15,4.18523120977808e-15,4.75931436942722e-15,8.6601736849339e-15,-3.51412331592768e-15,-5.79710302043903e-09,1.71346419953134e-13,2.9470571756643e-13,3.40897426797417e-13,-6.83208839633487e-08,-6.8364578623435e-08,-6.83185752671457e-08,-6.83652743022469e-08
0.845,nominal,1,0.06,1.35398837349842e-16,-1.75744251143386e-16,0.0301191833098402,-2.9177896210264e-11,2.218533005516e-16,3.67135116529365e-15,5.53782305574765e-15,6.64426847558656e-15,1.5914512230402e-15,-2.89485161843359e-15,-4.39696177858605e-09,3.90780190335905e-13,2.463310208214e-13,4.61939529568405e-13,-5.17754159087456e-08,-5.18083658825226e-08,-5.17730021895374e-08,-5.18098616001891e-08
0.85,nominal,1,0.06,1.26120055058317e-16,-1.82525142099908e-16,0.0301191832918135,-4.72046048083374e-11,2.21859630817561e-16,4.18559429375113e-15,4.41769148682308e-15,6.08565507276177e-15,-5.30296413965007e-15,1.82495235824956e-16,-2.81372117219611e-09,-1.85082938952914e-13,-6.94383648391229e-13,7.18626707995578e-13,-3.35849034012708e-08,-3.36070894713363e-08,-3.35834351271195e-08,-3.36084281481457e-08
0.855,nominal,1,0.06,8.9727175832539e-17,-1.75248198746102e-16,0.0301191832817061,-5.73120301217145e-11,1.96882953164149e-16,3.39061716998944e-15,1.57983252228114e-15,3.74060898676731e-15,-9.25418755066129e-15,2.72828210569764e-15,-1.2292494298789e-09,-1.32907910551762e-13,-4.40759937425548e-13,4.60362721260756e-13,-1.57616799367798e-08,-1.5773752677753e-08,-1.57616672478197e-08,-1.57746006342236e-08
0.86,nominal,1,0.06,4.54436329645008e-17,-1.58714621336097e-16,0.0301191832791458,-5.987228421378e-11,1.65092261486942e-16,2.83549449814575e-15,3.75657751989907e-16,2.86027058084457e-15,-8.45922959655399e-15,3.8851488583042e-15,2.05148235370938e-10,-8.91411581857116e-14,-4.09099706909435e-14,9.80804352795394e-14,5.58367098759706e-11,5.33464434735939e-11,5.55735454399811e-11,5.27361433330913e-11
0.865,nominal,1,0.06,6.9425763325306e-18,-1.39044873274402e-16,0.0301191832831037,-5.59144050504834e-11,1.39218088444094e-16,2.80910652990539e-15,2.05212472887202e-16,2.81659220608621e-15,-6.94119305623408e-15,3.98275036637384e-15,1.37800368518796e-09,7.85859708895666e-14,-2.72681409501384e-14,8.31823679125115e-14,1.26978240437743e-08,1.27034158578412e-08,1.26979421139601e-08,1.2702750785623e-08
0.87,nominal,1,0.06,-2.91682239219347e-17,-1.17370298033774e-16,0.0301191832921027,-4.69154125271043e-11,1.20940366078895e-16,2.37884568387416e-15,-6.43529483721177e-16,2.46435325878924e-15,-7.50312704555204e-15,4.68707972987728e-15,2.22159319645469e-09,-2.5069030930206e-13,-3.12228641693213e-13,4.00415229320204e-13,2.14952433279334e-08,2.15059316027429e-08,2.14945992329943e-08,2.15052559246964e-08
0.875,nominal,1,0.06,-6.25062021577078e-17,-9.05802107634805e-17,0.0301191833044342,-3.45838878368365e-11,1.1005362279424e-16,1.95486491027433e-15,-2.66925485439036e-15,3.3085371835765e-15,-5.83206424875719e-15,6.02895517824015e-15,2.71101695111278e-09,8.10979998621269e-14,-4.98061506574459e-13,5.04620798137431e-13,2.62573049893567e-08,2.62702922598497e-08,2.6255858830436e-08,2.62701405083813e-08
0.88,nominal,1,0.06,-8.06762307564559e-17,-6.13257338683182e-17,0.0301191833183601,-2.06579683914576e-11,1.0133854076094e-16,2.4281188110694e-16,-2.68946084984973e-15,2.70039946535344e-15,-1.43594719074207e-15,5.67283557982476e-15,2.85935027828483e-09,-7.65919211529082e-13,4.8997910839071e-13,9.0923691370769e-13,2.72098287054006e-08,2.72235154184862e-08,2.72092517695762e-08,2.72240195464213e-08
0.885,nominal,1,0.06,-8.51906460930048e-17,-3.88450830857551e-17,0.0301191833322835,-6.7346198062701e-12,9.36289840897722e-17,-8.71137314134332e-16,4.12059903646279e-16,9.63677116190978e-16,-3.69818943877477e-16,3.31942473320045e-15,2.70998958908562e-09,3.20339533432573e-13,7.50629193007695e-13,8.16125971940106e-13,2.49049651837889e-08,2.49180538772751e-08,2.49059862475563e-08,2.49184855661124e-08
0.89,nominal,1,0.06,-9.974057632244e-17,-2.64546832285439e-17,0.030119183344877,5.85884812887016e-12,1.03189305792098e-16,3.4990281617091e-16,5.07089659397555e-16,6.16094070278445e-16,-5.4501531478966e-15,1.63673520968405e-15,2.32739742870786e-09,1.68076518689524e-13,-7.12617290707185e-13,7.32170143579782e-13,2.01132413477664e-08,2.01233261504425e-08,2.0113808271309e-08,2.0123349774205e-08
0.895,nominal,1,0.06,-1.36614088460637e-16,-1.88833327491316e-17,0.030119183355164,1.61458520164803e-11,1.37912977712923e-16,9.48588794500741e-16,-2.25639001667241e-15,2.44767575638427e-15,-9.29925170738236e-15,1.39180498208084e-15,1.7874038393845e-09,7.1397872642408e-14,-3.92774579720802e-13,3.99211130471977e-13,1.37107419495217e-08,1.37163617596945e-08,1.37099630336901e-08,1.37160033246246e-08
0.9,nominal,1,0.06,-1.80412799424362e-16,-9.38800082480814e-18,0.0301191833625526,2.35345042065571e-11,1.80656892355708e-16,5.60763508257512e-16,-3.88920812823247e-15,3.92942687639086e-15,-8.22023267810748e-15,2.40632778764855e-15,1.16805701364258e-09,-2.265279871397e-13,-2.60352664903223e-13,3.45106417036505e-13,6.57912488903492e-09,6.57976313944665e-09,6.5776891900089e-09,6.57983818339448e-09
0.905,nominal,1,0.06,-2.14692511986143e-16,1.88536648106826e-18,0.0301191833668273,2.78091577543549e-11,2.14700790193441e-16,-8.90673326130166e-16,-4.41572898734626e-15,4.50465997202561e-15,-5.49165234660487e-15,2.10301913470201e-15,5.41804885781857e-10,-3.54046746615372e-13,4.97443212577092e-14,3.57524259717183e-13,-4.78576494270444e-10,-4.82550159986578e-10,-4.79964513988053e-10,-4.8198412380923e-10
0.91,nominal,1,0.06,-2.36996985905026e-16,7.31703022114876e-18,0.0301191833681056,2.90875032393778e-11,2.37109911769466e-16,-9.77775422038568e-16,-4.7553910622853e-15,4.85487269979406e-15,-3.43013722094827e-15,6.96463613301828e-17,-3.04670100402696e-11,3.19205908252011e-13,-1.85609151233327e-13,3.69246758800328e-13,-6.80150205646939e-09,-6.80933943565253e-09,-6.80289391358506e-09,-6.80891606703697e-09
0.915,nominal,1,0.06,-2.49669859340131e-16,3.35659388809276e-18,0.0301191833667712,2.77531053693991e-11,2.4969242156191e-16,1.3170613610835e-16,-5.88776941870468e-15,5.88924233107474e-15,-1.63901215309391e-15,-1.65382089455258e-15,-5.03292357309962e-10,1.24586715006756e-13,-2.67342191334425e-13,2.94946938996943e-13,-1.19104315847332e-08,-1.19215749571451e-08,-1.19122175939806e-08,-1.19212901904145e-08
0.92,nominal,1,0.06,-2.48982991885219e-16,-7.64714291802653e-18,0.0301191833633921,2.43739785299457e-11,2.49100399523814e-16,-1.10790305528208e-15,-5.11313071098261e-15,5.23178314224672e-15,1.91375913505888e-15,-2.74767382789513e-15,-8.48358727747024e-10,-6.20430391562928e-13,5.77197674423253e-13,8.47402517186809e-13,-1.55235355719561e-08,-1.55370478757807e-08,-1.55249465936733e-08,-1.5536144994902e-08
0.925,nominal,1,0.06,-2.3393459177637e-16,-3.03066039820334e-17,0.0301191833586354,1.96173008393252e-11,2.35889557790294e-16,-1.21496531118519e-15,-5.0090349061939e-15,5.15427700059399e-15,4.10560090848059e-15,-6.31611059770761e-15,-1.05431286211512e-09,5.77605489201684e-13,-5.35559352507766e-13,7.87687705384853e-13,-1.75480358070802e-08,-1.75625426222629e-08,-1.75495533138222e-08,-1.75622760114735e-08
0.93,nominal,1,0.06,-2.07130737227581e-16,-6.50049875197616e-17,0.0301191833531872,1.41690617572188e-11,2.17091664296181e-16,8.43467881992824e-16,-4.839314079987e-15,4.91227023205298e-15,6.61594091103483e-15,-7.56324281738368e-15,-1.1249827455123e-09,2.45767788069522e-13,6.03447682990526e-13,6.5157571452535e-13,-1.80594288241517e-08,-1.80736168277611e-08,-1.80603904652375e-08,-1.80740678483297e-08
0.935,nominal,1,0.06,-1.72200637395853e-16,-1.01137837348182e-16,0.0301191833476836,8.66547805733475e-12,1.99704585983911e-16,2.88590793451976e-15,-2.58928985614534e-15,3.8772266590517e-15,7.35609902165661e-15,-6.88989711398437e-15,-1.07645075519938e-09,5.71208232941251e-13,2.96562006546136e-13,6.43605367524648e-13,-1.72639035866701e-08,-1.72768698617507e-08,-1.72643066330273e-08,-1.72782156757816e-08
0.94,nominal,1,0.06,-1.37106608093437e-16,-1.27742479110487e-16,0.0301191833426588,3.64071273128985e-12,1.87393604352391e-16,3.63636725755013e-15,-2.08545394818713e-15,4.19193093953036e-15,6.68151269930963e-15,-3.75195959093759e-15,-9.33454796265204e-10,-2.71024503729103e-13,-9.50276433628515e-14,2.87201209302301e-13,-1.54574986719681e-08,-1.54694940710811e-08,-1.54580945146521e-08,-1.54707271586606e-08
0.945,nominal,1,0.06,-1.02107116457594e-16,-1.38925548888618e-16,0.0301191833385113,-5.06841096870048e-13,1.72412793508163e-16,2.470751447713e-15,-2.42780741719609e-15,3.46393729322115e-15,7.31828395502776e-15,-7.21268320314949e-16,-7.25566412945633e-10,-1.95221820205748e-13,-4.19137442407361e-14,1.99670531227629e-13,-1.29833956275969e-08,-1.29943099383932e-08,-1.29839637651478e-08,-1.29945993983097e-08
0.95,nominal,1,0.06,-6.2871844122039e-17,-1.44102152958084e-16,0.0301191833354885,-3.52964879546391e-12,1.57220543411035e-16,1.60254090634344e-15,-8.60818539295721e-16,1.8191058006887e-15,8.37582497919414e-15,-1.34937330747153e-15,-4.83557158367729e-10,-1.52062396342076e-13,6.68709295400886e-13,6.8578064578759e-13,-1.01904561980893e-08,-1.01994862269298e-08,-1.01902409238661e-08,-1.01992856938989e-08
0.955,nominal,1,0.06,-2.45210193253951e-17,-1.57246431893502e-16,0.0301191833336889,-5.32919541829102e-12,1.59146852724124e-16,1.64437795386967e-15,5.5834346160276e-16,1.73658465854307e-15,6.96450493946341e-15,-3.90833826669551e-15,-2.36261287749256e-10,1.68797215352571e-13,-1.01044495041493e-13,1.9672948403575e-13,-7.39837020927213e-09,-7.4054388597331e-09,-7.3976850674146e-09,-7.40521730385941e-09
0.96,nominal,1,0.06,2.88918349718241e-18,-1.84668369996537e-16,0.0301191833330779,-5.94023094602214e-12,1.84690969618058e-16,3.36075195208662e-15,6.6213789302135e-16,3.4253584152361e-15,3.99957618956761e-15,-7.06043697451872e-15,-8.15356714501877e-12,5.17752383934207e-13,1.42562267608929e-13,5.37020978375477e-13,-4.87305309217765e-09,-4.87779465890891e-09,-4.87260462669415e-09,-4.87932227407435e-09
0.965,nominal,1,0.06,1.88475468847807e-17,-2.11953186273567e-16,0.0301191833335131,-5.50498882589956e-12,2.12789527926285e-16,5.44165117989105e-15,4.89580530113884e-16,5.46363035527443e-15,2.38376916547171e-15,-3.85348953629311e-15,1.82250439245036e-10,3.14607307187567e-13,-2.11585212771915e-13,3.79138576248248e-13,-2.81056800014866e-09,-2.81386815313266e-09,-2.81041454678103e-09,-2.81600783623025e-09
0.97,nominal,1,0.06,3.02867180026196e-17,-2.18533171865722e-16,0.0301191833347766,-4.24147869604319e-12,2.20621922059127e-16,5.30531740173997e-15,4.86317119960324e-16,5.32756014272683e-15,2.19189928166383e-15,1.22149529943115e-15,3.23153909248346e-10,-3.69140818447997e-13,2.10279848710491e-13,4.2483238885255e-13,-1.32968513204767e-09,-1.33241151925177e-09,-1.32953948531515e-09,-1.33386424927789e-09
0.975,nominal,1,0.06,4.06216620550544e-17,-2.05264919369922e-16,0.0301191833366082,-2.40991601674345e-12,2.09245804144445e-16,2.78750994532976e-15,2.28272990779522e-16,2.79684112055579e-15,1.9420783393101e-15,4.08580569888894e-15,4.09471369971174e-10,-6.37982164116087e-13,-3.13497500382812e-13,7.10845921755564e-13,-4.73261881235847e-10,-4.76185700029261e-10,-4.73351622004917e-10,-4.7641358807732e-10
0.98,nominal,1,0.06,5.35938699171746e-17,-1.89911216720851e-16,0.0301191833387373,-2.8078928071551e-13,1.97328591767876e-16,2.52786923865276e-15,6.78286256675018e-16,2.6172877437762e-15,3.24680480553799e-15,2.05567536073947e-15,4.42179306238418e-10,5.34125881445287e-13,4.9350280674101e-13,7.27210751770737e-13,-2.17986086429797e-10,-2.20590425266398e-10,-2.17766803667276e-10,-2.20830480204132e-10
0.985,nominal,1,0.06,6.99183350151731e-17,-1.84153409593336e-16,0.0301191833409108,1.89266657901754e-12,1.96979825962318e-16,4.08381749644296e-15,2.27753511872178e-15,4.67597386233763e-15,3.28298123366139e-15,2.47447490266357e-16,4.2720244857086e-10,8.82534216707909e-14,1.46196738077695e-13,1.70769296599713e-13,-4.86954512791352e-10,-4.8868855059077e-10,-4.85652682728332e-10,-4.89920582428431e-10
0.99,nominal,1,0.06,7.68110786335522e-17,-1.77443502966648e-16,0.0301191833429138,3.89570667391759e-12,1.93354954800555e-16,3.89417288273893e-15,1.84719385102987e-15,4.31007048247958e-15,-5.25883786309744e-16,2.43651516040892e-15,3.74013430346292e-10,-1.64111267152402e-13,-3.18333245154462e-13,3.58146007903114e-13,-1.16473165837007e-09,-1.16750260980712e-09,-1.164548500465e-09,-1.16862345958513e-09
0.995,nominal,1,0.06,7.44609856060622e-17,-1.61134083871096e-16,0.0301191833445842,5.5660684394887e-12,1.77506707936358e-16,4.27399929904537e-15,1.12899416835704e-16,4.27549018085204e-15,-4.14153424686247e-16,4.08725247781203e-15,2.94131286563524e-10,3.16041833674978e-13,-3.75384528523203e-13,4.90709674743865e-13,-2.11874342967129e-09,-2.12213666984148e-09,-2.11927489468001e-09,-2.12391489191519e-09
1,nominal,1,0.06,7.99454544768514e-17,-1.28546437046352e-16,0.0301191833458187,6.80058787061455e-12,1.51378539327152e-16,2.77504896675264e-15,3.65609907446581e-16,2.79902971979541e-15,2.60794097300191e-15,8.94780625208547e-15,1.99676343056788e-10,-9.1562196659207e-13,4.76468724767554e-13,1.0321753879005e-12,-3.21202712732084e-09,-3.21629345265096e-09,-3.21171675203308e-09,-3.21684332402444e-09
1.005,nominal,1,0.06,9.32693448839429e-17,-8.20770437305596e-17,0.0301191833465732,7.55506421312724e-12,1.24240942537587e-16,4.51084343300578e-16,2.84092018964246e-15,2.87650910109616e-15,2.72161518983469e-15,9.63995107423141e-15,1.02114341153539e-10,-1.39638827887547e-14,5.13655388110796e-13,5.13845159321162e-13,-4.31631007810087e-09,-4.32142979622688e-09,-4.31493596720635e-09,-4.32058223876972e-09
1.01,nominal,1,0.06,9.81170995502391e-17,-4.47675424939191e-17,0.0301191833468566,7.83853190688966e-12,1.07847568749121e-16,-5.38111847114435e-16,3.68475148731596e-15,3.72383644690286e-15,-7.82513323316212e-16,5.28384942042476e-15,1.12730088477707e-11,-3.8171459337725e-13,-1.76122869041394e-13,4.20387078531835e-13,-5.32391189174506e-09,-5.3295077677212e-09,-5.32247581717851e-09,-5.32889945673931e-09
1.015,nominal,1,0.06,8.40744438031575e-17,-2.45630022090049e-17,0.0301191833467215,7.70341776479277e-12,8.75891156384734e-17,-7.34732782032575e-16,2.79294496102589e-15,2.88797053591501e-15,-4.83454897551642e-15,2.79796669354095e-15,-6.53183895106927e-11,3.03066219409994e-13,-1.80599741474634e-13,3.52796541888056e-13,-6.15509899285264e-09,-6.16159141449742e-09,-6.15430039820953e-09,-6.16086195316559e-09
1.02,nominal,1,0.06,5.44846355552564e-17,-1.81066936381498e-17,0.0301191833462513,7.23322096662926e-12,5.74145266121295e-17,-1.60549187269357e-16,1.41842731299031e-15,1.42748453013326e-15,-7.001374323644e-15,-2.15443265198921e-16,-1.22759770860484e-10,-7.33927815047064e-14,-3.69207317739597e-13,3.76431326870474e-13,-6.76070216826187e-09,-6.76748675615445e-09,-6.76041587383621e-09,-6.7674390857636e-09
1.025,nominal,1,0.06,1.76048270120624e-17,-1.93994224215451e-17,0.0301191833455474,6.52930834399434e-12,2.61967082744033e-17,-7.37407923096462e-17,4.44391924505109e-16,4.5046851945037e-16,-7.75054909363359e-15,-3.01648248159211e-16,-1.58804795882715e-10,1.08116139488591e-13,-2.04068376544852e-14,1.10025172760477e-13,-7.12106260644749e-09,-7.12810191040168e-09,-7.12110203646816e-09,-7.12831897597076e-09
1.03,nominal,1,0.06,-2.16451620124805e-17,-1.90449324267023e-17,0.0301191833447163,5.69823355167642e-12,2.88309293933474e-17,1.00870295989463e-15,-9.25512831810458e-16,1.36896152727022e-15,-7.94944651618358e-15,4.43444246096344e-16,-1.73625623977007e-10,3.2486136139312e-13,-5.27555064871742e-13,6.19555688052348e-13,-7.24281502535815e-09,-7.25013478314091e-09,-7.24368455972887e-09,-7.25077305775744e-09
1.035,nominal,1,0.06,-5.43032467728753e-17,-1.1241909998077e-17,0.0301191833438588,4.84069728745595e-12,5.54546945756683e-17,7.79754691340947e-16,-1.42576335178608e-15,1.62505954166747e-15,-5.11378738797436e-15,2.67776472535376e-15,-1.69388950376701e-10,-4.16440668814593e-13,3.27454856881493e-13,5.29763639690404e-13,-7.15519444380503e-09,-7.16265828533446e-09,-7.15607405943992e-09,-7.16290951078007e-09
1.04,nominal,1,0.06,-7.28632593410288e-17,4.74099712682593e-18,0.0301191833430611,4.04293959421764e-12,7.30173377736726e-17,2.93239150367679e-16,-1.92114208794019e-15,1.94339294054587e-15,-2.31021763928705e-15,3.71539812460742e-15,-1.49713964518134e-10,2.21834452425286e-13,-5.25606351343135e-13,5.70502025285686e-13,-6.90162690796729e-09,-6.90884578206604e-09,-6.9023518467395e-09,-6.90911670537804e-09
1.045,nominal,1,0.06,-8.03311527774886e-17,2.67499560727462e-17,0.0301191833423891,3.3709528224346e-12,8.46679057049014e-17,-3.29913814649334e-16,-2.04285199172022e-15,2.06932051291523e-15,-6.76939735296874e-16,5.08818545376069e-15,-1.19081303583981e-10,-4.71095638432091e-13,4.76922389831124e-13,6.7036263803405e-13,-6.53423874784429e-09,-6.54141175151753e-09,-6.53475585438417e-09,-6.54110936885977e-09
1.05,nominal,1,0.06,-8.15213342432755e-17,5.0181926380477e-17,0.0301191833418857,2.86759851975127e-12,9.57285415749109e-17,-1.46260417622126e-15,-8.57654462860854e-16,1.6955182552733e-15,2.00867148982134e-16,4.28460266933164e-15,-8.22603967585567e-11,1.80194938033198e-14,-2.84337828737897e-15,1.82424493150733e-14,-6.10732466151381e-09,-6.11398461172015e-09,-6.10751523449438e-09,-6.11385046856241e-09
1.055,nominal,1,0.06,-8.1230867617248e-17,7.23904472629633e-17,0.0301191833415705,2.55243048918885e-12,1.08806390937218e-16,-6.1148860343639e-16,-1.34944415267604e-15,1.48152550883343e-15,-8.46804985711498e-17,4.59880568366288e-15,-4.38064299956409e-11,3.22426735310629e-13,-1.93872497638696e-13,3.76225391200191e-13,-5.67117554862149e-09,-5.67769610428266e-09,-5.67184446677587e-09,-5.67777676073857e-09
1.06,nominal,1,0.06,-7.83385985398124e-17,9.99394837187056e-17,0.0301191833414419,2.42375911008175e-12,1.26983606922875e-16,-8.29824583214129e-16,-2.48576650634745e-15,2.62061900378237e-15,1.24158812954538e-15,6.42080889863403e-15,-7.66211401013312e-12,-4.09761127221725e-13,-2.60656443829868e-13,4.85639746202936e-13,-5.26937734678795e-09,-5.27612667214328e-09,-5.27033716885353e-09,-5.27554099033099e-09
1.065,nominal,1,0.06,-6.51340747459979e-17,1.30241903544837e-16,0.0301191833414805,2.46239140189175e-12,1.45620744167855e-16,-3.00531499045886e-15,-1.35420259015841e-15,3.29632869220721e-15,4.04022138798043e-15,5.70015903181846e-15,2.31152019901011e-11,-4.60435035676167e-13,7.13282010305484e-13,8.48982713783706e-13,-4.93503906866927e-09,-4.94133151464436e-09,-4.93488945470548e-09,-4.94013355090551e-09
1.07,nominal,1,0.06,-4.78683112116228e-17,1.5292428611062e-16,0.0301191833416545,2.63641886100174e-12,1.60241107399742e-16,-3.57752022279499e-15,1.25168488263364e-15,3.79016701346005e-15,2.86608402576963e-15,3.37279399449487e-15,4.64964302153824e-11,2.31552942741716e-13,3.29072978811334e-13,4.02375186456761e-13,-4.68814373061929e-09,-4.69367781113735e-09,-4.6868973961492e-09,-4.69259201112192e-09
1.075,nominal,1,0.06,-4.70090213144481e-17,1.64385282112489e-16,0.0301191833419245,2.90640775335582e-12,1.70974761471233e-16,-1.8158610834147e-15,7.19153566721719e-16,1.95308303120696e-15,-2.52236806689976e-15,1.21160440625271e-15,6.1499051419766e-11,4.73110713010399e-13,-5.42085505176102e-13,7.19507082444112e-13,-4.53653157555145e-09,-4.54187948335056e-09,-4.53619924682311e-09,-4.54189195322053e-09
1.08,nominal,1,0.06,-6.47428701209106e-17,1.76315306004882e-16,0.0301191833422485,3.23042287364572e-12,1.87826319676153e-16,-3.01642249489816e-15,-1.75621973203363e-15,3.49043155138615e-15,-4.57117145568526e-15,3.56040515070445e-15,6.81064240070606e-11,-9.53335277603783e-13,-4.48063814326037e-13,1.0533799567261e-12,-4.47920393416529e-09,-4.48569133947767e-09,-4.48011606038836e-09,-4.48459872286634e-09
1.085,nominal,1,0.06,-8.18101504840627e-17,1.89877380520279e-16,0.0301191833425866,3.56845109017456e-12,2.06751832774145e-16,-4.99136076479504e-15,-2.92575538167623e-15,5.78564835068143e-15,-2.25574068957556e-15,1.86442465545445e-15,6.71047343374429e-11,1.63359969645032e-13,-1.97504455310009e-14,1.64549566335189e-13,-4.50632614464866e-09,-4.51318195719718e-09,-4.50744545380248e-09,-4.51159366468426e-09
1.09,nominal,1,0.06,-8.54581551264951e-17,1.9166143578535e-16,0.030119183342904,3.88589507793746e-12,2.0985042826958e-16,-4.2705630285495e-15,-2.38910138587684e-15,4.8934153730102e-15,7.96538832602605e-16,-1.15080254942599e-15,5.98724422561409e-11,1.24959124853183e-13,2.34412043850756e-13,2.6563845577469e-13,-4.60089536152668e-09,-4.60739217925891e-09,-4.60167980575934e-09,-4.60630445036649e-09
1.095,nominal,1,0.06,-7.68416645424949e-17,1.82175647254098e-16,0.0301191833431741,4.15595335923058e-12,1.97718506625229e-16,-3.72509840043046e-15,-2.4244907640531e-15,4.44460499458258e-15,2.65005740099746e-15,-2.64351286307497e-15,4.81508291519613e-11,9.32267263944337e-14,-2.48567795121262e-13,2.65475368510279e-13,-4.74205009786365e-09,-4.7487120924416e-09,-4.74299068851372e-09,-4.74762586514209e-09
1.1,nominal,1,0.06,-5.78861665376859e-17,1.64772991835145e-16,0.030119183343379,4.36086583510686e-12,1.74645203526273e-16,-2.22182745630764e-15,-2.50162655555327e-15,3.34584110038893e-15,4.93214180092614e-15,-4.31754930450623e-15,3.38142872009913e-11,5.08081651254696e-13,2.17713478521194e-13,5.52762266323866e-13,-4.90883785548668e-09,-4.91502977171556e-09,-4.90965427186562e-09,-4.91496689099822e-09
1.105,nominal,1,0.06,-2.71350338718725e-17,1.48208572170753e-16,0.0301191833435102,4.4920837882767e-12,1.50672130562095e-16,-1.94377304593688e-15,-2.27212689066492e-16,1.95700773125288e-15,7.36831126539921e-15,-2.30821856125051e-15,1.86723704344144e-11,-3.96859887106391e-13,6.92052068073518e-13,7.97768033277174e-13,-5.08142769910778e-09,-5.0872745370955e-09,-5.08103078944336e-09,-5.08690248618112e-09
1.11,nominal,1,0.06,5.86148749186489e-18,1.37952798467266e-16,0.0301191833435676,4.54952395201325e-12,1.38077266921704e-16,-2.57787742594456e-15,9.31785559259468e-16,2.74110859902322e-15,5.83029728009575e-15,-1.79409092014441e-15,4.30389993632439e-12,1.43218135103316e-13,-2.28452768743134e-13,2.69633272740727e-13,-5.24142762081247e-09,-5.24747735642186e-09,-5.24098022223812e-09,-5.2468479677637e-09
1.115,nominal,1,0.06,3.13137440806453e-17,1.27622215949936e-16,0.0301191833435583,4.54015644524297e-12,1.31407688406425e-16,-2.52615451333422e-15,6.13548937273358e-16,2.59959591545843e-15,4.35060535541639e-15,-2.33814208678768e-15,-8.05066798868519e-12,-1.2252897005918e-13,1.0115811994869e-13,1.58890886256314e-13,-5.37610688212671e-09,-5.38214478104019e-09,-5.37573049925544e-09,-5.38177774198588e-09
1.12,nominal,1,0.06,5.07885966404575e-17,1.16603203204701e-16,0.0301191833434943,4.47614514897943e-12,1.27184073477397e-16,-2.03222772692937e-15,1.59028721118856e-15,2.58049664757977e-15,3.43933566850851e-15,-2.069463011306e-15,-1.75536320860528e-11,3.2009968462112e-13,2.8953718961739e-13,4.31619731089853e-13,-5.4771860004822e-09,-5.48322446334345e-09,-5.47645807275434e-09,-5.48263024503825e-09
1.125,nominal,1,0.06,6.29815940050948e-17,1.04082828478161e-16,0.0301191833433909,4.37281114096244e-12,1.21654906877762e-16,-2.19224879591927e-15,1.33773556062118e-15,2.56816884440255e-15,1.43786327734643e-15,-2.9386868793101e-15,-2.37795237797645e-11,-3.84108112217077e-13,-3.90557849844339e-13,5.47790540212224e-13,-5.53987943111576e-09,-5.54672054716831e-09,-5.54006824107518e-09,-5.54551634623121e-09
1.13,nominal,1,0.06,7.45975994757575e-17,8.08925700837733e-17,0.0301191833432648,4.24664470255465e-12,1.10038219461711e-16,-3.16892635624134e-15,6.66683889426888e-16,3.23829610438921e-15,3.20853891091862e-15,-6.33741647844507e-15,-2.66871770891627e-11,-6.56291191175139e-15,1.2213718136662e-13,1.22313379827982e-13,-5.56572030146639e-09,-5.57244479720961e-09,-5.56572139919398e-09,-5.57131814754629e-09
1.135,nominal,1,0.06,9.39608091621565e-17,4.0511145939344e-17,0.0301191833431316,4.11352896190209e-12,1.02321975175062e-16,-1.82377652897635e-15,2.33680493241109e-15,2.96425675672432e-15,4.53674496364101e-15,-9.81515317932665e-15,-2.65595569876103e-11,5.44622842817747e-13,5.45911235827059e-13,7.71124580285904e-13,-5.55845375337181e-09,-5.56426544469639e-09,-5.55738116289617e-09,-5.56388101289793e-09
1.14,nominal,1,0.06,1.1105189445707e-16,-1.20767368805985e-17,0.0301191833430054,3.98732782902478e-12,1.11706628434428e-16,1.55258917208632e-15,3.05878783242662e-15,3.4302647333815e-15,2.29968915432419e-15,-1.12199999486503e-14,-2.39211198936409e-11,8.05923437607319e-13,-2.57118075820844e-13,8.45944615325739e-13,-5.52346529619904e-09,-5.52847189883477e-09,-5.52247660456722e-09,-5.5297380885974e-09
1.145,nominal,1,0.06,1.17187649722552e-16,-5.70933703926223e-17,0.030119183342897,3.87890761177623e-12,1.30355660369179e-16,2.39585767916334e-15,2.25511400668168e-15,3.2902390797536e-15,1.5461295186889e-16,-6.78665345615919e-15,-1.94464786630849e-11,-4.6861603477651e-13,-6.43514544771353e-14,4.73013845191641e-13,-5.46903080922466e-09,-5.47457923812849e-09,-5.4685659928611e-09,-5.47521821183858e-09
1.15,nominal,1,0.06,1.17535124661392e-16,-8.67759649314152e-17,0.0301191833428137,3.79560965990677e-12,1.46097822088309e-16,1.39503976006376e-15,2.20438423375525e-15,2.60872493417521e-15,-1.56229763331629e-17,-5.08638435935796e-15,-1.38720277910629e-11,6.82888671366806e-14,4.40595453065631e-14,8.12687695700649e-14,-5.40415283814652e-09,-5.40973402003903e-09,-5.40345150085641e-09,-5.40999015800469e-09
1.155,nominal,1,0.06,1.15292063931533e-16,-1.13099722307668e-16,0.0301191833427593,3.7411393427611e-12,1.61504820954869e-16,2.07230854606091e-15,2.79054046755086e-15,3.47585655790282e-15,-8.81601315610273e-16,-5.44311859114311e-15,-7.91553495148941e-12,2.02618647262176e-13,1.90402948211684e-13,2.78042440836027e-13,-5.33662827847232e-09,-5.34171774662588e-09,-5.33538566108095e-09,-5.34233167090187e-09
1.16,nominal,1,0.06,1.02876640031387e-16,-1.39157284679456e-16,0.0301191833427339,3.7158297272466e-12,1.73055924323633e-16,3.20513143038859e-15,3.33696577620564e-15,4.62690048278894e-15,-4.08456824444793e-15,-4.97990635757218e-15,-2.2087665570674e-12,2.50510506468896e-13,2.81671752502253e-14,2.52089078725914e-13,-5.27293757902935e-09,-5.27786880746926e-09,-5.27176123287236e-09,-5.27878633643439e-09
1.165,nominal,1,0.06,7.441626815687e-17,-1.60222816216087e-16,0.0301191833427353,3.71717240321701e-12,1.76661064761337e-16,4.04453031229448e-15,1.23880825067155e-15,4.22999661099165e-15,-7.29958050535907e-15,-3.44630625708029e-15,2.74580708746e-12,8.52490462934619e-14,-8.6743018546386e-13,8.71609159284029e-13,-5.21800730689291e-09,-5.22349039269363e-09,-5.21840136491589e-09,-5.22480727010045e-09
1.17,nominal,1,0.06,4.37401909260328e-17,-1.70424181297719e-16,0.0301191833427587,3.74054259788537e-12,1.75947736198121e-16,3.09138169713207e-15,-3.01372143743219e-16,3.10603701948118e-15,-4.97085038697579e-15,-6.34239775572273e-16,6.60254251351159e-12,-4.66508492358428e-13,2.51358027697952e-13,5.29916060834863e-13,-5.17709710802614e-09,-5.18270707735658e-09,-5.17718600330725e-09,-5.18341392082163e-09
1.175,nominal,1,0.06,2.00832133982211e-17,-1.72852303659355e-16,0.0301191833427981,3.77999714862298e-12,1.7401509802527e-16,2.22032842996433e-15,7.68330704939494e-16,2.34950854628381e-15,-4.49194062414889e-15,-3.37009169082376e-16,9.1796453210798e-12,1.18087185491332e-13,1.76523111775133e-13,2.12379359562177e-13,-5.15101984715138e-09,-5.15657071063118e-09,-5.15064047451131e-09,-5.15689470227849e-09
1.18,nominal,1,0.06,-5.66988235971645e-18,-1.78016580992026e-16,0.0301191833428472,3.82906206741751e-12,1.78106851844794e-16,3.5891752541714e-15,9.49138092621847e-16,3.71255196920153e-15,-5.80929767902612e-15,-1.72870176398585e-15,1.04462346499239e-11,4.29451544191497e-13,-1.04200156702192e-13,4.41912096989008e-13,-5.13944151364458e-09,-5.14471260992105e-09,-5.13922668651931e-09,-5.14574639137993e-09
1.185,nominal,1,0.06,-3.69734295517898e-17,-1.82969599329663e-16,0.0301191833428996,3.8814368386042e-12,1.86667910396186e-16,3.47152709648074e-15,-4.20671456944612e-16,3.49692219763149e-15,-6.71212119780321e-15,-2.52505571069055e-16,1.05030736711739e-11,-4.76510807267761e-13,-4.43723663124392e-13,6.51116916275029e-13,-5.14108521832107e-09,-5.14682384192733e-09,-5.14139126314272e-09,-5.1474458284391e-09
1.19,nominal,1,0.06,-6.94281678308644e-17,-1.84211017318388e-16,0.0301191833429497,3.93156687761298e-12,1.96860278852353e-16,2.78542172608215e-15,-1.6787874530438e-15,3.25221486138719e-15,-6.26977411382664e-15,-2.44061624420959e-16,9.54868498881658e-12,2.02068659108326e-13,-5.95227353152814e-14,2.10653029917089e-13,-5.15381686711836e-09,-5.1598036747663e-09,-5.15436849801644e-09,-5.1601908927475e-09
1.195,nominal,1,0.06,-9.84447935657539e-17,-1.87337287375539e-16,0.0301191833429932,3.97504945626181e-12,2.11628534516093e-16,2.3008565386637e-15,-1.31904007714576e-15,2.65213263933541e-15,-5.33687618012917e-15,-1.00644639843924e-15,7.84453169279917e-12,-3.95894734075704e-13,2.03421685674497e-13,4.4509889089002e-13,-5.17476265825398e-09,-5.18064231973064e-09,-5.17488228033965e-09,-5.18083758343059e-09
1.2,nominal,1,0.06,-1.27916483693276e-16,-1.96868166400446e-16,0.030119183343027,4.0088592168086e-12,2.34775854257472e-16,3.39093586512817e-15,-1.67047314640444e-15,3.78006965203962e-15,-6.45179987087953e-15,-2.80590521152387e-15,5.67993862377122e-12,8.31926464661491e-13,-3.43994913377971e-13,9.00241158264876e-13,-5.19981615081902e-09,-5.20559813752485e-09,-5.20046352752964e-09,-5.20654797313974e-09
1.205,nominal,1,0.06,-1.58574046236646e-16,-2.10072535424334e-16,0.0301191833430495,4.03140715254935e-12,2.6320372010948e-16,5.48274194620084e-15,-3.3912499490104e-15,6.44678489367321e-15,-5.81122514646842e-15,-2.47584239803106e-15,3.33913490723032e-12,4.79596776757463e-15,-3.44315807664411e-13,3.44349207512408e-13,-5.22618818311676e-09,-5.23179945958845e-09,-5.2274764213774e-09,-5.23376486350228e-09
1.21,nominal,1,0.06,-1.80989614243836e-16,-2.11486216298257e-16,0.0301191833430606,4.04243999385656e-12,2.78358869354446e-16,5.32168752628522e-15,-4.20891029749377e-15,6.78493065696097e-15,-3.15500205640769e-15,1.91037004846193e-15,1.07446106232775e-12,-6.92177357338208e-14,1.72516682710609e-14,7.13352297133175e-14,-5.25137737995515e-09,-5.25735550604392e-09,-5.25290961235817e-09,-5.2588626394377e-09
1.215,nominal,1,0.06,-1.89149465734124e-16,-1.94449075899296e-16,0.030119183343061,4.04284938859689e-12,2.71271014864461e-16,4.29030153574506e-15,-3.57131698143079e-15,5.58220317164042e-15,-1.08938539707789e-16,4.90448611112244e-15,-9.10148309207751e-13,-3.43336660482243e-13,2.37785658154133e-13,4.17638697506461e-13,-5.27341528251809e-09,-5.27940187289191e-09,-5.27433761336044e-09,-5.280309223096e-09
1.22,nominal,1,0.06,-1.87510805234104e-16,-1.67912693822135e-16,0.0301191833430525,4.03439087692803e-12,2.51704141456091e-16,2.37480981297456e-15,-3.44137975013808e-15,4.18124577518001e-15,7.64402739716002e-16,5.71006671974185e-15,-2.47326117881982e-12,-4.22860028625959e-13,-1.85810765637051e-13,4.61883366702216e-13,-5.29016096580863e-09,-5.29645647579327e-09,-5.29099587463799e-09,-5.29667935634517e-09
1.225,nominal,1,0.06,-1.8188739332224e-16,-1.42080813905195e-16,0.0301191833430375,4.01936470217912e-12,2.30802906241499e-16,2.04753687428014e-15,-3.8085750980065e-15,4.324078113158e-15,1.48496202502949e-15,4.62268524703393e-15,-3.53705895684068e-12,2.91950853148192e-13,3.89326264896853e-14,2.94535312075381e-13,-5.30107147032346e-09,-5.30730088306106e-09,-5.30189756976621e-09,-5.30766077589491e-09
1.23,nominal,1,0.06,-1.71809581638858e-16,-1.19971297594463e-16,0.0301191833430184,4.00031396896594e-12,2.09551054851601e-16,2.18468932817691e-15,-2.65316883222483e-15,3.43688409943357e-15,2.54616264832356e-15,4.22112127725901e-15,-4.08378015572745e-12,-2.37089871589485e-13,4.23229879822982e-13,4.85113531439079e-13,-5.30643027261968e-09,-5.31236022855461e-09,-5.30666914772861e-09,-5.31273799511179e-09
1.235,nominal,1,0.06,-1.61971054785896e-16,-9.87596771224313e-17,0.0301191833429978,3.9797297402e-12,1.89705288312642e-16,1.25643291628319e-15,-7.71718441848205e-16,1.47450772348215e-15,1.38924809286115e-15,4.26352691155373e-15,-4.14944124603991e-12,-1.34212693168001e-13,3.29350276327667e-13,3.55646807274462e-13,-5.3066201293763e-09,-5.31231011949491e-09,-5.30594493922077e-09,-5.31225347312979e-09
1.24,nominal,1,0.06,-1.66811373796573e-16,-8.09120063102836e-17,0.030119183342978,3.9598359313775e-12,1.85398994584802e-16,9.13419322081648e-16,-2.02394450985129e-15,2.22051485852027e-15,-3.32537569713214e-15,2.87554141330535e-15,-3.80800603867601e-12,-2.99274451261651e-15,-8.30240703528901e-13,8.30246097440923e-13,-5.30142700488141e-09,-5.30746570450531e-09,-5.30174401535094e-09,-5.30769797243199e-09
1.245,nominal,1,0.06,-1.8680147943582e-16,-6.66032410332925e-17,0.0301191833429605,3.94241583823174e-12,1.98319904284844e-16,9.38093241065878e-16,-3.96436013486971e-15,4.07383973762809e-15,-4.6706665585664e-15,2.84796469749107e-15,-3.16046826098756e-12,1.28623121063087e-14,5.40744535215337e-14,5.55831412963733e-14,-5.29304857780602e-09,-5.299858954667e-09,-5.29430514939434e-09,-5.29947759782853e-09
1.25,nominal,1,0.06,-2.05405214176225e-16,-5.84780395269978e-17,0.0301191833429468,3.92871152277152e-12,2.13567280072819e-16,6.90177683404333e-16,-4.65419435030456e-15,4.70508982752469e-15,-2.77082733759576e-15,4.02115905026841e-16,-2.32104441687118e-12,-1.12028535170927e-13,-3.30008139695474e-13,3.48505042944591e-13,-5.283014667092e-09,-5.28982886950614e-09,-5.2846206732187e-09,-5.28977704331414e-09
1.255,nominal,1,0.06,-2.11987746288879e-16,-5.90850730810263e-17,0.0301191833429375,3.91940299659943e-12,2.20067831446643e-16,6.87709493371365e-16,-5.24977905231412e-15,5.29463166286279e-15,1.3781449253425e-16,-6.44929326638241e-16,-1.40232540212383e-12,1.11041259157739e-13,9.17742588916516e-14,1.44057890552542e-13,-5.27236772665009e-09,-5.27906843654263e-09,-5.27427696084119e-09,-5.27953377532902e-09
1.26,nominal,1,0.06,-2.00250273462634e-16,-5.96043996812917e-17,0.0301191833429328,3.91463597648745e-12,2.08932660164051e-16,1.14674598547053e-15,-4.70713744332565e-15,4.84480848595186e-15,4.55717463796353e-15,4.37198686532068e-16,-5.04897420246389e-13,7.25733376819248e-14,1.25282384703734e-13,1.44784547722985e-13,-5.2627413948817e-09,-5.26903736665515e-09,-5.26381594581171e-09,-5.26946494002357e-09
1.265,nominal,1,0.06,-1.73643525971458e-16,-5.52850137069827e-17,0.0301191833429322,3.91409821220989e-12,1.82232013796648e-16,1.66700829060025e-15,-2.4287490961196e-15,2.94580019906845e-15,6.08552435850685e-15,1.29055570319153e-15,2.89630680403851e-13,1.35531584369967e-13,7.86072954178687e-13,7.97671298000023e-13,-5.25445950218619e-09,-5.2600932283378e-09,-5.25464379779882e-09,-5.26094422182138e-09
1.27,nominal,1,0.06,-1.46698745431799e-16,-4.36161849323382e-17,0.0301191833429352,3.91712703939895e-12,1.5304539685765e-16,2.21852412565914e-15,-1.36515241240082e-15,2.60489738861541e-15,4.69238785735689e-15,3.37697580666627e-15,9.22552313926715e-13,8.50747496535868e-14,-3.60634280691173e-13,3.70533125966168e-13,-5.24787208789701e-09,-5.25346939282451e-09,-5.24768974658591e-09,-5.2540182163979e-09
1.275,nominal,1,0.06,-1.30404337066903e-16,-2.26262541766196e-17,0.030119183342941,3.92283427963491e-12,1.3235270493618e-16,8.69057621550823e-16,-1.69421913827067e-15,1.90411124624014e-15,1.82537548860139e-15,5.01899649562118e-15,1.36049283463121e-12,-6.24861351296913e-13,2.29007590343232e-13,6.65504458872679e-13,-5.24332136075164e-09,-5.24915969618198e-09,-5.24319646917236e-09,-5.24927815865922e-09
1.28,nominal,1,0.06,-1.25949020809261e-16,3.97191988976338e-18,0.0301191833429483,3.93022420164257e-12,1.26011634345494e-16,-1.00901732141861e-15,-9.16404981414351e-16,1.36305320691594e-15,-4.32489855445417e-17,5.62027313093202e-15,1.59487370259126e-12,-1.26368625890861e-13,8.21180723992944e-14,1.50706361591408e-13,-5.24127681346734e-09,-5.24744655919836e-09,-5.24085112956515e-09,-5.24659874063822e-09
1.285,nominal,1,0.06,-1.34893265714426e-16,2.41582080961856e-17,0.0301191833429564,3.93830454359367e-12,1.37039454733013e-16,-9.42007726240839e-16,-1.14397934092213e-15,1.48191338773697e-15,-3.53444897652154e-15,2.45424215163686e-15,1.63759925686068e-12,1.53172463961971e-13,-1.73147816202407e-13,2.31175193244958e-13,-5.24103302426628e-09,-5.24724055891534e-09,-5.24091243984275e-09,-5.24662216601877e-09
1.29,nominal,1,0.06,-1.58215656379378e-16,3.12905147296891e-17,0.0301191833429643,3.94619059651546e-12,1.61280160700584e-16,-9.60116294172605e-16,-1.72365564430094e-15,1.97302105373111e-15,-5.79450728945891e-15,3.98680501764552e-16,1.5171525234091e-12,-1.60415891134677e-13,-5.8722705149114e-14,1.70826269140792e-13,-5.24249670587275e-09,-5.2488841159235e-09,-5.24282687394879e-09,-5.24835879595585e-09
1.295,nominal,1,0.06,-1.90631306437042e-16,2.92631002168783e-17,0.0301191833429713,3.95316418488889e-12,1.92864263222082e-16,-1.30520094933775e-15,-3.69754490855911e-15,3.92114624427138e-15,-7.1717527336069e-15,-1.20964630688889e-15,1.27218802969554e-12,2.23820290686179e-14,-7.30833000554155e-13,7.31175649159775e-13,-5.24492770479705e-09,-5.25175340276287e-09,-5.24644282090037e-09,-5.25154022912723e-09
1.3,nominal,1,0.06,-2.19078070136034e-16,2.19267854026723e-17,0.0301191833429768,3.95871530001202e-12,2.20172624848376e-16,2.1202448202564e-16,-5.07817991423327e-15,5.08260421657053e-15,-4.20695274598981e-15,-1.72487961879349e-15,9.4762133818109e-13,5.8450814347674e-13,1.78578998284489e-13,6.11179374994704e-13,-5.24867753971228e-09,-5.255157128442e-09,-5.25032591068651e-09,-5.2557742011869e-09
1.305,nominal,1,0.06,-2.32067233993812e-16,1.97772771129714e-17,0.0301191833429807,3.96255250834088e-12,2.32908440773498e-16,1.23734432303263e-15,-4.76678813625137e-15,4.92476294958934e-15,-9.88712797121537e-16,8.65076302913119e-16,5.87060938081977e-13,-1.74380207073942e-13,-5.40222870917292e-14,1.82556468309869e-13,-5.25291513110986e-09,-5.25932257976463e-09,-5.25436281978561e-09,-5.25988843601863e-09
1.31,nominal,1,0.06,-2.31294882753086e-16,3.02756536368189e-17,0.0301191833429827,3.96459948204253e-12,2.33267953201679e-16,-1.04562194523397e-15,-4.47497693782464e-15,4.59551344752871e-15,1.29765329341197e-15,3.33427430662586e-15,2.31424066846835e-13,-7.38806300232699e-13,1.70746766462424e-13,7.58280428021786e-13,-5.25706331225739e-09,-5.26400217095184e-09,-5.25819262558861e-09,-5.26319176235397e-09
1.315,nominal,1,0.06,-2.21521475204503e-16,4.04625977317874e-17,0.0301191833429831,3.96496377397249e-12,2.25186557751532e-16,-2.63137298651829e-15,-3.44762006423975e-15,4.33707365645624e-15,2.61170972602116e-15,7.40503331361531e-16,-8.62539356984991e-14,1.04505883718971e-13,2.40195982971531e-13,2.61945776769818e-13,-5.26084300981385e-09,-5.26769051506981e-09,-5.26139458183975e-09,-5.26648941614354e-09
1.32,nominal,1,0.06,-2.10635482218024e-16,3.3728227887868e-17,0.030119183342982,3.96389171486433e-12,2.13318774901966e-16,-8.40745821852373e-16,-2.80855671582026e-15,2.9316964991181e-15,1.74268746857045e-15,-3.43425126892927e-15,-3.42537816043046e-13,6.11744982147396e-13,1.54293563962637e-14,6.11939529873109e-13,-5.26352270040329e-09,-5.26973820683856e-09,-5.26422186438304e-09,-5.26995209537001e-09
1.325,nominal,1,0.06,-2.01965490720667e-16,1.94594056728688e-17,0.0301191833429798,3.96173024941326e-12,2.02900783416874e-16,4.60805641625356e-16,-2.81598473151734e-15,2.85343860061725e-15,1.72530913037232e-15,-2.27327761707042e-15,-5.22466679877999e-13,-9.11243967563049e-14,-1.84005626750967e-14,9.2963629398602e-14,-5.26552997157006e-09,-5.27145796238855e-09,-5.26592864081329e-09,-5.27194872186696e-09
1.33,nominal,1,0.06,-1.96557418350722e-16,1.36360198005702e-17,0.030119183342977,3.9588679556779e-12,1.97029844807081e-16,1.4604408735212e-16,-3.53898507946674e-15,3.54199721458653e-15,4.37919817605671e-16,-5.6076731849023e-17,-6.22331041204489e-13,-3.47802249529897e-14,-2.70799576504662e-13,2.73023945255512e-13,-5.26624088082036e-09,-5.27261206727638e-09,-5.2671330235982e-09,-5.27271103162438e-09
1.335,nominal,1,0.06,-1.9259272687615e-16,1.39504045761444e-17,0.0301191833429738,3.95569688116382e-12,1.93097312859163e-16,-5.03923368687864e-16,-3.63064299557495e-15,3.66544776566617e-15,1.14795677222313e-15,1.81830642078713e-16,-6.45630527931676e-13,-2.25206757463004e-13,2.34136410061379e-13,3.24866037195996e-13,-5.2664157439554e-09,-5.27282718285364e-09,-5.2671637645516e-09,-5.27270171670141e-09
1.34,nominal,1,0.06,-1.86290132805919e-16,1.47342422276249e-17,0.0301191833429707,3.95257437890706e-12,1.8687191194738e-16,-5.31156536958492e-16,-3.20585099193875e-15,3.2495550232714e-15,1.37308085586955e-15,1.31704418513482e-16,-6.03923557171667e-13,2.14313490154753e-13,-6.4219608606899e-14,2.23728474253803e-13,-5.26576166034304e-09,-5.27202847344773e-09,-5.26660145531922e-09,-5.27228322314672e-09
1.345,nominal,1,0.06,-1.77436062547744e-16,1.88005835831822e-17,0.0301191833429679,3.94978494355769e-12,1.78429308790667e-16,1.56382913078977e-17,-3.63112221892861e-15,3.63115589378259e-15,2.16854724740026e-15,1.49483212370943e-15,-5.11624203632115e-13,4.40444115180321e-15,-1.05888882189045e-13,1.05980443823873e-13,-5.26454579967894e-09,-5.27106835208815e-09,-5.2655306163722e-09,-5.27095530739627e-09
1.35,nominal,1,0.06,-1.62685349395211e-16,2.59049647114722e-17,0.0301191833429657,3.94754021137977e-12,1.6473490857904e-16,-9.98498337139435e-16,-3.3239444369873e-15,3.47067796683141e-15,3.73173801361288e-15,1.34692032760658e-15,-3.86333127443138e-13,-4.10059092530736e-13,2.28759994965567e-13,4.69552547287071e-13,-5.26317530478841e-09,-5.2698830916209e-09,-5.2639465900322e-09,-5.26918413209457e-09
1.355,nominal,1,0.06,-1.42102038298347e-16,2.75749959670119e-17,0.0301191833429641,3.94596161301664e-12,1.44752788198105e-16,-2.29498757431884e-15,-2.32331880730126e-15,3.26569720682087e-15,4.50158642513295e-15,-6.78907825390705e-16,-2.45115674659954e-13,-1.08536602341024e-13,1.71490256908849e-13,2.02950984876636e-13,-5.26180486736059e-09,-5.26849483394802e-09,-5.26208953664851e-09,-5.26734295763776e-09
1.36,nominal,1,0.06,-1.21134057590817e-16,1.48318089775626e-17,0.0301191833429632,3.94508731238474e-12,1.22038692495299e-16,-2.72547356564723e-15,-1.43213023913647e-15,3.07883146321634e-15,3.88560585787913e-15,-4.41836697038901e-15,-1.04316551806064e-13,-6.3657794190333e-14,1.84985170357069e-13,1.95631868603284e-13,-5.26041875095989e-09,-5.26707812157886e-09,-5.26028567110633e-09,-5.26556765580838e-09
1.365,nominal,1,0.06,-1.07615898806494e-16,-2.11865661581963e-17,0.030119183342963,3.94488261501458e-12,1.09681594907738e-16,-7.03262058267321e-16,-8.32031490511678e-16,1.08942825546315e-15,1.52165765584997e-15,-9.98898308391455e-15,2.22703340130275e-14,8.72542397142296e-13,5.50543290928468e-14,8.74277538292439e-13,-5.25908383156156e-09,-5.26486085652457e-09,-5.25883521356797e-09,-5.26499779402367e-09
1.37,nominal,1,0.06,-1.05967130136775e-16,-7.12705092705354e-17,0.0301191833429634,3.94525384583844e-12,1.27704808684347e-16,2.2451076647092e-15,-1.78171970463264e-15,2.86618797918284e-15,-8.62150187962586e-16,-1.00445941610211e-14,1.25613112132914e-13,3.06805492048312e-13,-4.34929614741231e-13,5.32253116223816e-13,-5.25736021286371e-09,-5.26313321074748e-09,-5.25834636754376e-09,-5.26451157014242e-09
1.375,nominal,1,0.06,-1.03698063175586e-16,-1.12397464897601e-16,0.0301191833429642,3.94606569642519e-12,1.5292638236019e-16,4.66730988521965e-15,-2.69264530182069e-15,5.38833186488045e-15,1.76977697243847e-15,-6.40618808980505e-15,1.99638553059528e-13,6.62075396155866e-13,7.05593758660096e-14,6.65824643369069e-13,-5.25671710652729e-09,-5.26190021749354e-09,-5.25742740447731e-09,-5.26418160193905e-09
1.38,nominal,1,0.06,-9.13434225620999e-17,-1.26935729505359e-16,0.0301191833429653,3.94716898055592e-12,1.56385102456775e-16,4.36930307053726e-15,-8.32781112807636e-16,4.44795837481147e-15,3.17207927295589e-15,5.90882246701813e-16,2.4210362162309e-13,-7.8127812202882e-13,6.73386299739213e-13,1.03142843311465e-12,-5.25684466494577e-09,-5.26197629327659e-09,-5.25649065439659e-09,-5.2632958472262e-09
1.385,nominal,1,0.06,-8.17082337364218e-17,-1.15678108481714e-16,0.0301191833429665,3.94841104256471e-12,1.41625069257646e-16,2.71987701754001e-15,-2.11909239649331e-16,2.7281195934913e-15,6.8199625731536e-16,3.91216616275608e-15,2.54172407492024e-13,1.2150770082992e-13,-4.25037550475891e-13,4.42064520941818e-13,-5.25678839574748e-09,-5.26205898304525e-09,-5.25641557757033e-09,-5.26308171138823e-09
1.39,nominal,1,0.06,-8.55400981517356e-17,-8.99219394223423e-17,0.0301191833429678,3.94964616567961e-12,1.24109079366837e-16,1.89764261496662e-15,-1.41118287728563e-15,2.3648434635894e-15,-2.21474202344089e-15,6.39030146099267e-15,2.40492109407166e-13,-4.50401461859276e-13,-5.46719045786269e-14,4.53707498279703e-13,-5.25656772881115e-09,-5.26272933576172e-09,-5.25701963723286e-09,-5.26279500675467e-09
1.395,nominal,1,0.06,-9.56072934460689e-17,-5.94453737828963e-17,0.0301191833429689,3.95076332759814e-12,1.12581113088613e-16,1.20201538217888e-16,-1.86066403819663e-15,1.86454259077881e-15,-1.81213609429244e-15,5.80032479478571e-15,2.0594499597938e-13,-2.60574968840219e-13,-1.25120559785775e-13,2.8905789881473e-13,-5.25700842520004e-09,-5.26346981792733e-09,-5.25744279106797e-09,-5.26291890436451e-09
1.4,nominal,1,0.06,-1.04153269894573e-16,-3.74726269571451e-17,0.0301191833429698,3.95167232269955e-12,1.10689210859962e-16,-4.552035703319e-16,-1.70126829498469e-15,1.76111444885419e-15,-1.60625448510931e-15,2.9887739355148e-15,1.57386087019176e-13,3.04129254203033e-14,1.88878857070554e-13,1.91311705551175e-13,-5.25762956294414e-09,-5.26403881549449e-09,-5.25798446996588e-09,-5.26351344852668e-09
1.405,nominal,1,0.06,-1.13685766654098e-16,-2.85055946726977e-17,0.0301191833429704,3.95232110927957e-12,1.17205044547469e-16,1.59007859614027e-16,-2.3245566479597e-15,2.32998864997078e-15,-2.20674421870062e-15,5.98038978264156e-16,1.02017341667643e-13,2.15271646558067e-13,-4.3819419826056e-13,4.88217202893381e-13,-5.25793533210739e-09,-5.26431028296756e-09,-5.25897587519311e-09,-5.26453991977951e-09
1.41,nominal,1,0.06,-1.19186282940295e-16,-2.41039660337507e-17,0.0301191833429708,3.95269234010343e-12,1.21599223762655e-16,5.93265673585503e-16,-3.6655633049628e-15,3.71326251457457e-15,6.53770422186672e-18,1.16261247731463e-15,4.61609298317286e-14,-4.1568520969477e-14,-9.82084645406774e-14,1.06643539152765e-13,-5.25838850600987e-09,-5.26487904228129e-09,-5.2597574606828e-09,-5.26520667947709e-09
1.415,nominal,1,0.06,-1.10006853204234e-16,-1.60936076928205e-17,0.0301191833429709,3.95279642351198e-12,1.11177839340708e-16,9.15488874338355e-16,-3.13695615695551e-15,3.26781483711951e-15,3.6652341902026e-15,2.04153085905745e-15,-4.37499263324073e-15,1.70457801270618e-13,3.09651323743592e-13,3.53468250780989e-13,-5.25899794423675e-09,-5.2653834065183e-09,-5.26025648560358e-09,-5.26581151006158e-09
1.42,nominal,1,0.06,-8.34342725834285e-17,-2.13271439028016e-18,0.0301191833429708,3.95267152342171e-12,8.34615259397787e-17,7.05909406149352e-16,-2.32058506256504e-15,2.42557686381819e-15,6.96379805811953e-15,3.54282646195868e-15,-4.60950352176635e-14,-2.54289588546219e-13,1.68971140125978e-14,2.54850362575689e-13,-5.25977157257696e-09,-5.26585453974188e-09,-5.26040243805401e-09,-5.26626050075972e-09
1.425,nominal,1,0.06,-4.35969570209762e-17,1.99933421632358e-17,0.0301191833429705,3.95236621208994e-12,4.7962781324117e-17,-3.27338652140123e-16,-4.6963226017268e-16,5.72455284698999e-16,8.9711281668614e-15,5.3075961594477e-15,-7.65443412306217e-14,-1.59009634769571e-13,7.23484006944345e-13,7.40751761559699e-13,-5.26069202222011e-09,-5.26661303045135e-09,-5.26010778941692e-09,-5.26612824609243e-09
1.43,nominal,1,0.06,-5.38030923092603e-18,4.30144313670724e-17,0.0301191833429701,3.95193947011485e-12,4.3349613991972e-17,-2.24705688975796e-15,1.61759312077476e-15,2.76873114805077e-15,6.31553094915866e-15,3.90083952208696e-15,-9.40819657629344e-14,-6.08877660277563e-13,1.1140614543463e-13,6.18985730389386e-13,-5.2611468055123e-09,-5.26726394935889e-09,-5.26000553768662e-09,-5.26583004907847e-09
1.435,nominal,1,0.06,1.67033916065417e-17,5.10137229334307e-17,0.0301191833429696,3.95145374754158e-12,5.36787035861553e-17,-3.08651153019309e-15,2.20294005157549e-15,3.79203089344619e-15,2.51794938582845e-15,-7.0112289554365e-16,-9.99868095295597e-14,2.73095804103511e-13,1.22732626885665e-13,2.99407107332474e-13,-5.26135445267132e-09,-5.26717564504928e-09,-5.25987312776158e-09,-5.26599359043233e-09
1.44,nominal,1,0.06,1.55904334710221e-17,3.85076119622951e-17,0.0301191833429691,3.95096455552135e-12,4.15439260885759e-17,-1.20630058204237e-15,1.66582136953065e-15,2.05672602196324e-15,-2.9631326400363e-15,-4.3013214929106e-15,-9.53609899679061e-14,4.78988575156776e-13,-3.37580099703601e-13,5.85995203774409e-13,-5.26066294047551e-09,-5.26659994423955e-09,-5.26042254539645e-09,-5.26642714767517e-09
1.445,nominal,1,0.06,-1.64271349069655e-18,1.67133295902272e-17,0.0301191833429686,3.9505204663115e-12,1.67938647608012e-17,4.59806709548732e-17,-8.9130367188402e-16,8.92488911760475e-16,-3.93012614465116e-15,-4.41639145591653e-15,-8.24600461149848e-14,2.19239260421218e-14,-6.85269916862268e-13,6.85620534617743e-13,-5.25987871430301e-09,-5.26617834311748e-09,-5.26087285727624e-09,-5.26651464162497e-09
1.45,nominal,1,0.06,-1.29654277298775e-17,-2.01035534969268e-18,0.0301191833429683,3.95015617438155e-12,1.31203599360198e-17,1.42910777552817e-16,-3.04867440857614e-15,3.05202213947538e-15,-5.98959551021233e-16,-3.07308252005142e-15,-6.36738396369117e-14,1.68481165970558e-14,-1.77678377814582e-13,1.78475390392315e-13,-5.2593034066521e-09,-5.26603154501646e-09,-5.26100431161259e-09,-5.26621731996874e-09
1.455,nominal,1,0.06,-4.94420763536526e-19,-1.59463438911641e-17,0.030119183342968,3.9498924964132e-12,1.59540068755997e-17,1.41931882153159e-15,-1.24788413496622e-15,1.88988907914042e-15,5.58736233755763e-15,-2.50131289653714e-15,-4.229904552631e-14,4.93715100994455e-13,8.97994487258553e-13,1.02476763224485e-12,-5.25975620119224e-09,-5.26531657727217e-09,-5.26004513321074e-09,-5.26642553058763e-09
1.46,nominal,1,0.06,3.05927076671908e-17,-1.89834987640363e-17,0.0301191833429679,3.94973637130036e-12,3.60039857201166e-17,2.19995639107803e-15,7.88546899020362e-16,2.33700969929517e-15,6.84748903473332e-15,1.28645094738826e-15,-2.06479531219383e-14,-1.8146007317588e-13,-8.3422073663922e-14,1.99717301532402e-13,-5.25999092985127e-09,-5.26521931691051e-09,-5.25934049788604e-09,-5.26605261794936e-09
1.465,nominal,1,0.06,5.97891396570312e-17,-5.02649112763787e-18,0.0301191833429678,3.94968432959608e-12,6.00000569498414e-17,7.58692005786509e-17,1.84864169206453e-15,1.85019789245249e-15,4.83108376120284e-15,4.29635210717108e-15,-4.56796304805037e-16,-6.68174803023873e-13,5.07459990881589e-13,8.39031113690985e-13,-5.2599711666075e-09,-5.26556201741499e-09,-5.25891505524594e-09,-5.26526438632746e-09
1.47,nominal,1,0.06,7.6394733935107e-17,1.33564169751392e-17,0.0301191833429678,3.9497259629595e-12,7.75535250483791e-17,-8.97598930103662e-16,2.83196661868372e-15,2.97081112975264e-15,1.81115395002744e-15,3.05681113393974e-15,1.66887943091315e-14,2.78787550750948e-13,-1.14130020233911e-13,3.01244352598195e-13,-5.25972326779231e-09,-5.26548708028817e-09,-5.25878050106716e-09,-5.2649566666574e-09
1.475,nominal,1,0.06,7.96336155578058e-17,2.39217201213434e-17,0.030119183342968,3.94984045470892e-12,8.31490313856529e-17,-1.80719265323726e-15,2.07278598104491e-15,2.7499794561289e-15,-5.15601300947917e-16,1.16931012454195e-15,2.89079215244689e-14,-6.42625040004387e-13,-1.89542234821617e-13,6.69994925967215e-13,-5.25952176683988e-09,-5.26563441870134e-09,-5.25872526682116e-09,-5.26455251598614e-09
1.48,nominal,1,0.06,7.17383159454807e-17,2.0636286788877e-17,0.0301191833429681,3.95000351871566e-12,7.46474534537273e-17,-2.37518039343948e-15,1.07373810312214e-15,2.60660611053448e-15,-2.64251854398213e-15,-2.4834834575285e-15,3.67348505545908e-14,4.15429943923499e-13,-2.10076916347489e-13,4.65525884447204e-13,-5.25916923983165e-09,-5.26545175684586e-09,-5.25894033984349e-09,-5.26459761616732e-09
1.485,nominal,1,0.06,5.85937734332816e-17,7.04896700279969e-19,0.0301191833429683,3.95019433829802e-12,5.85980133153745e-17,-3.83131462766264e-16,9.61280314658638e-16,1.03481861266196e-15,-2.61529846089749e-15,-5.48907257791033e-15,3.9593902231809e-14,3.81389628345788e-13,1.65093800962087e-13,4.15588753127232e-13,-5.25933026412884e-09,-5.2651251302078e-09,-5.25872416906647e-09,-5.26486905558666e-09
1.49,nominal,1,0.06,4.13081619956009e-17,-2.98974250314107e-17,0.0301191833429685,3.95038862732733e-12,5.09923550246861e-17,6.48769764610032e-16,1.44416303695196e-15,1.58319584536168e-15,-4.29894611417478e-15,-6.75185611476593e-15,3.79061053811161e-14,3.13708626047304e-14,2.80592879552435e-14,4.20886524032327e-14,-5.25926064224897e-09,-5.26483865930113e-09,-5.25885320828826e-09,-5.26521494120607e-09
1.495,nominal,1,0.06,1.70907994185095e-17,-6.18641640424176e-17,0.0301191833429687,3.95056556912188e-12,6.41815410957923e-17,1.33001028411221e-15,9.45571347910262e-16,1.63188005987973e-15,-5.3879989166618e-15,-6.03483948963684e-15,3.31728498831573e-14,2.41125345196142e-13,-2.27495963571924e-13,3.31505423089091e-13,-5.25922100937408e-09,-5.26480615253475e-09,-5.25901997709514e-09,-5.26537466259041e-09
1.5,nominal,1,0.06,-1.15067172514859e-17,-8.91859465944345e-17,0.0301191833429688,3.95071475534081e-12,8.99251778527625e-17,1.48555103952245e-15,-1.72755698462446e-16,1.49556224289646e-15,-6.05100775133634e-15,-4.89387353116992e-15,2.59330217336656e-14,-1.78909043032046e-13,-2.19834854977159e-13,2.83435723121612e-13,-5.25909788127673e-09,-5.26523094088595e-09,-5.25932370977434e-09,-5.2651306141295e-09
1.505,nominal,1,0.06,-4.05321430165649e-17,-1.18184284215906e-16,0.0301191833429689,3.95082230819632e-12,1.2494150492587e-16,5.76332177337362e-16,-9.95895922052017e-16,1.15063785188662e-15,-5.5591625546953e-15,-6.70546151741865e-15,1.74586588023204e-14,-1.84778501841991e-13,-1.0942123445867e-13,2.14746597862294e-13,-5.25897521041455e-09,-5.26547969085405e-09,-5.25962731248481e-09,-5.26506287095514e-09
1.51,nominal,1,0.06,-6.37560022621164e-17,-1.59947237334886e-16,0.030119183342969,3.95088822768841e-12,1.72185790806063e-16,1.65767096992569e-15,-1.30902354187802e-15,2.11220635301697e-15,-3.73038114352528e-15,-9.99971973017323e-15,8.957192064374e-15,6.17314018877321e-13,-1.58298134717336e-14,6.17516947862178e-13,-5.25918438244971e-09,-5.26502059853586e-09,-5.25961151351785e-09,-5.26571551561438e-09
1.515,nominal,1,0.06,-8.09420850937629e-17,-2.09367934829962e-16,0.030119183342969,3.95091251381707e-12,2.24469492970179e-16,4.35444224770589e-15,-1.71943837239442e-15,4.68162745261392e-15,-3.14405198913334e-15,-9.76855926785732e-15,7.31692819948519e-16,4.6139449223476e-13,-1.48336118734826e-13,4.84652949630851e-13,-5.25915207799546e-09,-5.26464104971293e-09,-5.25981356879575e-09,-5.26626490478894e-09
1.52,nominal,1,0.06,-9.32737918296354e-17,-2.50461323208193e-16,0.030119183342969,3.95089863602927e-12,2.6726555083938e-16,5.21997135852582e-15,-1.92444476899078e-15,5.56341519686656e-15,-1.78863070521563e-15,-6.66879608343507e-15,-6.36260850966556e-15,-1.1518284790679e-13,6.63335600962841e-14,1.32918131370277e-13,-5.25929338038409e-09,-5.2647577013286e-09,-5.25983081717837e-09,-5.26630690894951e-09
1.525,nominal,1,0.06,-1.00449193278842e-16,-2.77687840094904e-16,0.030119183342969,3.95085353321889e-12,2.95297438131358e-16,5.41135971320867e-15,-9.67583751948217e-16,5.4971840302806e-15,-1.08152987446694e-15,-4.22181067124927e-15,-1.13781602926686e-14,1.91738189779933e-13,3.16410846720741e-13,3.69972103465412e-13,-5.25954325759719e-09,-5.26486767000339e-09,-5.2596841314007e-09,-5.2663002065472e-09
1.53,nominal,1,0.06,-1.07912255061014e-16,-2.95418085296973e-16,0.0301191833429689,3.9507876137268e-12,3.14510572020851e-16,5.5586726998311e-15,-1.94348280177138e-15,5.88863036576662e-15,-1.90369483840185e-15,-2.87028740957842e-15,-1.45312183834768e-14,-1.32812995130963e-13,-7.06770466650007e-13,7.19141004396443e-13,-5.25919048623689e-09,-5.26492676186782e-09,-5.26011623527053e-09,-5.26632050216135e-09
1.535,nominal,1,0.06,-1.12277160562801e-16,-3.06816163460335e-16,0.0301191833429688,3.95071128589386e-12,3.26714430266806e-16,5.20347272619399e-15,-3.18164666155164e-15,6.09909861300893e-15,1.57732637687095e-16,-1.68894385576628e-15,-1.57207266199835e-14,-9.2669943238797e-15,2.11504922737901e-13,2.11707840020544e-13,-5.25904507981778e-09,-5.26500500166419e-09,-5.2602691783042e-09,-5.26624976569454e-09
1.54,nominal,1,0.06,-1.03012613443475e-16,-3.14244848470782e-16,0.0301191833429688,3.95063495806092e-12,3.30698387233563e-16,5.47872101866336e-15,-2.72508318635676e-15,6.11902462594391e-15,3.54808621004311e-15,-1.28253014841244e-15,-1.50377280495092e-14,1.19366311311626e-13,-2.8879532659949e-14,1.22810193725118e-13,-5.25924448966947e-09,-5.26509933725496e-09,-5.26004853990949e-09,-5.26613423197262e-09
1.545,nominal,1,0.06,-8.08065246708646e-17,-3.21645262920251e-16,0.0301191833429687,3.95056556912188e-12,3.31640422126768e-16,4.93425067113e-15,-1.42059330372896e-15,5.13467769389145e-15,5.33434929900111e-15,-1.67763563137546e-15,-1.31946380408664e-14,-3.37154450324969e-13,5.50675485711071e-13,6.45690803664614e-13,-5.25955493253013e-09,-5.26523786218867e-09,-5.25968179659842e-09,-5.26593932280678e-09
1.55,nominal,1,0.06,-5.50783693815237e-17,-3.34543694687855e-16,0.0301191833429686,3.95050658852369e-12,3.39047357207114e-16,4.52861814072636e-15,-5.55250312366794e-16,4.56253056690027e-15,4.95691281673524e-15,-3.48173707566608e-15,-1.06880058345228e-14,1.74901438163512e-13,-2.04538289166205e-13,2.69121579972143e-13,-5.25955078949547e-09,-5.26516730583494e-09,-5.25963685232551e-09,-5.26596078998269e-09
1.555,nominal,1,0.06,-3.07830429573391e-17,-3.55559330993638e-16,0.0301191833429686,3.95046148571332e-12,3.56889385651012e-16,6.53658195788632e-15,-3.10463161184788e-16,6.54395072311962e-15,4.76121775293861e-15,-4.92451744664712e-15,-7.43907276040261e-15,6.28284088700474e-13,3.02453149639007e-13,6.97293914960357e-13,-5.25978657796213e-09,-5.26451932630792e-09,-5.25931478174892e-09,-5.26652235631974e-09
1.56,nominal,1,0.06,-1.21354738620942e-17,-3.72433110510388e-16,0.0301191833429686,3.9504337301377e-12,3.72630771045952e-16,6.60542290777251e-15,1.36400135926995e-15,6.7447840216434e-15,2.69780988515935e-15,-1.82499436005301e-15,-3.95746239805719e-15,-6.00747708745998e-13,3.67332658542887e-13,7.04152747346591e-13,-5.25996020022779e-09,-5.2645279688087e-09,-5.25907598426887e-09,-5.26644852868411e-09
1.565,nominal,1,0.06,-7.45876721039062e-18,-3.75794643555099e-16,0.0301191833429685,3.95042332179685e-12,3.7586865702397e-16,7.1391701652863e-15,5.97012208125252e-16,7.16408921116736e-15,-8.27127224477906e-16,4.80381142168613e-16,-7.85926609207412e-16,8.14246611751513e-13,-6.74128319000766e-13,1.05709343732123e-12,-5.25943855608497e-09,-5.26438902434295e-09,-5.25950984218808e-09,-5.26649967069032e-09
1.57,nominal,1,0.06,-1.09077661285155e-17,-3.66896535198609e-16,0.0301191833429685,3.9504267912438e-12,3.67058642321167e-16,8.30288807456372e-15,-9.88109030140617e-16,8.36147773029252e-15,-5.52472342772064e-16,3.07886220042747e-15,2.03177147732865e-15,-3.48759448040547e-13,4.00798236944185e-14,3.51054902921071e-13,-5.2591428987875e-09,-5.26418040600984e-09,-5.25976960385555e-09,-5.26667231365036e-09
1.575,nominal,1,0.06,-7.82240529963663e-18,-3.40062834707111e-16,0.0301191833429686,3.95044413847856e-12,3.40152791512443e-16,6.47817611423532e-15,-1.12861642247685e-16,6.47915916746455e-15,1.78661667432364e-15,7.65461799617204e-15,4.39516896139714e-15,-3.81125336090811e-13,3.10019131462754e-13,4.91292564245841e-13,-5.2595279024755e-09,-5.2646024382107e-09,-5.25932354638508e-09,-5.266189178119e-09
1.58,nominal,1,0.06,-1.11564001470628e-18,-2.97681893892041e-16,0.0301191833429686,3.95046842460722e-12,2.97683984459686e-16,5.57546145419131e-15,1.11063842779331e-15,5.68500555360013e-15,8.96089439648501e-16,9.29775832985582e-15,5.76667158199167e-15,2.00394720732089e-14,1.79380896553645e-13,1.80496776950068e-13,-5.25970060457877e-09,-5.26487476261005e-09,-5.25912266022949e-09,-5.26588869333004e-09
1.585,nominal,1,0.06,-1.6144049450356e-18,-2.51241020827673e-16,0.0301191833429686,3.95049964962979e-12,2.51246207632788e-16,5.25851109220154e-15,3.50058248659017e-16,5.27014987303595e-15,-1.09559541178023e-15,9.27859089589129e-15,6.59244772712268e-15,-1.46819616869118e-13,-4.83612968207364e-13,5.05408253707764e-13,-5.2593383691906e-09,-5.26489830958389e-09,-5.25947239368241e-09,-5.26585261005174e-09
1.59,nominal,1,0.06,-6.52710335223928e-18,-2.04588728161993e-16,0.0301191833429687,3.95053434409931e-12,2.0469282051189e-16,3.6209383560742e-15,-1.21720817056663e-15,3.82005108722167e-15,-8.69483951101243e-16,9.3823261703807e-15,6.71202952461653e-15,-5.0820947758182e-13,-1.43293599482894e-13,5.28024553176034e-13,-5.25899973094772e-09,-5.26506596800575e-09,-5.25981092217693e-09,-5.26568483507814e-09
1.595,nominal,1,0.06,-3.28651775952072e-18,-1.57969463875778e-16,0.0301191833429687,3.95056556912188e-12,1.58003647793918e-16,2.46504150265855e-15,-5.6039915021005e-16,2.52793924321477e-15,2.16571818818866e-15,9.26537954410536e-15,5.67787070941615e-15,4.58507362155631e-14,4.06017207625525e-13,4.08597923268753e-13,-5.25945567292677e-09,-5.26529521461335e-09,-5.25937648139063e-09,-5.26547718206444e-09
1.6,nominal,1,0.06,6.46110982025861e-18,-1.14632039404908e-16,0.0301191833429687,3.95058985525054e-12,1.14813981719292e-16,1.44485341949696e-15,4.46635402520662e-16,1.51231100856168e-15,1.73333284372306e-15,8.06959024424264e-15,4.17304445587208e-15,-4.539259694802e-13,-3.20338653324055e-15,4.53937272598121e-13,-5.25948234733598e-09,-5.26563454015909e-09,-5.2593779774541e-09,-5.26516603298159e-09
1.605,nominal,1,0.06,1.49812081094672e-17,-8.18704684652592e-17,0.0301191833429687,3.9506072024853e-12,8.3229863649655e-17,7.28136133229884e-16,2.03864577294309e-16,7.56136888658631e-16,1.67470647196039e-15,5.03503813161689e-15,2.60489661917593e-15,1.67239054973369e-13,-9.39049435573005e-14,1.91799478447897e-13,-5.25932459678725e-09,-5.2654089788631e-09,-5.25959471629886e-09,-5.26545061480151e-09
1.61,nominal,1,0.06,2.65162092996511e-17,-5.86956467950138e-17,0.0301191833429687,3.95061761082616e-12,6.44072069593762e-17,1.15022062470709e-15,-7.78835830188818e-16,1.3890978136501e-15,2.93929400411318e-15,4.23489053648126e-15,1.23257492376017e-15,1.59474161751461e-15,-2.99175219435951e-13,2.99179469759166e-13,-5.25919576852408e-09,-5.26521277608143e-09,-5.25973485832011e-09,-5.26565809206604e-09
1.615,nominal,1,0.06,4.73690802564491e-17,-3.48667873010456e-17,0.0301191833429687,3.95062108027311e-12,5.88177066965236e-17,1.27102726625244e-15,-3.00742477388572e-16,1.30612263944201e-15,5.401854378606e-15,5.296653261106e-15,1.21179299909368e-16,4.67279150006227e-14,4.90412560556049e-13,4.92633715443275e-13,-5.25955313481451e-09,-5.26538147097347e-09,-5.25941828806377e-09,-5.26553027918532e-09
1.62,nominal,1,0.06,7.47895261430921e-17,-8.53271761921157e-18,0.0301191833429687,3.95061761082616e-12,7.52747002031723e-17,4.6789856326791e-16,2.55195972055242e-15,2.59449946633838e-15,5.56632397605121e-15,5.23697461162762e-15,-9.62987167305341e-16,-3.67979396194433e-13,6.50668318620348e-13,7.47514613154719e-13,-5.26008179913928e-09,-5.2654836573806e-09,-5.25889433831083e-09,-5.26543281640312e-09
1.625,nominal,1,0.06,9.47746548018853e-17,1.74915147767034e-17,0.0301191833429687,3.95061067193225e-12,9.63752472474138e-17,-4.98715830137474e-16,3.84168907789067e-15,3.87392468311068e-15,2.42772748746607e-15,5.17271834673835e-15,-2.09578891270767e-15,-1.86663611677203e-14,-1.34776575685047e-13,1.36063067702558e-13,-5.26030310683909e-09,-5.26574029519056e-09,-5.25871471563667e-09,-5.26521783095722e-09
1.63,nominal,1,0.06,9.52321306837817e-17,3.91402929876856e-17,0.0301191833429687,3.9506002635914e-12,1.02961746535957e-16,-1.28005231386297e-15,1.76677329936603e-15,2.18174742295681e-15,-2.24473713470749e-15,3.48679293765454e-15,-2.51235145916174e-15,-2.9386823232248e-13,-6.9518973572481e-13,7.54749830490521e-13,-5.25961884155902e-09,-5.26583993288232e-09,-5.25939529536119e-09,-5.26511450949885e-09
1.635,nominal,1,0.06,8.46989296465252e-17,5.19413199567691e-17,0.0301191833429687,3.95058638580359e-12,9.93569796346411e-17,-2.08836144571166e-15,7.52973087804711e-16,2.21995990929861e-15,-1.96854328019511e-15,1.63361784997887e-15,-2.72749222763407e-15,-2.94554204169962e-14,2.89669651100282e-13,2.91163405256398e-13,-5.25948327728329e-09,-5.26608851046228e-09,-5.25953328743664e-09,-5.26486836175148e-09
1.64,nominal,1,0.06,7.804316649274e-17,5.06887848004654e-17,0.0301191833429687,3.95057250801578e-12,9.30595977895963e-17,-2.04095807450981e-15,1.16705276947677e-15,2.35106827392362e-15,-6.9376198131898e-16,-2.13463191250034e-15,-2.70532615645503e-15,4.84167688977361e-14,-1.24037778431459e-13,1.33152371322138e-13,-5.25964332734352e-09,-5.26584995695482e-09,-5.25937003654055e-09,-5.26510366400767e-09
1.645,nominal,1,0.06,7.46362245042173e-17,3.41665203433001e-17,0.0301191833429687,3.95056209967493e-12,8.20848166265423e-17,-4.60872336833568e-16,1.51814832885364e-15,1.58656158382192e-15,-6.69014814090086e-16,-4.47427387036579e-15,-2.08824183160715e-15,5.83617526172763e-13,2.64476002182207e-13,6.40747198656614e-13,-5.25970562522088e-09,-5.26512080223536e-09,-5.25929368631883e-09,-5.26581884059641e-09
1.65,nominal,1,0.06,6.94363518876981e-17,1.89608084545375e-17,0.0301191833429687,3.95055169133407e-12,7.19786025199288e-17,9.82803647216452e-16,7.64403086906015e-16,1.24507633832364e-15,-1.4109342325176e-15,-1.60801088513923e-15,-1.46365859141933e-15,-6.14713255275503e-15,-5.65974098961257e-13,5.66007480457306e-13,-5.25916864075574e-09,-5.26509259354455e-09,-5.25982358649856e-09,-5.26583988582794e-09
1.655,nominal,1,0.06,7.10552211233084e-17,1.87061858677965e-17,0.0301191833429687,3.95054475244017e-12,7.34762943989611e-17,2.65714684559233e-16,-2.69311605045577e-16,3.78329266912616e-16,2.05848192676173e-15,1.50616185044281e-15,-1.14003887699517e-15,-2.80688452510133e-13,1.5248822218062e-13,3.1943491555611e-13,-5.25928636949916e-09,-5.26540919483618e-09,-5.2596904063834e-09,-5.26550784246162e-09
1.66,nominal,1,0.06,8.79720834490774e-17,2.85716446674548e-17,0.0301191833429687,3.95054128299321e-12,9.24955477056855e-17,-2.02625558828777e-15,1.69849448850436e-15,2.64397338045357e-15,4.70826300354587e-15,2.44002166942051e-15,-3.80354823699021e-16,-6.36099656628669e-13,6.34634215239353e-13,8.98545135380288e-13,-5.25993940395618e-09,-5.26608374157192e-09,-5.25902594213155e-09,-5.26482189593634e-09
1.665,nominal,1,0.06,1.06212430678821e-16,2.99308647835558e-17,0.0301191833429687,3.95054128299321e-12,1.10349159930626e-16,-1.3190335685611e-15,2.54787339420912e-15,2.86906054099765e-15,2.58787588835166e-15,-1.89633362298012e-15,2.28077652514405e-16,9.18988464519336e-13,-2.94882652957448e-13,9.65140185120705e-13,-5.25984556967339e-09,-5.26567646861524e-09,-5.25909808873882e-09,-5.26520748102776e-09
1.67,nominal,1,0.06,1.16145220137135e-16,1.68151644785395e-17,0.0301191833429687,3.95054475244017e-12,1.17356132848453e-16,9.66326699532741e-17,1.57485255467277e-15,1.57781445102447e-15,1.38523989497372e-15,-3.3499464990264e-15,4.8837719258723e-16,-3.52721969113584e-13,-9.43256828570915e-14,3.65116586779922e-13,-5.25953221399518e-09,-5.26539196767681e-09,-5.25940311636199e-09,-5.2654836423644e-09
1.675,nominal,1,0.06,1.25728017621946e-16,3.26324114454384e-19,0.0301191833429687,3.95054822188712e-12,1.25728441104517e-16,6.42846921198158e-16,1.68500275305457e-15,1.80346512078704e-15,2.44787909895086e-15,-3.24558964660764e-15,6.93526973465364e-16,5.71207669611537e-13,1.38385762209809e-13,5.87731929543932e-13,-5.25973283324729e-09,-5.26500319925939e-09,-5.25921619277882e-09,-5.26588605619799e-09
1.68,nominal,1,0.06,1.37633434773877e-16,-7.97760570660765e-18,0.0301191833429687,3.95055169133407e-12,1.37864442698127e-16,1.78721250268858e-15,2.95633900773892e-15,3.45457216720756e-15,2.31428776182135e-15,-7.59822818171716e-17,1.11055580689378e-15,-1.13461437015368e-13,3.70148739663931e-13,3.87148017125736e-13,-5.25989607202742e-09,-5.26494861160447e-09,-5.25905622137746e-09,-5.26594396967018e-09
1.685,nominal,1,0.06,1.45991458450572e-16,6.48143762954451e-19,0.0301191833429687,3.95055516078102e-12,1.45992897193194e-16,3.9561471292682e-16,2.8448609598678e-15,2.87223691259341e-15,1.02892170885679e-15,3.52628206964201e-15,9.32483204317306e-16,-4.43177678889337e-13,-4.14739958812377e-13,6.06972559924609e-13,-5.25970844167997e-09,-5.26545112714124e-09,-5.25921005104456e-09,-5.26540764090341e-09
1.69,nominal,1,0.06,1.51004849491823e-16,1.81021136936057e-17,0.0301191833429687,3.95055863022797e-12,1.52085998994728e-16,-5.91448650862479e-16,2.18211999488421e-15,2.26085363937618e-15,9.76434707643672e-16,3.45530590261851e-15,7.57179975684399e-16,4.83523333736177e-14,1.49643572818938e-13,1.57261397134486e-13,-5.25970336417146e-09,-5.26567839152911e-09,-5.25923126489664e-09,-5.26519646908445e-09
1.695,nominal,1,0.06,1.56562223116822e-16,3.2031906138813e-17,0.0301191833429687,3.95056209967493e-12,1.5980542142921e-16,-7.78165223062216e-16,3.18985165943284e-15,3.28339682700248e-15,1.24651474235585e-15,2.11661107546438e-15,4.15280450276206e-16,-1.23038962253513e-13,2.53449093000517e-13,2.81735743162286e-13,-5.2599822535776e-09,-5.26554307304201e-09,-5.25896282565445e-09,-5.26534228210648e-09
1.7,nominal,1,0.06,1.58906341648959e-16,4.25278214650592e-17,0.0301191833429687,3.95056556912188e-12,1.64498756879253e-16,-1.25752697417323e-15,4.34605197970569e-15,4.52432778444235e-15,-3.08867329501183e-16,2.08175505503409e-15,4.8677211976353e-16,-6.87057381908936e-14,2.09031035108622e-13,2.20032843227864e-13,-5.26018451347155e-09,-5.26572048245295e-09,-5.25876369335851e-09,-5.26516795798255e-09
1.705,nominal,1,0.06,1.49804740027566e-16,5.00426978257667e-17,0.0301191833429687,3.95056903856883e-12,1.57942178471768e-16,-1.50874296695323e-15,3.54690088270093e-15,3.85445342584854e-15,-3.33177331905573e-15,9.24195489248924e-16,3.40405254958457e-16,-3.17806589211078e-14,-5.28691473910525e-13,5.29645810770881e-13,-5.25974772530623e-09,-5.26575080891586e-09,-5.25920291189852e-09,-5.26514008542152e-09
1.71,nominal,1,0.06,1.33027025408772e-16,5.06436953126948e-17,0.0301191833429687,3.95056903856883e-12,1.42341045956643e-16,-1.8504228529199e-15,1.93090618246302e-15,2.6744089851932e-15,-3.3793125284619e-15,-6.83796494477692e-16,1.58052269921388e-16,-1.0489129546556e-13,-1.17706406184641e-13,1.57660971458846e-13,-5.25959358951464e-09,-5.26573415584155e-09,-5.25935945461893e-09,-5.26515916426267e-09
1.715,nominal,1,0.06,1.18143597424779e-16,4.36918606537323e-17,0.0301191833429687,3.95056903856883e-12,1.2596383727028e-16,-2.02851413534785e-15,1.77874968010167e-15,2.69792883927057e-15,-2.57405866513525e-15,-2.09693736910728e-15,-1.58739574061646e-16,3.36547824943797e-14,5.68438052401027e-14,6.60595381373404e-14,-5.25970834163521e-09,-5.26595529437872e-09,-5.25927047512241e-09,-5.26496378989278e-09
1.72,nominal,1,0.06,1.05111073349337e-16,2.55899839540891e-17,0.0301191833429687,3.95056903856883e-12,1.08181260019563e-16,-1.22906599150332e-15,2.16998036823761e-15,2.49387610157495e-15,-2.63895096504166e-15,-5.14381331075e-15,-1.88604951897353e-16,2.86124475043435e-13,9.96484700142705e-14,3.02980251493503e-13,-5.25984165047227e-09,-5.26553217138916e-09,-5.25911694339407e-09,-5.26536668454293e-09
1.725,nominal,1,0.06,8.87320078231278e-17,-7.06593685731134e-19,0.0301191833429687,3.95056903856883e-12,8.87348211637367e-17,8.80916318939734e-17,1.63594865934008e-15,1.63831869659305e-15,-3.91267524544205e-15,-5.37481774517811e-15,-1.50013771716691e-16,2.40738574315481e-13,-3.1326115357328e-13,3.95079247115706e-13,-5.25959177095523e-09,-5.26546745796357e-09,-5.25936067282849e-09,-5.26542520622544e-09
1.73,nominal,1,0.06,6.93571170584378e-17,-2.81982791427566e-17,0.0301191833429687,3.95056903856883e-12,7.48702386350589e-17,2.40253067053201e-16,3.33893623854676e-16,4.11347162721803e-16,-3.83728106043396e-15,-5.62185643763209e-15,-4.49464860890273e-16,-1.79874000251791e-13,-2.07560860620882e-13,2.74656452369614e-13,-5.25915953120777e-09,-5.26540664484688e-09,-5.2598032023593e-09,-5.26549636704898e-09
1.735,nominal,1,0.06,5.79633858317913e-17,-5.69232857302295e-17,0.0301191833429687,3.95056556912188e-12,8.12404736286689e-17,1.73407374319894e-15,-2.87238071949317e-16,1.75770232315632e-15,-7.20211430224657e-16,-5.86814619735706e-15,-2.88829322127314e-16,7.77402270710085e-13,-4.08918177007157e-14,7.7847699468903e-13,-5.25920880307365e-09,-5.26488675673211e-09,-5.259753670312e-09,-5.2660159792614e-09
1.74,nominal,1,0.06,6.15738890614521e-17,-7.83824942468849e-17,0.0301191833429687,3.95056209967493e-12,9.96752688409465e-17,3.18153405409999e-15,1.39534469551509e-16,3.18459240807846e-15,2.16441272208899e-15,-2.71553720930509e-15,-4.17506256622816e-16,-1.98418146349663e-13,2.11600834301046e-13,2.90077013701077e-13,-5.25958288597264e-09,-5.26478532335761e-09,-5.25938702894304e-09,-5.26612490637027e-09
1.745,nominal,1,0.06,7.18404815977221e-17,-8.23248751706127e-17,0.0301191833429687,3.95055863022797e-12,1.09263167938924e-16,2.68414968218894e-15,1.84229779872439e-15,3.25556764567713e-15,1.94222429241902e-15,1.13858483981397e-15,-3.18638362638587e-16,-5.35602414758262e-16,4.69504497368106e-13,4.69504802870881e-13,-5.25996379826111e-09,-5.2650323619668e-09,-5.25900934183077e-09,-5.26588111971708e-09
1.75,nominal,1,0.06,7.48448423152514e-17,-7.17932225541724e-17,0.0301191833429687,3.95055863022797e-12,1.03711220347211e-16,1.85823386622689e-15,2.77441076178599e-15,3.3392196957832e-15,-7.40480005407305e-16,3.07407620676215e-15,7.99621279794226e-17,-3.29830723970063e-13,-9.66593121434656e-14,3.43702384482074e-13,-5.25996695158182e-09,-5.26514899059738e-09,-5.25897615849514e-09,-5.2657344328281e-09
1.755,nominal,1,0.06,6.41477337070578e-17,-5.36986520361214e-17,0.0301191833429687,3.95055863022797e-12,8.36569003146068e-17,2.12194712500354e-15,1.72883180782794e-15,2.73706394172084e-15,-3.53836343787012e-15,4.16375200045823e-15,-7.75546976993986e-17,4.35316027480725e-13,-3.21572269439757e-13,5.41210465765616e-13,-5.25961447715739e-09,-5.26492639847036e-09,-5.25934601173172e-09,-5.26597436899148e-09
1.76,nominal,1,0.06,4.5281654113062e-17,-2.42644572322847e-17,0.0301191833429687,3.95055863022797e-12,5.13730676910807e-17,8.39220191344297e-16,2.09290551938958e-16,8.64923733453345e-16,-4.0080683997282e-15,7.60992592107648e-15,9.613569583938e-17,-9.48406800944423e-13,-2.86244232915835e-13,9.90662011462643e-13,-5.25935824635692e-09,-5.26545741226124e-09,-5.25958836485279e-09,-5.2654294731844e-09
1.765,nominal,1,0.06,2.85574613320236e-17,1.29419849338709e-17,0.0301191833429687,3.95055863022797e-12,3.13532067220972e-17,-7.89101085137631e-16,6.05829019090015e-16,9.94841355662779e-16,-2.68160871268718e-15,7.27265094538575e-15,1.17610053625755e-16,2.97078290351652e-13,4.44859619776258e-13,5.34935128689206e-13,-5.25952400411817e-09,-5.26559463897127e-09,-5.25943637098391e-09,-5.26530598852007e-09
1.77,nominal,1,0.06,1.52116728308922e-17,4.81012337602365e-17,0.0301191833429687,3.95055863022797e-12,5.04492188202257e-17,-1.44450634256591e-15,-6.07251896408331e-17,1.4457821835844e-15,-2.65670668776539e-15,6.79104858516049e-15,-1.42606956609507e-16,-5.59240393322965e-13,-7.11481303268597e-13,9.04961580634673e-13,-5.25919142404466e-09,-5.26580985811694e-09,-5.25976685404779e-09,-5.26508867965602e-09
1.775,nominal,1,0.06,7.99514853012678e-18,7.75311289798882e-17,0.0301191833429687,3.95055863022797e-12,7.79422758258626e-17,-2.51883226629976e-15,-1.08044796680831e-15,2.74078160288867e-15,-2.2990303254075e-16,4.98090950270019e-15,-8.82726286622626e-18,1.29510023829426e-13,3.03592192401606e-13,3.3006221468007e-13,-5.25919961470419e-09,-5.26601703643983e-09,-5.25975729349882e-09,-5.2648801551335e-09
1.78,nominal,1,0.06,1.24098650562409e-17,9.46814340753798e-17,0.0301191833429687,3.95055863022797e-12,9.54912493859234e-17,-3.08530060056871e-15,-7.78284402828237e-17,3.08628207751438e-15,1.99578964298641e-15,1.87921253549646e-15,6.37091010872504e-17,-3.56097357537005e-13,9.7455618208588e-14,3.69192260976927e-13,-5.25953651724781e-09,-5.26605458130397e-09,-5.25943214096914e-09,-5.26485432352885e-09
1.785,nominal,1,0.06,2.20677920339765e-17,9.69555782280396e-17,0.0301191833429687,3.95055863022797e-12,9.94352633364459e-17,-3.1225276978009e-15,1.41632948389273e-15,3.42872694020356e-15,1.8673811481078e-15,-9.69554874432546e-16,2.82720437811859e-16,3.41206518644127e-13,5.00207551461634e-13,6.0549936655994e-13,-5.25988876041192e-09,-5.26585718107521e-09,-5.2590554643604e-09,-5.26502730663022e-09
1.79,nominal,1,0.06,2.4980171120667e-17,8.77678305104624e-17,0.0301191833429687,3.95055863022797e-12,9.12534986821385e-17,-1.90113688129269e-15,1.85540412346671e-15,2.65647245473929e-15,-7.02429513431595e-16,-2.70554421259834e-15,1.50662251224857e-16,1.47349807959155e-13,-3.24577695632042e-13,3.56458477816711e-13,-5.25987967111142e-09,-5.2657456640513e-09,-5.25909393797922e-09,-5.2651682923776e-09
1.795,nominal,1,0.06,1.48040117041189e-17,7.17018118222776e-17,0.0301191833429687,3.95055863022797e-12,7.32141282891014e-17,-1.71103989716771e-15,1.27225541324946e-15,2.13220340639495e-15,-3.36803425318765e-15,-3.72086326267557e-15,5.37967283449731e-16,-7.13110143091612e-14,9.13182115451432e-14,1.15863180180784e-13,-5.2597510157243e-09,-5.26577034913925e-09,-5.25919851778974e-09,-5.26511941868497e-09
1.8,nominal,1,0.06,-7.41688294784435e-18,4.93411818351191e-17,0.0301191833429687,3.95056209967493e-12,4.98955146035023e-17,-1.68502101462898e-15,-8.21411696772999e-17,1.6870219297618e-15,-5.52032360759763e-15,-5.22338873218785e-15,5.44332242469921e-16,8.17185673246542e-14,-6.33076844715849e-13,6.38329237589012e-13,-5.25917268786561e-09,-5.26542643112995e-09,-5.25978025359402e-09,-5.26546683048156e-09
1.805,nominal,1,0.06,-2.97027726018682e-17,2.49294503922535e-17,0.0301191833429687,3.95056556912188e-12,3.87779859855836e-17,8.23251197435676e-16,-1.6268268570195e-15,1.82326853666683e-15,-3.39403225401191e-15,-4.54130384495837e-15,3.57500107169942e-16,9.21590317501206e-13,1.52025697789693e-14,9.21715699898759e-13,-5.25888063071566e-09,-5.26488241683345e-09,-5.26007936068728e-09,-5.266017862114e-09
1.81,nominal,1,0.06,-3.64260862717163e-17,1.286356778394e-17,0.0301191833429687,3.95056556912188e-12,3.86307020025075e-17,2.04046377985548e-15,-1.63797821176502e-15,2.61657506277176e-15,7.04706786072677e-16,-2.8504919836703e-16,5.4995930940839e-17,-4.34705284533283e-13,-1.96631116771774e-14,4.3514977003555e-13,-5.25897734862386e-09,-5.26511564791113e-09,-5.25998091906025e-09,-5.26578289346681e-09
1.815,nominal,1,0.06,-2.54459236619129e-17,1.75525207878385e-17,0.0301191833429687,3.95056556912188e-12,3.09125543592793e-17,-1.41065376563536e-15,-7.1111252323087e-16,1.57975474906613e-15,3.68735825784869e-15,2.16063039992645e-15,1.93328591127987e-16,-9.45741733663054e-13,3.90409387090837e-13,1.023155372522e-12,-5.25957983575956e-09,-5.26596309686675e-09,-5.259375196855e-09,-5.26493214981051e-09
1.82,nominal,1,0.06,-9.70766278975009e-18,1.94674158990376e-17,0.0301191833429687,3.95056556912188e-12,2.17535973720578e-17,-1.64123426951705e-15,2.76895499462523e-16,1.66442814355555e-15,2.60794609101642e-15,-1.39467235544681e-15,-3.63542669926406e-17,8.53509532110376e-13,4.79382198652066e-15,8.53522994495469e-13,-5.25955708770721e-09,-5.26575549643685e-09,-5.25940216811877e-09,-5.26514413895529e-09
1.825,nominal,1,0.06,1.78069818819729e-18,7.36114680760468e-18,0.0301191833429687,3.95056556912188e-12,7.57346475271111e-18,4.07091527617605e-16,7.21444070832444e-16,8.28374950850956e-16,1.98739830016255e-15,-3.44783528112638e-15,-2.97012286649287e-16,-3.41792132565133e-14,1.73025606561448e-13,1.76369155877073e-13,-5.25978701462456e-09,-5.26540573587888e-09,-5.2591676768729e-09,-5.26548921649171e-09
1.83,nominal,1,0.06,6.3714897838123e-18,-9.07308057960079e-18,0.0301191833429687,3.95056556912188e-12,1.10867792108057e-17,1.80559343763169e-18,1.54911223739236e-15,1.54911328966168e-15,-1.51081661916536e-16,-3.12585567375581e-15,-9.09307918186711e-17,-1.27935160415476e-13,1.5804166006252e-13,2.03333645975895e-13,-5.25990471607319e-09,-5.26538006416694e-09,-5.25904212346951e-09,-5.26550712027455e-09
1.835,nominal,1,0.06,-2.83332115994907e-18,-2.4210820052091e-17,0.0301191833429687,3.95056556912188e-12,2.43760439035982e-17,1.62641142888309e-16,4.87732696929023e-16,5.14135512305533e-16,-3.53084271558801e-15,-2.92924011524026e-15,-3.91263445581543e-16,1.92269380195747e-13,-5.82593476247857e-13,6.13500344847025e-13,-5.25958134426426e-09,-5.26542618555816e-09,-5.25938254658021e-09,-5.26547796743338e-09
1.84,nominal,1,0.06,-2.30256213612727e-17,-4.01628497562793e-17,0.0301191833429687,3.95056209967493e-12,4.62950725198499e-17,2.00719768973119e-15,-9.78697115614796e-16,2.23308992424733e-15,-4.54607736494143e-15,-3.45157176643507e-15,-3.51830695007324e-16,5.45553238541407e-13,-3.97844876967099e-15,5.45567744773855e-13,-5.25929585260898e-09,-5.26477625151277e-09,-5.25968493357478e-09,-5.26614475532023e-09
1.845,nominal,1,0.06,-4.31648114726844e-17,-4.54474618306438e-17,0.0301191833429687,3.95056209967493e-12,6.26791252038524e-17,2.15263185001408e-15,-1.38390942894459e-15,2.55910710780475e-15,-3.50959867962326e-15,1.33772693668927e-15,3.30331850813476e-17,-4.87379574428253e-13,-1.58106476562248e-13,5.12383164732013e-13,-5.25914262611065e-09,-5.26496710671117e-09,-5.25983690613909e-09,-5.26595270993889e-09
1.85,nominal,1,0.06,-5.63507807748902e-17,-3.11660468271857e-17,0.0301191833429687,3.95056209967493e-12,6.43951315611208e-17,8.65941716123316e-16,-1.10599460031835e-15,1.40466334459754e-15,-1.76478904125905e-15,4.37483906469396e-15,1.28023545739123e-16,-2.72964791280524e-14,2.69272408012745e-13,2.70652410833102e-13,-5.25941605189679e-09,-5.26537030791949e-09,-5.25954007082885e-09,-5.26552601482844e-09
1.855,nominal,1,0.06,-6.63362366699628e-17,-8.32820098739856e-18,0.0301191833429687,3.95056209967493e-12,6.68569759054343e-17,-4.7538608723872e-16,-1.06131003838177e-15,1.16291484189946e-15,-2.22939331677002e-15,4.7602992712209e-15,-7.39172400689877e-17,-5.09234642216762e-13,-2.51398583238112e-13,5.67909472088434e-13,-5.25921934160008e-09,-5.26578843704673e-09,-5.25971428485205e-09,-5.26508548933692e-09
1.86,nominal,1,0.06,-7.51820226655747e-17,9.15159049101423e-18,0.0301191833429687,3.95056209967493e-12,7.57369668035511e-17,-1.1344732609252e-15,-2.25604173758494e-15,2.5252235349528e-15,-1.30892108147471e-15,2.23161732014421e-15,-3.29867310071407e-16,2.4559977274217e-13,-2.26494096443157e-13,3.34094034808477e-13,-5.25922741164211e-09,-5.26594541171328e-09,-5.25974241992553e-09,-5.26496465636005e-09
1.865,nominal,1,0.06,-7.98376442675823e-17,1.16432685282471e-17,0.0301191833429687,3.95056209967493e-12,8.06821860401532e-17,-1.14756482546229e-15,-1.38942344947992e-15,1.80205509089011e-15,-5.53327559328323e-16,-1.23494610525107e-15,-2.67702498494921e-16,-2.50836398557007e-13,5.73141411685165e-13,6.25627666131792e-13,-5.2595350397784e-09,-5.26587487227311e-09,-5.25943740401174e-09,-5.26503777037381e-09
1.87,nominal,1,0.06,-8.54202147630369e-17,-1.58060424476933e-18,0.0301191833429687,3.95056209967493e-12,8.54348371564078e-17,-1.32194357342931e-15,-2.5465097934058e-16,1.34624735194175e-15,-1.67970063885351e-15,-4.05460300395551e-15,7.34035188450152e-17,1.81084899370198e-13,-1.19232423629429e-13,2.16813541146448e-13,-5.25954682202025e-09,-5.26582137288611e-09,-5.25940816906937e-09,-5.26507393670199e-09
1.875,nominal,1,0.06,-9.825494445625e-17,-2.98437826628929e-17,0.0301191833429687,3.95056209967493e-12,1.02687318952881e-16,5.29412704458054e-16,-1.27687699652196e-15,1.38227807473335e-15,-3.45419123843176e-15,-7.25066836329393e-15,1.363055643953e-16,5.59457611784749e-13,-2.89657983243122e-13,6.29995687795058e-13,-5.25943422158021e-09,-5.26512244301272e-09,-5.25951132529534e-09,-5.26576334329587e-09
1.88,nominal,1,0.06,-1.18131960198939e-16,-6.15783366814087e-17,0.0301191833429687,3.95056209967493e-12,1.33218060220425e-16,1.75940465063758e-15,-5.89335242091976e-16,1.85548396712469e-15,-4.49661505864388e-15,-5.44315324411235e-15,2.22193179986145e-16,-6.74608333129379e-14,5.64674685015115e-13,5.6869012997255e-13,-5.25971633749071e-09,-5.26501962194075e-09,-5.2592395099289e-09,-5.26587655685223e-09
1.885,nominal,1,0.06,-1.49462436810688e-16,-8.2915006942636e-17,0.0301191833429687,3.95056209967493e-12,1.7092079567357e-16,2.03985509968656e-15,-2.31681000670238e-16,2.05296977907344e-15,-8.0355755860555e-15,-3.09151486037858e-15,9.0282673078224e-17,1.7964101293253e-13,-4.2161298844642e-13,4.58288561448075e-13,-5.25967925674642e-09,-5.26512176091403e-09,-5.25926730716498e-09,-5.26576507555278e-09
1.89,nominal,1,0.06,-1.9927308519572e-16,-9.53032150569741e-17,0.0301191833429687,3.95056209967493e-12,2.20890165656184e-16,3.15862037338761e-15,-2.84364891351575e-15,4.2500849175656e-15,-1.18886837679573e-14,-1.86376838535663e-15,-6.90711750998063e-17,2.67865096547889e-13,-6.23174176691786e-13,6.78305067387894e-13,-5.25911381484738e-09,-5.26472370321503e-09,-5.25985550681998e-09,-5.26618589626613e-09
1.895,nominal,1,0.06,-2.59191130873141e-16,-9.44970211795183e-17,0.0301191833429687,3.95056209967493e-12,2.75879918325165e-16,2.76718527655508e-15,-4.98607565343316e-15,5.70247882736465e-15,-1.20785345030112e-14,2.18624593633893e-15,7.40567751386558e-17,-4.24439135280899e-13,-2.33796519275177e-13,4.8457134870232e-13,-5.25852415824151e-09,-5.26519355721557e-09,-5.2604415421635e-09,-5.26571241905166e-09
1.9,nominal,1,0.06,-3.1155497792912e-16,-8.16600953267599e-17,0.0301191833429687,3.95056209967493e-12,3.22078989443878e-16,2.21626026263604e-16,-6.98376264173158e-15,6.98727834936917e-15,-8.86700431938056e-15,2.94852440476444e-15,2.65583230290127e-16,-5.93784564835692e-13,-5.65278276044193e-13,8.19829030228015e-13,-5.25810382173285e-09,-5.26583430446358e-09,-5.26084726397923e-09,-5.26505710584562e-09
1.905,nominal,1,0.06,-3.41318027685839e-16,-7.71931821120297e-17,0.0301191833429687,3.95056209967493e-12,3.49938256536681e-16,-3.00839663761474e-16,-8.19719054941575e-15,8.20270915044067e-15,-3.03821558330712e-15,-1.16175911887237e-15,2.82999676087066e-16,3.84798288825661e-13,7.99071129705253e-14,3.93007467850728e-13,-5.2580629942298e-09,-5.26564080844684e-09,-5.2608950164713e-09,-5.26525752945345e-09
1.91,nominal,1,0.06,-3.40749821327583e-16,-9.01125324312717e-17,0.0301191833429687,3.95056556912188e-12,3.52463770104045e-16,1.76968889710282e-15,-6.9430721956826e-15,7.16505759271967e-15,3.26549812660955e-15,-4.00598100882443e-15,4.89212676898969e-16,4.43413135520057e-13,4.21740228522734e-13,6.11947733966012e-13,-5.25848147070831e-09,-5.26521337645839e-09,-5.26046508030108e-09,-5.26567345556319e-09
1.915,nominal,1,0.06,-3.17159645789091e-16,-1.08607261290099e-16,0.0301191833429687,3.95056903856883e-12,3.35239881461018e-16,1.87374935952981e-15,-6.24035203132222e-15,6.51559131139804e-15,6.17057208878737e-15,-3.39191053470661e-15,5.43502658129804e-16,-4.01788950549264e-13,-1.4065216277858e-13,4.25696360893268e-13,-5.25880475461555e-09,-5.26535943453721e-09,-5.26013402570003e-09,-5.26551963481365e-09
1.92,nominal,1,0.06,-2.83683830422563e-16,-1.27992822824016e-16,0.0301191833429687,3.95057250801578e-12,3.11221269095924e-16,1.77192735779481e-15,-4.62318145468907e-15,4.95111435176795e-15,7.2197540578239e-15,-4.36231407886017e-15,3.79822885317978e-16,3.61060149855265e-13,7.87520393431842e-13,8.66344505312147e-13,-5.25919810129348e-09,-5.26504935304114e-09,-5.25976309604043e-09,-5.26585213389726e-09
1.925,nominal,1,0.06,-2.5105810916101e-16,-1.46914152495994e-16,0.0301191833429687,3.95057250801578e-12,2.9088475790099e-16,4.13222245821503e-15,-2.71264002328736e-15,4.9430434289127e-15,5.83053444679723e-15,-3.206217789931e-15,1.87211578397781e-16,5.83057890312822e-13,-2.33038208711581e-14,5.83523411289756e-13,-5.25951322633542e-09,-5.26468170211733e-09,-5.25943909910763e-09,-5.26621089598956e-09
1.93,nominal,1,0.06,-2.30420862796153e-16,-1.535863767064e-16,0.0301191833429687,3.95057250801578e-12,2.76916140955207e-16,4.12111080319919e-15,-3.04993687340185e-15,5.12695515720406e-15,2.42436409914551e-15,5.37328105768493e-16,2.11311697163867e-17,-5.87502552319158e-13,-1.11614919174639e-13,5.98010985822072e-13,-5.25919924428651e-09,-5.26495405120939e-09,-5.25975007423024e-09,-5.26593556122155e-09
1.935,nominal,1,0.06,-2.20423724468107e-16,-1.46700495930191e-16,0.0301191833429687,3.95057250801578e-12,2.64778499532262e-16,1.97785527448259e-15,-3.66187702595303e-15,4.1618811660115e-15,1.57449123207302e-15,2.2170242047151e-15,-4.6780392913212e-16,-2.69799659167479e-13,-1.33161141845835e-13,3.00871643370681e-13,-5.25898619004863e-09,-5.26533759580522e-09,-5.25998437357232e-09,-5.26557315068052e-09
1.94,nominal,1,0.06,-2.10584827367755e-16,-1.3803095973083e-16,0.0301191833429687,3.95056903856883e-12,2.51790618097103e-16,1.97151419561544e-15,-4.12203244845548e-15,4.56924717318215e-15,2.36106760806757e-15,1.25079027502964e-15,-4.06626097333084e-16,2.67263227620617e-13,-5.09010271551441e-14,2.72067174432415e-13,-5.258960171392e-09,-5.26541822572528e-09,-5.26000241529278e-09,-5.26548468355085e-09
1.945,nominal,1,0.06,-1.96291741207006e-16,-1.35777208964881e-16,0.0301191833429687,3.95056556912188e-12,2.3867529855511e-16,2.63138810767997e-15,-3.28271143675628e-15,4.20718406422277e-15,3.3561668562323e-15,-3.49289968650273e-16,-4.9574499332462e-16,-3.31366279480558e-15,3.86629431834826e-13,3.86643631684317e-13,-5.25925410648853e-09,-5.26522419392293e-09,-5.25971424118581e-09,-5.26568443779936e-09
1.95,nominal,1,0.06,-1.81567614099209e-16,-1.37490000881732e-16,0.0301191833429687,3.95056209967493e-12,2.27750518840546e-16,2.52886313489266e-15,-1.97620202001508e-15,3.20944281440421e-15,2.53348398688616e-15,-3.35826798090026e-16,-4.85060555943388e-16,-3.76963263201184e-14,1.35974334861653e-13,1.41102915487603e-13,-5.25952382197221e-09,-5.26527019526586e-09,-5.25944467342468e-09,-5.26563865213135e-09
1.955,nominal,1,0.06,-1.75392034635601e-16,-1.40288235902692e-16,0.0301191833429687,3.95055863022797e-12,2.24595536345461e-16,2.48192396544308e-15,-2.16651879850114e-15,3.29450303907881e-15,-6.32522014429054e-17,-7.83467210294162e-16,-3.99027884363725e-16,1.89206585402868e-14,-2.12101046256077e-13,2.1294329090751e-13,-5.2593336783899e-09,-5.26525582619894e-09,-5.25962757507857e-09,-5.26564574563249e-09
1.96,nominal,1,0.06,-1.78872103300499e-16,-1.4459846276663e-16,0.0301191833429687,3.95055863022797e-12,2.30008575434954e-16,1.34512814342946e-15,-2.91038245495591e-15,3.20619646253332e-15,-1.32877526451631e-15,-9.40623535280949e-16,-2.80314800905138e-16,-4.73638987345733e-13,-8.54444163258296e-14,4.81284363568102e-13,-5.25931410566755e-09,-5.26550843636046e-09,-5.25964443439525e-09,-5.26539041656297e-09
1.965,nominal,1,0.06,-1.88187996181908e-16,-1.55303202153712e-16,0.0301191833429687,3.95055516078102e-12,2.43995505094169e-16,1.84329967324822e-15,-2.68936084870301e-15,3.26043179041268e-15,-2.39758188804724e-15,-3.34127221955195e-15,-4.52086368577227e-16,6.72907599273237e-13,1.73853058826988e-13,6.95003254109771e-13,-5.25919292970333e-09,-5.26519295046893e-09,-5.25978980340938e-09,-5.26573010916536e-09
1.97,nominal,1,0.06,-2.01250239336352e-16,-1.71974045223807e-16,0.0301191833429687,3.95055169133407e-12,2.64720099470326e-16,3.71023820994306e-15,-3.68363654745473e-15,5.22829281776238e-15,-2.82731537373031e-15,-3.32706500848595e-15,-2.90784045725116e-16,7.38678154046973e-14,-5.71563338327673e-13,5.7631684330144e-13,-5.25884018889042e-09,-5.26499975935695e-09,-5.26014259431243e-09,-5.26592336470605e-09
1.975,nominal,1,0.06,-2.10454847378791e-16,-1.85538323112481e-16,0.0301191833429687,3.95055169133407e-12,2.80563205229449e-16,3.31453154003647e-15,-5.21538423388134e-15,6.17951066322525e-15,-8.54527843245316e-16,-2.09864614698364e-15,2.3459391037434e-16,-2.32150483367332e-13,-4.11357362429706e-14,2.35766824901081e-13,-5.25857143371172e-09,-5.26519668901486e-09,-5.26039468912555e-09,-5.26570971166331e-09
1.98,nominal,1,0.06,-2.04665459993243e-16,-1.97826758455323e-16,0.0301191833429687,3.95055516078102e-12,2.84646055435846e-16,3.38648577910634e-15,-4.65707295920825e-15,5.75817805208194e-15,3.17028279746442e-15,-2.81672799015306e-15,5.82712383779898e-16,2.60932178995279e-13,2.64460246112205e-13,3.71516922641422e-13,-5.25878601168733e-09,-5.2649773030634e-09,-5.26014817150262e-09,-5.26589717038156e-09
1.985,nominal,1,0.06,-1.82089994540981e-16,-2.09891167990949e-16,0.0301191833429687,3.95055863022797e-12,2.77868797299263e-16,4.7149330537998e-15,-4.0820305574868e-15,6.23647073063523e-15,5.85990338344052e-15,-2.00903582409728e-15,6.52159212878528e-16,2.70446730882105e-13,-3.44432854236266e-14,2.72631205395844e-13,-5.25895078266198e-09,-5.26487287008095e-09,-5.25998160939888e-09,-5.26599977070997e-09
1.99,nominal,1,0.06,-1.48792873906378e-16,-2.16576592004534e-16,0.0301191833429687,3.95056209967493e-12,2.62763657170503e-16,3.86646234631217e-15,-3.41247888284962e-15,5.15698974221827e-15,7.45894487040082e-15,-6.65133781336617e-16,5.97854430293403e-16,-6.09835013877156e-13,3.02263955278499e-13,6.80633706784459e-13,-5.25911179340664e-09,-5.26512756584088e-09,-5.2598376103555e-09,-5.2657621175511e-09
1.995,nominal,1,0.06,-1.08781227666092e-16,-2.22197017968976e-16,0.0301191833429687,3.95056556912188e-12,2.47396180825104e-16,4.61835479810174e-15,-1.43761712728704e-15,4.83693539814399e-15,8.54571362571349e-15,-1.58303660444025e-15,2.94574486727046e-16,9.10591994592981e-13,4.87680746946534e-13,1.03296190227866e-12,-5.25956067655192e-09,-5.2644187272812e-09,-5.25939131525502e-09,-5.26647354637819e-09
2,nominal,1,0.06,-7.10496035242696e-17,-2.18532810382665e-16,0.0301191833429687,3.95056556912188e-12,2.29792592079688e-16,6.37334619345567e-15,-3.79672171449981e-16,6.38464506918039e-15,6.54693603101542e-15,3.04871963896441e-15,-8.97450041270105e-17,-2.08595436451406e-13,-6.45027646117111e-14,2.18340703376412e-13,NaN,NaN,NaN,NaN
0,max,2.99999999999978,0.179999999999987,0.0001,0.0001,0.0306191833390181,0.0005,0.00014142135623731,0,0,0,0,0,0,0,0,0,0.166985352264974,0.17043097407479,-0.353237213668345,-0.351868936702243
0.005,max,2.99999999999978,0.179999999999987,0.000102600878062062,0.000102620511370222,0.0305310913079018,0.000411907968883702,0.000145113436776171,-0.00112118864817361,0.00112138966975311,0.00158574234231869,0.0010403512248247,0.00104820454808872,-0.0352368124465199,-0.448475459269444,0.448555867901245,0.634296936927476,-0.543928460981017,-0.544367710908362,-0.289827676160079,-0.28810951354618
0.01,max,2.99999999999978,0.179999999999987,0.00010819269159917,0.000108246747968336,0.0302737773866591,0.000154594047640941,0.000153045800207629,-0.00233990445884555,0.00234221890064411,0.00331076158233415,0.0011963741900185,0.00120229009115675,-0.0676887560505843,-0.0390108649993307,0.0397758244551524,0.0557132282234938,-0.999999999969067,-0.999999999970723,-0.237840151300119,-0.235419872760178
0.015,max,2.99999999999978,0.179999999999987,0.000113054171830679,0.000113128484139277,0.0298625834801211,-0.000256599858897002,0.000159935298455254,-0.00231476633579851,0.00231886481572797,0.00327647329044007,0.000748217902585193,0.000750404377219819,-0.096788806564593,0.0490661142181449,-0.0491174584216077,0.0694262795075929,-0.999999991633772,-0.999999991666118,-0.280696855560926,-0.279532176638251
0.02,max,2.99999999999978,0.179999999999987,0.000115821160775546,0.000115904929316156,0.0293149776064907,-0.000804205732527426,0.00016385510038805,-0.00211166165758034,0.00211409441626492,0.00298806127061971,0.000358577675361562,0.00036017369353176,-0.122253542887577,0.0321757570691225,-0.0327907013636106,0.0459402812234392,-0.999999999997528,-0.999999999997526,-0.363944340129224,-0.362167664741012
0.025,max,2.99999999999978,0.179999999999987,0.000116919414981817,0.000117013171696675,0.0286526983246052,-0.00146648501441292,0.0001654153316661,-0.00195191354685564,0.00195090755354613,0.00275971135753033,8.07240071468298e-05,8.31232586759932e-05,-0.142658169866619,0.031723487220756,-0.0324840437239079,0.045404765588011,-0.999999658678546,-0.999999658980603,-0.405766058362254,-0.402335400308464
0.03,max,2.99999999999978,0.179999999999987,0.000116769294367469,0.000116878478018378,0.0279042740563173,-0.00221490928270086,0.000165213942302002,-0.00178276952730029,0.00177747797983344,0.00251747793560605,-0.000140772252885931,-0.000137000729994937,-0.156711537448556,0.0359341206013851,-0.0368877857611657,0.0514972791684817,-0.999999995567678,-0.99999999556986,-0.432019822599983,-0.426269552422599
0.035,max,2.99999999999978,0.179999999999987,0.000115594144406826,0.00011572709637171,0.0271049095437227,-0.00301427379529541,0.000163568845003482,-0.00160542225232108,0.00159458225552335,0.0022627578699184,-0.000329287731371384,-0.000323551928672347,-0.163034267589265,0.035004789390299,-0.0362705039628703,0.0504071893481453,-0.999999997591872,-0.999999997600916,-0.428299748388929,-0.419588649635247
0.04,max,2.99999999999978,0.179999999999987,0.000113422788401155,0.000113592033726516,0.0262962858635389,-0.00382289747547918,0.000160523764766527,-0.00144323391541235,0.00142543733089878,0.00202849592528955,-0.000539254670896749,-0.000530473129405211,-0.160415204484242,0.0298705453731952,-0.0313874658869586,0.0433292337307862,-0.999999999970052,-0.999999999970273,-0.358450973254419,-0.347623845762851
0.045,max,2.99999999999978,0.179999999999987,0.000109794228082286,0.000110029442039872,0.0255249282801216,-0.00459425505889654,0.000155438896791603,-0.00128894610633819,0.00126114036163324,0.00180329062460403,-0.000912169456650902,-0.000894563545252257,-0.148127828882704,0.031844578256469,-0.0343313218192571,0.0468264542987165,-0.999999995549483,-0.999999995604407,-0.233997400632119,-0.224499806116059
0.05,max,2.99999999999978,0.179999999999987,0.000103495472688966,0.000103886848119786,0.0248394178325065,-0.00527976550651164,0.000146641706480032,-0.00108608841944466,0.0010422991829444,0.00150531579464854,-0.00160733270067739,-0.00156247402278217,-0.126076350163334,0.0492984965009418,-0.0532051496562783,0.072533645346145,-0.999999762230348,-0.999999765874805,-0.174799648474812,-0.159510113128658
0.055,max,2.99999999999978,0.179999999999987,9.30953855666337e-05,9.37942985481992e-05,0.0242875448017637,-0.00583163853725439,0.000132151887061627,-0.000829482515394529,0.000769096289088879,0.00113117211123486,-0.00255270214825538,-0.00247454580585257,-0.0946728621337679,0.0533438651191102,-0.0560760078859314,0.0773956497890473,-0.924146523527246,-0.895679823818156,-0.340393966570953,-0.269723344281061
0.06,max,2.99999999999978,0.179999999999987,7.89819757876432e-05,8.00031101990045e-05,0.0239126963674399,-0.00620648697157821,0.000112421751190924,-0.000630238487795882,0.000588871433625461,0.000862537023460063,-0.00309266176334083,-0.0030419295338253,-0.0552665115957581,0.0263537459203485,-0.0160139342994357,0.0308377368783919,0.183639404273739,0.220666927083728,0.491021655394428,0.559428844268604
0.065,max,2.99999999999978,0.179999999999987,6.3385748901297e-05,6.46202920094704e-05,0.0237253069392062,-0.00639387639981187,9.05181490264107e-05,-0.00064314096111552,0.000607087114244382,0.000884412268201977,-0.00314582899119767,-0.00311119774198835,-0.0196892596977075,-0.0315147352482039,0.023300206547004,0.0391928330552594,0.780125513770617,0.74235906167366,0.999999993875269,0.999999993424446
0.07,max,2.99999999999978,0.179999999999987,4.76595564187642e-05,4.8963832410749e-05,0.0237083803483029,-0.00641080299071524,6.83292777832554e-05,-0.000419494453626048,0.000391328596641844,0.000573684292248525,-0.00314464800181544,-0.0031513860975002,0.0129186233363617,0.120973338243993,-0.109603613588019,0.163240622019911,0.999999999161677,0.999998903277408,0.999999999093164,0.999999999585588
0.075,max,2.99999999999978,0.179999999999987,3.2900239831859e-05,3.42412462978563e-05,0.0238491169860281,-0.00627006635299,4.7485668669866e-05,-0.000370023048760238,0.000361992657806684,0.000517644415520701,-0.00275907863294665,-0.0027376483476569,0.0433760317537315,-0.101184776297669,0.0978692380539553,0.140771967066142,0.999999998956466,0.999999998978332,0.999999999745739,0.999999988795804
0.08,max,2.99999999999978,0.179999999999987,1.97315250572996e-05,2.12331230277424e-05,0.0241333403540495,-0.00598584298496866,2.89858343781594e-05,-0.000231755852075909,0.000206661986783796,0.000310515622397419,-0.0025084072768771,-0.00246560096038867,0.0703133154548038,0.1564916549714,-0.16000150646311,0.223808221801954,0.999999980275063,0.999999980287735,0.875986926681117,0.903465313474036
0.085,max,2.99999999999978,0.179999999999987,8.2074126079651e-06,9.8010907953267e-06,0.0245397295501799,-0.00557945378883821,1.27837006573066e-05,-4.40085110048249e-05,4.33296070539603e-05,6.17592413191127e-05,-0.00210123770285671,-0.0021072119325776,0.092242362997377,-0.0813927185429668,0.0946685545711761,0.124847546457311,0.999999999993901,0.999999999993885,0.840902928262159,0.840087415283867
0.09,max,2.99999999999978,0.179999999999987,-1.35163782893818e-06,2.35089176968136e-07,0.0250392998967173,-0.00507988344230086,1.37192993324888e-06,-5.12451732534703e-05,3.96859053396724e-05,6.48154215014268e-05,-0.0017223824719046,-0.00171918871476582,0.107585775617566,0.0784980536435086,-0.0961260352568913,0.124105435336363,0.999999999583013,0.999999999583789,0.854212544547081,0.870043426282994
0.095,max,2.99999999999978,0.179999999999987,-9.32343942336791e-06,-7.78041120861693e-06,0.0255969715746455,-0.00452221176437258,1.21433653184108e-05,0.000208204464629061,-0.000233930182841218,0.000313165179315324,-0.00146633816586729,-0.00148701143946821,0.115482895553743,0.0252818015095037,-0.0133204000154648,0.0285762583999014,0.999999999686571,0.999999999790964,0.72715194187125,0.742217843858832
0.1,max,2.99999999999978,0.179999999999987,-1.55702831276843e-05,-1.41923080320217e-05,0.0261771113028455,-0.0039420720361726,2.10678742153079e-05,0.000241227403888404,-0.000242473599088848,0.000342029394411999,-0.00103239931585925,-0.00107774728989369,0.116572995726252,-0.0120726258057663,0.00990303351641274,0.0156146843283253,0.999999999999945,0.999999999999945,0.855485999060156,0.849166388930956
0.105,max,2.99999999999978,0.179999999999987,-2.03859567567057e-05,-1.9193070313702e-05,0.026744767810955,-0.00337441552806315,2.79993067941509e-05,0.000291520419147493,-0.000307817729487234,0.000423952720673669,-0.000893870135749311,-0.000922557622778463,0.110489607517529,0.032189831909402,-0.0360406856757671,0.0483230411122375,0.999999997778655,0.999999997778205,0.850429126089349,0.857848795423535
0.11,max,2.99999999999978,0.179999999999987,-2.45790729069012e-05,-2.35500246091867e-05,0.027267309416999,-0.00285187392201911,3.4040189248241e-05,0.000402663253100173,-0.000420341635719109,0.000582086579570625,-0.0007833763243289,-0.000820224095415421,0.0985270349000856,0.0122673016716698,-0.00896887681698283,0.0151962969720246,0.999999999999662,0.999999999999675,0.826983505121116,0.831508165969655
0.115,max,2.99999999999978,0.179999999999987,-2.81933938936647e-05,-2.73585855757371e-05,0.0277181258321031,-0.00240105750691503,3.92856165020769e-05,0.000465571044144886,-0.000474425068216221,0.000664707110311094,-0.000662352070376509,-0.000703200291204713,0.0817995311415491,0.0128958147462152,-0.012664496181862,0.0180746093044662,0.999999999999711,0.999999999999706,0.825204967016539,0.824785691733063
0.12,max,2.99999999999978,0.179999999999987,-3.12530918226715e-05,-3.06147543233384e-05,0.0280759316578762,-0.00204325168114194,4.37495020629344e-05,0.000539824997437696,-0.000547923258181664,0.000769175483693428,-0.000561527101226189,-0.0005992672078358,0.0613227991676868,0.0168057665709092,-0.0167347798043155,0.0237168009043128,0.975279036353457,0.97625238586139,0.771100611887621,0.772077888494554
0.125,max,2.99999999999978,0.179999999999987,-3.37419601772105e-05,-3.32883727765837e-05,0.0283252550544413,-0.00179392828457684,4.73986881539274e-05,0.000620766738461073,-0.000626790363776937,0.000882166369628328,-0.000434020240589422,-0.000470180173462339,0.0384065594583521,0.0155709298384416,-0.0148120624337937,0.0214907200804504,0.683489869304403,0.684450070432536,0.450079631773456,0.450273165837646
0.13,max,2.99999999999978,0.179999999999987,-3.55222389077612e-05,-3.52447577993979e-05,0.0284604968419873,-0.00165868649703086,5.0040207926809e-05,0.000662378341334722,-0.000664922495788743,0.000938545146743229,-0.000278091251630849,-0.000312373835663323,0.0156901555600388,0.00107371131101781,-0.000440790370928826,0.00116066882895646,0.415373993966588,0.416671283209665,0.178746088663986,0.17807413359865
0.135,max,2.99999999999978,0.179999999999987,-3.65349755086337e-05,-3.6422185029434e-05,0.028484479670623,-0.00163470366839513,5.15885646023883e-05,0.000660825490209637,-0.000660512838364245,0.000934327318531787,-0.00012700338871817,-0.000158597056351134,-0.00609702410574432,-0.00169485176105172,0.00220465334072806,0.00278083060338517,0.169851382104387,0.171312709648724,-0.056500044249315,-0.057789876517946
0.14,max,2.99999999999978,0.179999999999987,-3.68411818873959e-05,-3.68792424122087e-05,0.028403717834349,-0.00171546550466915,5.21282188815102e-05,0.000647731131094213,-0.000644913612739304,0.000914040035274741,4.52083721329619e-06,-2.42258967587436e-05,-0.0262077104038634,-0.00354289188511786,0.0040350369092482,0.00536969326578616,-0.0378875834885611,-0.0362871351515473,-0.255999290776681,-0.257829362284528
0.145,max,2.99999999999978,0.179999999999987,-3.65201076052993e-05,-3.66947690672405e-05,0.0282282880391176,-0.00189089529990048,5.1770883094658e-05,0.000622771026256883,-0.00061758888822584,0.000877074561257525,0.000123908875625359,9.8015234746035e-05,-0.0439642076886686,-0.00644115004981415,0.00689485289613773,0.00943543376976383,-0.204135466536803,-0.202358431853135,-0.413092525745023,-0.415441543877679
0.15,max,2.99999999999978,0.179999999999987,-3.56261642222432e-05,-3.5923097406868e-05,0.0279714924385791,-0.00214769090043903,5.05934037646566e-05,0.0005849567182105,-0.000577657016405353,0.000822108259769924,0.000233668477597063,0.000210653429402962,-0.0587540325267523,-0.00868457316873911,0.0090778958320571,0.0125630411867853,-0.325863899353676,-0.323896932085023,-0.523067457681726,-0.525891627251061
0.155,max,2.99999999999978,0.179999999999987,-3.42089028770621e-05,-3.46137459162239e-05,0.027649499642717,-0.0024696836963011,4.86658036243642e-05,0.000537800266896164,-0.00052868804150793,0.000754148640724808,0.000333236060475367,0.000313087166854658,-0.070043085818076,-0.0101780073569953,0.010509694126912,0.0146302940640405,-0.400001055822602,-0.397835989795073,-0.583428684232016,-0.586670322130942
0.16,max,2.99999999999978,0.179999999999987,-3.23198094809691e-05,-3.28183794905504e-05,0.0272808823840113,-0.00283830095500682,4.6061004301599e-05,0.000484473909232885,-0.000473857377617489,0.000677684132210514,0.000422401297961864,0.000405059403414742,-0.0774038176642101,-0.0111525357083163,0.0114225714292643,0.0159641533061392,-0.436665308325485,-0.434258720810569,-0.60659950230567,-0.610243110965143
0.165,max,2.99999999999978,0.179999999999987,-3.00029957437011e-05,-3.05811419124203e-05,0.0268861958676839,-0.00323298747133422,4.28414051387689e-05,0.00042964387992072,-0.00041772303400943,0.000599238180271729,0.000504324196945338,0.000489835627837313,-0.080470788866752,-0.0107794760165498,0.0110311660139596,0.015423479724722,-0.4531072249192,-0.450383401657044,-0.612211889004671,-0.616298807488047
0.17,max,2.99999999999978,0.179999999999987,-2.72762791236014e-05,-2.79188476955374e-05,0.0264876629819013,-0.0036315203571168,3.90314931750661e-05,0.000375118855764572,-0.000362080457856865,0.000521360157580112,0.000586362451094516,0.000575082058915853,-0.0789423654462798,-0.0110305336459091,0.0112258644470662,0.0157382561008975,-0.421116604696173,-0.417945943628283,-0.569803985866091,-0.574344151354033
0.175,max,2.99999999999978,0.179999999999987,-2.41284138996269e-05,-2.48172757140661e-05,0.0261078754082556,-0.00401130793076253,3.46132565815423e-05,0.000319565429138323,-0.000305683433552966,0.000442226667048801,0.000672783638495306,0.000665546733672654,-0.0729726640120106,-0.0111908370045905,0.0113329452744935,0.0159270361793391,-0.320766249723926,-0.316911284517099,-0.449227456893763,-0.454266184792325
0.18,max,2.99999999999978,0.179999999999987,-2.05748438657856e-05,-2.12848984600618e-05,0.0257673938056365,-0.00435178953338162,2.96035657067962e-05,0.000259777216806615,-0.000245707064083682,0.000357569802573447,0.000748644375041204,0.000747404167929055,-0.0632199770356246,-0.0127244479280926,0.0126576025132201,0.0179478822276451,-0.148512796869259,-0.144176394300778,-0.240750867293757,-0.245469334709305
0.185,max,2.99999999999978,0.179999999999987,-1.6742400112672e-05,-1.74411930193649e-05,0.0254824922053624,-0.00463669113365571,2.41765004802503e-05,0.000199189090062498,-0.000186895711589068,0.000273141539518086,0.000784333126204238,0.000790078008349731,-0.0507406630740102,-0.0115108027695541,0.0108669384846254,0.0158300010242642,0.0735560780743597,0.077526302074637,0.0213198629655289,0.0177664202995056
0.19,max,2.99999999999978,0.179999999999987,-1.28540918856478e-05,-1.35104804639046e-05,0.0252639505365185,-0.00485523280249961,1.86483447139478e-05,0.00014809450253621,-0.000138219254164842,0.00020257478595159,0.000770990164605427,0.000782207013834394,-0.0366760044635524,-0.00892703224096145,0.00860364448506515,0.0123981693429537,0.38161456672326,0.381581429522866,0.365187726673426,0.359559227193902
0.195,max,2.99999999999978,0.179999999999987,-9.13983089128049e-06,-9.73113651847749e-06,0.0251157491325071,-0.00500343420651099,1.33503380729647e-05,0.000102925964233582,-9.52214301094617e-05,0.000140217241684123,0.00071471423314151,0.000729530564336433,-0.0226045571409969,-0.0091403830800896,0.00859548513708698,0.0125470700800096,0.674363473307593,0.677348455167937,0.686289920378628,0.684401246689733
0.2,max,2.99999999999978,0.179999999999987,-5.78358732683286e-06,-6.28997499539512e-06,0.0250357491764854,-0.00508343416253275,8.54480355595127e-06,6.3415487821663e-05,-5.77962678203676e-05,8.58017055169835e-05,0.000627783192637543,0.000646934044896511,-0.00939542526771015,-0.00666380748467797,0.00637457977855065,0.00922180012502749,0.913740704774944,0.91685038441997,0.945606143131998,0.945241348828701
0.205,max,2.99999999999978,0.179999999999987,-2.90364182391387e-06,-3.3053251619692e-06,0.0250184708499748,-0.0051007124890433,4.39958069228518e-06,2.97120253299243e-05,-2.63079141965649e-05,3.96851458177979e-05,0.00052419500853005,0.00054692588847386,0.0024840946634918,-0.00681757751201752,0.00622076167097044,0.00922915158069158,0.958529214916898,0.959897302516525,0.999997977993128,0.999997993710872
0.21,max,2.99999999999978,0.179999999999987,-5.37972258555909e-07,-8.23513530665499e-07,0.0250591885741072,-0.0050599947649109,9.83660859323427e-07,4.5016393136542e-09,1.28553746446632e-06,1.28554534626477e-06,0.000422072817613135,0.000445798764047619,0.0138029949894693,-0.00506543196422672,0.00481661899344206,0.00698987979239962,0.952698951458535,0.952360692201142,0.999999730893542,0.99999973208693
0.215,max,2.99999999999978,0.179999999999987,1.33163310345866e-06,1.16222738308426e-06,0.0251542198526235,-0.00496496348639465,1.76748952251995e-06,-2.27497260432753e-05,2.24882413077219e-05,3.19886078496456e-05,0.000325769327192692,0.000348497601452283,0.0242095164170293,-0.00403625910880885,0.00366446254386017,0.00545157530708295,0.950988328740764,0.949428165539645,0.999999995708953,0.999999995563871
0.22,max,2.99999999999978,0.179999999999987,2.74704968860531e-06,2.68557223308855e-06,0.0252972467650405,-0.00482193657397758,3.84168975983261e-06,-4.22270256880016e-05,4.04026206352904e-05,5.84422232008189e-05,0.000240397306865968,0.000260840338549434,0.0330012485497982,-0.00375466074908167,0.00350128918716721,0.00513385852092445,0.95069706415411,0.948108913211891,0.999999996652414,0.999999996681043
0.225,max,2.99999999999978,0.179999999999987,3.76187825013636e-06,3.794043817334e-06,0.025478821380556,-0.00464036195846214,5.34289214346494e-06,-5.69713845967444e-05,5.40665737330069e-05,7.85425557140639e-05,0.000165534117746455,0.000182548295148748,0.0396285976563802,-0.00214308281441546,0.00196429205191939,0.00290710289028039,0.952151321671239,0.949070659140111,0.999999240708251,0.999999242576153
0.23,max,2.99999999999978,0.179999999999987,4.42962694739141e-06,4.53751603826781e-06,0.0256871864350713,-0.00443199690394681,6.3411865364925e-06,-6.75027180873182e-05,6.36814302512934e-05,9.28005469166336e-05,0.000101565361155565,0.000114840593224775,0.0437174241497502,-0.00206945058181406,0.00188165055539522,0.00279700456259722,0.955246632743627,0.952089120861017,0.999999788832368,0.999999784302583
0.235,max,2.99999999999978,0.179999999999987,4.8059301503089e-06,4.97152208859343e-06,0.0259091909293773,-0.00420999240964085,6.91469424392869e-06,-7.45250182073028e-05,7.02424979904864e-05,0.000102410872776001,4.895592001143e-05,5.87618269054706e-05,0.045084373572633,-0.000739469466179789,0.000742776540281966,0.00104810881124312,0.959297352249958,0.956268203742096,0.99999999977183,0.999999999773495
0.24,max,2.99999999999978,0.179999999999987,4.94600123256135e-06,5.15314174229519e-06,0.0261312309453594,-0.00398795239365876,7.14267442969953e-06,-7.71111002757413e-05,7.25124759901913e-05,0.000105849803778578,7.072512889551e-06,1.38860345752344e-05,0.0437316328202029,-0.000294963361195609,0.000165214659599968,0.000338081747798583,0.963605718259139,0.960641017167466,0.999999998741563,0.999999998590076
0.245,max,2.99999999999978,0.179999999999987,4.89960559105732e-06,5.13391013814456e-06,0.0263401225940158,-0.0037790607450023,7.09670122341807e-06,-7.79511582141095e-05,7.30179417782879e-05,0.000106808252904252,-2.56307694911666e-05,-2.1578676235488e-05,0.0398250266423829,-4.10598141516831e-05,3.69716556386822e-05,5.5252254785086e-05,0.965814821669314,0.962980947585041,0.999999735265557,0.999999601914312
0.25,max,2.99999999999978,0.179999999999987,4.69904688064345e-06,4.9473965375194e-06,0.0265238591872463,-0.00359532415177181,6.82332573500224e-06,-7.70477646773541e-05,7.21347890252481e-05,0.000105545183828984,-5.45927146743796e-05,-5.30267640145745e-05,0.0336696106498109,0.000402417228853869,-0.000390232756854575,0.000560554395755443,0.870542193496944,0.870365392841065,0.902235137880563,0.904646501231487
0.255,max,2.99999999999978,0.179999999999987,4.36150795539883e-06,4.61246962890875e-06,0.0266738499517598,-0.00344533338725829,6.34804125085942e-06,-7.19873699585929e-05,6.71673805761493e-05,9.84562768289386e-05,-8.04228554234684e-05,-8.09439994296876e-05,0.0263266951555972,0.0016217406586506,-0.00159673062278498,0.00227587157934269,0.705889412489261,0.705592813491378,0.732527231953468,0.734598935228678
0.26,max,2.99999999999978,0.179999999999987,3.91148640194978e-06,4.15528846734013e-06,0.0267864309037919,-0.00333275243522623,5.70667575033381e-06,-6.30585034783155e-05,5.85903073230586e-05,8.60767040094774e-05,-9.95857659561501e-05,-0.000101928465197758,0.0187056856572254,0.00194980593346036,-0.00183409867845127,0.00267687525679736,0.57236028129396,0.57205748281273,0.592555181520249,0.594269149542881
0.265,max,2.99999999999978,0.179999999999987,3.38622484305157e-06,3.61482263134962e-06,0.0268607188668803,-0.00325846447213787,4.95312642114221e-06,-5.31017407923689e-05,4.91591189210241e-05,7.23630696437853e-05,-0.000110518857603136,-0.000114257869198448,0.0110094995781215,0.00203289914091825,-0.00193837668236256,0.00280891136917366,0.462618751361079,0.462361697759917,0.476883388254254,0.47826507487151
0.27,max,2.99999999999978,0.179999999999987,2.82326370470825e-06,3.03075798932437e-06,0.0268969555626989,-0.0032222277763192,4.14201785802239e-06,-4.26381164282477e-05,3.92013943163658e-05,5.79202752833237e-05,-0.000114665597734194,-0.000119367987611652,0.00348517874934565,0.00215255060473024,-0.00204471315950076,0.00296889306148944,0.374465937567425,0.374284569893671,0.383053541135498,0.384140183340208
0.275,max,2.99999999999978,0.179999999999987,2.25487851226646e-06,2.4374349182866e-06,0.0268966335246716,-0.00322254981434655,3.32047678593961e-06,-3.19973334353447e-05,2.91914623693106e-05,4.33124788280642e-05,-0.000112688479242521,-0.000117961240803453,-0.00361399396028526,0.00210376259243096,-0.00195925961932129,0.00287480700242901,0.300249564699719,0.300174371745479,0.304206449877535,0.305005689896488
0.28,max,2.99999999999978,0.179999999999987,1.70726443316916e-06,1.86309005761363e-06,0.0268625851506005,-0.00325659818841761,2.52702520912301e-06,-2.2757342233871e-05,2.05513459403137e-05,3.06635687014408e-05,-0.0001063571523964,-0.000111776703465734,-0.0100053556681422,0.0015922338881585,-0.00149678695227749,0.00218531003180521,0.240264028418092,0.240245945887303,0.240999732380313,0.241599328789452
0.285,max,2.99999999999978,0.179999999999987,1.19665125930339e-06,1.3254949237384e-06,0.0267989701338886,-0.00332021320512953,1.78575223064362e-06,-1.49753603094934e-05,1.32025200283956e-05,1.99641666868251e-05,-9.7888117149907e-05,-0.00010326135008436,-0.0154406510166235,0.00152055888159254,-0.00144274341248976,0.00209609347756071,0.197176863768361,0.197187882724981,0.1951146390345,0.195585085782308
0.29,max,2.99999999999978,0.179999999999987,7.3264979579565e-07,8.34811528647955e-07,0.0267110453748563,-0.00340813796416183,1.11071418989898e-06,-7.51922182154207e-06,6.20938187481216e-06,9.75167268056102e-06,-8.77124682531887e-05,-9.30120079518181e-05,-0.0197292525962992,0.001461896513588,-0.00135451184894361,0.00199294851046618,0.170566622795944,0.170652677118065,0.165721225138432,0.166055572617134
0.295,max,2.99999999999978,0.179999999999987,3.24694309545498e-07,4.00848111748152e-07,0.0266048964562382,-0.00351428688277989,5.15854246220079e-07,-1.18562232323385e-06,3.70158770716084e-07,1.24206191829895e-06,-7.54697262468724e-05,-8.05733588081031e-05,-0.022730314850925,0.00107154328573529,-0.000981177392694823,0.0014528985130214,0.160720657237574,0.160913135011118,0.15375494080824,0.153964003011058
0.3,max,2.99999999999978,0.179999999999987,-1.86685507922668e-08,3.28874959078826e-08,0.0264871413628584,-0.0036320419761597,3.78166917613696e-08,3.67004997042269e-06,-4.06409728906597e-06,5.47596142794971e-06,-6.18754178882334e-05,-6.66108875280046e-05,-0.024371722500999,0.000870725631727327,-0.000792525031218,0.00117739502753071,0.170070948482134,0.170374086636998,0.161798179066135,0.161928714804503
0.305,max,2.99999999999978,0.179999999999987,-2.93131939078164e-07,-2.64031532848431e-07,0.0263645319479815,-0.00375465139103666,3.94511069611508e-07,7.31400290895313e-06,-7.34130326982258e-06,1.03628843596598e-05,-4.79099374261255e-05,-5.21567239745207e-05,-0.024672043449781,0.000586855543684851,-0.000518357361084644,0.000783003054236877,0.197757529090068,0.19818036823718,0.188802465565397,0.188897131063707
0.31,max,2.99999999999978,0.179999999999987,-4.9847061810702e-07,-4.89162402876888e-07,0.0262435488714073,-0.00387563446761087,6.98393022233388e-07,9.70748419548953e-06,-9.43516525857747e-06,1.35372668165456e-05,-3.42255341854169e-05,-3.78956240368623e-05,-0.0237211871799038,0.000370536970929706,-0.000319187434417311,0.000489058549782812,0.241053192016078,0.241598735532682,0.231984504152594,0.232086688719743
0.315,max,2.99999999999978,0.179999999999987,-6.37562924199865e-07,-6.45042750667559e-07,0.0261300775780756,-0.00398910576094252,9.06954592304958e-07,1.1162471986382e-05,-1.06627720302866e-05,1.54368224779786e-05,-2.14113882517211e-05,-2.4456515079406e-05,-0.0216673301527582,0.000211458145427283,-0.000171855274266342,0.000272486297932035,0.295733139690371,0.296402180287834,0.286939781630302,0.287082439198761
0.32,max,2.99999999999978,0.179999999999987,-7.15518882959543e-07,-7.36599920484547e-07,0.0260291584389036,-0.0040900249001145,1.02691124968495e-06,1.17722762978005e-05,-1.10973439490775e-05,1.61783043597246e-05,-9.77099525214998e-06,-1.21663528473894e-05,-0.0187003255160327,3.24635791401297e-05,-1.9734932500221e-06,3.2523509131017e-05,0.358203752164216,0.358999309868246,0.350158315460182,0.35036314811467
0.325,max,2.99999999999978,0.179999999999987,-7.39497994264643e-07,-7.70855417389402e-07,0.0259447893505461,-0.00417439398847206,1.06821128904352e-06,1.15871291709189e-05,-1.08008283720387e-05,1.58404373659882e-05,1.79350730110064e-07,-1.53584591455225e-06,-0.0150473098269927,-0.000106522429892801,0.000120579724065536,0.000160892815022883,0.439946015259982,0.440874968517724,0.433264890694333,0.43358720512997
0.33,max,2.99999999999978,0.179999999999987,-7.20122232152236e-07,-7.58394222672179e-07,0.0258794974365738,-0.00423968590244435,1.04581921297252e-06,1.07221063081909e-05,-9.9102371004439e-06,1.46005603683955e-05,7.57095411485272e-06,6.52032380144131e-06,-0.0110694557619233,-0.000239486715198389,0.000235656784572394,0.00033598810525302,0.525567420061811,0.526603499276133,0.520463946794912,0.52094255002931
0.335,max,2.99999999999978,0.179999999999987,-6.70646857191877e-07,-7.12769471156834e-07,0.0258342217549778,-0.00428496158404036,9.78676415407327e-07,9.5925863139849e-06,-8.80646224339706e-06,1.30219618120938e-05,1.22191958692908e-05,1.17295768046967e-05,-0.00704081687647969,-0.000212321282484001,0.000205853158246345,0.000295729352205097,0.60375128300692,0.604868945068227,0.600035858386469,0.600671920690436
0.34,max,2.99999999999978,0.179999999999987,-6.03516144497881e-07,-6.47013042078493e-07,0.0258087278710418,-0.00431045546797634,8.84792412540508e-07,8.4255355128684e-06,-7.6837375210534e-06,1.14030465653285e-05,1.46330892083078e-05,1.45729948266396e-05,-0.00315673669791185,-0.000254499037962602,0.000243236730691116,0.000352042422843033,0.67135998185111,0.672524773245672,0.668674265573548,0.669463097993895
0.345,max,2.99999999999978,0.179999999999987,-5.27952093657725e-07,-5.71118379127041e-07,0.0258018859319198,-0.00431729740709829,7.77759356211337e-07,7.2327309311253e-06,-6.56444232741196e-06,9.76751246694747e-06,1.55925311277548e-05,1.57848703539412e-05,0.000419961049130051,-0.000222622794734637,0.000204481346765462,0.000302280548349505,0.726413497660289,0.727607907410666,0.724473312204374,0.725390381512378
0.35,max,2.99999999999978,0.179999999999987,-4.4975748866341e-07,-4.91723853340702e-07,0.0258118384762642,-0.00430734486275396,6.66388885376284e-07,6.15968211269175e-06,-5.54904518743453e-06,8.2905721287258e-06,1.56853108699711e-05,1.59729399605944e-05,0.00356105668860349,-0.000206596732638781,0.000201677509225507,0.000288714439653483,0.767789571280782,0.76902019091837,0.766374746063836,0.767371216431291
0.355,max,2.99999999999978,0.179999999999987,-3.72176616193383e-07,-4.12590768096107e-07,0.025836179280216,-0.00428300405880214,5.55649687806349e-07,5.12263222259381e-06,-4.54104817862024e-06,6.84561753595004e-06,1.53470381180395e-05,1.56802941372437e-05,0.00617526489212447,-0.000208223223400395,0.000201521294300209,0.000289771880657324,0.795176391709798,0.79644398601382,0.794206902957681,0.79523826216096
0.36,max,2.99999999999978,0.179999999999987,-2.97002835454045e-07,-3.35540828147901e-07,0.0258721364654267,-0.00424704687359143,4.48105268460349e-07,4.13989627356937e-06,-3.58966256315254e-06,5.47945421307747e-06,1.47224741776959e-05,1.51396818420388e-05,0.00820760919215964,-0.000184871156209383,0.000179032951886871,0.000257352175548451,0.809069236353827,0.810345816782967,0.808519132532867,0.809569587640188
0.365,max,2.99999999999978,0.179999999999987,-2.25599148912008e-07,-2.61800430213741e-07,0.025916747083316,-0.0042024362557021,3.45592883679514e-07,3.16256277455002e-06,-2.65549100275464e-06,4.12958058023819e-06,1.38390004391191e-05,1.4356477331625e-05,0.00963663796357192,-0.000206062243398356,0.00019463567227229,0.000283451394555132,0.810357685053849,0.811617327525166,0.810199351822875,0.811254484103706
0.37,max,2.99999999999978,0.179999999999987,-1.59201322788671e-07,-1.92574854806717e-07,0.0259670191361552,-0.00415216420286296,2.49860232693181e-07,2.23094132953009e-06,-1.7748876121808e-06,2.85084640969631e-06,1.27201300102157e-05,1.33337528311846e-05,0.0104721831720821,-0.000166586334609618,0.000157605683957245,0.00022932631443927,0.798750831914294,0.799970592074217,0.7989276245645,0.799971263807723
0.375,max,2.99999999999978,0.179999999999987,-9.88152028340278e-08,-1.28920165170271e-07,0.0260201057065026,-0.00409907763251556,1.62434150653919e-07,1.398048279961e-06,-9.95786754942426e-07,1.71642950755942e-06,1.14343179716416e-05,1.2128123023394e-05,0.0107624449668788,-0.000166570885218018,0.000154034658938104,0.000226875595771101,0.778254457550726,0.779421194864859,0.778686663278322,0.779706225165593
0.38,max,2.99999999999978,0.179999999999987,-4.50067173742133e-08,-7.14843395076882e-08,0.0260734089676551,-0.00404577437136303,8.44725719014921e-08,6.27663339187305e-07,-2.84264432007067e-07,6.89033768885138e-07,1.00890762122843e-05,1.0846207241639e-05,0.0105588594941321,-0.000141583091091459,0.00013057427023604,0.000192601691920624,0.750982156859151,0.752086106319614,0.751631942582436,0.752619157030709
0.385,max,2.99999999999978,0.179999999999987,1.98361039364983e-09,-2.05983280848289e-08,0.026124621239413,-0.00399456209960515,2.06936181003721e-08,-4.07688635960466e-08,3.24778822941604e-07,3.27327640247882e-07,8.70705489486098e-06,9.50819732750475e-06,0.00992604920901739,-0.000125789790021881,0.000113043031743428,0.000169120661953218,0.71886692207316,0.719903770420425,0.719692418267262,0.720640175304344
0.39,max,2.99999999999978,0.179999999999987,4.20439219804458e-08,2.35422041623704e-08,0.0261717839900209,-0.0039473993489972,4.81863751730771e-08,-6.35704249879857e-07,8.58102568213389e-07,1.06792317649245e-06,7.3170697398574e-06,8.14801557137498e-06,0.0089390510341623,-0.000112184364491643,0.000100286466365285,0.000150474938021018,0.683768336416684,0.684733677660577,0.684778397575355,0.68568560265282
0.395,max,2.99999999999978,0.179999999999987,7.49654282306346e-08,6.06420111545252e-08,0.0262133291998484,-0.00390585413916975,9.64223467183203e-08,-1.16609643440355e-06,1.32319277447184e-06,1.76369498858027e-06,5.85153276021811e-06,6.69190722548694e-06,0.00767903289682088,-9.99725093178342e-05,8.57496161380943e-05,0.000131709905804897,0.647490052667438,0.648381816022327,0.648604608730215,0.649473525885319
0.4,max,2.99999999999978,0.179999999999987,1.00614379089852e-07,9.04409371199963e-08,0.0262481004149837,-0.00387108292403445,1.35287901849277e-07,-1.54224148616487e-06,1.63416026903524e-06,2.24699545761476e-06,4.40804758346883e-06,5.22766316070152e-06,0.00622945315729567,-5.04855113866957e-05,3.86373816872678e-05,6.35738477962739e-05,0.611639374993374,0.612458458843836,0.612859261710165,0.613693484098595
0.405,max,2.99999999999978,0.179999999999987,1.18960595696003e-07,1.1274197703042e-07,0.0262753544619486,-0.00384382887706953,1.63897457921335e-07,-1.88266441855552e-06,1.9098505764077e-06,2.68178197046289e-06,2.93043905899165e-06,3.69275280346809e-06,0.00467216562867419,-8.56836615695621e-05,7.16387412617131e-05,0.000111686163464997,0.577641097009878,0.578393149291544,0.578950002902262,0.579752213906346
0.41,max,2.99999999999978,0.179999999999987,1.29781019751828e-07,1.27144602033079e-07,0.0262947463290198,-0.00382443700999835,1.81683413976e-07,-2.10587846859702e-06,2.07582144186927e-06,2.95698474514577e-06,1.39773056333845e-06,2.06829719759539e-06,0.00308458119979886,-3.60195844703958e-06,-5.25039507708221e-06,6.36716209308738e-06,0.54672155572179,0.547417438852852,0.548060265479819,0.54883075969415
0.415,max,2.99999999999978,0.179999999999987,1.32929231299374e-07,1.33367701403395e-07,0.0263063002382705,-0.00381288310074759,1.88300622174935e-07,-2.15211173171539e-06,2.08052676443181e-06,2.99335539542235e-06,-1.38445944319984e-07,4.20942550530837e-07,0.00153698250050267,-1.4891346800309e-05,7.13252410209526e-06,1.65113630447048e-05,0.5200393341782,0.520688991932973,0.521251794739975,0.521994528055835
0.42,max,2.99999999999978,0.179999999999987,1.28978522531634e-07,1.31897002493877e-07,0.0263103662097001,-0.00380881712931801,1.84478395866055e-07,-2.07327600897235e-06,1.96843841115355e-06,2.85888495534273e-06,-1.44183756277635e-06,-1.00922211433789e-06,8.9406071330369e-05,4.64256358975276e-05,-5.19678654133977e-05,6.9684996262573e-05,0.500132929005149,0.5007514333103,0.501134738170392,0.501854734421894
0.425,max,2.99999999999978,0.179999999999987,1.19360693274529e-07,1.24117524927338e-07,0.0263075348234251,-0.00381164851559299,1.72197953219731e-07,-1.84130470577556e-06,1.72076511846924e-06,2.52020547028445e-06,-2.40529414006539e-06,-2.10256891227765e-06,-0.00122196058132538,4.63628853811896e-05,-4.7101451660327e-05,6.60913299108093e-05,0.485645253413442,0.486246364500022,0.48640420226115,0.487103725772778
0.43,max,2.99999999999978,0.179999999999987,1.05839678150163e-07,1.11815739501811e-07,0.0262985819924734,-0.00382060134654469,1.53963622558274e-07,-1.61027074295768e-06,1.48505562272074e-06,2.19051639304525e-06,-3.0031119096813e-06,-2.81814525793331e-06,-0.00235917179935204,4.60506997459616e-05,-4.71823466390704e-05,6.59305754673968e-05,0.47521176952243,0.475804015433082,0.475772730864329,0.476455479323805
0.435,max,2.99999999999978,0.179999999999987,8.9981582584008e-08,9.66305818116012e-08,0.0262844722807906,-0.00383471105822749,1.32038458585259e-07,-1.33672264547872e-06,1.2105564951309e-06,1.80340634878533e-06,-3.34012631678052e-06,-3.25591781815051e-06,-0.00328471287376801,6.33685392456211e-05,-6.26173043968688e-05,8.90870281020416e-05,0.468689184574261,0.469278337775507,0.469054677731144,0.469726416592503
0.44,max,2.99999999999978,0.179999999999987,7.30479946477454e-08,7.98991132452109e-08,0.0262663307705874,-0.00385285256843076,1.0825838452253e-07,-1.05084564925257e-06,9.31884982991513e-07,1.40452347793768e-06,-3.43330885772452e-06,-3.43666960840562e-06,-0.00397189120754203,5.09822592448379e-05,-4.88513004588845e-05,7.06090667990455e-05,0.46626184304354,0.466855872360064,0.466457152418316,0.467121736330428
0.445,max,2.99999999999978,0.179999999999987,5.61348032936057e-08,6.27944879785409e-08,0.0262453784694885,-0.00387380486952966,8.42274531331615e-08,-7.88258419437454e-07,6.81287726687968e-07,1.04187537755227e-06,-3.33196768393134e-06,-3.40518049826239e-06,-0.00440902923201861,5.40526326812095e-05,-5.13876020625337e-05,7.45813163299433e-05,0.467425546907894,0.468030228136166,0.467482666850828,0.468144604237581
0.45,max,2.99999999999978,0.179999999999987,4.00748482670525e-08,4.62389207500185e-08,0.0262228675072973,-0.00389631583172081,6.11884895691483e-08,-5.31527664494254e-07,4.3911997847703e-07,6.89454866993035e-07,-3.09201432668994e-06,-3.21704639314657e-06,-0.00459535564443937,4.86396692960706e-05,-4.54794972218416e-05,6.65898047510473e-05,0.472175816646363,0.472796115708322,0.472113417531708,0.472777825460346
0.455,max,2.99999999999978,0.179999999999987,2.54968781842936e-08,3.09467694555744e-08,0.0262000173671458,-0.00391916597187237,4.00972983738453e-08,-3.11003863236881e-07,2.35420861756669e-07,3.90059463541801e-07,-2.73917370641361e-06,-2.89981412463108e-06,-0.00454470041618404,3.95698512068786e-05,-3.60001494663027e-05,5.34956436182484e-05,0.481904861426465,0.482547672171043,0.481758571998212,0.482432305012229
0.46,max,2.99999999999978,0.179999999999987,1.2831020936708e-08,1.74278098382502e-08,0.0261779182392427,-0.00394126509977545,2.16417109775648e-08,-1.24853324981582e-07,6.63312065572568e-08,1.41379566141285e-07,-2.32716919262065e-06,-2.5077697222986e-06,-0.00429495074504976,3.48903640952413e-05,-3.16357126134621e-05,4.70973016133628e-05,0.494969587060304,0.49563831833171,0.494773929508965,0.49546271634839
0.465,max,2.99999999999978,0.179999999999987,2.24774236401981e-09,5.92003253179395e-09,0.0261574701930307,-0.00396171314598745,6.33238745754775e-09,2.11699222831131e-08,-6.44756652893691e-08,6.78621914174587e-08,-1.90614223645461e-06,-2.09534120028389e-06,-0.00388426773975096,2.35189348106366e-05,-2.06870361251883e-05,3.13224162265911e-05,0.509665297499547,0.510361131801319,0.509471843008308,0.510178857416251
0.47,max,2.99999999999978,0.179999999999987,-6.41333900644e-09,-3.68772456003996e-09,0.0261393883818724,-0.0039797949571457,7.39798821587644e-09,1.14418252847309e-07,-1.43836590788438e-07,1.83794726350544e-07,-1.55829031172931e-06,-1.74776163644967e-06,-0.0033484567235473,1.37803974150419e-05,-1.10573340744392e-05,1.76681631685427e-05,0.525113742873814,0.52583683448202,0.524921413159381,0.525648181099942
0.475,max,2.99999999999978,0.179999999999987,-1.3481247471056e-08,-1.16888816996148e-08,0.0261242060264025,-0.0039949773126156,1.78430375430711e-08,2.16890845584236e-07,-2.32237270753991e-07,3.17766878112725e-07,-1.26887307411711e-06,-1.45270121938027e-06,-0.00272448546441394,2.7208639679729e-05,-2.4302937911782e-05,3.64820896381396e-05,0.540650098696612,0.541399535778225,0.540439701630615,0.541186779589324
0.48,max,2.99999999999978,0.179999999999987,-1.91329016672443e-08,-1.82370518042652e-08,0.0261122700366943,-0.00400691330232384,2.64321392384327e-08,3.02994544415593e-07,-3.05673330458068e-07,4.30397350013845e-07,-9.91788604358179e-07,-1.1665668224799e-06,-0.002049910418883,7.23283985281375e-06,-5.07148596984872e-06,8.83368226046326e-06,0.555573129919708,0.556347092164546,0.555351192234489,0.556117994619155
0.485,max,2.99999999999978,0.179999999999987,-2.34338277723741e-08,-2.338529073756e-08,0.0261037440437595,-0.00401543929525859,3.31061339776407e-08,3.55173012914615e-07,-3.46256546102838e-07,4.96025669519141e-07,-7.28581837693747e-07,-8.92728750838002e-07,-0.00136048675501685,1.36385475467948e-05,-1.11618002880596e-05,1.76237273258726e-05,0.569280503118385,0.570076795289363,0.569062911105286,0.569847459520838
0.49,max,2.99999999999978,0.179999999999987,-2.65063257087721e-08,-2.72467615902717e-08,0.0260986212551225,-0.00402056208389558,3.80127783743391e-08,4.06083675450663e-07,-3.86457974791126e-07,5.60583372699528e-07,-5.00417336865458e-07,-6.51859590246714e-07,-0.000688628699777724,6.72571746762437e-06,-4.91877118725567e-06,8.33244174578401e-06,0.581285862726898,0.582101445894195,0.581064966819728,0.581864677879177
0.495,max,2.99999999999978,0.179999999999987,-2.8467898739409e-08,-2.99294845562892e-08,0.026096744343171,-0.00402243899584715,4.13061170341924e-08,4.33710682599995e-07,-4.04310705073678e-07,5.92935158713437e-07,-2.84211875389325e-07,-4.21229596160281e-07,-6.21360808525977e-05,4.32508539210864e-06,-2.22232092576483e-06,4.86262007009841e-06,0.59118781832541,0.59201917256121,0.590975750160243,0.591787427768206
0.5,max,2.99999999999978,0.179999999999987,-2.94164540446228e-08,-3.15221263974152e-08,0.0260978308501163,-0.00402135248890181,4.31158001337563e-08,4.49997676529685e-07,-4.11957826799172e-07,6.10087829696029e-07,-9.52102466961718e-08,-2.15827140290095e-07,0.000496738858990665,2.18971217976728e-06,-8.36527764432789e-07,2.34406018073088e-06,0.598726683094387,0.599569789055464,0.598525646779644,0.599345905389178
0.505,max,2.99999999999978,0.179999999999987,-2.94813433129078e-08,-3.21451151218923e-08,0.0261015020187254,-0.0040176813202927,4.36171758569172e-08,4.52791187595265e-07,-4.0784813411164e-07,6.09393107987182e-07,6.92545393821685e-08,-3.33683495007342e-08,0.000971728584652087,-1.07230775353534e-06,2.48040483944539e-06,2.70226795226456e-06,0.603807990491781,0.604658553618342,0.603622022481617,0.604447589447527
0.51,max,2.99999999999978,0.179999999999987,-2.87892532237231e-08,-3.19199287514437e-08,0.0261073120703968,-0.00401187126862133,4.29849154085115e-08,4.44022424325401e-07,-3.93184972602338e-07,5.93085437339434e-07,2.07581496291712e-07,1.23442897680158e-07,0.00135229208389645,-2.43519755441011e-06,3.38485976427555e-06,4.16982766464233e-06,0.60652835057338,0.607382593858792,0.606360667924354,0.607188159524111
0.515,max,2.99999999999978,0.179999999999987,-2.7473580571034e-08,-3.09772352662428e-08,0.0261147749651271,-0.00400440837389104,4.14051534731276e-08,4.26783375140438e-07,-3.71764002191899e-07,5.65996928102973e-07,3.18687564783937e-07,2.53634496400186e-07,0.00163286580821938,-4.46042211957525e-06,5.18352839990016e-06,6.83844515642025e-06,0.60698108941528,0.607835403108045,0.606831495727439,0.607657782933222
0.52,max,2.99999999999978,0.179999999999987,-2.56591891391273e-08,-2.94392139685315e-08,0.0261233901450909,-0.00399579319392724,3.90520333191819e-08,4.02600380980317e-07,-3.44192526177293e-07,5.29674958669752e-07,4.07069007978714e-07,3.6157402268434e-07,0.00181320617730219,-5.21277554447293e-06,5.845062005942e-06,7.83184389083195e-06,0.605643845266059,0.60649522633708,0.605514403811384,0.606337248300516
0.525,max,2.99999999999978,0.179999999999987,-2.34613943912655e-08,-2.74203855244751e-08,0.0261326621512691,-0.00398652118774906,3.608759577879e-08,3.71258481166014e-07,-3.11446878296192e-07,4.8459469439743e-07,4.72048891166024e-07,4.45957354938242e-07,0.00189559629396919,-7.32398438124845e-06,7.25319714649835e-06,1.03077454403348e-05,0.602625964171858,0.603471484329381,0.602517295587585,0.603334862785612
0.53,max,2.99999999999978,0.179999999999987,-2.09940351056634e-08,-2.50385535310709e-08,0.0261421195046438,-0.00397706383437434,3.26753526828117e-08,3.35159301041394e-07,-2.75355980222884e-07,4.33765688960135e-07,5.14894823074819e-07,5.06775442423405e-07,0.00188734505592186,-7.11568766859953e-06,7.18316208282505e-06,1.01109261942314e-05,0.598243815934869,0.599081398464594,0.598155199106391,0.598965832033081
0.535,max,2.99999999999978,0.179999999999987,-1.83604186087487e-08,-2.24044714371815e-08,0.0261513349744993,-0.00396784836451879,2.89666241020242e-08,2.97587328480374e-07,-2.38466722753535e-07,3.81345769522749e-07,5.38551775691046e-07,5.46857395132357e-07,0.00179884288629806,-7.91310135580835e-06,7.57254090491439e-06,1.0952650310491e-05,0.592843009242484,0.593671392222561,0.592772625502931,0.593574941592135
0.54,max,2.99999999999978,0.179999999999987,-1.56456098427773e-08,-1.96088642036944e-08,0.0261599388821763,-0.00395924445684184,2.50857063426832e-08,2.57918320089657e-07,-2.00677658930797e-07,3.26792568201629e-07,5.47371730697528e-07,5.71385498262508e-07,0.00164272018447946,-7.95450200047856e-06,7.54308462418081e-06,1.09623094155917e-05,0.586772210815523,0.587590432109768,0.586719425310599,0.587512811277067
0.545,max,2.99999999999978,0.179999999999987,-1.2919938142922e-08,-1.67258544014688e-08,0.0261676283383676,-0.00395155500065053,2.113478192639e-08,2.17754082161762e-07,-1.63148246048681e-07,2.72092246282162e-07,5.42896949244599e-07,5.81818422627729e-07,0.00143306229204562,-8.11119317067921e-06,7.46868052866576e-06,1.10259985258181e-05,0.580364650661681,0.581172363756669,0.580328796010325,0.581113016818879
0.55,max,2.99999999999978,0.179999999999987,-1.02470812337055e-08,-1.38222965668926e-08,0.0261741727227901,-0.00394501061622806,1.72063522047322e-08,1.77121967331754e-07,-1.26201571842432e-07,2.17483397175443e-07,5.26245814441975e-07,5.79604711202731e-07,0.00118469147694363,-8.14165276132424e-06,7.30998915383395e-06,1.09417755010395e-05,0.573929672835315,0.574726746021347,0.573910569193013,0.574686072982375
0.555,max,2.99999999999978,0.179999999999987,-7.68854783809031e-09,-1.09634727783083e-08,0.0261794156167821,-0.00393976772223607,1.33907245218214e-08,1.36723494147289e-07,-9.05382630207912e-08,1.63983203172355e-07,4.97167543804118e-07,5.63924804231008e-07,0.000912466119852181,-8.01773651246167e-06,6.95533437482215e-06,1.06141780204048e-05,0.567743887977784,0.568530485819245,0.567741039471965,0.568508758570251
0.56,max,2.99999999999978,0.179999999999987,-5.30675475098612e-09,-8.21941494801797e-09,0.0261832734074162,-0.00393590993160196,9.78368172391227e-09,9.75207373149178e-08,-5.71756546034165e-08,1.13045785793962e-07,4.55549691037559e-07,5.3369832788512e-07,0.000630650133789158,-7.66336622048685e-06,6.38970899212774e-06,9.97775339609959e-06,0.562042310351699,0.562818839545974,0.562054265471733,0.562815533387265
0.565,max,2.99999999999978,0.179999999999987,-3.16132720950276e-09,-5.66318354240785e-09,0.0261857309881795,-0.0039334523508386,6.48580276916756e-09,6.09015478693442e-08,-2.73042291358885e-08,6.67421865208739e-08,4.02621325555785e-07,4.88794234358926e-07,0.000352382171556828,-6.98430955774259e-06,5.5588611948835e-06,8.9264504581808e-06,0.557018767005182,0.557786047729998,0.557042898494549,0.557799147723795
0.57,max,2.99999999999978,0.179999999999987,-1.30125157086408e-09,-3.36289556096692e-09,0.0261868349599388,-0.00393234837907927,3.60587329292742e-09,2.84465826078541e-08,-2.01293241407155e-09,2.85177130739667e-08,3.41408929899685e-07,4.31320958217446e-07,8.92065321755945e-05,-5.99767654685344e-06,4.55765749384326e-06,7.53288562184914e-06,0.552814308735422,0.553573609134448,0.552847240405884,0.553599810300531
0.575,max,2.99999999999978,0.179999999999987,2.42379964971433e-10,-1.3712727830935e-09,0.0261866849177852,-0.00393249842123295,1.39252902773068e-09,1.14864933032951e-09,1.82186922660103e-08,1.82548662873123e-08,2.76043684434522e-07,3.65328152931922e-07,-0.00014922339365055,-4.92149676415641e-06,3.53499237818949e-06,6.05948030060828e-06,0.549519503985788,0.550272406305339,0.549557830880937,0.550307953990481
0.58,max,2.99999999999978,0.179999999999987,1.4588864274959e-09,2.80522715097066e-10,0.0261854234827519,-0.00393375985626618,1.48561186115929e-09,-2.06625279444401e-08,3.3389127529702e-08,3.92654287923802e-08,2.10558900575265e-07,2.95390046344304e-07,-0.000355350619640847,-3.80297414575145e-06,2.53318172728719e-06,4.56942250363388e-06,0.547176376749042,0.547924601717668,0.547217048603549,0.547965887235438
0.585,max,2.99999999999978,0.179999999999987,2.3560715781074e-09,1.58315032385334e-09,0.0261832255752269,-0.00393595776379119,2.83856270480016e-09,-3.69834649204688e-08,4.37661540272167e-08,5.72996764027302e-08,1.48315159669334e-07,2.25660997158206e-07,-0.000523812390362406,-2.72540064466002e-06,1.61762887171865e-06,3.16931094096667e-06,0.545781984940788,0.546527285228926,0.545822440320843,0.546571066340719
0.59,max,2.99999999999978,0.179999999999987,2.9565406799683e-09,2.54635241375196e-09,0.0261802874535001,-0.00393889588551804,3.90192816532132e-09,-4.81636156770867e-08,4.98560370661784e-08,6.93206917668474e-08,9.1872481075027e-08,1.59619838801239e-07,-0.000651436300377041,-1.74665965798716e-06,8.18324343866027e-07,1.92885320659805e-06,0.545293206722297,0.546037260138242,0.545331455632164,0.54608084568303
0.595,max,2.99999999999978,0.179999999999987,3.29354191002275e-09,3.19503778019296e-09,0.0261768160039282,-0.0039423673350899,4.58864737476488e-09,-5.4755226789483e-08,5.2280107797853e-08,7.57056439912035e-08,4.29280109467544e-08,9.98543077751625e-08,-0.000737143528365068,-8.89984786971353e-07,1.51303948803816e-07,9.02754565739809e-07,0.545633011881762,0.546377346831631,0.545667623258844,0.546418640373101
0.6,max,2.99999999999978,0.179999999999987,3.40686389683812e-09,3.56486017776014e-09,0.0261730187091803,-0.00394616462983785,4.93101913386666e-09,-5.74299828070555e-08,5.17233333831779e-08,7.72884605972073e-08,2.40078377939386e-09,4.8074651251708e-08,-0.000781774370816353,-1.79917620057642e-07,-3.74013714673826e-07,4.15038081109818e-07,0.546697360617048,0.547443304274008,0.546727425367903,0.547480798044433
0.605,max,2.99999999999978,0.179999999999987,3.33920051997434e-09,3.69801582472863e-09,0.0261690946480106,-0.00395008869100753,4.98252758673149e-09,-5.69293149956508e-08,4.88786925427257e-08,7.50338156470823e-08,-2.94661345249064e-08,5.18760753568969e-09,-0.000787850097055102,3.80184744619534e-07,-7.63842621507079e-07,8.53226810685311e-07,0.548461932412336,0.549211425811578,0.548483279641755,0.549239002193399
0.61,max,2.99999999999978,0.179999999999987,3.15070564352365e-09,3.66372784642499e-09,0.0261652250596728,-0.0039539582793453,4.83216802116831e-09,-5.00496231698331e-08,4.17120912866915e-08,6.51526157491131e-08,-4.59318160553705e-08,-1.89027988571458e-08,-0.000759985238051349,2.37169198570752e-06,-2.10279788090659e-06,3.16965010734853e-06,0.550598931326262,0.551352271143217,0.550614357950599,0.551373138176405
0.615,max,2.99999999999978,0.179999999999987,2.90351843565153e-09,3.5385228179899e-09,0.026161568886921,-0.00395761445209709,4.577287738345e-09,-4.80113754339214e-08,3.81698670878029e-08,6.13353969951894e-08,-5.2943067093475e-08,-3.11792125168899e-08,-0.000702483862665579,-1.55639289134283e-06,6.85908201351149e-07,1.70083182381541e-06,0.553052288469086,0.553809277881545,0.553065811439896,0.553828654819531
0.62,max,2.99999999999978,0.179999999999987,2.62560893134815e-09,3.35622373278404e-09,0.0261582601517738,-0.00396092318724433,4.26122752324703e-09,-4.68036492862074e-08,3.53440631328034e-08,5.86496750651007e-08,-5.82207346278791e-08,-4.1740421565453e-08,-0.000621010196228865,2.03948335042845e-06,-1.81622978335094e-06,2.73096740416392e-06,0.555687031576237,0.556447823149146,0.555699167217936,0.5564663218493
0.625,max,2.99999999999978,0.179999999999987,2.32241311406156e-09,3.12119551160858e-09,0.0261554034430443,-0.00396377989597383,3.89043237880453e-09,-4.14271666103487e-08,2.96994585418985e-08,5.09732083652141e-08,-6.30575922867586e-08,-5.22708669047315e-08,-0.00052167329557407,1.11109719915028e-07,-4.41612053011052e-07,4.55375202689203e-07,0.558370965426794,0.559136003189938,0.558379766809307,0.559150795144564
0.63,max,2.99999999999978,0.179999999999987,2.00510404787348e-09,2.84612475120177e-09,0.026153072537412,-0.00396611080160607,3.48150374726237e-09,-3.84365808600536e-08,2.60448255831454e-08,4.64295561885735e-08,-6.38660341884731e-08,-5.77574372579926e-08,-0.0004106889573211,1.085124580203e-06,-1.02024113049017e-06,1.48942516391545e-06,0.56098138400732,0.561750273959173,0.560988664793503,0.56176361566221
0.635,max,2.99999999999978,0.179999999999987,1.68508170085497e-09,2.54501590105337e-09,0.0261513105623917,-0.00396787277662646,3.05231162812233e-09,-3.3472951153003e-08,2.11769147715226e-08,3.96093445809402e-08,-6.41429046189299e-08,-6.26861028013668e-08,-0.000294101050835585,9.00327302617245e-07,-9.26923194158967e-07,1.29219807293925e-06,0.563414974065872,0.564187627504705,0.563419854978945,0.56419817216774
0.64,max,2.99999999999978,0.179999999999987,1.36916245250823e-09,2.22656213066402e-09,0.0261501314645372,-0.00396905187448088,2.61384482000471e-09,-2.90933234099139e-08,1.6940457429591e-08,3.36660149848127e-08,-6.22247947197667e-08,-6.46954053543728e-08,-0.000177538090930184,8.51523794618381e-07,-7.67659742613645e-07,1.14647034555235e-06,0.565585384540038,0.566361313471267,0.565588480233315,0.566369767498259
0.645,max,2.99999999999978,0.179999999999987,1.06559932566062e-09,1.90185762873183e-09,0.026149522581759,-0.00396966075725912,2.18003769756714e-09,-2.44951078882361e-08,1.28373794699633e-08,2.76551735144107e-08,-5.92004560192753e-08,-6.51863954185064e-08,-6.60150203657048e-05,9.87762414052755e-07,-8.73571441237468e-07,1.31863628403022e-06,0.56742795180786,0.568206710349624,0.567429378590889,0.568213022625605
0.65,max,2.99999999999978,0.179999999999987,7.79631347966554e-10,1.57867618983721e-09,0.0261494480860304,-0.0039697352529877,1.76069405380125e-09,-1.99246980232875e-08,8.91731643169509e-09,2.18291576489377e-08,-5.51867350583517e-08,-6.40861801393382e-08,3.62167289318605e-05,8.40401531926691e-07,-6.94453774069803e-07,1.09020217353687e-06,0.56880193100887,0.569582607464651,0.568801725734051,0.569587201959418
0.655,max,2.99999999999978,0.179999999999987,5.16414609657294e-10,1.26309503994548e-09,0.0261498547915927,-0.00396932854742544,1.36458533225385e-09,-1.58725573180662e-08,5.39545046798661e-09,1.67645149517602e-08,-5.00999602653522e-08,-6.21462798173573e-08,0.000126465495973432,7.80454750161837e-07,-7.14292611413588e-07,1.05798088440681e-06,0.569893236113964,0.57067554835299,0.569891672355274,0.570678352097518
0.66,max,2.99999999999978,0.179999999999987,2.80471958024802e-10,9.59840603832943e-10,0.0261506744982436,-0.00396850884077453,9.99979251787084e-10,-1.14936992540012e-08,2.18312165931234e-09,1.1699194105612e-08,-4.42771003876447e-08,-5.91554946276558e-08,0.00020141716438973,9.71088475464154e-07,-5.70638912056119e-07,1.12633991100906e-06,0.570586937055941,0.571370499770046,0.570584228989277,0.571371295367429
0.665,max,2.99999999999978,0.179999999999987,7.5009844128918e-11,6.75445980047504e-10,0.0261518267615152,-0.00396735657750289,6.79598225923654e-10,-7.44370084506581e-09,-4.71069243737227e-10,7.45859158978615e-09,-3.79077451707089e-08,-5.46023548865199e-08,0.000259488144265216,6.48910888109998e-07,-4.91037449163708e-07,8.13758635707731e-07,0.570892294555221,0.571676525983353,0.570888786629995,0.571675666532075
0.67,max,2.99999999999978,0.179999999999987,-9.82898206010437e-11,4.16512503369118e-10,0.0261532255518408,-0.00396595778717732,4.27952747738106e-10,-4.04739743490335e-09,-2.71488404619198e-09,4.87360455723789e-09,-3.14121207212758e-08,-4.89710357848347e-08,0.000300027985966377,7.09610475954987e-07,-4.06488471818191e-07,8.17789646123104e-07,0.570839192416474,0.571623450375706,0.570835082805651,0.571621370902983
0.675,max,2.99999999999978,0.179999999999987,-2.3914018113911e-10,1.86895869353393e-10,0.0261547836477072,-0.00396439969131092,3.03509624586449e-10,-8.6680910130218e-10,-4.48769213132911e-09,4.57063876101509e-09,-2.49280234939508e-08,-4.28756178214551e-08,0.000323210360590392,5.6262485748548e-07,-3.02634762236663e-07,6.38854075336926e-07,0.570469319470243,0.571253218607663,0.57046484271047,0.571250017080539
0.68,max,2.99999999999978,0.179999999999987,-3.48114191485416e-10,-1.09688978434811e-11,0.0261564165155036,-0.00396276682351453,3.4828696075714e-10,1.70984580483734e-09,-5.80960160749601e-09,6.05599236410847e-09,-1.86615806445714e-08,-3.62702890572947e-08,0.000329936757965126,4.68037104970329e-07,-2.26129028230095e-07,5.19800989838702e-07,0.569833457479432,0.570616547623255,0.569828817765645,0.570612585275979
0.685,max,2.99999999999978,0.179999999999987,-4.26694279165309e-10,-1.75614281339217e-10,0.0261580456512411,-0.003961137687777,4.61419964547149e-10,3.85658442036647e-09,-6.72521294098863e-09,7.75253071538928e-09,-1.2770454427386e-08,-2.95878643409995e-08,0.000321717537050329,3.9065834124132e-07,-1.40115505166953e-07,4.15025655074009e-07,0.568988189069561,0.569770173287022,0.568983557855652,0.5697656498047
0.69,max,2.99999999999978,0.179999999999987,-4.77028330494767e-10,-3.06971371934446e-10,0.0261596012963614,-0.0039595820426567,5.67263123499087e-10,5.52590608577321e-09,-7.24440544396131e-09,9.11136917841011e-09,-7.36316610439716e-09,-2.29549718970922e-08,0.00030054051106768,2.77070324921376e-07,-6.75614960221187e-08,2.85188570417511e-07,0.567992956503275,0.568773607615861,0.567988499342201,0.56876875980307
0.695,max,2.99999999999978,0.179999999999987,-5.01823914441476e-10,-4.05779633575416e-10,0.0261610244789261,-0.00395815886009203,6.45355988683738e-10,6.71422646901455e-09,-7.42169777850965e-09,1.00081184541726e-08,-2.55506747428627e-09,-1.65683327592961e-08,0.000268732514799778,1.98257828375163e-07,-3.35543779721665e-09,1.9828622109175e-07,0.566907078696916,0.567686246430384,0.566902925199638,0.567681299917762
0.7,max,2.99999999999978,0.179999999999987,-5.04249876373186e-10,-4.73735562616883e-10,0.0261622683671065,-0.00395691497191161,6.91876666112038e-10,7.48486178828162e-09,-7.29683110271109e-09,1.04530808918314e-08,1.58468270160226e-09,-1.06140388572906e-08,0.000228822757369101,1.09996299331663e-07,5.33021081166391e-08,1.22230522359755e-07,0.565787220546669,0.566564850040408,0.565783478783938,0.566559985545684
0.705,max,2.99999999999978,0.179999999999987,-4.87779840447506e-10,-5.1329364828804e-10,0.0261632989550107,-0.00395588438400742,7.08095715366108e-10,7.84624258901534e-09,-6.92075630954725e-09,1.04623319896578e-08,5.00333166866952e-09,-5.20919541117197e-09,0.00018341240430843,3.4556020961825e-08,9.71278091488987e-08,1.03091851738045e-07,0.564685275099164,0.565461374417912,0.564682023005632,0.565456767109301
0.71,max,2.99999999999978,0.179999999999987,-4.56074932592683e-10,-5.27519577975779e-10,0.0261640951243245,-0.00395508821469363,6.97338690513558e-10,7.86098624138183e-09,-6.34917760033574e-09,1.01048088001604e-08,7.67863147325989e-09,-4.81176463923638e-10,0.000135055321205722,-2.86585600152257e-08,1.31503674535705e-07,1.34590228020235e-07,0.563646682544104,0.564421330537038,0.56364396676174,0.564417111683594
0.715,max,2.99999999999978,0.179999999999987,-4.12827421515004e-10,-5.19973048880782e-10,0.0261646481469145,-0.00395453519210361,6.63926540753646e-10,7.57978986178713e-09,-5.63372816266574e-09,9.44415731336915e-09,9.62037295781155e-09,3.49978810192244e-09,8.61537148042886e-05,-8.38199918226566e-08,1.54676100532296e-07,1.75927505254372e-07,0.562709190188789,0.563482519354776,0.562707029763059,0.563478789718471
0.72,max,2.99999999999978,0.179999999999987,-3.61617411544775e-10,-4.94491081601637e-10,0.0261649607102407,-0.00395422262877742,6.12608016692485e-10,7.05943782895807e-09,-4.82788235216659e-09,8.55243301448692e-09,1.08636310302803e-08,6.69299880973545e-09,3.8871615670284e-05,-1.24320821308967e-07,1.6766222366736e-07,2.08725388623474e-07,0.561902082196459,0.562674267679802,0.561900468448888,0.562671093111756
0.725,max,2.99999999999978,0.179999999999987,-3.0578254772196e-10,-4.55024118772783e-10,0.0261650455590801,-0.003954137779938,5.48224329226896e-10,6.36332413839906e-09,-3.97896803111748e-09,7.50493708721046e-09,1.14703144988457e-08,9.09378632180614e-09,-4.93207990149768e-06,-1.54124654914638e-07,1.71903504752286e-07,2.30879241593252e-07,0.561245851865622,0.562017101587629,0.561244754136255,0.562014511810846
0.73,max,2.99999999999978,0.179999999999987,-2.48305282409171e-10,-4.05450189826908e-10,0.0261649238531352,-0.0039542594858829,4.75442288509314e-10,5.54670247419536e-09,-3.12873935198872e-09,6.36827435573623e-09,1.15205916262697e-08,1.0735785256544e-08,-4.37502980596759e-05,-1.72524010766842e-07,1.68187966899219e-07,2.40939258944595e-07,0.560752281394648,0.561522821524231,0.560751651581286,0.561520817770089
0.735,max,2.99999999999978,0.179999999999987,-1.91735741760541e-10,-3.49416243717671e-10,0.0261646233414919,-0.00395455999752626,3.98565309632225e-10,4.66415610635818e-09,-2.3122524844577e-09,5.20584899285016e-09,1.11072246331827e-08,1.16777931871509e-08,-7.6454359283441e-05,-1.80494536368029e-07,1.58406780113188e-07,2.40147841223979e-07,0.560424885727872,0.561194950167009,0.560424663492473,0.56119350719724
0.74,max,2.99999999999978,0.179999999999987,-1.38144795996465e-10,-2.90216303729375e-10,0.0261641764519027,-0.00395500688711542,3.21417932933503e-10,3.76246427605563e-09,-1.55631797372524e-09,4.07164132309503e-09,1.03291536724477e-08,1.20021828081672e-08,-0.000102301476383059,-1.8018219575299e-07,1.43967024179796e-07,2.3063418592558e-07,0.560259659024167,0.561029477873169,0.560259777376737,0.56102855098811
0.745,max,2.99999999999978,0.179999999999987,-8.91105095163506e-11,-2.3069870309941e-10,0.0261636183860026,-0.0039555649530155,2.47310684197051e-10,2.88057393692856e-09,-8.80512604133496e-10,3.01214353113361e-09,9.28456091959797e-09,1.18048574438188e-08,-0.000120924883648758,-1.72573939897836e-07,1.26355123656902e-07,2.13886376392263e-07,0.560246013625433,0.561015803176727,0.560246403264779,0.561015333991882
0.75,max,2.99999999999978,0.179999999999987,-4.57334460912415e-11,-1.73216630941339e-10,0.0261629853024812,-0.00395619803653696,1.79152307621332e-10,2.05002004405256e-09,-2.97089838421347e-10,2.07143538472975e-09,8.06626445044566e-09,1.11879714194099e-08,-0.000132308524934377,-1.59647617252567e-07,1.07013982627958e-07,1.92196134644584e-07,0.560368065045892,0.561138019920514,0.560368658355072,0.561137941492421
0.755,max,2.99999999999978,0.179999999999987,-8.67386756110013e-12,-1.19611352381853e-10,0.0261623126555574,-0.00395687068346075,1.19925441825674e-10,1.29361588617692e-09,1.88066999980331e-10,1.3072150769674e-09,6.75756696161088e-09,1.02541400043847e-08,-0.000136750244581415,-1.42914045897689e-07,8.70487527327138e-08,1.67337712029201e-07,0.560605820255211,0.561376106747764,0.560606554240164,0.56137634889726
0.76,max,2.99999999999978,0.179999999999987,2.17944048664881e-11,-7.12253238152779e-11,0.0261616337426156,-0.00395754959640253,7.44851853463196e-11,6.26935242076028e-10,5.74365542197271e-10,8.50260885740661e-10,5.42974200942442e-09,9.1002714222452e-09,-0.000134814932131091,-1.23758211742668e-07,6.74706641540624e-08,1.40955260615322e-07,0.560936455525614,0.561707207195314,0.56093727380128,0.561707700242899
0.765,max,2.99999999999978,0.179999999999987,4.57209706038778e-11,-2.89392337072132e-11,0.0261609785027667,-0.00395820483625146,5.4109947334306e-11,5.87544039352523e-11,8.65553121402509e-10,8.67544976327691e-10,4.14088428553145e-09,7.81416462098068e-09,-0.000127281007442531,-1.03514123513643e-07,4.90043675280328e-08,1.14527733774925e-07,0.561335620002606,0.562106935125388,0.561336474054025,0.562107613046775
0.77,max,2.99999999999978,0.179999999999987,6.34122893841166e-11,6.77581944284646e-12,0.0261603725913012,-0.0039588107477169,6.37732716273597e-11,-4.07943250943784e-10,1.06853760479087e-09,1.1437614737535e-09,2.93564322656405e-09,6.47185663904317e-09,-0.000115083578732993,-8.3164938437972e-08,3.21894258273101e-08,8.91771614287177e-08,0.561778648391797,0.562550589280898,0.56177949805608,0.562551391900344
0.775,max,2.99999999999978,0.179999999999987,7.53662438335572e-11,3.57962860006632e-11,0.0261598367399135,-0.00395934659910459,8.34352731224659e-11,-7.74720487882575e-10,1.19245932860814e-09,1.42202358796526e-09,1.84593855321217e-09,5.13632998408354e-09,-9.92569763423414e-05,-6.35459563375443e-08,1.73792636995992e-08,6.58796430894498e-08,0.562241664794788,0.563014258914598,0.562242478227739,0.563015133182487
0.78,max,2.99999999999978,0.179999999999987,8.22115536427588e-11,5.82807483252055e-11,0.026159386399266,-0.00395979693975209,1.0077393104222e-10,-1.04675888932733e-09,1.24776941998837e-09,1.6286904855877e-09,8.92185370468468e-10,3.85745494573337e-09,-8.08792826571318e-05,-4.52694042403589e-08,4.744772852492e-09,4.55173794247732e-08,0.562702542573886,0.563475785086055,0.562703295771595,0.563476685768806
0.785,max,2.99999999999978,0.179999999999987,8.4654367033277e-11,7.46057500284758e-11,0.0261590316482728,-0.00396015169074533,1.12837847352368e-10,-1.23179808065082e-09,1.24550332378244e-09,1.751743429001e-09,8.49399857388253e-11,2.67254573557476e-09,-6.10211146377204e-05,-2.87462722890376e-08,-5.65121133486239e-09,2.92964905759507e-08,0.563141642828699,0.563915500334223,0.563142318900171,0.563916390110056
0.79,max,2.99999999999978,0.179999999999987,8.34333639961457e-11,8.5306027599437e-11,0.0261587773452022,-0.00396040599381592,1.1932411563682e-10,-1.33927475035707e-09,1.19671229210037e-09,1.7960448677603e-09,-5.73341200591349e-10,1.60756529280971e-09,-4.07001135969169e-05,-1.42443955934608e-08,-1.38652013379659e-08,1.98782950467422e-08,0.56354240462048,0.56431681980565,0.563542992914792,0.564317668981616
0.795,max,2.99999999999978,0.179999999999987,7.9283602583252e-11,9.1021490505229e-11,0.0261586234879594,-0.00396055985105875,1.20709574485094e-10,-1.37961073563562e-09,1.11200945896407e-09,1.77197370711492e-09,-1.08656336456612e-09,6.78619869507074e-10,-2.08427835354497e-05,-1.88999851795854e-09,-2.00159319165559e-08,2.01049651799272e-08,0.563891726285007,0.564666623132013,0.563892221460321,0.564667409118581
0.8,max,2.99999999999978,0.179999999999987,7.29087566871958e-11,9.24518964052883e-11,0.0261585657448776,-0.00396061759414048,1.17741411366634e-10,-1.36360587379517e-09,1.00126850230364e-09,1.69173271906471e-09,-1.46337499385637e-09,-1.06457509483337e-10,-2.25444915655395e-06,8.29194325413713e-09,-2.42804507476162e-08,2.56572915842114e-08,0.564180155379302,0.564955444650903,0.564180556491171,0.564956151278257
0.805,max,2.99999999999978,0.179999999999987,6.49609188163277e-11,9.03194222587405e-11,0.0261585961143865,-0.00396058722463164,1.11254298841052e-10,-1.30199342012225e-09,8.73409563075594e-10,1.56781093595929e-09,-1.71576015449087e-09,-7.4653214913578e-10,1.44022526894146e-05,1.63530382150313e-08,-2.68631249436006e-08,3.14491548471143e-08,0.564401899486414,0.565177484185562,0.564402209129039,0.565178100964166
0.81,max,2.99999999999978,0.179999999999987,5.6026891647009e-11,8.53387463250901e-11,0.026158703670906,-0.00396047966811213,1.02086797441999e-10,-1.20508470818646e-09,7.36284162060345e-10,1.41221227908758e-09,-1.85785071323665e-09,-1.2457382243244e-09,2.86203551176757e-05,2.24104465592863e-08,-2.79870354624991e-08,3.58539017258346e-08,0.564554676947293,0.56533045751559,0.564554900473808,0.565330978874053
0.815,max,2.99999999999978,0.179999999999987,4.66198447872557e-11,7.81938987477693e-11,0.0261588753552812,-0.00396030798373693,9.10367822880632e-11,-1.08251749116184e-09,5.9661316756483e-10,1.23603858774031e-09,-1.90496803066466e-09,-1.6122008066039e-09,4.00533949623732e-05,2.66164402505605e-08,-2.7881362335707e-08,3.85461445193503e-08,0.5646394315818,0.565415310616111,0.564639576399816,0.565415735167037
0.82,max,2.99999999999978,0.179999999999987,3.7175303420265e-11,6.95209987568423e-11,0.0261590967707403,-0.00396008656827779,7.88363650388426e-11,-9.43083849886032e-10,4.59978676056457e-10,1.04927952917348e-09,-1.87284851613161e-09,-1.85695918976689e-09,4.85127886941571e-05,2.91570162597627e-08,-2.67724342676418e-08,3.95840224558756e-08,0.564659938834206,0.56543582517971,0.564660013792474,0.565436155013582
0.825,max,2.99999999999978,0.179999999999987,2.80505359305515e-11,5.98959708627962e-11,0.0261593529494303,-0.00395983038958784,6.61389438348397e-11,-7.94594868913014e-10,3.30848306892581e-10,8.60721562339749e-10,-1.7770584797538e-09,-1.99305196785159e-09,5.3958687286853e-05,3.02385761294444e-08,-2.48797133979088e-08,3.91582893535748e-08,0.564622332548122,0.565398144643916,0.564622347392541,0.565398384668864
0.83,max,2.99999999999978,0.179999999999987,1.95265576222815e-11,4.98264363781833e-11,0.0261596290597088,-0.00395955427930933,5.35159809283678e-11,-6.43830343256869e-10,2.12631168027922e-10,6.7803357182014e-10,-1.63253284355421e-09,-2.03476182599354e-09,5.64854241168753e-05,3.00672341330135e-08,-2.24071421479546e-08,3.74982477943717e-08,0.564534581501841,0.565310249922711,0.564534546402577,0.565310407245986
0.835,max,2.99999999999978,0.179999999999987,1.18121585255058e-11,3.97470694437075e-11,0.0261599110302208,-0.00395927230879731,4.14651253271299e-11,-4.964874231704e-10,1.07745594645047e-10,5.08044165926348e-10,-1.45322679515606e-09,-1.99698494779678e-09,5.63027806899318e-05,2.88699339015742e-08,-1.95470872051957e-08,3.48649064488747e-08,0.56440592997715,0.565181399133857,0.564405855123824,0.56518148248513
0.84,max,2.99999999999978,0.179999999999987,5.04944240291643e-12,3.00178476950337e-11,0.02616018607327,-0.00395899726574812,3.04395802997119e-11,-3.57183559951876e-10,1.7710146510424e-11,3.57622349398518e-10,-1.25185965387967e-09,-1.89470375167277e-09,5.37144389851876e-05,2.68516113858355e-08,-1.64670920486533e-08,3.1498796081037e-08,0.564246406835588,0.565021635939084,0.564246302088688,0.565021655132481
0.845,max,2.99999999999978,0.179999999999987,-6.79508226854772e-13,2.09247547659888e-11,0.0261604430953826,-0.0039587402436355,2.09357849971558e-11,-2.29490590603448e-10,-5.67569320082214e-11,2.36404907957736e-10,-1.03972059802881e-09,-1.74253341994517e-09,4.90944060653379e-05,2.42255763535355e-08,-1.33197393588049e-08,2.76458677969687e-08,0.56406625523574,0.564841218433068,0.564066129845293,0.564841183882079
0.85,max,2.99999999999978,0.179999999999987,-5.34518334400755e-12,1.26825314935374e-11,0.0261606729898312,-0.00395851034918695,1.37629063088297e-11,-1.15969905611916e-10,-1.15636818571826e-10,1.63770854601941e-10,-8.26549448832304e-10,-1.5543558890354e-09,4.28633733523641e-05,2.11826976430777e-08,-1.02322152666369e-08,2.35245596919654e-08,0.563875489528942,0.564650175401363,0.563875351905242,0.5646500976724
0.855,max,2.99999999999978,0.179999999999987,-8.96270537875879e-12,5.43914492328568e-12,0.0261608688120065,-0.00395831452701165,1.04840061619085e-11,-1.82602652594213e-11,-1.59486202570256e-10,1.60528147368694e-10,-6.2045936506819e-10,-1.34299873906529e-09,3.5465496767619e-05,1.790115849792e-08,-7.30753833273514e-09,1.93352422289468e-08,0.563683486372392,0.5644578968551,0.563683343921484,0.564457786283947
0.86,max,2.99999999999978,0.179999999999987,-1.15836597880945e-11,-7.18335162203405e-13,0.0261610258425568,-0.00395815749646128,1.16059114028832e-11,6.28458176024156e-11,-1.89327836171435e-10,1.99485905114807e-10,-4.27922398666089e-10,-1.11999329513035e-09,2.73467233804328e-05,1.45412746468148e-08,-4.62911510773642e-09,1.52603202795607e-08,0.563498651222788,0.564272800068854,0.563498510242432,0.564272666428922
0.865,max,2.99999999999978,0.179999999999987,-1.32879907176485e-11,-5.75677035105318e-12,0.0261611415478741,-0.00395804179114405,1.44814053940589e-11,1.2728634965413e-10,-2.06537828972269e-10,2.4261015973131e-10,-2.53809973155536e-10,-8.95380780409566e-10,1.89354035120993e-05,1.12349381738712e-08,-2.25488201259743e-09,1.14589846261108e-08,0.563328163141627,0.564102074033419,0.563328028760592,0.564101926275312
0.87,max,2.99999999999978,0.179999999999987,-1.41761558096334e-11,-9.68921871857509e-12,0.0261612154508105,-0.00395796788820764,1.71710323776816e-11,1.75620054796797e-10,-2.12732825351491e-10,2.75858040718152e-10,-1.01456063638413e-10,-6.77598566599196e-10,1.06257710525961e-05,8.0985438831955e-09,-2.23116539091051e-10,8.10161675334369e-09,0.563177798192695,0.563951502636041,0.563177674378595,0.563951348692558
0.875,max,2.99999999999978,0.179999999999987,-1.43617818409406e-11,-1.25667847496718e-11,0.0261612489269964,-0.00395793441202174,1.90836279724625e-11,2.08902232098663e-10,-2.09658972610285e-10,2.95967949906411e-10,2.72056511155504e-11,-4.73427845839495e-10,2.76470330742524e-06,5.21432703755079e-09,1.45265763557348e-09,5.41289392660924e-09,0.563051839176453,0.563825374289712,0.563051728781157,0.563825220946788
0.88,max,2.99999999999978,0.179999999999987,-1.3965054447079e-11,-1.44703646731161e-11,0.0261612449435625,-0.00395793839545557,2.01100521999036e-11,2.28561977716101e-10,-1.9911706540629e-10,3.03130637503879e-10,1.3148530642908e-10,-2.88004123538234e-10,-4.35807683992233e-06,2.64957120942428e-09,2.76410524602424e-09,3.82890394302452e-09,0.562953049505343,0.563726455795692,0.562952954344316,0.563726308630936
0.885,max,2.99999999999978,0.179999999999987,-1.31069378581643e-11,-1.55026077453732e-11,0.0261612077577764,-0.00395797558124174,2.03008045881114e-11,2.36290597778338e-10,-1.82869871361417e-10,2.98788614994256e-10,2.11761329136819e-10,-1.2489310536458e-10,-1.05162376265351e-05,4.41876815470839e-10,3.7347723719249e-09,3.76082169082026e-09,0.562882720942569,0.563656040182731,0.562882641906502,0.563655903554488
0.89,max,2.99999999999978,0.179999999999987,-1.19043248684376e-11,-1.57803491476095e-11,0.026161142592996,-0.00395804074602207,1.97669514542268e-11,2.3392440194958e-10,-1.62584376611071e-10,2.84875947291938e-10,2.69283866753854e-10,1.37965444700613e-11,-1.55496745078493e-05,-1.38835514697434e-09,4.37942552821374e-09,4.59422441455578e-09,0.562840778906377,0.563614052182511,0.562840716094802,0.563613929280148
0.895,max,2.99999999999978,0.179999999999987,-1.04661984769397e-11,-1.54277545532028e-11,0.0261610553083351,-0.00395812803068298,1.8642878562941e-11,2.233558954217e-10,-1.39782662826928e-10,2.63490130453905e-10,3.05966689845284e-10,1.27241293292621e-10,-1.93641898560405e-05,-2.83904746417764e-09,4.74125998544349e-09,5.52627693419549e-09,0.562825934574011,0.563599200574568,0.562825887432667,0.563599093499831
0.9,max,2.99999999999978,0.179999999999987,-8.89078445782482e-12,-1.45703545893407e-11,0.0261609520769369,-0.00395823126208127,1.70687223052759e-11,2.06443263462313e-10,-1.15800249353114e-10,2.36703440573248e-10,3.24198917800677e-10,2.15718692252198e-10,-2.19283694580217e-05,-3.92600531957713e-09,4.85170540408219e-09,6.24119885096992e-09,0.562835872630096,0.563609166224494,0.562835840097185,0.563609076105658
0.905,max,2.99999999999978,0.179999999999987,-7.26365123954465e-12,-1.33300482282549e-11,0.0261608390857765,-0.00395834425324158,1.51806065457656e-11,1.84954141510356e-10,-9.1783866365633e-11,2.0647593706497e-10,3.26654369511389e-10,2.80403852182128e-10,-2.32680946666783e-05,-4.66964346120548e-09,4.75484779091002e-09,6.66439401367453e-09,0.562867462744839,0.563640813875644,0.562867443380753,0.563640740999057
0.91,max,2.99999999999978,0.179999999999987,-5.65665264940128e-12,-1.182112202303e-11,0.0261607222675815,-0.00395846107143658,1.31048328901724e-11,1.60506878196727e-10,-6.86584373397878e-11,1.74575023890592e-10,3.16145066545962e-10,3.23166629907821e-10,-2.3459183334225e-05,-5.10926186424612e-09,4.49532381942807e-09,6.80532828296748e-09,0.562916983116233,0.563690416029756,0.562916975240754,0.563690359986705
0.915,max,2.99999999999978,0.179999999999987,-4.12762911884065e-12,-1.01472927765888e-11,0.0261606070729231,-0.00395857626609497,1.09546735613852e-11,1.34531348818951e-10,-4.71464772593577e-11,1.42553408002101e-10,2.95464345678287e-10,3.46365068668684e-10,-2.2618680021072e-05,-5.2809498868643e-09,4.10946021274395e-09,6.69149422384101e-09,0.562980342968597,0.563753875767831,0.562980344768621,0.563753835597246
0.92,max,2.99999999999978,0.179999999999987,-2.720756346447e-12,-8.39971459688894e-12,0.0261604982879682,-0.00395868505104993,8.82936693120864e-12,1.08261991131905e-10,-2.77774620208724e-11,1.11768717090989e-10,2.67284763279173e-10,3.52666203211248e-10,-2.0895301962714e-05,-5.22679318795432e-09,3.63814588265017e-09,6.3683178699787e-09,0.563053304444001,0.563826948965962,0.563053314068317,0.563826923290895
0.925,max,2.99999999999978,0.179999999999987,-1.46735092343366e-12,-6.65582813230567e-12,0.0261603999007114,-0.00395878343830672,6.81565601092758e-12,8.27196061473955e-11,-1.08951999706079e-11,8.34340375600976e-11,2.34077405926165e-10,3.44888382622057e-10,-1.84596007549235e-05,-4.99016080584935e-09,3.11475893745563e-09,5.88246785853478e-09,0.563131678181936,0.563905440157841,0.563131693824898,0.563905427315142
0.93,max,2.99999999999978,0.179999999999987,-3.87049156264101e-13,-4.97894912225279e-12,0.0261603150161277,-0.00395886832289037,4.99397050565445e-12,5.8705809483498e-11,3.31503088707783e-12,5.87993324528013e-11,1.98043300941658e-10,3.25863221399095e-10,-1.5494232706716e-05,-4.61535785970964e-09,2.56933340561868e-09,5.28232925160971e-09,0.563211496843638,0.563985376300638,0.563211516804968,0.563985374459565
0.935,max,2.99999999999978,0.179999999999987,5.1076145319127e-13,-3.41849459628749e-12,0.0261602458186584,-0.0039589375203597,3.45644073678587e-12,3.68276656168307e-11,1.48022123850507e-11,3.96910877436892e-11,1.6108094284049e-10,2.98318588987026e-10,-1.21847550237681e-05,-4.13589968695731e-09,2.02553919357045e-09,4.60526603414652e-09,0.563289163142698,0.564063155015929,0.563289185871799,0.564063162273637
0.94,max,2.99999999999978,0.179999999999987,1.2253935563602e-12,-2.01069655383179e-12,0.0261601935784971,-0.00395898976052103,2.35467407501763e-12,1.75002590823432e-11,2.36313556424517e-11,2.94057823811774e-11,1.2477189842708e-10,2.64800627995253e-10,-8.71130950943272e-06,-3.59506292683768e-09,1.50611810938995e-09,3.89780312578189e-09,0.563361565310827,0.56413566021116,0.563361589440048,0.56413567467772
0.945,max,2.99999999999978,0.179999999999987,1.76326211895859e-12,-7.79673091642297e-13,0.0261601586965922,-0.00395902464242594,1.92794798425305e-12,9.68938062888374e-13,2.99539285657161e-11,2.99695958846584e-11,9.03755266122765e-11,2.27608756880544e-10,-5.24145245218618e-06,-3.01746548094423e-09,1.02291105991581e-09,3.18613323092241e-09,0.563426157596083,0.564200342681548,0.563426181956461,0.564200362545457
0.95,max,2.99999999999978,0.179999999999987,2.13631445099648e-12,2.61244949756383e-13,0.0261601407822001,-0.00395904255681802,2.15222869540149e-12,-1.26582218655151e-11,3.3991892640789e-11,3.627229446974e-11,5.88454062028798e-11,1.88758459678928e-10,-1.92430438039644e-06,-2.43339849041716e-09,5.92274570113364e-10,2.50443953402103e-09,0.563481008491932,0.564255268398011,0.563481032122783,0.564255291976267
0.955,max,2.99999999999978,0.179999999999987,2.3605431204157e-12,1.10804799365586e-12,0.0261601387561024,-0.00395904458291569,2.60766834156237e-12,-2.34129610901197e-11,3.60088383884396e-11,4.29511721503875e-11,3.08460615648078e-11,1.49962757880861e-10,1.11386531316372e-06,-1.86849719942468e-09,2.14503728946893e-10,1.8807694260568e-09,0.56352481704866,0.564299134820655,0.563524839191244,0.564299160602522
0.96,max,2.99999999999978,0.179999999999987,2.45463088181905e-12,1.76448769540627e-12,0.0261601509722315,-0.00395903236678659,3.02301663793302e-12,-3.14115605245971e-11,3.62969005343506e-11,4.80015741720099e-11,6.78904299653329e-12,1.12613122819304e-10,3.77258632641643e-06,-1.33094257436626e-09,-9.92788705825016e-11,1.33464018761793e-09,0.563556900161214,0.56433125816683,0.563556920252459,0.564331284826907
0.965,max,2.99999999999978,0.179999999999987,2.4387536592827e-12,2.24053746300263e-12,0.0261601753504509,-0.00395900798856717,3.31172576367413e-12,-3.68510949311316e-11,3.5162747912546e-11,5.09354693547093e-11,-1.31399320110721e-11,7.7806784219241e-11,5.9787014417708e-06,-8.44871188247553e-10,-3.5438217813934e-10,9.16184508117014e-10,0.563577154602258,0.564351535365315,0.563577172259091,0.564351561782594
0.97,max,2.99999999999978,0.179999999999987,2.33354113925075e-12,2.55093545035001e-12,0.0261602095135495,-0.00395897382546866,3.45726567107998e-12,-3.99947084641381e-11,3.29047899064667e-11,5.17909442269603e-11,-2.89450760017079e-11,4.63524107197134e-11,7.6865379615388e-06,-4.12574224955032e-10,-5.48801024292383e-10,6.86585796067479e-10,0.56358599818332,0.564360385120591,0.56358601318135,0.564360410385244
0.975,max,2.99999999999978,0.179999999999987,2.15922889142349e-12,2.71378343984626e-12,0.0261602509220843,-0.00395893241693383,3.46798067525494e-12,-4.11299460778946e-11,2.98143740689369e-11,5.07993047737172e-11,-4.07798231291993e-11,1.87867850787866e-11,8.87687597099561e-06,-4.15208205475849e-11,-6.87365310719555e-10,6.88618217098222e-10,0.563584294869482,0.56435867291824,0.56358430712639,0.564358696318482
0.98,max,2.99999999999978,0.179999999999987,1.93497710403208e-12,2.74929963217132e-12,0.0261602970014977,-0.00395888633752044,3.36196146030642e-12,-4.05704618292497e-11,2.61581184934998e-11,4.82722439519709e-11,-4.89208918273638e-11,-4.58030814876551e-12,9.55488938313585e-06,2.65314520005525e-10,-7.75136919455268e-10,8.19285687918668e-10,0.563573268838113,0.564347624940846,0.563573278389745,0.564347645957095
0.985,max,2.99999999999978,0.179999999999987,1.6783407669325e-12,2.67874005581151e-12,0.0261603452568731,-0.00395883808214504,3.16108779007427e-12,-3.86395309248095e-11,2.2179386350758e-11,4.45526489558758e-11,-5.37336430124673e-11,-2.36435223951577e-11,9.74726077872108e-06,5.07057841770574e-10,-8.16355937641465e-10,9.61012316166399e-10,0.563554412395787,0.564328735845266,0.563554419372302,0.564328754139697
0.99,max,2.99999999999978,0.179999999999987,1.40490556081973e-12,2.52343569698377e-12,0.0261603933717365,-0.00395878996728158,2.88816331803348e-12,-3.56497199089823e-11,1.80835392919066e-11,3.9973953055844e-11,-5.56404394326393e-11,-3.84782211359392e-11,9.49868460716451e-06,6.88866564560311e-10,-8.21982885899079e-10,1.07247051636868e-09,0.563529392396676,0.564303675048733,0.563529397001814,0.564303690439316
0.995,max,2.99999999999978,0.179999999999987,1.12806397441213e-12,2.3040027597264e-12,0.0261604392883885,-0.00395874405062958,2.56533760881358e-12,-3.18919824082691e-11,1.4048487261512e-11,3.48490822872886e-11,-5.50961951304039e-11,-4.92949537670059e-11,8.86797619250621e-06,8.14228435724968e-10,-7.92037926258783e-10,1.13591021747999e-09,0.563499959361239,0.564274195709813,0.563499961851304,0.564274208149088
1,max,2.99999999999978,0.179999999999987,8.5890934589696e-13,2.03974681002025e-12,0.026160481268322,-0.00395870207069611,2.21320860143298e-12,-2.76419484514404e-11,1.02169331686455e-11,2.94696969371023e-11,-5.25656562756622e-11,-5.64074261154563e-11,7.92399719582989e-06,8.85785147006526e-10,-7.40583710887795e-10,1.15459064585233e-09,0.563467862789301,0.564242049916347,0.563467863454468,0.56424205947518
1.005,max,2.99999999999978,0.179999999999987,6.06232034620661e-13,1.74819502313048e-12,0.0261605179322999,-0.00395866540671824,1.85032513864415e-12,-2.31394502022855e-11,6.6938243155337e-12,2.40882012535449e-11,-4.85052682348576e-11,-6.02132886404512e-11,6.74159395138651e-06,9.15214152655414e-10,-6.68659830356932e-10,1.13345618087058e-09,0.563434776028231,0.564208913451877,0.563434775173767,0.564208920291075
1.01,max,2.99999999999978,0.179999999999987,3.76608981412746e-13,1.4447715598778e-12,0.0261605482805854,-0.00395863505843274,1.49305029557362e-12,-1.85919133988083e-11,3.55915798443434e-12,1.89295232213321e-11,-4.33439530483081e-11,-6.11560966606218e-11,5.39772024977653e-06,9.03800568735467e-10,-5.85206702082815e-10,1.07671832538004e-09,0.563402232954485,0.564176322387958,0.563402230890073,0.564176326738718
1.015,max,2.99999999999978,0.179999999999987,1.74552161485998e-13,1.14261914097302e-12,0.0261605716946085,-0.00395861164440959,1.15587497524488e-12,-1.41762410012052e-11,8.60734837019918e-13,1.42023474603289e-11,-3.74787749223914e-11,-5.97048709012899e-11,3.96788901112153e-06,8.62468390305795e-10,-4.94162556882952e-10,9.94006215725921e-10,0.563371576317077,0.564145621353645,0.563371573340487,0.564145623499843
1.02,max,2.99999999999978,0.179999999999987,2.70953053903437e-15,8.52510863104534e-13,0.0261605879220286,-0.00395859541698953,8.52515168936588e-13,-1.00278231833461e-11,-1.37842993361346e-12,1.01221196830671e-11,-3.12582774563939e-11,-5.63384402461032e-11,2.52307901043204e-06,7.96898736837835e-10,-4.01503351370401e-10,8.92329836963553e-10,0.563343921095668,0.564117926854251,0.563343917485679,0.564117927107878
1.025,max,2.99999999999978,0.179999999999987,-1.37892507434987e-13,5.82872401038101e-13,0.0261605970476557,-0.00395858629136246,5.9896125041494e-13,-6.24882342540541e-12,-3.15734923083886e-12,7.00118906810652e-12,-2.49825377332146e-11,-5.15169445804701e-11,1.12717181834743e-06,7.1470116633843e-10,-3.10064367519757e-10,7.79062044493851e-10,0.563320131285504,0.564094104024792,0.563320127296117,0.564094102711236
1.03,max,2.99999999999978,0.179999999999987,-2.47604911803409e-13,3.3990124102384e-13,0.0261605994530209,-0.00395858388599726,4.20524726976572e-13,-2.91463133555741e-12,-4.49065692561968e-12,5.35360396796674e-12,-1.89024240141541e-11,-4.56715194252342e-11,-1.65025739514361e-07,6.1897566960077e-10,-2.23258710392571e-10,6.58008610372141e-10,0.563300810196097,0.564074756918291,0.563300806047311,0.564074754364792
1.035,max,2.99999999999978,0.179999999999987,-3.27890466972915e-13,1.27725138957319e-13,0.0261605957675727,-0.00395858757144543,3.51889001609005e-13,-6.694933939926e-14,-5.41160406359203e-12,5.4120181776424e-12,-1.32117980536482e-11,-3.91989214013742e-11,-1.30915352637271e-06,5.20097128862491e-10,-1.45120144796368e-10,5.39963776448685e-10,0.563286302764997,0.5640602308366,0.563286298643499,0.564060227357278
1.04,max,2.99999999999978,0.179999999999987,-3.8105913789756e-13,-5.13913698422269e-14,0.0261605868145152,-0.00395859652450288,3.84508958893668e-13,2.2774677878338e-12,-5.95697477451519e-12,6.37749229625805e-12,-8.05567031620988e-12,-3.24476821184442e-11,-2.2720694540233e-06,4.17669722030732e-10,-7.30281395728952e-11,4.24006021031197e-10,0.563276708926234,0.564050625722561,0.563276704985119,0.564050621607278
1.045,max,2.99999999999978,0.179999999999987,-4.10036488055106e-13,-1.96786733697589e-13,0.0261605735542072,-0.00395860978481096,4.54813082591003e-13,4.12136485997195e-12,-6.17753602285516e-12,7.42614298426072e-12,-3.53526974680856e-12,-2.57104634237007e-11,-3.03205378169548e-06,3.1988910682453e-10,-1.5196359763094e-11,3.20249855605034e-10,0.563271906032955,0.564045818614612,0.563271902388175,0.564045814128277
1.05,max,2.99999999999978,0.179999999999987,-4.181355459051e-13,-3.09147500936052e-13,0.026160557027825,-0.00395862631119311,5.20009146154529e-13,5.48746725176374e-12,-6.12203850050009e-12,8.22141424821696e-12,2.956466068109e-13,-1.92338434716846e-11,-3.57849907725065e-06,2.26551849892183e-10,3.73953687051224e-11,2.29617408508506e-10,0.563271578413158,0.564045493261294,0.563271575150346,0.564045488632799
1.055,max,2.99999999999978,0.179999999999987,-4.08858895889383e-13,-3.90247777986324e-13,0.0261605383036892,-0.00395864503532894,5.6520697533837e-13,6.41052685574383e-12,-5.84342487126412e-12,8.67412639948952e-12,3.41501339947582e-12,-1.3206267348424e-11,-3.91115525214151e-06,1.42671991699856e-10,7.40500829892663e-11,1.60744244084574e-10,0.56327525202035,0.564049174816469,0.563275249193671,0.564049170240329
1.06,max,2.99999999999978,0.179999999999987,-3.85735459193986e-13,-4.42684754911671e-13,0.0261605184282744,-0.00395866491074371,5.87164062857054e-13,6.93464392584495e-12,-5.39584183067561e-12,8.7866031798373e-12,5.83436127868302e-12,-7.76852342171514e-12,-4.0390106581711e-06,6.69748363405906e-11,1.04983133246136e-10,1.24527454679781e-10,0.563282332131115,0.564056267599235,0.563282329766956,0.564056263234154
1.065,max,2.99999999999978,0.179999999999987,-3.52169066539936e-13,-4.69646173361958e-13,0.0261604983835048,-0.00395868495551335,5.87018380956798e-13,7.11212981467576e-12,-4.82276270403167e-12,8.59310366516073e-12,7.59219578293723e-12,-3.01604395839958e-12,-3.97889719536644e-06,4.01951919173374e-12,1.24248517411439e-10,1.24313517420566e-10,0.563292142120357,0.564066093930799,0.563292140226019,0.564066089897784
1.07,max,2.99999999999978,0.179999999999987,-3.11341367256044e-13,-4.74684081920288e-13,0.0261604790514879,-0.0039587042875302,5.6767809944842e-13,7.00075706902854e-12,-4.17231923440333e-12,8.1497759069391e-12,8.7388839306193e-12,1.00088053506755e-12,-3.75390954697045e-06,-4.85686174506212e-11,1.35928870439896e-10,1.44345309657539e-10,0.563303961551929,0.564077932272695,0.563303960111592,0.564077928658948
1.075,max,2.99999999999978,0.179999999999987,-2.66128061258366e-13,-4.61510960969877e-13,0.0261604611873966,-0.00395872215162149,5.3274432149435e-13,6.65136950727177e-12,-3.48052407824021e-12,7.50698102977986e-12,9.34643846845204e-12,4.26836784509696e-12,-3.39172696946865e-06,-9.1186407252086e-11,1.40789192025352e-10,1.67739552457656e-10,0.563317061988637,0.564091053097016,0.56331706097656,0.564091049961802
1.08,max,2.99999999999978,0.179999999999987,-2.19047593151487e-13,-4.33848813719842e-13,0.0261604454007778,-0.00395873793824035,4.86010947645806e-13,6.12212792610893e-12,-2.78312354835858e-12,6.72504476037676e-12,9.48574877429959e-12,6.79649105491686e-12,-2.92292057434198e-06,-1.20510225213052e-10,1.381710199273e-10,1.83341062309159e-10,0.56333073925713,0.564104751193342,0.563330738632661,0.564104748564604
1.085,max,2.99999999999978,0.179999999999987,-1.7223647081837e-13,-3.95290136860433e-13,0.0261604321451748,-0.00395875119384334,4.31184060673753e-13,5.46579205034366e-12,-2.1076461768492e-12,5.85807606167648e-12,9.23870015894717e-12,8.62697968884695e-12,-2.37932062045698e-06,-1.42024125093053e-10,1.32019928676453e-10,1.93907487416507e-10,0.563344341139459,0.564118373399782,0.563344340854881,0.564118371282848
1.09,max,2.99999999999978,0.179999999999987,-1.27423288968231e-13,-3.49177443449054e-13,0.0261604217156041,-0.00395876162341406,3.71700930298941e-13,4.72434903725173e-12,-1.47595925258245e-12,4.9495383159508e-12,8.68657258110852e-12,9.81809767570476e-12,-1.79250766758765e-06,-1.5455308014372e-10,1.20654841030247e-10,1.960720409593e-10,0.563357289753498,0.564131341014324,0.563357289757759,0.564131339396163
1.095,max,2.99999999999978,0.179999999999987,-8.59428113634212e-14,-2.98535682500932e-13,0.0261604142531382,-0.00395876908587991,3.10660136727173e-13,3.94362143266643e-12,-9.01963077148412e-13,4.04545268131084e-12,7.90561846081533e-12,1.0438606703544e-11,-1.19247867366593e-06,-1.57737961690401e-10,1.08943629143368e-10,1.91702840065478e-10,0.563369098499175,0.564143166764395,0.563369098740057,0.56414316561411
1.1,max,2.99999999999978,0.179999999999987,-4.8763203922029e-14,-2.46015738774259e-13,0.0261604097556216,-0.00395877358339653,2.50801901470834e-13,3.15992145338263e-12,-3.993801674776e-13,3.18506014224571e-12,6.96622451574152e-12,1.05693707871249e-11,-6.06527972773171e-07,-1.55742030023118e-10,9.20895347249567e-11,1.80931098271084e-10,0.563379382947171,0.564153465704385,0.563379383371413,0.564153464980535
1.105,max,2.99999999999978,0.179999999999987,-1.65109236625858e-14,-1.93859424210471e-13,0.0261604080933869,-0.00395877524563119,1.94561267870579e-13,2.39743153106477e-12,2.63355779461767e-14,2.39757617372407e-12,5.93468758803576e-12,1.02931550383903e-11,-5.83658936758925e-08,-1.49253938904025e-10,7.81967634445541e-11,1.68497691650568e-10,0.56338786625815,0.564161960644185,0.563387866816842,0.564161960298768
1.11,max,2.99999999999978,0.179999999999987,1.04904853516187e-14,-1.43901763463669e-13,0.0261604090287522,-0.00395877431026588,1.44283636670505e-13,1.68352442399642e-12,3.74778120030293e-13,1.72473566828251e-12,4.86587601764606e-12,9.68990926033061e-12,4.32512020926382e-07,-1.36308903923316e-10,6.11802533890925e-11,1.49409305913418e-10,0.563394379399989,0.564168482362534,0.563394380047225,0.564168482340772
1.115,max,2.99999999999978,0.179999999999987,3.21738895745707e-14,-9.75773616500078e-14,0.0261604122380453,-0.00395877110097281,1.02744832847852e-13,1.03656887906253e-12,6.44186690680954e-13,1.22043088025969e-12,3.80748567153473e-12,8.83985146513382e-12,8.51205205351983e-07,-1.22473314050239e-10,4.65831748711718e-11,1.31033220350897e-10,0.563398856663454,0.564172965113289,0.563398857358701,0.56417296535728
1.12,max,2.99999999999978,0.179999999999987,4.86862021507788e-14,-5.59276469043626e-14,0.0261604173349304,-0.00395876600408773,7.41501717336214e-14,4.65550265612017e-13,8.41537804002922e-13,9.61729133060593e-13,2.7974393589485e-12,7.82003443312429e-12,1.18754882689243e-06,-1.05934131329968e-10,3.23572704576153e-11,1.10765667659714e-10,0.563401327243289,0.564175438189608,0.56340132795137,0.56417543864369
1.125,max,2.99999999999978,0.179999999999987,6.03432318465666e-14,-1.96348072632616e-14,0.0261604238938899,-0.00395875944512821,6.34573186161685e-14,-2.10439363816859e-14,9.69413756859839e-13,9.69642139785366e-13,1.86537251936661e-12,6.69710142331607e-12,1.43603498182545e-06,-8.87035494675132e-11,1.87931106851517e-11,9.06724914037324e-11,0.563401903603244,0.564176014272379,0.563401904294909,0.56417601488368
1.13,max,2.99999999999978,0.179999999999987,6.75877107420403e-14,1.09285981861242e-14,0.0261604314728324,-0.00395875186618574,6.84655599675009e-14,-4.1980436420731e-13,1.03772078431256e-12,1.11941955066087e-12,1.03241903882287e-12,5.52826075643824e-12,1.59554200535935e-06,-7.08006216627365e-11,8.52970029593615e-12,7.13125782381232e-11,0.563400767552788,0.564174875484868,0.563400768204161,0.564174876202486
1.135,max,2.99999999999978,0.179999999999987,7.0952526016123e-14,3.56633629268547e-14,0.0261604396339481,-0.00395874370507003,7.94111856310002e-14,-7.32916199778521e-13,1.05526138701528e-12,1.28481234070319e-12,3.13507070810221e-13,4.36564513985398e-12,1.66890428075313e-06,-5.44441125657477e-11,-1.51345921484733e-12,5.44651443757089e-11,0.56339815484828,0.564172257969691,0.563398155444098,0.564172258748015
1.14,max,2.99999999999978,0.179999999999987,7.10142197205886e-14,5.47065210643601e-14,0.0261604479621051,-0.00395873537691302,8.96427512378402e-14,-9.63877577388447e-13,1.02862491874365e-12,1.4096557053595e-12,-2.88829589024013e-13,3.25161811514817e-12,1.66235852213299e-06,-3.79404384782227e-11,-9.14112809380662e-12,3.90261078606e-11,0.563394339151191,0.56416843581747,0.563394339676732,0.564168436618408
1.145,max,2.99999999999978,0.179999999999987,6.83697882707011e-14,6.83757681169089e-14,0.0261604560802612,-0.00395872725875696,9.66937103112596e-14,-1.11774859121899e-12,9.6768598380573e-13,1.47843771476045e-12,-7.68942990930961e-13,2.21608070587134e-12,1.58490390329873e-06,-2.3607967053994e-11,-1.52344458813601e-11,2.80966981998696e-11,0.563389616097229,0.564163705123197,0.563389616546292,0.564163705912218
1.15,max,2.99999999999978,0.179999999999987,6.36166882992814e-14,7.71297324772363e-14,0.0261604636615533,-0.0039587196774648,9.99803913884016e-14,-1.20474023718467e-12,8.82341458885649e-13,1.49329350402399e-12,-1.13229699763693e-12,1.28550503825963e-12,1.44761295783422e-06,-1.11886913322794e-11,-1.89033640866721e-11,2.19664286474226e-11,0.563384288165315,0.564158368821851,0.563384288535655,0.564158369573541
1.155,max,2.99999999999978,0.179999999999987,5.73150835302181e-14,8.15257843078303e-14,0.0261604704379066,-0.00395871290111155,9.96567725098638e-14,-1.23203589451661e-12,7.77607307471946e-13,1.45690959568915e-12,-1.3883449099884e-12,4.72915693977972e-13,1.26292834189646e-06,2.70428399504176e-13,-2.29902964788091e-11,2.29918869104474e-11,0.563378650897544,0.564152722894183,0.563378651188125,0.564152723588064
1.16,max,2.99999999999978,0.179999999999987,4.99835712627784e-14,8.21738819919177e-14,0.0261604762051706,-0.00395870713384747,9.61816213099096e-14,-1.20900976364102e-12,6.63341989387233e-13,1.37903125543387e-12,-1.5442599969875e-12,-2.13676620343013e-13,1.04397729032265e-06,8.94002395073272e-12,-2.27158307550763e-11,2.44117388797469e-11,0.563372980920275,0.564147044371814,0.563372981134877,0.564147044992447
1.165,max,2.99999999999978,0.179999999999987,4.20905689802421e-14,7.97126568666271e-14,0.0261604808249423,-0.00395870251407584,9.01427959507422e-14,-1.14786807673161e-12,5.44095641317055e-13,1.27029177297177e-12,-1.61294091602699e-12,-7.7081342977325e-13,8.03931362122388e-07,1.55166508130289e-11,-2.49827084729946e-11,2.94092192194915e-11,0.56336752609365,0.564141581469078,0.563367526237644,0.564141582007487
1.17,max,2.99999999999978,0.179999999999987,3.40405748720798e-14,7.47798536246886e-14,0.026160484223356,-0.00395869911566215,8.21631745111612e-14,-1.05470908603601e-12,4.26350236892627e-13,1.1376228639867e-12,-1.60705672723792e-12,-1.20230786700214e-12,5.55434114614608e-07,2.1746945465213e-11,-2.21154532967766e-11,3.10164941859788e-11,0.563362497966339,0.564136546032473,0.563362498047733,0.564136546482317
1.175,max,2.99999999999978,0.179999999999987,2.61693875984465e-14,6.79931433592218e-14,0.0261604863872262,-0.00395869695179192,7.28553662481043e-14,-9.38627511082341e-13,3.14124380356528e-13,9.89795802625472e-13,-1.54141818221543e-12,-1.51237623918458e-12,3.1011397861419e-07,2.46856845162541e-11,-2.27748893176631e-11,3.35868814192065e-11,0.563358066626081,0.564132108379367,0.563358066652989,0.564132108740375
1.18,max,2.99999999999978,0.179999999999987,1.87431118238507e-14,5.9932656454697e-14,0.0261604873579961,-0.00395869598102199,6.27951236208522e-14,-8.10110855464478e-13,2.10042167448065e-13,8.36897431139366e-13,-1.42909212762287e-12,-1.71181852262535e-12,7.81939934065657e-08,2.6720977730891e-11,-1.8857995845722e-11,3.27052695786481e-11,0.563354357884635,0.564128394485139,0.563354357866418,0.564128394759956
1.185,max,2.99999999999978,0.179999999999987,1.19611823993578e-14,5.11198162041732e-14,0.0261604872239929,-0.0039586961150252,5.2500528503427e-14,-6.73404743974977e-13,1.17828355421865e-13,6.83635480756686e-13,-1.28367964217429e-12,-1.81331757758418e-12,-1.3179527819061e-07,2.79614668649096e-11,-1.8027528964758e-11,3.326913629496e-11,0.563351452718426,0.564125485421892,0.563351452664331,0.564125485615171
1.19,max,2.99999999999978,0.179999999999987,5.95835552999991e-15,4.20132681666891e-14,0.0261604861115077,-0.00395869722751044,4.24336741594221e-14,-5.38300292015282e-13,3.58838163445986e-14,5.39494997807385e-13,-1.11745110556888e-12,-1.82930163740945e-12,-3.13198819177814e-07,2.60803139189683e-11,-1.47502866661486e-11,2.99625387917228e-11,0.563349388637161,0.564123418727753,0.563349388553667,0.564123418848803
1.195,max,2.99999999999978,0.179999999999987,8.23568174448122e-16,3.29954674098013e-14,0.0261604841752126,-0.00395869916380549,3.30057439566088e-14,-4.07167218177519e-13,-3.06742847032515e-14,4.08321019910162e-13,-9.36463836651837e-13,-1.77781866534567e-12,-4.61319200418565e-07,2.6372915616137e-11,-1.18729537529914e-11,2.89222701203857e-11,0.563348162816995,0.564122191555414,0.563348162714751,0.564122191611178
1.2,max,2.99999999999978,0.179999999999987,-3.40322813361466e-15,2.43759839399817e-14,0.0261604815884011,-0.00395870175061704,2.46124065213394e-14,-2.83009186768163e-13,-8.38908129146306e-14,2.95181077114802e-13,-7.54254686573277e-13,-1.66997472258216e-12,-5.73405420394047e-07,2.32902969476052e-11,-9.41365753156023e-12,2.51208057201422e-11,0.563347736630754,0.564121765196544,0.56334773651651,0.564121765196226
1.205,max,2.99999999999978,0.179999999999987,-6.73116148316483e-15,1.64035129258884e-14,0.0261604785334897,-0.00395870480552838,1.77308705714702e-14,-1.72756348861789e-13,-1.25062034360921e-13,2.13272756137647e-13,-5.76918653246789e-13,-1.51901368305516e-12,-6.4855911364464e-07,2.08108382149444e-11,-7.05483104695602e-12,2.19741126853779e-11,0.563348041209253,0.564122070660351,0.563348041089262,0.564122070615066
1.21,max,2.99999999999978,0.179999999999987,-9.19787297010366e-15,9.25534974849652e-15,0.0261604751931641,-0.00395870814585403,1.30484622136541e-14,-7.4232501595529e-14,-1.53840156280471e-13,1.70813518134631e-13,-4.09765941528741e-13,-1.34025158790158e-12,-6.87571146679507e-07,1.85987006915596e-11,-4.45641772086407e-12,1.91251490534597e-11,0.563348983714578,0.564123014956661,0.563348983594433,0.564123014875435
1.215,max,2.99999999999978,0.179999999999987,-1.08657250250889e-14,3.04488111973758e-15,0.026160471742478,-0.00395871159654014,1.12842935691242e-14,7.73505466930154e-15,-1.70367157374949e-13,1.70542661474359e-13,-2.57374880465358e-13,-1.143935863602e-12,-6.92703297196777e-07,1.41883218143726e-11,-2.15438271692706e-12,1.43509526094679e-11,0.563350453949348,0.564124487711544,0.563350453834011,0.564124487605101
1.22,max,2.99999999999978,0.179999999999987,-1.1817465592216e-14,-2.17176181463112e-15,0.0261604683421439,-0.00395871499687422,1.20153669275099e-14,7.58377215929143e-14,-1.78622984007428e-13,1.9405548287055e-13,-1.23321346385471e-13,-9.42721310145481e-13,-6.67430337852785e-07,1.30527449550725e-11,-1.14794793606435e-12,1.31031269293282e-11,0.563352330999259,0.564126367824227,0.563352330892138,0.564126367699115
1.225,max,2.99999999999978,0.179999999999987,-1.21490045165254e-14,-6.38266966600793e-15,0.0261604651331731,-0.00395871820584505,1.37235849109456e-14,1.30583193322713e-13,-1.79014209391868e-13,2.21580814924381e-13,-9.29422333830849e-15,-7.41641830405242e-13,-6.16157993820989e-07,8.84544373684715e-12,9.9145778228816e-13,8.90083498531391e-12,0.56335448961453,0.564128529852586,0.563354489517509,0.564128529717025
1.23,max,2.99999999999978,0.179999999999987,-1.19592123670798e-14,-9.60803323317291e-15,0.0261604622329491,-0.00395872110606899,1.53406995619714e-14,1.6732892973868e-13,-1.71218828565672e-13,2.39405217117115e-13,8.52110831165431e-14,-5.48503596460751e-13,-5.4393158136071e-07,5.85285082953935e-12,2.12669454819016e-12,6.2272540123349e-12,0.563356806074312,0.564130849890499,0.563356805989661,0.564130849753296
1.235,max,2.99999999999978,0.179999999999987,-1.13475855447401e-14,-1.19113183737375e-14,0.0261604597327481,-0.00395872360627005,1.64513587005977e-14,1.94544078232674e-13,-1.59828034698382e-13,2.51778472175339e-13,1.59439645819342e-13,-3.72810459765073e-13,-4.56148841703863e-07,5.03320856805837e-12,2.42962299872611e-12,5.5889405441027e-12,0.563359163354835,0.564133210744363,0.563359163283386,0.564133210608107
1.24,max,2.99999999999978,0.179999999999987,-1.04126857826581e-14,-1.33749875375124e-14,0.0261604576966536,-0.00395872564236449,1.69503485756778e-14,2.09235618724686e-13,-1.43355179961863e-13,2.53634090305307e-13,2.14520259013477e-13,-2.12657205744897e-13,-3.58288936004231e-07,8.43407628746572e-13,4.1595188958813e-12,4.2441646850024e-12,0.563361455439073,0.564135506242196,0.563361455381532,0.564135506112724
1.245,max,2.99999999999978,0.179999999999987,-9.24823533820325e-15,-1.40895886808891e-14,0.0261604561617625,-0.00395872717725557,1.68536751501691e-14,2.12088595716767e-13,-1.23769153828534e-13,2.45561348490641e-13,2.51259918768453e-13,-7.31832516057778e-14,-2.55667492422804e-07,2.97783168085863e-13,3.67489155745024e-12,3.68693677382923e-12,0.563363590683422,0.564137644611346,0.563363590640023,0.564137644492556
1.25,max,2.99999999999978,0.179999999999987,-7.94426934508537e-15,-1.41634883421478e-14,0.0261604551395303,-0.00395872819948783,1.62393293409987e-14,2.08514649685713e-13,-1.04634328029577e-13,2.33295310145225e-13,2.70326478478699e-13,4.36233871022845e-14,-1.53225412553881e-07,-1.72736158050751e-12,3.97903876213277e-12,4.33780215090182e-12,0.563365494200564,0.564139550861355,0.563365494169208,0.564139550754609
1.255,max,2.99999999999978,0.179999999999987,-6.5773647148955e-15,-1.37061337883472e-14,0.0261604546180746,-0.00395872872094354,1.52026257605989e-14,1.9763219241985e-13,-8.39270799450781e-14,2.14714317707935e-13,2.7643537359725e-13,1.39318434417975e-13,-5.53568721363329e-08,-2.6256213258378e-12,4.30386047166672e-12,5.041537692636e-12,0.563367109254834,0.564141168181557,0.563367109235428,0.564141168089823
1.26,max,2.99999999999978,0.179999999999987,-5.21101888253247e-15,-1.28277977803253e-14,0.0261604545652333,-0.00395872877378482,1.38458338025208e-14,1.80376138725986e-13,-6.40525284476388e-14,1.91411279245064e-13,2.70102959347959e-13,2.12015968790788e-13,3.42203598237794e-08,-4.27680015170773e-12,3.64596012730901e-12,5.61996839738218e-12,0.563368397729239,0.564142458408024,0.563368397719605,0.564142458332241
1.265,max,2.99999999999978,0.179999999999987,-3.89793902553764e-15,-1.16409844494288e-14,0.0261604549321625,-0.00395872840685562,1.22762554387994e-14,1.59865810943688e-13,-4.57231860125117e-14,1.66275937067929e-13,2.55128983449972e-13,2.6270936356779e-13,1.12551322109394e-07,-3.9273309612115e-12,3.6857768467418e-12,5.38598917960929e-12,0.563369339734636,0.564143401633736,0.563369339733797,0.56414340157231
1.27,max,2.99999999999978,0.179999999999987,-2.6777274885646e-15,-1.02435797093028e-14,0.0261604556572607,-0.00395872768175741,1.05877830429157e-14,1.38926921685947e-13,-2.81639643269206e-14,1.41752948666831e-13,2.32955631339245e-13,2.96252532482632e-13,1.774879591299e-07,-4.44822474188492e-12,3.33791182749463e-12,5.56132706486911e-12,0.563369932480474,0.564143995072818,0.563369932487372,0.564143995025425
1.275,max,2.99999999999978,0.179999999999987,-1.58383929702456e-15,-8.71662185454353e-15,0.0261604566702147,-0.00395872666880341,8.8593478018365e-15,1.14895862699812e-13,-1.30795818251826e-14,1.15637946740054e-13,2.04599645276771e-13,3.14530609421057e-13,2.27693641798799e-07,-5.16419885256917e-12,2.69584117320058e-12,5.82550507853183e-12,0.563370188529869,0.564144251314281,0.56337018854132,0.564144251281554
1.28,max,2.99999999999978,0.179999999999987,-6.34341503473479e-16,-7.13779301188562e-15,0.0261604578959794,-0.00395872544303872,7.16592479890433e-15,9.11145399025765e-14,-1.09314630909286e-15,9.11210971757435e-14,1.75199472143664e-13,3.1700092764211e-13,2.62612235914989e-07,-4.34833026632499e-12,2.09873303323532e-12,4.82831818026019e-12,0.563370133580632,0.564144196104462,0.563370133595954,0.564144196084488
1.285,max,2.99999999999978,0.179999999999987,1.65553977476472e-16,-5.57711911233307e-15,0.0261604592585273,-0.00395872408049084,5.57957576457289e-15,6.86056137806746e-14,8.58678987293794e-15,6.91408938512157e-14,1.44758720236316e-13,3.07268632178907e-13,2.82406914559168e-07,-4.65524018243577e-12,1.773241439577e-12,4.98153052376453e-12,0.563369803926123,0.564143865796507,0.563369803943963,0.564143865788042
1.29,max,2.99999999999978,0.179999999999987,8.14521578292031e-16,-4.090772829512e-15,0.0261604606842312,-0.00395872265478687,4.17107513048818e-15,4.68641353570328e-14,1.67915615655393e-14,4.97815600656668e-14,1.14828320089907e-13,2.87269880949523e-13,2.87874673613549e-07,-4.04135118702095e-12,1.50866723746352e-12,4.31376821934507e-12,0.563369243737385,0.5641433046327,0.563369243756765,0.564143304634045
1.295,max,2.99999999999978,0.179999999999987,1.31740601746577e-15,-2.72387685696978e-15,0.026160462104775,-0.00395872123424309,3.02573358820478e-15,2.83874977501082e-14,2.33156033913691e-14,3.6735097522887e-14,8.63254555795903e-14,2.59488508067365e-13,2.80342837517041e-07,-3.34930385574889e-12,1.10094949286841e-12,3.52561003288531e-12,0.563368502298232,0.564142561974812,0.563368502318867,0.564142561982938
1.3,max,2.99999999999978,0.179999999999987,1.67913841794894e-15,-1.50324894294016e-15,0.0261604634595172,-0.00395871987950093,2.25372207937953e-15,1.27156239183776e-14,2.73241685706818e-14,3.01379707298394e-14,5.83675046136772e-14,2.28762657544484e-13,2.61554026805476e-07,-2.91944567694333e-12,5.02476578856683e-13,2.9623716466579e-12,0.563367631327357,0.564141689619116,0.563367631347359,0.564141689632504
1.305,max,2.99999999999978,0.179999999999987,1.9096888666446e-15,-4.39820356922225e-16,0.0261604646972667,-0.00395871864175145,1.95968199301558e-15,-2.89224773830694e-15,2.93297585013393e-14,2.9472017757979e-14,3.3852674864585e-14,1.96608776862688e-13,2.33545766018865e-07,-3.3237029857305e-12,2.9975939340632e-13,3.33719301678659e-12,0.563366682480342,0.564140739298394,0.563366682498988,0.564140739317537
1.31,max,2.99999999999978,0.179999999999987,2.02742304641582e-15,4.54575624184491e-16,0.0261604657774574,-0.0039587175615607,2.07775917931813e-15,-1.46984578030662e-14,2.99777287388249e-14,3.33872562833049e-14,1.32409970439048e-14,1.61149615579998e-13,1.98530531626861e-07,-1.39878104017319e-12,-4.05712984120932e-14,1.39936929672007e-12,0.563365705133816,0.564139760464297,0.563365705151221,0.564139760486444
1.315,max,2.99999999999978,0.179999999999987,2.04892415121449e-15,1.17207940708528e-15,0.0261604666707371,-0.00395871666828103,2.36047883149657e-15,-2.27094328158212e-14,2.9625673974337e-14,3.73282586956585e-14,-4.6405551244373e-15,1.25851897580316e-13,1.58781337672496e-07,-1.80560896492885e-12,-1.00250607383078e-13,1.80838986905814e-12,0.563364744505705,0.564138798399927,0.563364744521387,0.564138798422712
1.32,max,2.99999999999978,0.179999999999987,1.98881228648114e-15,1.72204482067026e-15,0.0261604673590084,-0.00395871598000968,2.63074374944722e-15,-2.91633635632772e-14,2.81760019263771e-14,4.05510648303973e-14,-1.94041907689022e-14,9.41342678536789e-14,1.16527204876358e-07,-7.75963334053514e-13,-4.79618211800869e-13,9.12224054104313e-13,0.563363840161588,0.56413789272553,0.563363840174816,0.564137892749662
1.325,max,2.99999999999978,0.179999999999987,1.86445712296666e-15,2.11586206005078e-15,0.0261604678349812,-0.00395871550403687,2.82011925643996e-15,-3.50335808029104e-14,2.62426828052897e-14,4.37724820485782e-14,-3.03378746368906e-14,6.33926278985276e-14,7.3861915849816e-08,-1.57212356179978e-12,-2.93709436634073e-13,1.5993241468614e-12,0.563363024924947,0.564137076311742,0.563363024935825,0.56413707633566
1.33,max,2.99999999999978,0.179999999999987,1.69435228332472e-15,2.36300437783475e-15,0.0261604681013074,-0.00395871523771068,2.90768281448887e-15,-3.66664096255929e-14,2.3074811952959e-14,4.33228870401799e-14,-3.7704061219884e-14,3.54642992150595e-14,3.26685611402959e-08,9.1899203272679e-13,-9.7343890429823e-13,1.33870446948408e-12,0.563362324199255,0.564136374596255,0.563362324208776,0.564136374618953
1.335,max,2.99999999999978,0.179999999999987,1.48992521037107e-15,2.47947721027941e-15,0.0261604681693823,-0.0039587151696358,2.89269500099721e-15,-3.74858233571089e-14,1.99149004062811e-14,4.24474994664287e-14,-4.40667679615793e-14,1.11248337628062e-14,-5.43860977185037e-09,-1.24675752533322e-12,-2.9052571437293e-13,1.28015995785171e-12,0.563361755684028,0.564135805299289,0.563361755690852,0.56413580532067
1.34,max,2.99999999999978,0.179999999999987,1.26247791623829e-15,2.48128227346195e-15,0.0261604680578998,-0.00395871528111834,2.78399213533119e-15,-3.68320314565671e-14,1.59916096335975e-14,4.01538307000829e-14,-4.69121496915302e-14,-1.04028084897905e-14,-3.91544067700864e-08,1.50827428554993e-12,-1.27879059470052e-12,1.97742173183812e-12,0.563361329451734,0.564135378505326,0.563361329455542,0.564135378524011
1.345,max,2.99999999999978,0.179999999999987,1.03068976536844e-15,2.38719800935212e-15,0.0261604677912507,-0.00395871554776743,2.60019917088864e-15,-3.40373055569402e-14,1.25443601160178e-14,3.62753241239393e-14,-4.58031106564118e-14,-2.72308971541436e-14,-6.75052300487839e-08,-3.90383925699156e-13,-1.00109212331338e-13,4.0301546352204e-13,0.563361048343745,0.564135097056603,0.563361048346498,0.564135097072315
1.35,max,2.99999999999978,0.179999999999987,8.05286110667929e-16,2.22044421431892e-15,0.0261604673978505,-0.0039587159411676,2.36196067472282e-15,-3.14095641717142e-14,1.01732205915529e-14,3.30159830788276e-14,-4.43583512237916e-14,-3.94706208591333e-14,-8.98548355484153e-08,1.44148047978955e-12,-8.4834659745461e-13,1.67259018382482e-12,0.563360908641063,0.564134957223767,0.563360908643064,0.564134957236706
1.355,max,2.99999999999978,0.179999999999987,5.86604795117698e-16,2.0017607625398e-15,0.0261604669084761,-0.00395871643054206,2.08594135490407e-15,-2.66484398459788e-14,6.70392376762123e-15,2.74787543405233e-14,-4.31141749963007e-14,-4.8002759852515e-14,-1.05894949639104e-07,4.62969250504587e-13,-5.39372132118075e-13,7.10818418316786e-13,0.563360900937814,0.564134949583093,0.563360900937178,0.564134949592383
1.36,max,2.99999999999978,0.179999999999987,3.83122605746931e-16,1.75300498899497e-15,0.0261604663546818,-0.00395871698433636,1.7943827413558e-15,-2.2930921706185e-14,4.28696683293026e-15,2.33282072804969e-14,-3.82787007520062e-14,-5.14995495654188e-14,-1.15622770054957e-07,1.02403800541296e-12,-4.27410641758315e-13,1.10965476307652e-12,0.563361011165075,0.564135060042654,0.563361011163995,0.564135060049984
1.365,max,2.99999999999978,0.179999999999987,2.02178088407101e-16,1.4911085297381e-15,0.0261604657673554,-0.00395871757166271,1.50475267964196e-15,-1.88047902527173e-14,1.08122532214073e-15,1.88358483919873e-14,-3.40991061839261e-14,-5.32590341373298e-14,-1.19307771121065e-07,6.26414575974113e-13,-8.54885962557497e-13,1.05982320694099e-12,0.563361221710299,0.564135270960797,0.563361221707441,0.564135270965595
1.37,max,2.99999999999978,0.179999999999987,4.71677111980654e-17,1.22760689801495e-15,0.02616046517546,-0.0039587181635581,1.22851271423358e-15,-1.57908189867035e-14,-7.55973557760107e-16,1.58089044620704e-14,-2.7905044699688e-14,-5.21416185519283e-14,-1.17450385160469e-07,5.79173930431399e-13,1.20006410597163e-13,5.9147610287802e-13,0.563361512557829,0.564135562290475,0.563361512554212,0.564135562294481
1.375,max,2.99999999999978,0.179999999999987,-7.5666507504456e-17,9.68548999197094e-16,0.0261604646049959,-0.00395871873402219,9.71500172003904e-16,-1.1937119383732e-14,-2.18153252804221e-15,1.21348219332784e-14,-2.12286427813205e-14,-5.14815409752149e-14,-1.10735250180631e-07,9.62305910757228e-13,-6.90229998710004e-13,1.18425086742527e-12,0.563361862415137,0.564135912708184,0.563361862412103,0.564135912709921
1.38,max,2.99999999999978,0.179999999999987,-1.6980160470193e-16,7.18395124799972e-16,0.0261604640782038,-0.00395871926081434,7.38189772548846e-16,-8.13854566899381e-15,-2.85764123932817e-15,8.62566165920081e-15,-1.64253960976691e-14,-4.85800087836341e-14,-9.99816076349478e-08,5.57123575138032e-13,4.1978651419562e-13,6.97572501948789e-13,0.563362249773683,0.564136300671091,0.563362249770791,0.564136300670962
1.385,max,2.99999999999978,0.179999999999987,-2.42049620460264e-16,4.86953528958082e-16,0.0261604636130164,-0.00395871972600171,5.43793856281668e-16,-4.443545429933e-15,-3.95804237709832e-15,5.9507306649507e-15,-1.24738102056644e-14,-4.39966295531219e-14,-8.60933403012692e-08,9.20876520486292e-13,-8.59946969303682e-13,1.25996918851118e-12,0.563362653852167,0.564136705367184,0.563362653848772,0.564136705365137
1.39,max,2.99999999999978,0.179999999999987,-2.93427141131203e-16,2.83536636640898e-16,0.0261604632227561,-0.003958720116262,4.08034939031039e-16,-2.15423715007292e-15,-5.27810057918147e-15,5.70079673578265e-15,-8.07719806271134e-15,-3.73701273737517e-14,-7.00107766999054e-08,-5.15320854225911e-15,3.31923688470422e-13,3.31963688565616e-13,0.563363055416847,0.56413710753419,0.563363055413129,0.564137107531957
1.395,max,2.99999999999978,0.179999999999987,-3.2186269898673e-16,1.10693200753e-16,0.0261604629160636,-0.00395872042295447,3.40365365000563e-16,-5.97860241118421e-16,-4.72625811898649e-15,4.76392198458328e-15,-3.29702507949933e-15,-3.17672469814074e-14,-5.26662101877443e-08,6.27703972124057e-13,-1.11186704392428e-13,6.37475301367801e-13,0.563363437439386,0.564137490120745,0.563363437436803,0.564137490118644
1.4,max,2.99999999999978,0.179999999999987,-3.32137000717725e-16,-3.79021673600602e-17,0.0261604626970366,-0.0039587206419815,3.34292628600087e-16,2.34990452792506e-15,-4.32283211061002e-15,4.92025697976068e-15,-8.12695612898496e-16,-2.76709002638165e-14,-3.49446023980295e-08,5.51401935493334e-13,2.72557107743016e-13,6.15086556061041e-13,0.563363785594115,0.564137838780967,0.563363785591675,0.564137838777196
1.405,max,2.99999999999978,0.179999999999987,-3.30940714645184e-16,-1.6050087375194e-16,0.0261604625655485,-0.00395872077346958,3.678074048806e-16,3.07100901514245e-15,-4.94522923636743e-15,5.82120164324424e-15,1.2912100419147e-15,-2.13685822929356e-14,-1.76506272203326e-08,-2.62960140606375e-13,-5.21515958045981e-13,5.84060724620602e-13,0.56336408857367,0.564138142191268,0.5633640885717,0.564138142187201
1.41,max,2.99999999999978,0.179999999999987,-3.21273599602003e-16,-2.52013993280208e-16,0.0261604625177151,-0.00395872082130301,4.08323130143597e-16,4.65319279099607e-15,-4.94336462148113e-15,6.7888921725926e-15,2.57563597535771e-15,-1.52366655183716e-14,-1.48274537642433e-09,8.9583365094782e-13,5.22261804000501e-13,1.03695483126719e-12,0.563364338252945,0.564138392216145,0.563364338251006,0.564138392212249
1.415,max,2.99999999999978,0.179999999999987,-3.05179528945813e-16,-3.15626809198433e-16,0.0261604625464715,-0.00395872079254664,4.39038526296238e-16,5.19272567256802e-15,-3.63323597801446e-15,6.33757079506696e-15,3.86199228711818e-15,-1.02084608489182e-14,1.29852914018631e-08,-6.80020498319039e-13,1.78965338616616e-15,6.80022853287533e-13,0.563364529689114,0.564138583907428,0.56336452968749,0.564138583904316
1.42,max,2.99999999999978,0.179999999999987,-2.83604705095059e-16,-3.5838407282706e-16,0.0261604626422236,-0.00395872069679452,4.570238203947e-16,4.99967225925239e-15,-3.99323793320041e-15,6.39864609828428e-15,4.76793725318354e-15,-6.89444460253251e-15,2.53155554292181e-08,6.02799132992789e-13,-1.45790435460544e-13,6.20178720860876e-13,0.563364660987359,0.564138715369658,0.563364660985586,0.564138715366177
1.425,max,2.99999999999978,0.179999999999987,-2.5643529543976e-16,-3.83557765740404e-16,0.0261604627935375,-0.00395872054548062,4.61384460517525e-16,6.36895108748128e-15,-3.60110990680827e-15,7.31652448336241e-15,6.09982660893598e-15,-3.17503256280533e-15,3.52100039253098e-08,-5.50876017012332e-14,3.026416460174e-13,3.0761438484784e-13,0.563364733050567,0.564138787508879,0.563364733049956,0.564138787505138
1.43,max,2.99999999999978,0.179999999999987,-2.27474577064154e-16,-3.89173905774728e-16,0.0261604629878326,-0.00395872035118549,4.50778229450439e-16,6.09396566262792e-15,-2.07917139573464e-15,6.43889518396823e-15,5.48446074130638e-15,9.28576549075843e-16,4.25080518412438e-08,-5.49065682401117e-14,3.06133758412051e-13,3.11018663869861e-13,0.563364749236744,0.564138803687929,0.563364749236199,0.564138803684828
1.435,max,2.99999999999978,0.179999999999987,-2.01628429112565e-16,-3.77076997742724e-16,0.026160463212049,-0.00395872012696911,4.2759921147386e-16,4.8999643246117e-15,-3.10445280305319e-15,5.80062734442165e-15,4.85399843932955e-15,3.91018666372584e-15,4.7178499301649e-08,-4.22693966966377e-13,-7.16246321339472e-13,8.31672400974145e-13,0.563364714943804,0.564138769314412,0.563364714942424,0.564138769312172
1.44,max,2.99999999999978,0.179999999999987,-1.74325502336642e-16,-3.53967740646951e-16,0.0261604634532622,-0.00395871988575595,3.94566270965512e-16,5.69990607330678e-15,-2.31222907881571e-15,6.15104320887445e-15,6.06717227103941e-15,5.33351617458319e-15,4.93067622528854e-08,7.42670666444411e-13,1.03313581103446e-12,1.27237153490591e-12,0.563364637155437,0.564138691385396,0.563364637154985,0.564138691382915
1.445,max,2.99999999999978,0.179999999999987,-1.44611543148015e-16,-3.22356963809139e-16,0.0261604636992252,-0.00395871963979289,3.53307954238079e-16,4.55184320483834e-15,-1.39758402352687e-15,4.76156672370035e-15,5.81841140441168e-15,7.31079456054189e-15,4.90784635674516e-08,-1.20189581383179e-12,-6.67277788918927e-13,1.37470476644657e-12,0.563364523968466,0.564138578008171,0.563364523967917,0.564138578006213
1.45,max,2.99999999999978,0.179999999999987,-1.14893935040002e-16,-2.82486958132447e-16,0.0261604639388227,-0.00395871940019544,3.04958190288274e-16,3.97697141817822e-15,-1.615857376717e-15,4.29270272938823e-15,6.06863183879321e-15,8.63720771013463e-15,4.6760516062143e-08,9.71947099167742e-13,5.79968447642876e-13,1.13183239211549e-12,0.563364384120776,0.564138437935387,0.563364384120616,0.564138437933722
1.455,max,2.99999999999978,0.179999999999987,-8.54714944045135e-17,-2.36650446858115e-16,0.0261604641624258,-0.00395871917659229,2.5161242090542e-16,3.98687566867888e-15,-6.90029312994701e-16,4.04614854525827e-15,5.70034441540229e-15,9.69739679959843e-15,4.26807455842376e-08,-9.67985398967475e-13,-2.09637222153958e-13,9.90425917232909e-13,0.563364226546595,0.564138280114417,0.56336422654654,0.56413828011278
1.46,max,2.99999999999978,0.179999999999987,-5.81643049846728e-17,-1.84449289014949e-16,0.0261604643621455,-0.00395871897687261,1.93402757458291e-16,1.80788924523809e-15,-1.69125665689651e-15,2.47564387635708e-15,5.222531352534e-15,1.11830663376677e-14,3.72071236533769e-08,9.63908295911572e-14,-1.90853715406767e-13,2.13813780458226e-13,0.563364059968572,0.564138113279769,0.563364059968108,0.564138113279989
1.465,max,2.99999999999978,0.179999999999987,-3.0416165720736e-17,-1.32243343919976e-16,0.0261604645319822,-0.00395871880703596,1.35696150086464e-16,8.96958827701162e-16,8.22368973492081e-17,9.00720847919413e-16,5.87672435304075e-15,9.69931170032183e-15,3.07275370358973e-08,-4.60762996605928e-13,9.00251137105055e-13,1.01131332874645e-12,0.56336389254525,0.564137945605015,0.563363892546415,0.564137945605306
1.47,max,2.99999999999978,0.179999999999987,-6.75591377721833e-18,-8.71082629661197e-17,0.0261604646678782,-0.00395871867113987,8.73698566322497e-17,1.01989435050532e-15,1.07298356578576e-15,1.48036421823786e-15,3.5873764243663e-15,8.35472068122053e-15,2.36308969058362e-08,5.09937205727591e-13,-5.03952469730433e-13,7.16940754548566e-13,0.563363731583491,0.564137784404657,0.5633637315845,0.564137784405158
1.475,max,2.99999999999978,0.179999999999987,6.49018538268315e-18,-4.89509305488669e-17,0.0261604647676812,-0.00395871857133694,4.93793084996295e-17,2.31154775448832e-16,-1.14209606844383e-16,2.57830107839151e-16,1.7110632395943e-15,6.90821228568061e-15,1.62902783576733e-08,-8.25433035750185e-13,2.90752006783749e-14,8.25944952041148e-13,0.5633635833135,0.564137635918324,0.563363583313529,0.564137635918813
1.48,max,2.99999999999978,0.179999999999987,1.50837256187078e-17,-1.72721327511143e-17,0.0261604648310283,-0.00395871850798982,2.2931318067494e-17,8.88108620856934e-17,6.23681425029282e-16,6.29972927315897e-16,1.72635285481558e-15,5.76330683342043e-15,9.04856764242151e-09,7.6849547040493e-13,2.66081212071091e-13,8.13255494571119e-13,0.563363452737818,0.564137505157,0.563363452738592,0.564137505156601
1.485,max,2.99999999999978,0.179999999999987,2.03709151564221e-17,1.33121839256228e-17,0.0261604648591672,-0.00395871847985094,2.43349219267241e-17,7.95889204538623e-16,4.7896218507804e-16,9.28894181613736e-16,3.88522960270123e-16,6.4704198372744e-15,2.2069840849771e-09,-4.85664133423758e-13,-3.23968908051588e-13,5.83802624076312e-13,0.563363343553317,0.564137395819261,0.563363343553228,0.564137395819988
1.49,max,2.99999999999978,0.179999999999987,2.32518857357173e-17,4.28646963965336e-17,0.0261604648547263,-0.00395871848429185,4.87650734382084e-17,-2.33230701236203e-15,4.57810080935036e-16,2.37681426916762e-15,7.63865271447955e-16,5.35058515108992e-15,-3.98334952923511e-09,-7.65614353336501e-13,3.15508066394386e-13,8.28076492840362e-13,0.563363258129124,0.564137310279611,0.563363258129912,0.56413731028176
1.495,max,2.99999999999978,0.179999999999987,2.3764922439599e-17,6.07528046707295e-17,0.026160464821451,-0.00395871851756714,6.52355333688624e-17,-1.42354985921594e-15,1.20777457848239e-15,1.8668726882415e-15,-5.58650589895281e-16,1.80465815858841e-15,-9.32676461622082e-09,1.12911721459494e-12,-1.55222673754432e-14,1.12922390387341e-12,0.563363197555355,0.564137249629132,0.563363197555876,0.564137249630006
1.5,max,2.99999999999978,0.179999999999987,1.88962852677821e-17,6.67380008351923e-17,0.0261604647639205,-0.00395871857509762,6.93615913341059e-17,-2.09274356383101e-16,3.44222195116238e-16,4.02845722144598e-16,-1.38880427883147e-15,5.89420307196701e-16,-1.36854289175757e-08,-6.43407013461801e-13,-3.29898685971019e-13,7.23053060277902e-13,0.563363161730822,0.564137213764701,0.563363161730496,0.564137213764414
1.505,max,2.99999999999978,0.179999999999987,1.36666295504315e-17,7.24082808940667e-17,0.0261604646872595,-0.00395871865175863,7.36867417199512e-17,-1.77772872703259e-15,2.03616044218797e-18,1.77772989311264e-15,-7.0305800810874e-16,1.67869171635309e-15,-1.69789751701581e-08,1.60252652020039e-14,1.93024272101399e-13,1.93688354696584e-13,0.563363149497986,0.56413720152614,0.563363149497809,0.564137201526981
1.51,max,2.99999999999978,0.179999999999987,1.12516378844784e-17,7.83440607385564e-17,0.0261604645968578,-0.0039587187421603,7.91479071617819e-17,-5.7515671643171e-16,1.89249765135016e-16,6.05492132120778e-16,-2.6293865827253e-16,6.95620221442782e-16,-1.91816905467648e-08,4.65003539038349e-13,-1.18138830224268e-13,4.79776067061445e-13,0.563363158811213,0.564137210865664,0.563363158811272,0.564137210866197
1.515,max,2.99999999999978,0.179999999999987,9.61642193162269e-18,8.06852113778102e-17,0.0261604644981094,-0.0039587188409087,8.12562545644881e-17,-1.34922452219152e-15,-2.62070028474575e-16,1.37444079941902e-15,-3.9114772286974e-16,2.40840034258708e-16,-2.0317669190971e-08,-7.74630661342274e-13,-6.23890872195683e-14,7.77139022116159e-13,0.563363186918727,0.564137239025741,0.563363186918506,0.564137239026373
1.52,max,2.99999999999978,0.179999999999987,8.79657507402802e-18,8.04645632884515e-17,0.0261604643961794,-0.00395871894283871,8.09439662867729e-17,-1.13262175608228e-15,6.98660894308368e-16,1.330773867938e-15,6.32089798318744e-17,-3.29099270002165e-16,-2.04543350980866e-08,8.61271767785972e-13,4.46681456332746e-13,9.70213059805276e-13,0.563363230558763,0.564137282740432,0.563363230559178,0.564137282740964
1.525,max,2.99999999999978,0.179999999999987,7.19793496484858e-18,7.78818717467665e-17,0.0261604642958065,-0.00395871904321158,7.82137853229083e-17,-1.27041557327917e-15,2.59816891342766e-16,1.29671143507615e-15,-7.02665023503652e-16,-7.03977346671829e-16,-1.96948139856664e-08,-9.16389294664728e-13,-6.22219057518987e-13,1.10766687000918e-12,0.563363286157568,0.564137338429296,0.56336328615775,0.564137338430012
1.53,max,2.99999999999978,0.179999999999987,3.04640141968746e-18,7.26315421853228e-17,0.0261604642011455,-0.0039587191378726,7.26954020680001e-17,-1.32002970590988e-15,4.85830328095464e-17,1.32092344046183e-15,-9.57948394560793e-16,-1.39615447790568e-15,-1.81695940811748e-08,8.96543641612442e-13,5.37725514105699e-13,1.04543733902895e-12,0.563363350014528,0.5641374023866,0.563363350014327,0.564137402387497
1.535,max,2.99999999999978,0.179999999999987,-7.19093598955623e-19,6.28046510928233e-17,0.0261604641156517,-0.00395871922336638,6.28087676562383e-17,-8.45745393477899e-16,-2.2197489819277e-16,8.74390145196511e-16,-5.48249612896445e-16,-2.53460195909413e-15,-1.60279178483069e-08,-7.06829916639647e-13,-6.45948686506625e-13,9.57527146694257e-13,0.563363418477357,0.564137470955583,0.563363418477438,0.564137470955478
1.54,max,2.99999999999978,0.179999999999987,-3.97956940690338e-18,5.15979066026978e-17,0.0261604640420087,-0.00395871929700944,5.17511443201509e-17,-3.31913863731609e-16,-4.71952759541034e-17,3.35252452652667e-16,-7.55940710282655e-16,-1.94809583695605e-15,-1.34293086271751e-08,9.12362528538163e-13,7.15860535402092e-13,1.15968171910517e-12,0.563363488093936,0.564137540677407,0.56336348809418,0.564137540677615
1.545,max,2.99999999999978,0.179999999999987,-9.04536308482451e-18,4.18827843784907e-17,0.0261604639820965,-0.00395871935692165,4.28484097794941e-17,-8.83454470606066e-16,1.65581566409824e-16,8.9883761423773e-16,-1.2703767608858e-15,-1.9379530527268e-15,-1.05355728248128e-08,-1.13297877128795e-12,-6.30749798456521e-13,1.29672132875267e-12,0.563363555739246,0.564137608423308,0.563363555739537,0.564137608423609
1.55,max,2.99999999999978,0.179999999999987,-1.69131532990764e-17,3.14714922360446e-17,0.0261604639369986,-0.00395871940201954,3.5728274210791e-17,-5.4430963622554e-16,-5.42629130069208e-16,7.68582690988838e-16,-1.87673932481495e-15,-2.22656380425164e-15,-7.50358329231463e-09,1.26863670504016e-12,3.47465519864908e-13,1.31535978989406e-12,0.563363618714458,0.56413767149021,0.563363618713811,0.564137671490364
1.555,max,2.99999999999978,0.179999999999987,-2.35615685919728e-17,1.98378987951349e-17,0.026160463907042,-0.00395871943197614,3.08008075076004e-17,7.53792583841419e-16,3.52072343126379e-16,8.31960452334618e-16,-7.82626792343647e-16,-2.42687357211223e-15,-4.47905768548571e-09,-7.49395817013374e-13,1.04150694133265e-14,7.494681876024e-13,0.563363674813122,0.564137727670457,0.563363674813813,0.564137727669805
1.56,max,2.99999999999978,0.179999999999987,-3.12761324389911e-17,1.11268386242449e-17,0.0261604638918656,-0.00395871944715251,3.319643050256e-17,-8.45205118657915e-16,-6.16648478772931e-16,1.04624425397634e-15,-2.30319874646365e-15,-1.05755049624379e-15,-1.59148874674893e-09,1.0979673601364e-13,-3.97903398173051e-13,4.12774075635704e-13,0.563363722372262,0.564137775295201,0.563363722371709,0.564137775295587
1.565,max,2.99999999999978,0.179999999999987,-4.08821037771367e-17,4.11263081046107e-18,0.026160463890511,-0.00395871944850712,4.10884429180242e-17,4.4485004030613e-16,-8.09463150301514e-16,9.23646117328719e-16,-1.53918978879461e-15,-1.74813262926973e-15,1.04964611075166e-09,4.06225327571978e-13,3.20777529561617e-13,5.17607225831146e-13,0.563363760271377,0.564137813246635,0.563363760270843,0.564137813245595
1.57,max,2.99999999999978,0.179999999999987,-4.68146854928389e-17,2.05193045173826e-19,0.0261604639015287,-0.0039587194374894,4.68151351806145e-17,6.89717647909804e-16,-7.40518735928598e-16,1.01196760427373e-15,-8.33842897486256e-16,1.85157523154833e-16,3.35743904516654e-09,-3.08278284530508e-13,-2.93199763812451e-13,4.25442830722002e-13,0.563363787932348,0.564137840942877,0.56336378793129,0.564137840942517
1.575,max,2.99999999999978,0.179999999999987,-4.68044522144245e-17,2.71854245633678e-18,0.0261604639230944,-0.00395871941592375,4.68833362739818e-17,-4.91209584527678e-16,-1.19561012307757e-15,1.29258284931273e-15,8.37936208852014e-16,8.20182241310349e-16,5.26882357897121e-09,-1.64092608444485e-13,1.11163208952861e-13,1.98201017078148e-13,0.563363805279958,0.564137858310512,0.563363805279102,0.564137858310974
1.58,max,2.99999999999978,0.179999999999987,-3.94082250004617e-17,4.65688567933479e-18,0.0261604639531282,-0.00395871938588996,3.96824240932608e-17,4.5446383899975e-17,-1.58299372661465e-16,1.64693852935067e-16,2.12055467673311e-15,-4.48449521111441e-17,6.74469050897278e-09,3.78754995815546e-13,3.03761091213582e-13,4.85516371907787e-13,0.56336381269195,0.56413786572872,0.563363812692026,0.564137865728887
1.585,max,2.99999999999978,0.179999999999987,-2.96160111125066e-17,3.90936117990783e-18,0.0261604639894123,-0.00395871934960584,2.98729178195081e-17,7.86458793263132e-17,-4.54500589868502e-16,4.61254767483032e-16,1.79633087844893e-15,-2.54164847659641e-16,7.76896017359697e-09,-3.65475197645011e-13,-4.22241578096397e-13,5.58444330588999e-13,0.563363810933312,0.564137863962146,0.563363810933291,0.564137863962566
1.59,max,2.99999999999978,0.179999999999987,-2.13349853776863e-17,5.00155691173481e-19,0.0261604640297016,-0.00395871930931652,2.13408471430143e-17,-6.45087790202983e-16,3.48523785123194e-17,6.46028594844635e-16,1.51607941547922e-15,-1.1095173478341e-15,8.34676674883552e-09,7.59817298332923e-14,6.17982765448725e-13,6.22636267543189e-13,0.563363801079594,0.564137854089059,0.563363801079814,0.564137854089787
1.595,max,2.99999999999978,0.179999999999987,-1.53392324556835e-17,-8.50212189871884e-18,0.0261604640718233,-0.0039587192671948,1.75379054938202e-17,1.47226190061771e-16,-9.51519202836043e-17,1.75298143098443e-16,8.82221753321883e-16,-2.49139368812283e-15,8.50192025584755e-09,2.40943862272609e-13,-6.69984484967095e-13,7.119923839926e-13,0.563363784439247,0.564137837420776,0.563363784439032,0.564137837419325
1.6,max,2.99999999999978,0.179999999999987,-1.03018649126674e-17,-1.42621378437719e-17,0.0261604641137627,-0.0039587192252554,1.75936635341704e-17,1.82958473949918e-15,-9.24495555016518e-16,2.04989569253013e-15,1.13272526388456e-15,1.87387310101604e-16,8.27384094954759e-09,4.31999557502352e-13,3.38247031073929e-13,5.48666266242564e-13,0.563363762468684,0.564137815414064,0.563363762468508,0.564137815412933
1.605,max,2.99999999999978,0.179999999999987,-3.97934595663052e-18,-8.46251225349162e-18,0.0261604641537327,-0.00395871918528539,9.35143346674976e-18,3.79954343935374e-16,9.04105030026352e-16,9.80699346789989e-16,1.3962823185302e-15,2.13246292601051e-15,7.7141630726817e-09,-1.01185171572787e-12,3.93193202943219e-13,1.08556196942514e-12,0.56336373669587,0.564137789600162,0.563363736696903,0.564137789600665
1.61,max,2.99999999999978,0.179999999999987,-1.96451200966532e-18,-1.06697636751008e-19,0.0261604641902261,-0.00395871914879205,1.96740738582723e-18,-1.42169747012784e-15,-5.7651778667526e-16,1.53414355746809e-15,-5.90348739744123e-16,1.20986292068572e-15,6.88317296875186e-09,2.91190990102586e-13,-9.85442329623864e-13,1.02756448835654e-12,0.563363708647744,0.564137761507226,0.563363708646848,0.564137761508531
1.615,max,2.99999999999978,0.179999999999987,-1.03959660794246e-18,-2.49918260506781e-19,0.0261604642220497,-0.00395871911696844,1.06921477925635e-18,6.19053808262874e-16,-7.15411075142648e-16,9.46065866608412e-16,9.60314900433268e-16,-1.26715117018803e-15,5.84627263359751e-09,5.25109521253701e-13,9.29885014236909e-13,1.06790736911666e-12,0.563363679778742,0.564137732595481,0.563363679778092,0.564137732594795
1.62,max,2.99999999999978,0.179999999999987,6.85334448011694e-18,-3.47940355166609e-18,0.0261604642483419,-0.00395871909067626,7.68599893562937e-18,5.76431964525211e-16,6.12455347780807e-16,8.41056099645977e-16,2.19686153479049e-15,-2.46429462756907e-17,4.67059935240643e-09,-5.42158258748766e-13,-3.98738445067527e-13,6.72999201414357e-13,0.563363651422955,0.56413770419747,0.563363651423556,0.564137704197774
1.625,max,2.99999999999978,0.179999999999987,1.5252830165498e-17,-5.14014902269402e-18,0.0261604642685732,-0.0039587190704449,1.60956503451407e-17,-1.08736751327646e-15,-3.01241922286111e-16,1.12832389174016e-15,1.16293273936192e-15,-6.39655242135481e-16,3.42194413644054e-09,-1.23361532371903e-13,3.32595370407591e-14,1.27766445021021e-13,0.563363624747012,0.564137677481667,0.563363624746926,0.564137677482675
1.63,max,2.99999999999978,0.179999999999987,2.1845969570608e-17,-1.30282428181235e-17,0.0261604642825332,-0.00395871905648487,2.54358309753764e-17,-4.98446073222144e-17,1.13629010370326e-15,1.13738282238351e-15,1.47432302268211e-15,-2.5155822760363e-15,2.16206826247253e-09,5.38370694753601e-13,5.41753273354991e-13,7.63766727581349e-13,0.563363600715578,0.564137653417054,0.563363600716798,0.564137653416394
1.635,max,2.99999999999978,0.179999999999987,2.41370198815806e-17,-2.30765226548794e-17,0.0261604642903046,-0.0039587190487135,3.33934368791979e-17,1.60486379008964e-15,9.84968722610926e-16,1.8830165079634e-15,-5.57902898293081e-16,-1.50372965866605e-15,9.46476580653858e-10,1.23512664211141e-13,-6.02281825791926e-13,6.148160504572e-13,0.56336358007729,0.564137632749467,0.563363580077585,0.564137632748207
1.64,max,2.99999999999978,0.179999999999987,2.03711052580783e-17,-2.50680640416246e-17,0.0261604642922276,-0.00395871904679053,3.2301544301019e-17,5.00131694983998e-17,-2.99760227035536e-16,3.03903785490855e-16,-9.48462951107843e-16,7.07113103967963e-16,-1.7728766453146e-10,-7.45452912447638e-13,8.83902459333413e-14,7.50674949797062e-13,0.563363563349918,0.56413761599824,0.563363563349853,0.564137615998385
1.645,max,2.99999999999978,0.179999999999987,1.62723402525132e-17,-2.27115965325866e-17,0.0261604642888573,-0.00395871905016081,2.79393212936994e-17,-2.11084198552277e-16,3.32104324343395e-16,3.93509620118797e-16,-6.91043051118175e-16,2.35473899647212e-16,-1.17082340018085e-09,6.41013965227367e-13,1.64355574618231e-13,6.61748939194164e-13,0.563363550827605,0.564137603459664,0.563363550827816,0.564137603459655
1.65,max,2.99999999999978,0.179999999999987,1.21775314922694e-17,-2.20550078332601e-17,0.0261604642809164,-0.0039587190581017,2.51935635385385e-17,7.49700455143969e-16,2.77924757445243e-16,7.99557967407037e-16,-9.46880452979341e-16,2.71615800834171e-17,-2.00553112428436e-09,-2.56700103748868e-13,-1.86027401377492e-13,3.1701914347235e-13,0.563363542591647,0.564137595214155,0.56336354259187,0.564137595213269
1.655,max,2.99999999999978,0.179999999999987,6.53739770152813e-18,-1.80113290197145e-17,0.0261604642692457,-0.00395871906977246,1.91610422932667e-17,6.05690411633491e-16,2.88647835944891e-16,6.70953387308252e-16,-1.30917306331719e-15,1.59030994533482e-15,-2.66277436006908e-09,1.99096086344677e-13,1.90316632777352e-13,2.75426346433083e-13,0.56336353852885,0.564137591147136,0.563363538528938,0.564137591147004
1.66,max,2.99999999999978,0.179999999999987,-1.86769997885877e-19,-9.66994133628163e-18,0.0261604642547547,-0.00395871908426338,9.67174485184749e-18,2.70270497480923e-16,1.39860014864356e-16,3.0431392601464e-16,-1.38049401644842e-15,1.74624512803832e-15,-3.13359294379662e-09,-3.33264052005704e-13,-2.49831761209566e-13,4.16510308717965e-13,0.563363538359084,0.564137590979203,0.563363538359233,0.564137590979297
1.665,max,2.99999999999978,0.179999999999987,-7.5946980086387e-18,-1.45370791288876e-18,0.0261604642383757,-0.00395871910064246,7.73257425043019e-18,-2.67454805267416e-16,5.36601556224109e-16,5.99560925180058e-16,-1.5826771878527e-15,1.54024824131883e-15,-3.41803815013244e-09,1.18173930906368e-13,4.08528377753467e-13,4.25276984300518e-13,0.563363541665357,0.564137594292349,0.563363541665324,0.564137594292335
1.67,max,2.99999999999978,0.179999999999987,-1.57097510002805e-17,6.30231017053655e-18,0.0261604642210201,-0.00395871911799802,1.69267654906797e-17,4.26643684693191e-16,-1.22769837703437e-15,1.29971848438861e-15,-1.66334400880403e-15,1.56215899205129e-15,-3.52418665397711e-09,1.59465465077875e-13,-1.11424835105686e-12,1.12560144917525e-12,0.563363547926236,0.564137600563871,0.563363547925337,0.56413760056384
1.675,max,2.99999999999978,0.179999999999987,-2.01625740344186e-17,1.42649710228029e-17,0.0261604642035423,-0.00395871913547578,2.4698558459449e-17,-7.21410752352347e-16,-1.12598564841732e-15,1.33726480326499e-15,-1.17785204851212e-16,1.62290534885524e-15,-3.46691608348162e-09,-6.1868723989609e-13,1.15493344250368e-12,1.31020805883022e-12,0.563363556548305,0.564137609199965,0.563363556547859,0.564137609200888
1.68,max,2.99999999999978,0.179999999999987,-1.87416441837682e-17,1.86689706774757e-17,0.0261604641867088,-0.00395871915230936,2.6453349369549e-17,-1.56899970760639e-15,1.04663699968522e-15,1.88605649214943e-15,6.86157145111411e-16,1.38694513013887e-16,-3.2665189179812e-09,2.79651657794473e-13,-2.85884383262661e-13,3.99918654604494e-13,0.563363566903499,0.564137619572299,0.563363566904024,0.564137619572986
1.685,max,2.99999999999978,0.179999999999987,-1.81105180097114e-17,1.64308813019499e-17,0.0261604641711743,-0.00395871916784377,2.4453317217483e-17,7.4619394817915e-16,-8.79373919551031e-16,1.15330130438049e-15,-4.33706675488718e-16,-1.03393026322418e-15,-2.94724572199021e-09,6.46425804519743e-13,-4.84519984431842e-13,8.07852669775144e-13,0.563363578357342,0.564137631044327,0.563363578356852,0.564137631043301
1.69,max,2.99999999999978,0.179999999999987,-1.83650171575718e-17,1.61425580130588e-17,0.0261604641574667,-0.00395871918155144,2.44510947485563e-17,3.12367282544627e-16,-1.73559789454793e-17,3.12849083759999e-16,3.31907016344552e-16,9.18600947667717e-16,-2.5358198595635e-09,-8.19956470773552e-13,8.29327160674062e-13,1.16623846334921e-12,0.563363590294695,0.564137643000157,0.563363590294867,0.564137642999289
1.695,max,2.99999999999978,0.179999999999987,-1.78990310729371e-17,2.54718235639632e-17,0.0261604641459771,-0.00395871919304103,3.11318022129083e-17,-4.28297872978322e-16,-1.24357056116086e-16,4.45986261451644e-16,-1.45512582490676e-16,2.81310527269407e-15,-2.06001900307966e-09,5.23690408564372e-13,-8.72127591542305e-13,1.01727979432981e-12,0.563363602149723,0.564137654872107,0.563363602149572,0.564137654872628
1.7,max,2.99999999999978,0.179999999999987,-1.80772507485841e-17,3.76859273672191e-17,0.0261604641369586,-0.00395871920205949,4.1797321877777e-17,-1.05040269204877e-16,-3.06060727532979e-16,3.23584034050893e-16,7.42247122318911e-17,2.07253624860827e-15,-1.54736449078087e-09,-3.94387367054994e-13,7.99446122975548e-13,8.91434517411798e-13,0.563363613420678,0.564137666160044,0.563363613420796,0.564137666160111
1.705,max,2.99999999999978,0.179999999999987,-1.83829367628987e-17,4.88641404208427e-17,0.0261604641305303,-0.00395871920848783,5.22076295487218e-17,-1.23514185238624e-15,8.33075494831417e-16,1.48982890816521e-15,-1.9649911795775e-16,2.39874897284119e-15,-1.02396895825497e-09,-5.7653266217553e-14,-3.4379163402979e-13,3.48592292993441e-13,0.56336362368493,0.564137676438879,0.563363623685097,0.564137676439568
1.71,max,2.99999999999978,0.179999999999987,-2.04353369757468e-17,5.85477914753189e-17,0.0261604641266865,-0.00395871921233163,6.20116673211562e-17,-8.07273652129186e-16,-1.19174040091124e-15,1.43942208284647e-15,-6.24460967181474e-16,1.47471144894927e-15,-5.13551161947109e-10,2.28800546320376e-13,-4.66134724267274e-13,5.19260311562736e-13,0.563363632611291,0.564137685377474,0.563363632610275,0.564137685377863
1.715,max,2.99999999999978,0.179999999999987,-1.91087456311334e-17,6.5213798246334e-17,0.0261604641253109,-0.00395871921370722,6.79557476694129e-17,-5.17471359816766e-16,-2.63630153571212e-16,5.80755943665317e-16,1.15509750502682e-15,1.19169125945678e-15,-3.66881770348466e-11,-1.12879629395408e-13,8.37378823203285e-13,8.44952723104531e-13,0.563363639958649,0.564137692735478,0.563363639959119,0.564137692736397
1.72,max,2.99999999999978,0.179999999999987,-1.57520633331079e-17,6.78800125295612e-17,0.0261604641261935,-0.0039587192128246,6.9683739855605e-17,-1.62765251497185e-15,5.08380659417402e-16,1.70519899259994e-15,1.87575414183379e-16,-1.25205546165884e-16,3.89737489651124e-10,-3.31192832666626e-13,-5.28574498007839e-13,6.23762528815239e-13,0.56336364558529,0.564137698369501,0.56336364558586,0.564137698370755
1.725,max,2.99999999999978,0.179999999999987,-1.77804216222054e-17,6.26194103308756e-17,0.02616046412905,-0.00395871920996813,6.50948073447488e-17,-5.42863147810569e-16,-1.07570139242516e-15,1.20492069569588e-15,-9.98918729822371e-16,-1.97903533330836e-15,7.52852724143662e-10,7.65108579531138e-13,-1.05058322729187e-13,7.72287763496759e-13,0.563363649436708,0.564137702225374,0.563363649435502,0.564137702225546
1.73,max,2.99999999999978,0.179999999999987,-1.74859054243259e-17,5.29117977435415e-17,0.0261604641335419,-0.0039587192054762,5.57262526011028e-17,-9.72947744990837e-16,-9.66521803548697e-16,1.37141959706641e-15,1.11672520897419e-15,-1.90400970162527e-15,1.04391719445657e-09,-9.37142418403245e-13,1.48730158279773e-13,9.48871209570935e-13,0.563363651537523,0.564137704329032,0.563363651537548,0.564137704329121
1.735,max,2.99999999999978,0.179999999999987,-1.21932367759653e-17,4.37407408465258e-17,0.0261604641392973,-0.00395871919972077,4.54084511173601e-17,-9.93562137108025e-17,7.20078779949147e-16,7.26901029395336e-16,1.00034225037002e-15,-1.76441305718104e-15,1.25825431410352e-09,1.28657903091526e-12,5.25910075119364e-13,1.38991618808578e-12,0.563363651990746,0.564137704782519,0.563363651991092,0.564137704781918
1.74,max,2.99999999999978,0.179999999999987,-8.94808266103091e-18,3.84861508707408e-17,0.0261604641459305,-0.00395871919308764,3.95126814093154e-17,-2.31797871189849e-16,-4.11566768219158e-16,4.72353107103687e-16,2.97719395603754e-16,-3.37422933132979e-16,1.39499779273567e-09,-1.33955569390688e-12,-9.78568294386686e-13,1.65891692494145e-12,0.56336365095671,0.564137703745308,0.563363650956133,0.564137703745357
1.745,max,2.99999999999978,0.179999999999987,-4.92143526226812e-18,3.71929482648522e-17,0.0261604641530598,-0.00395871918595835,3.75171417577708e-17,-9.1582385296116e-16,-1.05127722018023e-15,1.39424428394829e-15,1.31293956390136e-15,-1.79858109222442e-16,1.4567193200842e-09,1.06594530119835e-12,7.22684113602259e-13,1.28783217586762e-12,0.563363648640733,0.564137701424857,0.56336364864012,0.564137701425441
1.75,max,2.99999999999978,0.179999999999987,4.58246994676018e-18,3.41570738955704e-17,0.0261604641603239,-0.00395871917869418,3.44630922570859e-17,1.52974126232196e-16,4.98788496430131e-16,5.21719318664294e-16,2.48862251970996e-15,-1.03449163849031e-15,1.4489461259693e-09,-6.38426109521011e-13,-1.02657826958116e-13,6.46627038372118e-13,0.563363645282804,0.564137698062241,0.563363645283141,0.564137698061877
1.755,max,2.99999999999978,0.179999999999987,1.57394746949078e-17,3.13652342773376e-17,0.0261604641673953,-0.00395871917162283,3.50928623076533e-17,-9.27438295154601e-16,-3.14690714868947e-16,9.79373288049047e-16,1.97417937954908e-15,-8.22442088028052e-17,1.37959350273452e-09,2.06261140966292e-13,-2.22733857561515e-13,3.03568821813028e-13,0.563363641142332,0.564137693914744,0.563363641142526,0.564137693914958
1.76,max,2.99999999999978,0.179999999999987,2.52990399726374e-17,3.03583630204935e-17,0.0261604641739902,-0.00395871916502794,3.95179912042752e-17,3.06988410852713e-16,1.00213997444314e-15,1.04810610759349e-15,1.84964673154277e-15,-3.2050429393482e-16,1.25836555073045e-09,2.87509541436633e-13,7.49466133286352e-13,8.02721135488719e-13,0.563363636481842,0.564137689247513,0.5633636364829,0.564137689247487
1.765,max,2.99999999999978,0.179999999999987,3.00137880770806e-17,2.95018404976447e-17,0.0261604641798765,-0.00395871915914166,4.20854614740574e-17,-6.03689391866117e-16,3.42452709070961e-16,6.94056726645396e-16,3.62525102345091e-17,-2.21047152047104e-17,1.09614439120489e-09,-6.51780662524165e-13,-1.01334103943523e-12,1.20485604710443e-12,0.563363631560335,0.564137684317794,0.563363631560089,0.5641376843178
1.77,max,2.99999999999978,0.179999999999987,3.20277928535553e-17,2.99543439050798e-17,0.0261604641848778,-0.00395871915414032,4.38525054455733e-17,-7.41428345450224e-16,3.29679906665095e-16,8.11421488682523e-16,7.69349400355376e-16,2.03106078178745e-16,9.04391953345002e-10,5.96685081090522e-13,1.00823191847288e-12,1.1715650589803e-12,0.563363626616284,0.564137679366275,0.563363626616489,0.564137679366768
1.775,max,2.99999999999978,0.179999999999987,3.6071728878816e-17,2.91425734780372e-17,0.0261604641888753,-0.00395871915014286,4.63730440366988e-17,-4.55439102905471e-16,1.72559536038041e-15,1.78468600157612e-15,8.48225009748913e-16,-5.27814248995773e-16,6.94593526357912e-10,-4.82289384072621e-13,-4.49865736986752e-13,6.59531827362245e-13,0.563363621866692,0.56413767461012,0.563363621867521,0.564137674610286
1.78,max,2.99999999999978,0.179999999999987,3.69481487425964e-17,2.63605036271931e-17,0.0261604641918061,-0.00395871914721199,4.53876838689119e-17,-2.88337756623003e-16,-5.59858397843602e-16,6.29746050031591e-16,-4.97657064236767e-16,-5.85013691341861e-16,4.77753156765634e-10,5.49129922585608e-13,-4.64315766302855e-13,7.1911946345255e-13,0.563363617494948,0.564137670231611,0.563363617494696,0.564137670231509
1.785,max,2.99999999999978,0.179999999999987,3.63510261080386e-17,2.43008392429321e-17,0.0261604641936605,-0.00395871914535765,4.37255976176214e-17,-8.00709673140875e-17,8.29054984736524e-16,8.32912677009476e-16,2.58808010413674e-16,-2.38852062362559e-16,2.63984340785709e-10,-4.65823206862042e-13,1.01988111933491e-12,1.12122645242924e-12,0.563363613647004,0.564137666378788,0.563363613647754,0.564137666378465
1.79,max,2.99999999999978,0.179999999999987,3.46878748262642e-17,2.51149400675236e-17,0.0261604641944758,-0.00395871914454228,4.28253298242742e-17,1.0949810241878e-16,6.04130133261333e-16,6.1397316907799e-16,-9.24068523123448e-16,5.64492392199146e-16,6.2161081370689e-11,5.41650834755189e-13,-1.10985105992498e-12,1.23497166040667e-12,0.563363610432471,0.564137663159431,0.563363610433115,0.564137663159687
1.795,max,2.99999999999978,0.179999999999987,2.76100361349451e-17,2.7306380863191e-17,0.0261604641943304,-0.00395871914468768,3.88323644814299e-17,-1.29489651381317e-15,5.32987460227904e-16,1.4002973306572e-15,-1.90706695340418e-15,3.12083926067816e-16,-1.20321889475763e-10,-1.10340868124797e-12,1.08139399071161e-12,1.54496721033184e-12,0.563363607921137,0.564137660644049,0.563363607921211,0.564137660645059
1.8,max,2.99999999999978,0.179999999999987,1.83473685545056e-17,2.48777489944199e-17,0.0261604641933353,-0.00395871914568277,3.09116212435424e-17,-1.13506742073096e-15,9.09748999279092e-16,1.45465504202685e-15,-1.79800007877161e-15,-1.28353667357625e-15,-2.77714548624271e-10,1.16734031848085e-12,-9.30689375091134e-13,1.49293875696845e-12,0.563363606143699,0.564137658864523,0.563363606143974,0.564137658865382
1.805,max,2.99999999999978,0.179999999999987,8.13294530960826e-18,1.49282572455397e-17,0.0261604641916261,-0.00395871914739199,1.69999312880402e-17,5.58637336259162e-16,-6.85575779459244e-16,8.84358424420711e-16,-2.28776921918733e-15,-2.6962600259758e-15,-4.05973526321084e-10,-4.89858415684801e-13,2.92559463595799e-13,5.70571912344698e-13,0.56336360509724,0.564137657817145,0.563363605096246,0.564137657816243
1.81,max,2.99999999999978,0.179999999999987,1.07453208666841e-18,5.71644754576151e-18,0.0261604641893543,-0.0039587191496638,5.81656184947111e-18,1.54542089819427e-16,-2.63026824720489e-16,3.05067808934831e-16,-5.35596069988613e-16,-9.88463853935482e-16,-5.02748177754669e-10,3.28220317108907e-13,-1.23539881700298e-13,3.50700269366299e-13,0.56336360474619,0.564137657465996,0.563363604746152,0.564137657465968
1.815,max,2.99999999999978,0.179999999999987,-1.49357877411866e-18,9.95656075868464e-19,0.0261604641866792,-0.00395871915233894,1.79502328004725e-18,-5.78580027901427e-16,3.56115579592739e-16,6.79391753493585e-16,-4.91648274326218e-16,-8.99852734021737e-16,-5.67306783157721e-10,-6.21469164197248e-13,3.71196843425589e-13,7.23886053614205e-13,0.563363605030411,0.564137657751052,0.563363605030679,0.564137657751233
1.82,max,2.99999999999978,0.179999999999987,-5.0185108266073e-18,-4.17175454605793e-18,0.02616046418376,-0.00395871915525815,6.52602382077553e-18,-3.13520427129363e-16,5.04238568183581e-16,5.93760550955692e-16,-9.18324546669233e-16,-1.16711151474882e-15,-6.0038005928379e-10,7.27493004506074e-13,-3.11947647989251e-13,7.91553792670657e-13,0.563363605868497,0.564137658590675,0.563363605868825,0.564137658590975
1.825,max,2.99999999999978,0.179999999999987,-1.131018575954e-17,-1.14692561677257e-17,0.0261604641807491,-0.00395871915826905,1.61078905805886e-17,7.1095450299594e-16,-1.00097972843206e-15,1.2277690019145e-15,-1.59834542650387e-15,-1.75188913391828e-15,-6.03978006583298e-10,-3.17703032455953e-13,-2.90139670657006e-13,4.30251374571499e-13,0.563363607164363,0.56413765988854,0.563363607163354,0.564137659887913
1.83,max,2.99999999999978,0.179999999999987,-1.50500552575057e-17,-1.73308537627752e-17,0.0261604641777862,-0.00395871916123189,2.29534889592121e-17,-4.23859376304992e-16,-1.63265950289994e-15,1.68678209122907e-15,1.02397627317616e-16,-5.92749904101534e-16,-5.81160401489885e-10,-1.3622251926442e-13,3.7467760869855e-14,1.41281307536934e-13,0.563363608811202,0.564137661537367,0.5633636088101,0.564137661538007
1.835,max,2.99999999999978,0.179999999999987,-9.85645480347805e-18,-2.35203364003951e-17,0.0261604641749938,-0.00395871916402427,2.55020768895546e-17,-3.28143889518505e-16,1.1098821892046e-16,3.46405538303689e-16,1.97504255429343e-15,-1.88304315094641e-15,-5.35792275669313e-10,1.74508713979015e-13,6.59991327858304e-13,6.82672574593983e-13,0.56336361069938,0.564137663429696,0.563363610699889,0.56413766342961
1.84,max,2.99999999999978,0.179999999999987,-2.5249703501977e-18,-3.28573022697965e-17,0.0261604641724736,-0.00395871916654448,3.29541770905928e-17,1.2383509881513e-15,1.97622043896602e-16,1.25402059077559e-15,9.57551227018705e-16,-1.85174319681415e-15,-4.7228862976858e-10,4.52089237088906e-13,-6.25337797867847e-13,7.71642429972483e-13,0.563363612722942,0.564137665456513,0.563363612723035,0.564137665455729
1.845,max,2.99999999999978,0.179999999999987,1.60492670482707e-18,-3.93838270175467e-17,0.0261604641703045,-0.00395871916871361,3.94165145627554e-17,6.36076106363044e-16,-6.02359747829028e-16,8.76030866402903e-16,6.944075949912e-16,-7.58866702285949e-16,-3.95363532098772e-10,-6.92999189804208e-13,3.05345081177595e-13,7.5728693087141e-13,0.563363614779323,0.564137667515292,0.563363614778821,0.564137667515332
1.85,max,2.99999999999978,0.179999999999987,7.51305969955317e-18,-4.40876617895389e-17,0.0261604641685416,-0.0039587191704765,4.4723237674813e-17,-8.24541013311817e-17,1.15318578749111e-16,1.41764076659243e-16,1.66884560289924e-15,-1.12266720651091e-15,-3.09796557154612e-10,4.05587106726517e-13,-1.82737505463394e-14,4.05998560467666e-13,0.5633636167753,0.56413766951447,0.563363616775498,0.564137669514749
1.855,max,2.99999999999978,0.179999999999987,1.5257215024821e-17,-5.19691913609746e-17,0.0261604641672166,-0.00395871917180153,5.41625282001055e-17,7.18506069447098e-16,1.22397640526517e-16,7.28856744661649e-16,1.4288165272079e-15,-2.0299446220634e-15,-2.20216186450339e-10,-8.52030384152056e-14,2.1105375257302e-14,8.77780987486886e-14,0.563363618632816,0.564137671375128,0.563363618632755,0.5641376713743
1.86,max,2.99999999999978,0.179999999999987,2.32219811979058e-17,-5.9310868900989e-17,0.0261604641663387,-0.00395871917267938,6.36948944621638e-17,1.12914984115891e-15,6.20506578286183e-16,1.28841289091875e-15,1.757089942026e-15,-9.06726393942323e-16,-1.30920726753172e-10,2.4946054709993e-13,1.78138199846564e-13,3.06535124910623e-13,0.563363620285638,0.564137673030708,0.563363620286314,0.564137673029832
1.865,max,2.99999999999978,0.179999999999987,2.94909210061156e-17,-6.08655498130098e-17,0.0261604641658971,-0.00395871917312099,6.76337901926909e-17,1.69565885196308e-15,8.71983115445762e-16,1.90672847984794e-15,7.50485981257948e-16,2.84854029133963e-16,-4.57245654998335e-11,-2.28569427782613e-14,-7.75475849827328e-14,8.08459508560749e-14,0.563363621686173,0.564137674433082,0.563363621686879,0.564137674432489
1.87,max,2.99999999999978,0.179999999999987,3.03301405147926e-17,-5.75969600330429e-17,0.0261604641658632,-0.00395871917315493,6.50947557695319e-17,3.26771277521896e-16,5.42924200770577e-16,6.33676696427809e-16,-4.14798177787154e-16,1.0225818828528e-15,3.21468327179955e-11,-5.24698086998213e-13,-5.40759808873411e-14,5.27477292599892e-13,0.56336362280101,0.564137675549072,0.563363622801403,0.564137675548896
1.875,max,2.99999999999978,0.179999999999987,2.6918989059177e-17,-5.29868416202759e-17,0.0261604641661939,-0.00395871917282422,5.94326287224475e-17,1.3779432192457e-15,7.91829074511952e-16,1.58925164738239e-15,-9.49662404459076e-16,8.21465482254009e-16,1.00138852961599e-10,9.45166863687734e-13,1.53637930383891e-13,9.5757245880714e-13,0.563363623613278,0.564137676362758,0.563363623613613,0.564137676361794
1.88,max,2.99999999999978,0.179999999999987,2.09284883995985e-17,-4.52996169534763e-17,0.0261604641668352,-0.00395871917218288,4.99004701663602e-17,1.35477081051272e-15,-1.49552572321205e-16,1.36300033782284e-15,-1.44653785937235e-15,2.25342438446585e-15,1.56398971293864e-10,-9.54435827180925e-13,-5.30190589117154e-13,1.09181033563295e-12,0.563363624121143,0.564137676870988,0.563363624120912,0.564137676869916
1.885,max,2.99999999999978,0.179999999999987,1.51142266229214e-17,-2.98268120587118e-17,0.0261604641677257,-0.00395871917129242,3.3437681797558e-17,4.45968570453195e-16,2.74841497001934e-16,5.23856673438767e-16,-8.79166851298488e-16,3.93569757343993e-15,1.99783946630064e-10,5.90914931157115e-13,6.99948216846409e-13,9.16028363169441e-13,0.563363624335294,0.564137677085069,0.563363624335519,0.564137677084907
1.89,max,2.99999999999978,0.179999999999987,9.91325161131196e-18,-9.79633901975536e-18,0.0261604641687997,-0.00395871917021838,1.39370303759144e-17,7.87497269730765e-16,7.90147861790226e-16,1.11556514526274e-15,-1.20122315334528e-15,4.07649164214264e-15,2.29829484033405e-10,-4.54303451446087e-13,-4.93825670931092e-13,6.7101074452379e-13,0.563363624279648,0.564137677028935,0.563363624279857,0.564137677029265
1.895,max,2.99999999999978,0.179999999999987,2.70210425470208e-18,9.16931199186627e-18,0.026160464169991,-0.00395871916902708,9.55916574850868e-18,-4.89429135713266e-16,-9.35110490886762e-16,1.05544896089366e-15,-1.68323578929868e-15,3.50976876250601e-15,2.4669306934735e-10,-5.6467110731525e-14,-1.96277670139703e-13,2.04238728917501e-13,0.563363623985587,0.564137676733808,0.563363623984917,0.564137676734238
1.9,max,2.99999999999978,0.179999999999987,-2.54057163907451e-18,2.51526646015512e-17,0.0261604641712355,-0.00395871916778262,2.52806455774254e-17,-2.14740487166344e-17,-3.13988679108706e-16,3.14722139953188e-16,-4.13834568211955e-16,2.88357228136797e-15,2.51088423748949e-10,2.43649145530178e-13,4.44726394850925e-13,5.07096117510957e-13,0.563363623490776,0.564137676238594,0.563363623490729,0.564137676238755
1.905,max,2.99999999999978,0.179999999999987,-4.39291353269337e-18,3.96000979530612e-17,0.0261604641724737,-0.00395871916654443,3.98430100167867e-17,-8.57320071803624e-16,3.90414549313513e-16,9.42030374156293e-16,-3.27102189235586e-16,2.89540105923604e-15,2.44187524556749e-10,-5.77987554764974e-13,-1.62965103482038e-13,6.00522471199958e-13,0.563363622839904,0.564137675586589,0.563363622840069,0.564137675587097
1.91,max,2.99999999999978,0.179999999999987,-6.82867573756968e-18,5.24331757424796e-17,0.0261604641736529,-0.00395871916536517,5.28759749864778e-17,-3.85775725186315e-16,1.18328259306248e-16,4.03515163399685e-16,-6.47202692714936e-16,2.23783005653132e-15,2.2751676163125e-10,7.66605293411897e-13,5.41305874791317e-14,7.68514018341876e-13,0.563363622077296,0.564137674822645,0.563363622077037,0.564137674822961
1.915,max,2.99999999999978,0.179999999999987,-9.04376860397904e-18,6.30503164300668e-17,0.0261604641747289,-0.00395871916428922,6.36956211406551e-17,-4.9149101295751e-16,-6.52543162090708e-16,8.16930838081988e-16,-2.38834453848804e-16,2.00902621850354e-15,2.02863468913477e-10,-8.08891408520375e-13,-3.62479156037914e-13,8.86395199298842e-13,0.563363621248439,0.564137673992249,0.563363621247942,0.564137673992838
1.92,max,2.99999999999978,0.179999999999987,-8.34361418473408e-18,7.14789642184233e-17,0.0261604641756665,-0.00395871916335166,7.19642843596901e-17,-1.89645857703655e-15,4.08749972776001e-17,1.89689902204043e-15,5.18896221546787e-16,1.36243289683909e-15,1.72158093281861e-10,2.46904382888759e-13,6.39846419785237e-13,6.85831768877518e-13,0.563363620395458,0.564137673137688,0.563363620395188,0.564137673139091
1.925,max,2.99999999999978,0.179999999999987,-4.58373042286698e-18,7.29596110190415e-17,0.0261604641764403,-0.0039587191625778,7.31034569951337e-17,-3.81092049994489e-16,2.69545641192325e-16,4.66782608132291e-16,9.85057283200053e-16,-7.70174176591799e-16,1.37385846521572e-10,3.59242227928064e-13,-5.48378162219347e-13,6.55571191500807e-13,0.563363619558454,0.564137672300208,0.563363619558652,0.564137672300525
1.93,max,2.99999999999978,0.179999999999987,-8.64107535388322e-19,6.8619310327244e-17,0.026160464177035,-0.00395871916198312,6.86247508674482e-17,-9.83281000797231e-16,-2.89476480257401e-16,1.02500641907796e-15,5.02791871791408e-16,-9.65946100127208e-16,1.00486234259084e-10,-6.00117808249161e-13,3.24769313639456e-13,6.82360968153674e-13,0.563363618771556,0.564137671511876,0.563363618771233,0.564137671512228
1.935,max,2.99999999999978,0.179999999999987,3.08923368519492e-18,6.33044459034374e-17,0.0261604641774444,-0.0039587191615737,6.3379777815191e-17,-1.09069054585983e-15,2.67011169579966e-16,1.12289840658382e-15,1.07854461644189e-15,-1.15999966939545e-15,6.32841005131909e-11,5.5715399022412e-13,-1.0217425370451e-13,5.66445184411283e-13,0.563363618063146,0.564137670802504,0.56336361806333,0.564137670803251
1.94,max,2.99999999999978,0.179999999999987,7.88212405160987e-18,5.53717278170967e-17,0.0261604641776712,-0.00395871916134696,5.59299215180533e-17,-8.44940319176601e-16,2.37549523077464e-16,8.7769807957212e-16,8.38611530124091e-16,-2.01308756514083e-15,2.74125005809428e-11,-4.58853899550828e-13,9.03895951035088e-14,4.67672086013243e-13,0.563363617455389,0.564137670193903,0.563363617455193,0.56413767019423
1.945,max,2.99999999999978,0.179999999999987,1.29133239529036e-17,4.49759018774272e-17,0.0261604641777254,-0.00395871916129274,4.67930089351027e-17,-8.27946230067844e-16,-6.02020750976814e-16,1.02368156400818e-15,1.1738684303934e-15,-2.14524281072695e-15,-5.72656307499448e-12,4.65651535194331e-13,-4.2621770472522e-13,6.31262927828074e-13,0.563363616963418,0.564137669701106,0.563363616963091,0.564137669701616
1.95,max,2.99999999999978,0.179999999999987,2.06852429364581e-17,3.24451185553377e-17,0.0261604641776235,-0.00395871916139457,3.84781105748477e-17,3.75283277343316e-16,9.81884565648367e-16,1.05115880746537e-15,1.93489916302839e-15,-2.86707051810885e-15,-3.5004734069354e-11,1.56402677701335e-14,1.05977983137529e-12,1.05989523490096e-12,0.563363616594558,0.564137669333172,0.563363616595488,0.564137669332105
1.955,max,2.99999999999978,0.179999999999987,2.65648579242914e-17,2.36479487895158e-17,0.0261604641773871,-0.00395871916163103,3.55656738793088e-17,-4.04114522652309e-16,2.53023124351148e-16,4.76790571294064e-16,4.16946832104927e-16,-6.51797388219912e-16,-5.95783044739108e-11,-3.27399387768384e-13,-1.35132440789418e-12,1.39042008561502e-12,0.563363616353934,0.564137669091056,0.56336361635412,0.564137669091654
1.96,max,2.99999999999978,0.179999999999987,2.82393541493521e-17,1.8054207538395e-17,0.0261604641770409,-0.00395871916197724,3.35173914947445e-17,-7.38170811935131e-16,-3.14261184824178e-16,8.02281895520562e-16,2.52851657919372e-16,-1.58569911222842e-15,-7.8906162098801e-11,1.93776872055255e-13,1.12441068422405e-12,1.14098591706502e-12,0.5633636162359,0.564137668972614,0.563363616235655,0.564137668973377
1.965,max,2.99999999999978,0.179999999999987,3.15768638957255e-17,6.73644296334488e-18,0.0261604641766118,-0.00395871916240632,3.22874278518369e-17,-2.25731484028798e-16,1.31853501301253e-15,1.33771793866338e-15,1.08215224062998e-15,-2.94140671779162e-15,-9.2725161106509e-11,1.11988591072783e-14,-4.71292205089366e-13,4.71425240121169e-13,0.563363616231832,0.56413766896964,0.563363616233254,0.564137668969994
1.97,max,2.99999999999978,0.179999999999987,3.09940873631595e-17,-9.51800261820542e-18,0.0261604641761274,-0.00395871916289074,3.24226128699605e-17,-3.49418820512771e-17,3.27956568973362e-16,3.29812744226273e-16,-1.31526285365638e-15,-3.5603715148285e-15,-1.01041939235666e-10,6.51169816837299e-14,7.50608274736975e-14,9.93697596084211e-14,0.56336361633168,0.564137669069276,0.563363616331824,0.564137669069193
1.975,max,2.99999999999978,0.179999999999987,2.44519296508055e-17,-2.73320685299508e-17,0.0261604641756145,-0.00395871916340359,3.66734077196798e-17,3.48248068443083e-16,6.28251491488977e-16,7.18315149312934e-16,-1.30160023128522e-15,-3.56525484986965e-15,-1.0409880102187e-10,8.8158998514014e-14,4.50571415325484e-14,9.90058332729845e-14,0.563363616517683,0.564137669255638,0.563363616517945,0.564137669255621
1.98,max,2.99999999999978,0.179999999999987,1.73086393396179e-17,-4.57403717596938e-17,0.0261604641750984,-0.00395871916391967,4.89057318164647e-17,5.4978694961773e-16,-3.78147281106588e-17,5.51085876821436e-16,-1.55571589318981e-15,-3.79806644202757e-15,-1.02336619504951e-10,-7.54344604415519e-15,-3.11483629372403e-13,3.11574958790377e-13,0.563363616773533,0.564137669511689,0.563363616773223,0.564137669511531
1.985,max,2.99999999999978,0.179999999999987,1.1442553060838e-17,-6.52626037355226e-17,0.0261604641746017,-0.00395871916441641,6.62581275534552e-17,5.69246168129116e-16,6.55652955034169e-16,8.68286817459945e-16,-7.90718618322138e-16,-4.01082634830392e-15,-9.63572753771218e-11,1.53271334487098e-14,5.88870702630334e-13,5.89070136262311e-13,0.563363617079712,0.564137669818657,0.563363617079612,0.564137669818116
1.99,max,2.99999999999978,0.179999999999987,8.04513075125683e-18,-8.36724121835287e-17,0.0261604641741436,-0.00395871916487449,8.4058293400563e-17,1.09658593260603e-15,-3.06650646959032e-16,1.13865505174738e-15,-5.68250305510348e-16,-3.35309703089852e-15,-8.6876920821898e-11,1.95608772342057e-13,-9.73792143427614e-13,9.93244144416927e-13,0.563363617419054,0.564137670158305,0.563363617418177,0.564137670157427
1.995,max,2.99999999999978,0.179999999999987,9.71264787499984e-18,-9.80998337881842e-17,0.0261604641737397,-0.00395871916527841,9.85794751356138e-17,1.23453126659436e-15,2.07978262553333e-16,1.25192747629157e-15,1.23525715500755e-15,-2.41787161096369e-15,-7.46896570840103e-11,-1.40430638746725e-13,1.17964370723256e-12,1.18797308063449e-12,0.563363617770844,0.564137670511285,0.563363617771738,0.564137670510877
2,max,2.99999999999978,0.179999999999987,1.18058954883983e-17,-1.10051990368198e-16,0.0261604641734014,-0.00395871916561667,1.1068342130728e-16,1.49424238495963e-15,1.81219975984036e-15,2.34879293991091e-15,-3.97958109648196e-16,-2.36299102104172e-15,-6.06139211077882e-11,2.44315086092833e-13,-5.37955108317749e-13,5.90834629873461e-13,NaN,NaN,NaN,NaN
