Time,x,y,z,alpha,beta,gamma,vx,vy,vz,valpha,vbeta,vgamma,target_z,u1,u2,u3,u4,mass_multiplier
0,0.0001,0.0001,0.0306191786657313,0,0,0,0,0,0,0,0,0,0.0301191786657313,-0.14306640625,-0.146517738699913,-0.304434508085251,0.0469907820224762,0.0999999999999999
0.001,0.000101604715893848,0.000100238948590373,0.0306555344182987,-0.000926613432422523,0.000643051466356121,-3.59094087798439e-10,0.00325950384007097,0.000553271159632463,0.0723668377946546,-1.64223782826654,1.14375056944124,-2.07523768345177e-06,0.0301191786657313,0.30867201089859,0.345735549926758,0.24307918548584,-0.187686145305634,0.0999999999999999
0.002,0.000106332030271,0.000104129446153795,0.0307584288065151,-0.00204630641776279,0.00192615709405681,-4.1615498913572e-07,0.00629926116462871,0.00729888385011125,0.132619988793905,-0.36409637362474,1.15138280132911,-0.00090823969451127,0.0301191786657313,0.153575301170349,0.15527069568634,0.653551459312439,0.535551607608795,0.0999999999999999
0.003,0.000112244252432167,0.000111442728258948,0.0309164781311792,-0.00228005437865674,0.00296630152919858,-1.35625681219054e-06,0.00562703514176931,0.00736408853100933,0.182394569232927,-0.078922840372437,0.724042929017956,-0.000778296890945227,0.0301191786657313,-0.582358062267303,-0.0045745437964797,0.8152095079422,0.975634217262268,0.0999999999999999
0.004,0.000114349628906348,0.000116672093060296,0.0311223696583119,-0.00270382454823078,0.00383691497530164,-1.71094483691903e-06,-0.00130793806675799,0.0031620924557031,0.228087864010705,-0.697762969680617,0.845729233798859,0.00021125802257124,0.0301191786657313,-0.380841165781021,-0.11205667257309,1,0.586140513420105,0.0999999999999999
0.005,0.000109835896282657,0.000118920018731917,0.0313705597117613,-0.00319762814143156,0.00432869185806234,-1.38947305083903e-06,-0.00765683632840038,0.00138457069576572,0.266794730529903,-0.20302323568785,0.0399019189558499,0.000408907465231694,0.0301191786657313,-0.541547238826752,-0.0595661252737045,0.76486873626709,0.791306972503662,0.0999999999999999
0.006,9.92506958712747e-05,0.000118924780387434,0.0316537298079957,-0.0031828029410191,0.00382653708746629,-5.29220601119818e-07,-0.013498775430363,-0.00134210931394458,0.297686391852271,0.211938571888217,-0.938413357455263,0.00118965334927737,0.0301191786657313,-0.144027024507523,-0.238392636179924,1,1,0.0999999999999999
0.007,8.32075297231901e-05,0.000114815648509231,0.0319607314384512,-0.00319618628543296,0.00263927525402486,1.51469956266581e-06,-0.0186869357550206,-0.00685463094766652,0.314719195999511,-0.236966419509241,-1.22262663670526,0.00247872495003782,0.0301191786657313,0.0746818333864212,-0.216924861073494,0.701141119003296,0.882243931293488,0.0999999999999999
0.008,6.34070435985262e-05,0.00010571169546418,0.0322806373877165,-0.00343943206926984,0.00133061529213507,4.15776193030126e-06,-0.0210434565184618,-0.0113309784720129,0.32353114564907,-0.190121476949701,-1.18151992263073,0.00236052764099642,0.0301191786657313,0.314966917037964,0.314249902963638,0.297895610332489,0.81772518157959,0.0999999999999999
0.009,4.30041308145264e-05,9.41273528124284e-05,0.0326037023021513,-0.00297027811078625,6.52846395983135e-05,6.34671006682908e-06,-0.0199087703044728,-0.011899707880833,0.321125898479908,1.05404717425923,-1.1567055933106,0.00184247069106736,0.0301191786657313,0.62797349691391,-0.229885205626488,-0.212767317891121,1,0.0999999999999999
0.01,2.60066157526369e-05,7.93643481042551e-05,0.0329218191514916,-0.00228893351346547,-0.00137957596366944,8.53111562504338e-06,-0.0142651539450351,-0.0176679656743833,0.313744216507958,0.211482193122316,-1.50921276825626,0.00204754382836905,0.0301191786657313,1,-0.114193692803383,-0.0609666034579277,0.500655591487885,0.0999999999999999
0.011,1.48797708607825e-05,6.06427722283114e-05,0.0332279948874909,-0.00201878709200327,-0.00269522835281017,1.04092641239895e-05,-0.00815064400975817,-0.0198175489730911,0.297407821591049,0.32055654623689,-0.920729299870205,0.0014883003863828,0.0301191786657313,1,0.260720103979111,-0.551835238933563,0.276289045810699,0.0999999999999999
0.012,1.10448271728289e-05,4.14614506405243e-05,0.0335151746339899,-0.0011487602305611,-0.00339544477444109,1.25750299737604e-05,0.000359301629483852,-0.0186516318227023,0.275899363642633,1.30270425206655,-0.378433468213412,0.00265931780683157,0.0301191786657313,1,0.0784790813922882,-0.637552440166473,0.268412619829178,0.0999999999999999
0.013,1.57816232669226e-05,2.25744999269003e-05,0.0337783707257422,8.13152706639242e-05,-0.00342191025122242,1.49600579510967e-05,0.00905413017308289,-0.0192333863054155,0.249597022945456,0.987591362943047,0.325989564664182,0.00186690403520338,0.0301191786657313,1,0.753015756607056,-0.490522891283035,-0.189051777124405,0.0999999999999999
0.014,2.87619205808368e-05,6.13432431720242e-06,0.0340112966027757,0.00158544501333928,-0.00269873287660433,1.78540737025834e-05,0.0169280402659345,-0.0138036922520048,0.215500524726711,1.80019362952424,1.01455406012944,0.00354235947822535,0.0301191786657313,1,0.872446954250336,-0.421052217483521,-0.304111927747726,0.0999999999999999
0.015,4.95959878925575e-05,-4.63112716472121e-06,0.0342074728958947,0.00337372999943616,-0.00159776054990806,2.14895334882392e-05,0.0247908430094313,-0.0078953884334586,0.176320453337692,1.50347047082668,1.04364536517172,0.00324588501715178,0.0301191786657313,0.980689167976379,1,-0.0914352536201477,-0.91034072637558,0.0999999999999999
0.016,7.75511836503777e-05,-7.76615719901254e-06,0.034363040191959,0.00480710012966016,-0.000531404470865022,2.47432890878585e-05,0.0311922393679303,0.00147703466634924,0.134448920566106,1.13750774236939,0.974099953308285,0.00289866244486007,0.0301191786657313,-0.121661201119423,1,0.10192946344614,-0.798500061035156,0.0999999999999999
0.017,0.000108554548547979,-2.12690371361252e-06,0.0344776272446177,0.00519186872628437,0.00131646474936098,3.00524446115169e-05,0.0309761692672773,0.00975869668852161,0.0944161309423984,-0.436106831503274,2.48284577623731,0.00737744764245456,0.0301191786657313,-0.245749235153198,1,0.206337213516235,-1,0.0999999999999999
0.018,0.00013925532635339,1.24051373346196e-05,0.0345517358998075,0.0042163720028295,0.00399182541342172,3.86046132105911e-05,0.030635464403184,0.0193378355481695,0.0537188441630832,-1.37905216994381,2.49729578299783,0.00878965500651961,0.0301191786657313,-1,0.30680713057518,0.565500974655151,-1,0.0999999999999999
0.019,0.000167128625025003,3.48770828734837e-05,0.0345876513922398,0.00217523966088363,0.00664346127296302,4.94702026085925e-05,0.0253391001120025,0.0257323599602056,0.0181460651622485,-2.41231359430517,2.43461193411913,0.0116900819443682,0.0301191786657313,-1,-0.25328654050827,0.646927118301392,-0.730445563793182,0.0999999999999999
0.02,0.000190058100504075,6.19526834337689e-05,0.0345883508244629,-0.000701180563582365,0.00828097234160765,6.24750174100797e-05,0.0206748268869279,0.0286195413881791,-0.0166004146264458,-2.9269330777731,0.631879045877717,0.0130582910486129,0.0301191786657313,-1,-1,0.677556991577148,-0.245069921016693,0.0999999999999999
0.021,0.000208529923707772,8.91347477456773e-05,0.0345551306319402,-0.00398277468657616,0.00781988831009296,7.81915799552557e-05,0.0162821481853686,0.0259878188064889,-0.0496472460085666,-3.15361943089259,-1.43064484049127,0.0166592268198864,0.0301191786657313,-1,-1,0.621732175350189,-0.115017801523209,0.0999999999999999
0.022,0.000222654111792055,0.000114000639665918,0.0344891057792423,-0.00624621270424817,0.00588684657895168,9.26650413091146e-05,0.0118886739388049,0.0239238236696522,-0.0820686522723224,-1.0613369403985,-2.08254388207908,0.0105946118902522,0.0301191786657313,-1,-1,0.518787205219269,0.370959788560867,0.0999999999999999
0.023,0.000232365893472077,0.000135822219673651,0.0343903841979601,-0.00629511643915975,0.00427246505545749,9.86994677090181e-05,0.00746827568107695,0.0197701101153,-0.114919119794301,0.918255682933251,-0.860516643012578,0.000882482165913024,0.0301191786657313,-1,-1,0.287784397602081,0.893198907375336,0.0999999999999999
0.024,0.000238134893778929,0.00015202010807134,0.0342591534845892,-0.00523828364984995,0.00426683652649744,9.64867181680873e-05,0.00408692284505116,0.0125990946141136,-0.146993869321128,0.983218888550441,0.856432274984421,-0.00468265511915782,0.0301191786657313,-1,-1,-0.1633440554142,1,0.0999999999999999
0.025,0.000241927039437103,0.000160616905897979,0.0340983406771738,-0.00478119914171978,0.0053174860606044,9.2599713538366e-05,0.00357316676319797,0.00459311532114037,-0.173965423844345,-0.157303745732509,1.0698863893417,-0.00227170676419126,0.0301191786657313,-1,-0.769192337989807,-0.0349173620343208,0.203903064131737,0.0999999999999999
0.026,0.000245076149383011,0.000164160138359527,0.0339136758842145,-0.00459994592758841,0.00617405576024373,8.98387529484346e-05,0.00279077097584728,0.0024947858203224,-0.194598338381976,0.48495926900827,0.496398769467311,-0.00281904648054641,0.0301191786657313,-1,-1,0.340705007314682,0.688555002212524,0.0999999999999999
0.027,0.00024646911247168,0.000163431846754237,0.033708777594597,-0.00460226153163908,0.00648272285836307,8.91669150901997e-05,2.59975658704937e-05,-0.00394417426196665,-0.214345432425672,-0.475589896688057,0.0609619803370214,0.00160260011075491,0.0301191786657313,-1,-0.999749302864075,0.338591128587723,-0.123587377369404,0.0999999999999999
0.028,0.000245168492003624,0.000158698588168994,0.0334890360797793,-0.00463622740387035,0.00624141653519302,8.99870752744114e-05,-0.00264099448651492,-0.00552658968182754,-0.224232994435992,0.433635038518365,-0.515124664839684,-0.000104386346134018,0.0301191786657313,-0.943624377250671,-1,-0.0290541481226683,-0.483544647693634,0.0999999999999999
0.029,0.000242414964804284,0.000153404858024218,0.033264155070186,-0.00351532781338029,0.00520922156903087,8.88726944601181e-05,-0.00293000313438155,-0.00513895593520043,-0.224580684528876,1.6222529044729,-1.3768718564837,-0.00190463926759927,0.0301191786657313,-0.939548134803772,-1,0.287127315998077,0.26203790307045,0.0999999999999999
0.03,0.000238135003720743,0.000145882267334519,0.0330385634539492,-0.00257034729864734,0.00421408574644992,8.81047109815292e-05,-0.00569442092301651,-0.009976286163248,-0.225634843653496,0.125179356825223,-0.453756782510809,0.000418681006868561,0.0301191786657313,-0.743426978588104,-0.923709094524384,0.168302178382874,-0.389296025037766,0.0999999999999999
0.031,0.000231954665361975,0.000135659897805492,0.0328163986299007,-0.00261483786006166,0.00414255644603287,8.83715135024943e-05,-0.00667527671113956,-0.0104824765722972,-0.217726920340499,-0.173739895863017,0.297770035860647,3.65838096117641e-05,0.0301191786657313,-0.382438838481903,-0.485150694847107,-0.42890402674675,0.0359820872545242,0.0999999999999999
0.032,0.000227853255536463,0.000124943207635422,0.0326030452229761,-0.00279679570633668,0.00383869980582953,8.93096362890589e-05,-0.00154330875148902,-0.0109587478694524,-0.208014254597977,-0.122184625015194,-0.86220657909875,0.00164535725567572,0.0301191786657313,-1,-0.81515246629715,-0.300594478845596,-0.270102083683014,0.0999999999999999
0.033,0.000226383420394663,0.000113642248163559,0.0324060740767966,-0.00276049353928771,0.00332700710848114,9.01050135846404e-05,-0.00142735796328275,-0.0116695825322507,-0.185013730473828,0.222296425002877,-0.0732080888966899,-0.00022461358157089,0.0301191786657313,-0.858073830604553,-0.760755896568298,-0.397955536842346,-0.440330326557159,0.0999999999999999
0.034,0.000225802812094272,0.000102265579399581,0.0322351546392126,-0.00217252041404456,0.00350039054152219,8.88568306116611e-05,0.000278491260120082,-0.0111521022992056,-0.156130942652989,0.868510923320892,0.377296184657382,-0.00204192175079838,0.0301191786657313,-0.558246731758118,-1,-0.386706709861755,0.199084594845772,0.0999999999999999
0.035,0.00022797869676247,8.81938174828429e-05,0.0320931523131067,-0.0020296163813283,0.00370624405111643,8.84316651270645e-05,0.0040947553615587,-0.0170275557599778,-0.127250393948579,-0.564836544054147,-0.00309523068548439,0.00121919921040876,0.0301191786657313,-0.797110795974731,-0.844459712505341,-0.670008361339569,-0.638614416122437,0.0999999999999999
0.036,0.000234226601329093,7.1567092286848e-05,0.0319860262449147,-0.00215810457007239,0.00344832578361707,8.90780054119134e-05,0.00840860735602082,-0.0162575099307359,-0.0864477970159713,0.380314691078374,-0.447267307816557,-0.000118876551349279,0.0301191786657313,-1,-0.697553098201752,-0.448431134223938,-0.398876309394836,0.0999999999999999
0.037,0.000243324941232977,5.5223428921437e-05,0.0319198945080089,-0.00140804453443855,0.00337794391459932,8.78772378420933e-05,0.00980734224565011,-0.0165261521241669,-0.0455741765267607,1.01201810584666,0.340764985097516,-0.00206153151489888,0.0301191786657313,-0.677671670913696,-0.571849167346954,-0.455751985311508,-0.25766795873642,0.0999999999999999
0.038,0.000255080687746083,3.8227295756017e-05,0.031893475460788,-0.000446218279656621,0.00378622298079889,8.58737103515139e-05,0.0137524292662446,-0.0175770805289242,-0.00726902333812359,0.764437298682467,0.423896396007076,-0.00161527802706469,0.0301191786657313,-0.832839608192444,-0.0860333368182182,-0.0742608606815338,-0.689247369766235,0.0999999999999999
0.039,0.000269113023225164,2.30456756423498e-05,0.0319046473985232,0.000687848174814648,0.00459223799399487,8.34261480271437e-05,0.0144046793782571,-0.0129257368360145,0.0294284160089844,1.31348124371764,1.06108883867309,-0.00282864816522766,0.0301191786657313,-0.783992826938629,0.325663357973099,0.343288362026215,-0.897982001304626,0.0999999999999999
0.04,0.000282824222190768,1.42835915616895e-05,0.0319499013669476,0.00227083972457485,0.00591169443507187,8.00303521453216e-05,0.0131523159228049,-0.00476958730444278,0.060745421779136,1.55784902344033,1.35029062617846,-0.00328866850951244,0.0301191786657313,-0.892511427402496,0.260278880596161,0.668962955474854,-0.617347419261932,0.0999999999999999
0.041,0.00029415818884528,1.20852214487083e-05,0.0320241840391957,0.00295559698419385,0.00723388497253357,7.97489652031302e-05,0.00964906821314588,0.000299669666890545,0.0873822960638073,-0.311214917093489,1.06572568551123,0.00303157648281541,0.0301191786657313,-1,0.945269584655762,1,-1,0.0999999999999999
0.042,0.000300791598124971,1.85772624373204e-05,0.032122129464955,0.00266602591916811,0.00808658241166198,8.23585740552524e-05,0.00371646358210895,0.012667567637497,0.107961235462494,-0.222161515112835,0.498494911034986,0.00178674191181207,0.0301191786657313,-1,0.396584838628769,1,-0.504666924476624,0.0999999999999999
0.043,0.000301667686683652,3.39758887072798e-05,0.0322392637117264,0.00165834303984622,0.00808137269533757,8.69808997783217e-05,-0.00193941337093999,0.0182105822955093,0.12566461742462,-1.62412898497101,-0.490175156859965,0.00681597625696545,0.0301191786657313,-1,0.548565089702606,1,-0.212577879428864,0.0999999999999999
0.044,0.000296798623051374,5.48317321004219e-05,0.0323707945595336,-0.000192056826294771,0.00730462921703924,9.46013069693663e-05,-0.00784376894874471,0.0236556406630731,0.136730125698315,-1.76657880922756,-0.911041828583268,0.00723681985796844,0.0301191786657313,-1,-0.263816028833389,1,0.325091063976288,0.0999999999999999
0.045,0.000285830507518466,7.71533189613208e-05,0.0325123636259254,-0.0024939743479097,0.00656912817313763,0.000103806377092397,-0.0141500215498505,0.0212104863132849,0.14572441383758,-2.45063549317401,-0.436985121824927,0.00948285931009633,0.0301191786657313,-0.869824647903442,-0.67135351896286,1,0.637475967407227,0.0999999999999999
0.046,0.000268799793775942,9.5312328352555e-05,0.0326607969732159,-0.00493585651198425,0.0064296866257945,0.000112720034568525,-0.0199348868144462,0.0153483774872952,0.150453103315778,-2.02182490526902,0.147360153851449,0.00679030765198417,0.0301191786657313,-0.45908921957016,-0.836887001991272,0.894061923027039,1,0.0999999999999999
0.047,0.000247545221820776,0.000106475361558562,0.0328102780218899,-0.00636422853564822,0.00629857244572209,0.00011827048459212,-0.022627038015701,0.00712792672973573,0.147853695447,-0.605920308794362,-0.431090557031989,0.00366640623794123,0.0301191786657313,-0.52579540014267,-1,1,1,0.0999999999999999
0.048,0.000222827220929229,0.000109145681045306,0.0329555927758655,-0.00612669812512782,0.0057718787720262,0.000119441252156349,-0.0268664284965697,-0.00172163123642617,0.142180569277354,1.00483678334105,-0.578560120741806,-0.0011528668265586,0.0301191786657313,-0.599504232406616,-1,0.74923050403595,1,0.0999999999999999
0.049,0.000194165439599836,0.000102896311873237,0.0330943822098061,-0.00471282240938604,0.00506685684259839,0.000117432198649681,-0.030556233157753,-0.0108550592067779,0.134816013932602,1.56806748563417,-0.76801377341203,-0.00228655804090378,0.0301191786657313,0.050259318202734,-0.585806667804718,0.512835025787354,1,0.0999999999999999
0.05,0.000164236299587198,8.848592840369e-05,0.0332213653515993,-0.00314439870480555,0.00360725306718258,0.00011671429757909,-0.029470041333571,-0.0180630690195998,0.118681965293402,1.31269426028318,-1.95138812768034,0.000842127668431896,0.0301191786657313,0.0522186905145645,-0.59321391582489,0.357792317867279,1,0.0999999999999999
0.051,0.000135336555539768,6.6512041744267e-05,0.033331207373095,-0.00246623575947035,0.00155662031637311,0.000118725446439427,-0.0285292589142456,-0.0259500584117136,0.100583813981833,-0.0248310611610205,-1.84746406834755,0.00258720053280782,0.0301191786657313,0.562871754169464,0.249735444784164,-0.277966141700745,0.726402580738068,0.0999999999999999
0.052,0.000110322386400689,3.99120737626354e-05,0.033420268219819,-0.00209435405744006,-0.00059336631094541,0.00012153429565398,-0.0217011629402841,-0.0273259001907819,0.0771960824389259,0.768024510699498,-2.12643140880986,0.00275950021524618,0.0301191786657313,0.833179533481598,0.127548545598984,-0.477196425199509,0.590143620967865,0.0999999999999999
0.053,9.30170436623314e-05,1.1692697805343e-05,0.0334855079185007,-0.00104899593863161,-0.00249026535877027,0.000124274754522258,-0.0131084307911052,-0.0292270322416764,0.0531292143819872,1.20400274016258,-1.37603874590019,0.00250774498179902,0.0301191786657313,1,0.128923669457436,-0.799136519432068,-0.193057090044022,0.0999999999999999
0.054,8.53910189669432e-05,-1.64357921910698e-05,0.0335288831873394,0.000732458211510097,-0.00337861422181209,0.000127554231583726,-0.00225138278252131,-0.027205880020041,0.0335074859734784,2.10856337180146,-0.266328816964824,0.00387320882469488,0.0301191786657313,1,-0.118077874183655,-1,-0.343613564968109,0.0999999999999999
0.055,8.91109903430961e-05,-4.33738040591698e-05,0.0335540161025989,0.00250266877090538,-0.00312541307341632,0.000131200682404575,0.00966565104844886,-0.0268378365466743,0.0167214454091291,1.186762587121,0.731198568767304,0.00311742558533221,0.0301191786657313,0.770201504230499,0.737510502338409,-1,-0.917763411998749,0.0999999999999999
0.056,0.000104198918486293,-6.60477240445181e-05,0.0335619977063541,0.0040849026674428,-0.00191796354611671,0.000135697572380078,0.0205710073653123,-0.0186900686662689,-0.000718106664598352,1.75035916041878,1.50254863934465,0.00528315309898702,0.0301191786657313,0.430894196033478,0.677767872810364,-0.85983794927597,-1,0.0999999999999999
0.057,0.000129121209004287,-8.09442842943436e-05,0.0335535603503272,0.00552208227083964,-0.000110849949735947,0.000141525977408907,0.0294039892076166,-0.0112531903305701,-0.0160640510543754,0.908208114157925,1.85079058776382,0.00574018410318762,0.0301191786657313,-0.32813748717308,0.657312214374542,-0.731435418128967,-1,0.0999999999999999
0.058,0.000160712436919469,-8.87542156226291e-05,0.0335319461449073,0.005624040940456,0.0020671939002096,0.000148543427072045,0.033967153109934,-0.00440796666230182,-0.0270475334873676,-0.699228166977833,2.19479576689718,0.0076446483027831,0.0301191786657313,-0.357820332050323,0.906257450580597,-0.13702854514122,-1,0.0999999999999999
0.059,0.000195583591650277,-8.89053666100644e-05,0.0334972053660092,0.00459536713095663,0.00425753433240472,0.000156676725065363,0.035979293133531,0.00414727938141538,-0.0422503130939844,-1.17402212089233,1.88234935545237,0.00757035890233456,0.0301191786657313,-1,0.0944231748580933,-0.0992440283298492,-1,0.0999999999999999
0.06,0.000231023702526085,-8.27314429991749e-05,0.0334520695392462,0.00293253459860866,0.00593832978066269,0.000165088569607175,0.035084582131614,0.00830657895462464,-0.047817077687415,-1.86832816702849,1.26660551968703,0.00821026696639576,0.0301191786657313,-1,0.299818396568298,0.573976874351501,-1,0.0999999999999999
0.061,0.000263996803787016,-7.13733004631285e-05,0.0333993166149336,0.00163207103621918,0.00712502207488807,0.000171210449718462,0.0310192652459171,0.0144973361591955,-0.0574376608975328,-0.533674148595991,0.974078421317438,0.00305488645518136,0.0301191786657313,-1,-0.523391664028168,1,-0.814328908920288,0.0999999999999999
0.062,0.000292022484553602,-5.66644141608459e-05,0.0333383041429501,0.00109545617326411,0.0080670396345963,0.000174251907785639,0.0251795598928674,0.0149816021154395,-0.0642966402826111,-0.480740279227242,0.807312772265164,0.0027105767433062,0.0301191786657313,-1,-1,1,-0.611690044403076,0.0999999999999999
0.063,0.000314551166301998,-4.33778629936548e-05,0.0332720781995362,0.000168973424958653,0.00856981823706927,0.000178840941795766,0.0199760826638437,0.011686894722077,-0.0678606783979056,-1.23475643284682,0.161143882920697,0.00591207180409843,0.0301191786657313,-1,-0.718322992324829,0.402933120727539,-0.55472993850708,0.0999999999999999
0.064,0.000333888396709271,-3.24139982945979e-05,0.0332038933055681,-0.000811788221458831,0.00788668152215738,0.000183669074220294,0.0186994163096166,0.0103293628497392,-0.0682169197671335,-0.575124867128522,-1.35456015047158,0.00319445738649993,0.0301191786657313,-1,-0.688852429389954,0.730851709842682,-0.52551943063736,0.0999999999999999
0.065,0.000350842226051378,-2.26073301387486e-05,0.0331350634019012,-0.000829170795264211,0.00670326298396256,0.000184503895948041,0.0151767733875836,0.00930747869661578,-0.0691476342844855,0.516418539963036,-0.757592056939517,-0.00143758429609069,0.0301191786657313,-1,-1,0.160029262304306,-0.0638831704854965,0.0999999999999999
0.066,0.000365984181433565,-1.62474060998598e-05,0.0330674452436386,-0.000669089330196164,0.00618695567261235,0.000184235399039778,0.0151098133222151,0.00342652879566641,-0.0658047769239515,-0.238425601017251,-0.146669929186772,0.000972691043605105,0.0301191786657313,-1,-1,0.500406980514526,-0.555958092212677,0.0999999999999999
0.067,0.0003800806811735,-1.41864169012748e-05,0.0330045593209342,-0.000813639093332528,0.00682835827681113,0.000184568204407043,0.0131625723189149,0.000710600858488632,-0.0596946696678811,-0.0283323535318066,1.34089796889859,-0.000380411321356184,0.0301191786657313,-1,-0.780828058719635,0.0807531476020813,-0.398532837629318,0.0999999999999999
0.068,0.000393847973831816,-1.46402259179038e-05,0.0329487140098041,-0.00066209946358956,0.00808256319506998,0.000183508785090769,0.0144807167144862,-0.00161262120051244,-0.0518091977021969,0.302259619951294,0.968295456965019,-0.00157875207186173,0.0301191786657313,-1,-0.621113717556,0.720376968383789,-0.759954512119293,0.0999999999999999
0.069,0.000407230094567954,-1.58168178628986e-05,0.0329001500251077,0.000146307981940014,0.00906394053604562,0.000179596335965648,0.0123882697589404,-0.000799051370577841,-0.0451191501475261,1.16406753743348,0.84146482785435,-0.00559843884800387,0.0301191786657313,-1,-0.295116752386093,1,-0.594091773033142,0.0999999999999999
0.07,0.000417859674544134,-1.58738540222192e-05,0.0328564953008739,0.00140138743411535,0.00978446511854453,0.000173498271009542,0.00895609931368119,0.000596679120646178,-0.0420045456135442,1.11101304884969,0.489270002176003,-0.00546586971418698,0.0301191786657313,-1,-0.660485565662384,0.132251262664795,-0.820243418216705,0.0999999999999999
0.071,0.000428056854987177,-1.5202492291742e-05,0.0328210617089829,0.0018513698784424,0.00910784976661121,0.000170493639375824,0.0114119542115549,0.000716902786302073,-0.0287398587053628,-0.294317877856096,-1.68473149081939,-0.00013394194065602,0.0301191786657313,-1,-0.186553001403809,0.540453553199768,-1,0.0999999999999999
0.072,0.000439202093888154,-1.22993434178074e-05,0.0327971335921692,0.0014742751719601,0.00743551664359359,0.000170755239732312,0.0107930369379752,0.00510905284983897,-0.0190423897244376,-0.396699906983774,-1.31860321516678,0.000655384345739321,0.0301191786657313,-1,-0.749438881874084,0.533870279788971,-1,0.0999999999999999
0.073,0.000449590410621554,-6.70257615351931e-06,0.0327849920623978,0.000687461792774968,0.00697188955052122,0.000173521531013243,0.00997872680126762,0.00614738463763396,-0.00522467248662065,-1.04086377253817,0.500498002777435,0.00426020460514459,0.0301191786657313,-1,-0.0460121780633926,0.782485485076904,-0.845101594924927,0.0999999999999999
0.074,0.0004584020806744,1.92245992054762e-06,0.0327832604342477,0.000202693208445279,0.00855485691872293,0.000175801441787193,0.00777936133574642,0.0111421114004305,0.00175270232745611,0.137568363107218,2.38274115547398,-0.000283845389105399,0.0301191786657313,-1,-0.766183137893677,0.335420846939087,-0.039165735244751,0.0999999999999999
0.075,0.000466915754006512,1.07242295554912e-05,0.0327895882391058,-0.000453680656847676,0.0105297007280534,0.000179540272581491,0.00940060673700829,0.00653145920736815,0.0108687538468921,-1.34689834256301,1.21502580502966,0.00755734329541337,0.0301191786657313,-1,-0.514592349529266,0.985596418380737,-0.332541942596436,0.0999999999999999
0.076,0.000475320902878697,1.69309944392446e-05,0.0328030773313542,-0.00157627166654014,0.0111901621342885,0.000186032856053675,0.00747984203737996,0.0059737247595514,0.0160326459760743,-0.705388918189322,0.00901151276217196,0.0044132746581598,0.0301191786657313,-1,-0.444046795368195,1,0.0653105974197388,0.0999999999999999
0.077,0.000481819100407963,2.17413095302083e-05,0.0328199842122084,-0.00192613315948608,0.0106062260976553,0.000188858684525339,0.00549042721067868,0.00368274496749815,0.017703242072756,0.0589980366572203,-1.0466003553146,0.000864039701374935,0.0301191786657313,-1,-0.323674380779266,1,-0.3143630027771,0.0999999999999999
0.078,0.000486211283774081,2.59043658897028e-05,0.0328391412522821,-0.00106644216438968,0.00949131631182814,0.000185306995052148,0.0032295670777196,0.00459220705284027,0.020516799423889,1.48387521460217,-0.958323470199338,-0.00704209723581191,0.0301191786657313,-1,-1,1,-0.0746163576841354,0.0999999999999999
0.079,0.000488200828948366,2.78266067210722e-05,0.0328622356971187,-0.000294355180752938,0.00903791416987269,0.000181679400892421,0.000729781336240757,-0.000776655641860511,0.0255509545013034,-0.0843818840360286,0.140122884655901,0.000498854699937738,0.0301191786657313,-1,-0.545715689659119,1,-0.448680609464645,0.0999999999999999
0.08,0.000487675785094825,2.69913246839103e-05,0.0328897643977492,-0.000489810777604998,0.00973342299570056,0.000182631433119695,-0.00172780277415536,-0.000882348399243567,0.0293745915702725,-0.267089870933403,1.11740831211645,0.00122611666600537,0.0301191786657313,-1,-0.271949976682663,0.928333699703217,-0.433122009038925,0.0999999999999999
0.081,0.000485074181752614,2.6914046592653e-05,0.0329200306904018,-0.000508304850676949,0.0108171371139008,0.000182491179399058,-0.00340439664215012,0.000723467156250729,0.0310226652750874,0.232177862475153,0.843606704795728,-0.00150632436753938,0.0301191786657313,-1,-0.427777796983719,0.994430363178253,-0.384564101696014,0.0999999999999999
0.082,0.0004807502481457,2.77653808890233e-05,0.032951685205645,-0.000286355127414376,0.011169258278176,0.000181162338245056,-0.00522495518419063,0.000965190716950876,0.0321448808673662,0.168306458509606,-0.209688730904773,-0.000892451064846177,0.0301191786657313,-1,0.00317457318305969,0.748249530792236,-0.311585634946823,0.0999999999999999
0.083,0.000475299321895071,2.99629265778467e-05,0.032983178705484,7.29078003692215e-05,0.0102369008631642,0.000179200372472987,-0.0057525599100372,0.00340211545236495,0.0307066609105031,0.476328766812822,-1.48767396158749,-0.00262305898553945,0.0301191786657313,-1,-0.782924175262451,1,-0.284428238868713,0.0999999999999999
0.084,0.000468294392858803,3.19596948454616e-05,0.0330144655136502,-0.000217641350971301,0.00890197827866283,0.000180675112040785,-0.00835830305256653,0.000622932807541034,0.0317242620703528,-1.00461441428129,-0.949404434355431,0.00510735224206848,0.0301191786657313,-1,-0.210673257708549,1,-0.221726506948471,0.0999999999999999
0.085,0.000458362355069749,3.29385564669825e-05,0.0330443407023776,-0.00115151141284495,0.00864880680760712,0.000185235413546092,-0.0115350789086724,0.00139629630840474,0.0279091921547291,-0.693697650197277,0.46173603592998,0.00308947633562137,0.0301191786657313,-0.99762237071991,-0.77777224779129,0.307862132787704,-0.351432710886002,0.0999999999999999
0.086,0.000447459996731112,3.3474414486741e-05,0.0330742934413335,-0.00174636816186243,0.00896480052737126,0.000187961232343437,-0.0102784023441038,-0.000279240662924459,0.0318567917255912,-0.389187619513166,0.0874652047877167,0.00192375098431486,0.0301191786657313,-1,-0.709288954734802,0.853280425071716,-0.0654864609241486,0.0999999999999999
0.087,0.000436023882044728,3.17410818605061e-05,0.0331050554540675,-0.00198443553407326,0.00925468403689121,0.000188933053415941,-0.0125969350001685,-0.00317022830886646,0.0295388897608691,-0.0395397173425537,0.410681923997324,-0.000147812010026017,0.0301191786657313,-1,-0.992957234382629,0.693624198436737,0.273796796798706,0.0999999999999999
0.088,0.000422750393549244,2.51766037306144e-05,0.0331334265383115,-0.00233844852232863,0.00944319290203875,0.000190646362096647,-0.0139651121216428,-0.00993591322127439,0.0270860829861466,-0.586022858779602,-0.0998162177171818,0.00325424937667335,0.0301191786657313,-1,-1,0.878807067871094,-0.626488029956818,0.0999999999999999
0.089,0.000407502772672998,1.4670772244256e-05,0.0331612575554627,-0.002133168774797,0.00917565666777196,0.000190060196890496,-0.0165746334088667,-0.0111078632849095,0.0284510132094062,0.979669362222736,-0.421657493743839,-0.0043265969133219,0.0301191786657313,-1,-0.778939008712769,0.732225298881531,-0.315353393554688,0.0999999999999999
0.09,0.000389880915385469,2.50968517927999e-06,0.0331888582517911,-0.000740713615597106,0.00854732358013893,0.000183893212472253,-0.0187413053059213,-0.0133220059121889,0.0266367870339706,1.57817406741959,-0.76118575619992,-0.00697244673094211,0.0301191786657313,-1,-0.248651564121246,0.45287811756134,0.248080790042877,0.0999999999999999
0.091,0.00037062562329238,-1.23357606052794e-05,0.0332117157356289,0.000514914557879684,0.00759621947509857,0.000178400097043951,-0.019868318107495,-0.0164702637416113,0.0190088410890429,0.744240469565988,-1.01363897963848,-0.00328138316408962,0.0301191786657313,-1,-0.365966379642487,0.440807372331619,-0.450111925601959,0.0999999999999999
0.092,0.000350015043224861,-2.88014516385291e-05,0.0332292574773489,0.00107296726888896,0.00675058807102585,0.000175928307219131,-0.021445393648789,-0.0165317819580752,0.0160129358301963,0.313761493013382,-0.576455940962968,-0.00140038955580239,0.0301191786657313,-0.955753564834595,-0.193549126386642,-0.203470677137375,-0.721041142940521,0.0999999999999999
0.093,0.000329704928178466,-4.41367238361653e-05,0.0332456921024048,0.00149735786078362,0.00592008329083615,0.000173968343785802,-0.0192866615561945,-0.0142139451119314,0.0167829961607557,0.495110986750223,-0.980648210033847,-0.00231010408513834,0.0301191786657313,-0.935846090316772,0.0767774879932404,0.558567583560944,-0.647431194782257,0.0999999999999999
0.094,0.000308925042207592,-5.67274811959576e-05,0.0332592697262235,0.0021360474543765,0.00571240155082725,0.000171923090061199,-0.0223187291837558,-0.0110475768736476,0.0103401611541227,0.697258062758102,0.544854856729047,-0.00144416888830813,0.0301191786657313,-0.65386176109314,-0.190162628889084,-0.0256493240594864,-0.683136343955994,0.0999999999999999
0.095,0.000287720890769393,-6.70738421819312e-05,0.0332680527238588,0.00250279664850542,0.00595212172924181,0.00017114730725698,-0.0201241894784585,-0.00969389992754638,0.00719844873758585,-0.0024985512246049,-0.160376562400058,-0.000112819405938507,0.0301191786657313,-0.496720165014267,0.0126800835132599,-0.130501419305801,-0.694370925426483,0.0999999999999999
0.096,0.000269368902479932,-7.54956778717278e-05,0.033272832612636,0.00236465522079102,0.0051266355984173,0.000170564730898715,-0.0166733007851463,-0.00715860281862042,0.00234268293564223,-0.226874681217716,-1.38573206265194,-0.00105714319879866,0.0301191786657313,-0.766492366790771,0.328201025724411,0.354193180799484,-0.951178193092346,0.0999999999999999
0.097,0.000251802308076362,-7.96216047486786e-05,0.0332719470663076,0.00266089428958355,0.00424004207988778,0.000168801322477652,-0.0185506323962288,-0.00113486331226093,-0.00409539146293714,0.773260942479898,-0.272560945335985,-0.00209058001833393,0.0301191786657313,-0.679474532604218,-0.197915583848953,-0.632780730724335,-0.0473460257053375,0.0999999999999999
0.098,0.000235454040664733,-8.22833086021744e-05,0.0332661526989607,0.00240430811579075,0.00363269367090346,0.000168512130261256,-0.0142332826577225,-0.00416713601054771,-0.00745600710559714,-1.2256675899714,-0.870457892171494,0.00138996568966911,0.0301191786657313,-0.98883581161499,-0.389582723379135,-0.372116506099701,-0.993589639663696,0.0999999999999999
0.099,0.000221464636073171,-8.54989697373017e-05,0.0332608290291607,0.0012948816574179,0.0032113718658976,0.000170179910949031,-0.0138035154086142,-0.00220361484762122,-0.00317881516240587,-0.784906057177829,0.0672995905344403,0.00152442158345055,0.0301191786657313,-0.165969222784042,-0.0352973639965057,-0.469682097434998,-0.647549569606781,0.0999999999999999
0.1,0.000210607857362966,-8.65638431143285e-05,0.0332553574919525,0.00113031398999265,0.00290393304813137,0.000170396961328034,-0.00795769857026684,8.05538765269525e-05,-0.00773564028078512,0.487598874078727,-0.65288851272257,-0.00108067674947585,0.0301191786657313,-0.711238086223602,-0.741855263710022,0.114382147789001,-0.449407517910004,0.0999999999999999
0.101,0.000201969341346552,-8.81934842401329e-05,0.0332469219736326,0.00131011617902903,0.003070938599959,0.000170349799271552,-0.00932262207901575,-0.00334587398242459,-0.00909559309520947,-0.15485650216915,0.929629101693203,0.00102473864499155,0.0301191786657313,-0.340101182460785,-0.133055657148361,-0.045443594455719,-0.682858347892761,0.0999999999999999
0.102,0.000193663635639542,-9.06502687545528e-05,0.0332354126716438,0.00162666287658073,0.00394778120520694,0.000170461393206534,-0.00725176116420746,-0.00159712350042501,-0.0138635353779433,0.734149167690473,0.641973599158526,-0.000917281960379642,0.0301191786657313,-0.774096488952637,-0.561539888381958,-0.633908092975616,-0.527570188045502,0.0999999999999999
0.103,0.000188007847067188,-9.33071391581687e-05,0.0332233019824279,0.00201907191344956,0.00394203921452035,0.00016965678909564,-0.00408102254473208,-0.00374201104439631,-0.0103159940645094,-0.0120769415831767,-0.662654277053632,-0.000609180103263449,0.0301191786657313,-1,-0.320738852024078,-0.283258438110352,-0.760490477085114,0.0999999999999999
0.104,0.000183624143238748,-9.66854099103071e-05,0.0332145158794525,0.00203566484785113,0.00333162672620041,0.000169047402916345,-0.00473505216662356,-0.00302355983850383,-0.00722123818620544,0.0505004980861163,-0.457595602737842,-0.000504959611494294,0.0301191786657313,-0.718287706375122,0.059295728802681,0.0935187488794327,-1,0.0999999999999999
0.105,0.000178158575468087,-9.74364690326476e-05,0.0332064678923758,0.00266096760629341,0.00325847431624879,0.000167975539191456,-0.00620729475635809,0.00146344250803273,-0.0088337838251212,1.08313678691611,0.30780765196573,-0.00138550719289212,0.0301191786657313,-0.733668088912964,-0.17455780506134,0.0825746953487396,-0.0424589812755585,0.0999999999999999
0.106,0.000171180258883719,-9.75744991664163e-05,0.0331947115685836,0.00279315134317561,0.00382185840031603,0.000168766523599206,-0.00772316437776498,-0.00174151159759285,-0.0146148036533394,-0.838135264232277,0.696607106657333,0.00291668700002011,0.0301191786657313,-0.664311587810516,0.00375091284513474,-0.156325697898865,-1,0.0999999999999999
0.107,0.000163743228533423,-9.7300280849947e-05,0.0331803266806391,0.00225939587255802,0.00409683230272054,0.000170430295272972,-0.00714998457950498,0.00231377373181667,-0.0140950673686207,-0.13508751441351,-0.213292974957735,0.000139252256714283,0.0301191786657313,-0.793508052825928,-0.031668096780777,0.0417060703039169,-0.845142602920532,0.0999999999999999
0.108,0.000155800822308057,-9.34969834123232e-05,0.033166070196073,0.00239545777576354,0.00371852805936932,0.000169772326869211,-0.00877046681805399,0.00528062430736488,-0.0143557976129837,0.370045645135834,-0.493158571236401,-0.00129881772472819,0.0301191786657313,-1,-0.29271674156189,-0.12184726446867,-0.808237969875336,0.0999999999999999
0.109,0.000145967882043173,-8.76854641849753e-05,0.0331535859651524,0.00258439408184674,0.00326764472094398,0.000168882381817337,-0.0109398693762121,0.00633946723908693,-0.0105700098500924,-0.0404189440041393,-0.351524938819551,-0.000324607420115996,0.0301191786657313,-1,-0.485199332237244,-0.251046746969223,-0.476019710302353,0.0999999999999999
0.11,0.000134221534980821,-8.24209321105158e-05,0.0331449769760189,0.00184127088435995,0.00297158640459109,0.000169847336002782,-0.0125935512118349,0.00425532656896886,-0.00662063515994392,-1.31866970041717,-0.216170941589784,0.00202602942879613,0.0301191786657313,-0.899811387062073,-0.0354700088500977,0.355943650007248,-0.211986482143402,0.0999999999999999
0.111,0.000119095900121474,-7.84071811922643e-05,0.0331360005519961,0.000550248821071616,0.00330428360679923,0.000172249594215579,-0.0176570874903585,0.00386774381197192,-0.0112839371161781,-1.03507247239717,0.77859086236248,0.0022034713388029,0.0301191786657313,-0.580130636692047,-0.484465897083282,-0.109685651957989,-0.367618203163147,0.0999999999999999
0.112,0.000101379552248965,-7.5461008844409e-05,0.0331248043303889,-0.000150240851921532,0.00348770523940965,0.000173739880413581,-0.0178009098648016,0.00208140244898406,-0.0110599673864102,-0.24683160417035,-0.487157126516777,0.000610480731263198,0.0301191786657313,-0.414505749940872,-1,0.0914234519004822,0.00776335969567299,0.0999999999999999
0.113,8.3244985949219e-05,-7.69971786933187e-05,0.03311325316223,-0.000640512046690159,0.00244326684303137,0.000174867143424517,-0.0185740255023837,-0.00509977426639061,-0.0119894567130288,-0.637817989278395,-1.45188768947963,0.00146134900985061,0.0301191786657313,-0.353035807609558,-0.440298646688461,0.115504384040833,-0.10732726752758,0.0999999999999999
0.114,6.40734085185097e-05,-8.35132246032912e-05,0.033099274895104,-0.00058911781870788,0.000965863199768394,0.000175611884972504,-0.0199042976772627,-0.00794168503969857,-0.0158968607301311,0.743535028239903,-1.28023173336876,0.000123373811422264,0.0301191786657313,0.00132951140403748,-0.574256837368011,-0.566704630851746,-0.0722212940454483,0.0999999999999999
0.115,4.64348372932803e-05,-9.35553410221847e-05,0.033082899234472,0.000480336438127739,-0.000670585345308768,0.000175706088870076,-0.0155320385526265,-0.0122224148803287,-0.0167802380888202,1.22233807726061,-1.73418889994998,9.69306123259658e-05,0.0301191786657313,0.370932936668396,-0.326651394367218,-0.647883594036102,-0.360775470733643,0.0999999999999999
0.116,3.41541307192683e-05,-0.000106494604801583,0.0330650950033313,0.00195628270067809,-0.00236290000425886,0.000176001641004397,-0.00919083126456377,-0.013776227061971,-0.0187406178158876,1.48897983692893,-1.37005680852151,0.000565039016118099,0.0301191786657313,0.556807696819305,-0.360519587993622,-0.813673257827759,-0.536736845970154,0.0999999999999999
0.117,2.89732052548735e-05,-0.000120915766356869,0.0330461840744928,0.0031274217306011,-0.00328026185409819,0.00017668752668154,-0.00127025877225208,-0.0151698892675826,-0.0189955745059546,0.676458997661255,-0.311320939172741,0.000789463189711402,0.0301191786657313,0.323665142059326,0.032206118106842,-1,-0.764759361743927,0.0999999999999999
0.118,3.14571677121493e-05,-0.000135047147825285,0.0330281013578108,0.00368151386426185,-0.00284199031482702,0.000178628067463826,0.00625144763981877,-0.0131668003229331,-0.0170971058863538,0.365196360664306,1.10891429248848,0.00291189148793912,0.0301191786657313,0.573764443397522,0.357694000005722,-0.797540903091431,-1,0.0999999999999999
0.119,4.1820357256846e-05,-0.000145566580382017,0.0330104582802845,0.00428240340959608,-0.00145243650961897,0.000182439102314635,0.014562607356341,-0.00795260701452074,-0.0181118030935818,0.749955603724097,1.43836726648265,0.00407571102048557,0.0301191786657313,0.161847487092018,0.470389813184738,-0.614956021308899,-1,0.0999999999999999
0.12,5.89877808618243e-05,-0.000150712145006409,0.0329924074273957,0.00505421674911514,0.000117180698029723,0.000186853656749975,0.0198955191666626,-0.00242139273976882,-0.0179135608314417,0.662999768442251,1.45370600024967,0.00408746304199902,0.0301191786657313,-0.196958631277084,0.194355681538582,-0.661985635757446,-1,0.0999999999999999
0.121,8.09254828356648e-05,-0.000151365668931255,0.0329769328720098,0.00514055376917334,0.00130875994027492,0.000190380361662523,0.0240938159978582,0.00109536649683691,-0.0129865549650426,-0.501217141906951,0.766588499935883,0.00262828614573054,0.0301191786657313,-0.562023401260376,0.479675740003586,0.216090843081474,-1,0.0999999999999999
0.122,0.000103455008376454,-0.000147522399150754,0.0329640873743991,0.00447272557104251,0.00257866286767945,0.000194517096729463,0.0211095703965816,0.0066256970359253,-0.0126494129727547,-0.719893476676938,1.59152312820797,0.0050231551180673,0.0301191786657313,-1,0.371668577194214,-0.0499738864600658,-1,0.0999999999999999
0.123,0.000122887462946584,-0.000138332877186656,0.0329543230138906,0.0038196887891546,0.00417756377219047,0.000199442904066149,0.0179155258585358,0.0117982099288549,-0.00685683385679024,-0.489858492201179,1.36008604798972,0.00407432244833683,0.0301191786657313,-1,0.0256757568567991,0.385074228048325,-1,0.0999999999999999
0.124,0.000138156897199542,-0.000124875342660989,0.0329501825488134,0.00330756510215766,0.00528463058267186,0.000203070452653442,0.012751255800272,0.0151672104605723,-0.0014250623805218,-0.4737315178901,0.689823718673239,0.00273145187838829,0.0301191786657313,-1,-0.151100561022758,0.0532587170600891,-1,0.0999999999999999
0.125,0.000149572000530448,-0.0001084235648147,0.0329530962983114,0.00280841468298826,0.00508215620615549,0.000204342411406433,0.0101015951328934,0.017795433985948,0.00720251729362141,-0.473103587561423,-1.01999996075686,-0.000135553994130605,0.0301191786657313,-1,-0.055451899766922,1,-0.858235359191895,0.0999999999999999
0.126,0.000155262834673351,-8.92623979782423e-05,0.0329608495901928,0.00240937344999655,0.00448042405303724,0.000204616964180726,0.00127898175128362,0.0205862944897902,0.00826477282253303,-0.300176835344412,-0.0589714100672658,0.000773243921473975,0.0301191786657313,-1,-0.521874368190765,0.573681712150574,-0.102097794413567,0.0999999999999999
0.127,0.00015344711215207,-7.09934908558506e-05,0.0329699241464676,0.00115625263539013,0.00462150092432506,0.00020796929117628,-0.00489094831513181,0.0160864991964846,0.00984291182662151,-2.01434595410385,0.309621878917052,0.00540459138779898,0.0301191786657313,-0.895862698554993,-0.236455753445625,0.891031980514526,-0.363620519638062,0.0999999999999999
0.128,0.000144809988466457,-5.50345681926769e-05,0.0329790707550811,-0.000518824018658585,0.00515886239094565,0.00021255757543992,-0.0123443270075368,0.0159781440963254,0.00841557512998571,-1.06752229453193,0.641804853527378,0.00294436569376057,0.0301191786657313,-1,-1,0.629556179046631,0.260708212852478,0.0999999999999999
0.129,0.00012926362658988,-4.32270424262473e-05,0.0329882526721237,-0.00188479237090507,0.00548026406043613,0.000216543467689956,-0.0187424140798572,0.00777738967544051,0.00990807371057575,-1.43998838907942,-0.0960396293418342,0.00453267508456848,0.0301191786657313,-1,-0.934901654720306,0.365897685289383,0.426804393529892,0.0999999999999999
0.13,0.000108038916126797,-3.95989680857024e-05,0.0329988960255668,-0.00302025577303182,0.00468070703098549,0.000221091708525467,-0.0237966239348505,-0.000419590888585543,0.011329342722174,-0.630138890666351,-1.40505088878209,0.00405486480113518,0.0301191786657313,-0.451599329710007,-1,0.040507972240448,1,0.0999999999999999
0.131,8.4125466173854e-05,-4.6019357337483e-05,0.0330084638893901,-0.00346964431166019,0.00229371119792241,0.000226479642669641,-0.0242393991865532,-0.0123631831271408,0.00777519424046613,-0.170700557830974,-2.98136118667072,0.00599795481828013,0.0301191786657313,-0.0954741984605789,-0.886684596538544,-0.00205384567379951,0.740972280502319,0.0999999999999999
0.132,6.0335611751679e-05,-6.3212337153711e-05,0.0330138234354541,-0.00292079927054997,-0.000706412837239415,0.000232026583510958,-0.0235952471575012,-0.0220806351784007,0.00292486120045235,1.20793359990245,-2.52016643504355,0.00462253087057404,0.0301191786657313,0.50729238986969,-1,-0.794641315937042,0.605019569396973,0.0999999999999999
0.133,4.09231944431105e-05,-9.03917104167659e-05,0.0330156388371515,-0.00135228199210949,-0.0031908456974185,0.000236921531589385,-0.0154684681004137,-0.0324019260021529,0.000705958589756114,1.70585403999088,-2.03961375470635,0.00462037231647106,0.0301191786657313,1,-0.216978490352631,-1,-0.016561396420002,0.0999999999999999
0.134,3.12941764360354e-05,-0.000123971568774837,0.033013838414956,0.00127381454668712,-0.00474912609964141,0.000243312530138873,-0.00393981559392108,-0.0349992658115731,-0.00428472493287083,3.1422995788866,-0.815181363612558,0.00773815611777994,0.0301191786657313,1,0.236196771264076,-1,-0.828493356704712,0.0999999999999999
0.135,3.29489481445075e-05,-0.000156958399978851,0.0330082826462522,0.00509763182935298,-0.00455308898504477,0.00025423603353758,0.00724403497602138,-0.0313076981313451,-0.00679227993962201,3.87730469207019,1.17103741009936,0.0130765512781225,0.0301191786657313,1,0.923445284366608,-1,-1,0.0999999999999999
0.136,4.59986325958432e-05,-0.000184494853893531,0.0329987388014587,0.00857408428524725,-0.00277812599611606,0.00026853443996,0.0189616042319722,-0.0240824527379684,-0.01222982956133,2.50536065882275,2.07971248820576,0.0137297446895181,0.0301191786657313,0.618469715118408,1,-1,-1,0.0999999999999999
0.137,7.00656135507459e-05,-0.000205293552469414,0.0329848823003349,0.0094059696122824,-0.000700334660767361,0.000280371430831927,0.0293257345290967,-0.017638795180452,-0.015416133219954,-0.929963271128214,1.75365480523095,0.00885328754949506,0.0301191786657313,-0.10813282430172,1,-0.999427795410156,-1,0.0999999999999999
0.138,0.000102743292238105,-0.000219740885820154,0.0329703183283176,0.00710765824268338,0.000880039126436135,0.000288273367276215,0.0361888231075182,-0.0111475773169355,-0.0136657787454383,-3.19410623380922,1.19817424015228,0.00639225356739378,0.0301191786657313,-0.473242253065109,1,-0.440456748008728,-1,0.0999999999999999
0.139,0.000139850234131752,-0.000227202131657244,0.0329570664217602,0.00419154573035792,0.00225327272215536,0.000295012425271857,0.0381901907634534,-0.00361749350193151,-0.0127924270899026,-2.08025393604532,1.38783456243145,0.00593587568337616,0.0301191786657313,-0.624596893787384,0.76443088054657,0.0604041144251823,-1,0.0999999999999999
0.14,0.00017741557045707,-0.000227436324202117,0.0329444908707717,0.00349171458044993,0.00392257273254194,0.000299408385771915,0.0371369569650133,0.00317661507811773,-0.0123053680645427,0.80266420389992,1.73511891041324,0.0017699667434069,0.0301191786657313,-1,0.050727978348732,0.134794145822525,-1,0.0999999999999999
0.141,0.000213105753472361,-0.000223196347384119,0.0329357661793683,0.00486555510475794,0.005671042869187,0.000299804731696884,0.0344483652393695,0.0052140036515336,-0.0051230721284695,1.67481577896287,1.5269313606319,-0.000957454336527412,0.0301191786657313,-1,0.102185644209385,0.54267293214798,-1,0.0999999999999999
0.142,0.000245364485698077,-0.000217011597394369,0.0329328998424036,0.00628055825354447,0.00696700753172223,0.000299053968520813,0.0302331477327077,0.00707199775129037,-0.000597366566151901,0.878181067530898,0.907450937853254,-5.20061975263076e-05,0.0301191786657313,-1,0.0649851858615875,0.596413850784302,-1,0.0999999999999999
0.143,0.000273652456439928,-0.000209243557013316,0.0329345419845969,0.00624598996885952,0.00735949368801444,0.000300784087940986,0.0264381256766925,0.00848107510310116,0.00386822659401488,-0.957388651503956,-0.121007020872539,0.00362284472348371,0.0301191786657313,-1,0.901023149490356,1,-1,0.0999999999999999
0.144,0.00029702197921936,-0.000197226331236525,0.0329367847588695,0.00540102584804242,0.00726635973326485,0.000304041526058008,0.0203505453179462,0.0156289852677042,0.000608133224147273,-0.606617418169779,0.0129530553588567,0.00263021216105389,0.0301191786657313,-1,0.200033485889435,0.809581220149994,-0.994628071784973,0.0999999999999999
0.145,0.000315083784591788,-0.000180075718266027,0.0329384795205155,0.00454585080550825,0.00730078370940148,0.000307717698163401,0.0158157294951814,0.0187660355311187,0.00277204204595925,-0.988242821998754,0.0963841568587346,0.00436751165787071,0.0301191786657313,-1,-0.162777543067932,1,-1,0.0999999999999999
0.146,0.000328149666886713,-0.00016060768119462,0.0329428662444274,0.00336707174273415,0.00766793487005867,0.000313470024331686,0.0103837292767556,0.0202873119775249,0.00597384257190046,-1.19811056400533,0.602050399731233,0.00631480327009548,0.0301191786657313,-1,-0.0645479783415794,0.912029981613159,-0.871899604797363,0.0999999999999999
0.147,0.000336224358182336,-0.000139349991635957,0.0329499343020661,0.00244959574741577,0.00826985860249351,0.000318575879152849,0.00584281900723537,0.0223265273038616,0.00812302270418055,-0.523562408079205,0.511446035418745,0.00323247140619476,0.0301191786657313,-1,-0.553074717521667,1,-0.510482609272003,0.0999999999999999
0.148,0.000339637863746282,-0.000118475966862557,0.032959147250004,0.00166091050893653,0.00861703251687441,0.000322831418094083,0.00103397951340738,0.0195305989617875,0.0102564258303287,-0.958486858050093,0.129287431713495,0.00481633677394664,0.0301191786657313,-1,-0.435582101345062,1,-0.51917952299118,0.0999999999999999
0.149,0.000338288857662439,-9.96886124158233e-05,0.0329700265626878,0.000884043814518416,0.00849052137415316,0.000326600934864807,-0.00372660496471171,0.0181420940106925,0.0114504330302688,-0.500107792633947,-0.359294391378564,0.00233072988517558,0.0301191786657313,-1,-1,1,-0.17169126868248,0.0999999999999999
0.15,0.000332117654388876,-8.49415842718299e-05,0.0329826113896674,-4.32735001427373e-05,0.00800361556224237,0.000330837089676628,-0.00864495924106552,0.0114700845170236,0.0136575091090766,-1.21734839133752,-0.537933384026514,0.0055249954073571,0.0301191786657313,-1,-0.794116020202637,0.746784090995789,-0.107306450605392,0.0999999999999999
0.151,0.00032165690206914,-7.61189778692237e-05,0.0329971501617274,-0.00105685999988401,0.0073402602065722,0.00033552385558,-0.0123301856683896,0.00628238284088606,0.0153505085062953,-0.646873396122841,-0.69055944897661,0.00318002842862025,0.0301191786657313,-1,-0.360680341720581,1,0.221543788909912,0.0999999999999999
0.152,0.00030645724489078,-7.19440554742033e-05,0.0330100044734855,-0.00103975490707922,0.00704507344379401,0.000335846063866274,-0.0181026457985556,0.0020893915480054,0.0103179350927783,0.662183245701665,0.113700762511471,-0.00243467434538975,0.0301191786657313,-1,-1,0.504971623420715,0.125533223152161,0.0999999999999999
0.153,0.000286971312891444,-7.37450349446123e-05,0.0330214978426389,-0.00045265042742517,0.00698828265460117,0.000333775527726843,-0.0209119151703618,-0.00572263885044124,0.0126140173330496,0.407569448079359,-0.265542658079412,-0.00130986913751909,0.0301191786657313,-1,-1,0.42818021774292,-0.0892181098461151,0.0999999999999999
0.154,0.000264749455733752,-8.28079467745663e-05,0.033036038108711,-0.00015679781387143,0.00643521341049891,0.000332936080936985,-0.0236071748440266,-0.0124152783927343,0.0163858191357476,0.153150599622308,-0.791720328769262,-0.000288564941778429,0.0301191786657313,-1,-0.684347808361053,0.616364717483521,-0.282251536846161,0.0999999999999999
0.155,0.000238936916480536,-9.7069298731992e-05,0.0330531810784532,0.000302368594107475,0.00573779357732742,0.000331610156394824,-0.0280973509512638,-0.0161484279461526,0.0178145354559282,0.713162673117527,-0.540370581333898,-0.00214440662742302,0.0301191786657313,-0.187955051660538,-0.317864298820496,-0.338864922523499,-0.2528375685215,0.0999999999999999
0.156,0.000213883575177685,-0.000114219787682797,0.0330705820308483,0.00139726805740888,0.00387762446610404,0.000327911313378948,-0.0222095364854042,-0.0182546600381163,0.0169166553783553,1.31516438421802,-2.8900751952481,-0.0048166282809798,0.0301191786657313,-0.774416148662567,-0.513479471206665,-0.229206085205078,-0.537856221199036,0.0999999999999999
0.157,0.000191902703456628,-0.000133561475879855,0.0330899236564626,0.0026325048298989,0.00144106421668559,0.000323685104642202,-0.0219624939178153,-0.0205432303806067,0.0216641088668303,0.977834807138454,-1.59409930508391,-0.00288254193688388,0.0301191786657313,0.173966512084007,0.267710983753204,-0.528681337833405,-0.849681973457336,0.0999999999999999
0.158,0.000173552788422273,-0.000152083616463582,0.0331102123092764,0.00407102985175568,7.67269228970558e-05,0.000320952328516366,-0.0148902860442169,-0.0166476709376183,0.0188417813616808,1.67978940808096,-0.932424687046742,-0.00196008321249179,0.0301191786657313,0.42199844121933,0.0415848195552826,-0.520345747470856,-0.674929022789001,0.0999999999999999
0.159,0.000162705883711371,-0.000168377211851793,0.0331267714470201,0.0051447108223313,-0.000373776826986141,0.000320137087680639,-0.00688580509510322,-0.0160462462825946,0.0142252364578342,0.317331081459186,0.0823854179476593,0.000486298485538548,0.0301191786657313,0.516210675239563,0.99330747127533,-0.956840753555298,-1,0.0999999999999999
0.16,0.000161423396989922,-0.000180311092519436,0.0331377021278321,0.00578639884171884,-0.000283531197074662,0.000320706218445377,0.00430284127423662,-0.00790450457191568,0.00760413386789164,0.878043411312198,0.0778270246282399,0.000571506786960715,0.0301191786657313,0.00412093847990036,0.942361831665039,-0.815465986728668,-1,0.0999999999999999
0.161,0.000169327106681488,-0.000184485889866145,0.0331432451744137,0.00658770911612574,0.000334575074274037,0.00032306855543851,0.0115407117790633,-0.000529234181613761,0.00347069207286551,0.588220941162642,1.06135262174376,0.00390878921161173,0.0301191786657313,-0.196456044912338,0.901792764663696,-0.08684903383255,-1,0.0999999999999999
0.162,0.000181801830690749,-0.000181536916128188,0.03314312072701,0.00673144971304926,0.00234785858356393,0.000330688325031137,0.0135649492373696,0.00641190005062302,-0.00370813386194059,-0.333155831258344,2.62356985829642,0.0102847767570219,0.0301191786657313,-0.519057154655457,0.323165774345398,-0.451858043670654,-1,0.0999999999999999
0.163,0.000197002882599068,-0.000173400135030493,0.0331397542064526,0.00548719894247353,0.00468394584407525,0.00034155981103412,0.0170123070283961,0.00994993638188278,-0.0030167738803176,-1.94083044387543,1.66011480075571,0.0101642909086647,0.0301191786657313,-1,0.48396623134613,0.161842972040176,-1,0.0999999999999999
0.164,0.000212693794617527,-0.000160830737196523,0.0331362750582127,0.00361495780046221,0.00612829796321248,0.000350956006208936,0.0145061122538326,0.0153198415642457,-0.00392527685719626,-1.49463992360716,1.00667534223002,0.00721024805790776,0.0301191786657313,-1,-0.0182573441416025,0.271728456020355,-1,0.0999999999999999
0.165,0.000225872429563112,-0.000144051664716098,0.0331331415803809,0.00250084863063151,0.00650768090017297,0.000355753886016164,0.0119143260267827,0.0183357423741016,-0.00233507578122166,-0.575241003589374,-0.279053948626044,0.00187721184367738,0.0301191786657313,-1,-0.528183937072754,1,-0.895631313323975,0.0999999999999999
0.166,0.000234278562347762,-0.000125899112343379,0.0331306509249432,0.00204298387979168,0.00636291177299211,0.000357386689980643,0.00492232377443296,0.0180381175571005,-0.00263444868586137,-0.30290182052113,0.03683242190549,0.00130577872772126,0.0301191786657313,-1,-0.421262115240097,1,-0.275152146816254,0.0999999999999999
0.167,0.000235651266294583,-0.00010948138870955,0.0331255720913596,0.00147653763340938,0.00660213913901653,0.000359826855825585,-0.00205194430783886,0.0149164951344726,-0.00742645790632167,-0.760129228473664,0.394659206821008,0.00327366857554442,0.0301191786657313,-1,-0.527986288070679,0.0711914896965027,-0.293998092412949,0.0999999999999999
0.168,0.000233055942004717,-9.6227456640267e-05,0.0331190412950044,0.000627167305042407,0.0061806016215898,0.000362888259555216,-0.00316893057725407,0.0116854124474601,-0.00561147362698713,-0.815161004633505,-1.16204402844076,0.00257099947820926,0.0301191786657313,-1,-0.185279667377472,1,-0.0992593467235565,0.0999999999999999
0.169,0.000226222595276037,-8.54880612768869e-05,0.0331098878526908,0.000211741592941981,0.00549517860796878,0.000364283878956595,-0.0105325987248563,0.00984939274325515,-0.0126337307137312,0.0300808291361875,-0.104478155158761,0.000109523662015331,0.0301191786657313,-1,-1,0.382627934217453,0.243373870849609,0.0999999999999999
0.17,0.000213861312834582,-8.01215645587801e-05,0.033097199573576,-0.000381165828948205,0.0054036990106624,0.000366257807931536,-0.0142209518269178,0.000937839503588607,-0.0126860765548997,-1.11880596909321,-0.0938555815473162,0.00353959219255207,0.0301191786657313,-1,-0.522451460361481,0.0445361584424973,-0.0932017862796783,0.0999999999999999
0.171,0.00019875188509925,-8.09369549640513e-05,0.0330852383917764,-0.000934376926232157,0.00497202890975008,0.000368279895778478,-0.0160537233048917,-0.00252429678638243,-0.0111885052068633,0.113430021774911,-0.726701354888397,0.000277315725089393,0.0301191786657313,-1,-0.861832916736603,0.21081405878067,-0.0692048668861389,0.0999999999999999
0.172,0.000181072329792492,-8.63532627268983e-05,0.0330753975326522,-0.000497875722784611,0.00426829031296294,0.000367710755030615,-0.019376035354763,-0.00832441811361927,-0.0084649118011038,0.690064294476862,-0.596600071921816,-0.00123354651082571,0.0301191786657313,-0.811869442462921,-0.746981501579285,-0.0286712385714054,0.290553033351898,0.0999999999999999
0.173,0.000161152363473742,-9.85035401491257e-05,0.0330670262301666,4.0849212210118e-05,0.0035250342524135,0.000366833740444772,-0.0205511320752206,-0.0160097585016215,-0.00824530162290733,0.320548085127645,-0.802912755946138,-0.000421393628629781,0.0301191786657313,-0.296916782855988,-0.246750921010971,-0.217964619398117,-0.554489374160767,0.0999999999999999
0.174,0.000141995892582563,-0.000114280907123137,0.0330590339682633,0.00127193822292945,0.00223329296252681,0.000364753465300627,-0.0178941475766802,-0.0156617547759437,-0.00770460101091964,1.95036548221703,-1.58850143958186,-0.00327248713614721,0.0301191786657313,-0.187833592295647,-0.530104100704193,-0.523722231388092,-0.688123941421509,0.0999999999999999
0.175,0.000126406833598877,-0.000130618136559801,0.0330535970743545,0.00320247213674053,0.000448827365965173,0.000361289421490607,-0.0134528878348694,-0.0171699780420113,-0.00316002222912675,1.59694146545333,-1.68982126375028,-0.00313838818951479,0.0301191786657313,0.125794649124146,0.418721318244934,-0.659784853458405,-0.639260768890381,0.0999999999999999
0.176,0.000116227275052619,-0.00014606880144329,0.0330490940007976,0.00478512883726197,-0.00100412004041017,0.000358638564316838,-0.00704444016527887,-0.0138807313524071,-0.00581175666125095,1.31569254855876,-0.975866299188394,-0.0016156475865816,0.0301191786657313,0.572676241397858,0.431368768215179,-1,-1,0.0999999999999999
0.177,0.000114671818548693,-0.00015741528974171,0.0330427881821454,0.00576087852663433,-0.00187700023885412,0.000357070424145789,0.00383334527769273,-0.0089191336463633,-0.006763558379618,0.487465380382693,-0.613832431608035,-0.00121741657223602,0.0301191786657313,0.244405940175056,1,-0.8250333070755,-1,0.0999999999999999
0.178,0.000122276512958935,-0.000162213237175059,0.0330343695722284,0.00612878345673748,-0.00156228145402249,0.000358729850396866,0.0113993670978504,-0.000727331524480576,-0.0100309704880443,0.192345808287805,1.20101868440595,0.00441065849373514,0.0301191786657313,0.358384430408478,0.81088000535965,-1,-1,0.0999999999999999
0.179,0.000138610162694517,-0.000159471011508676,0.0330235661983043,0.00591339205401973,-8.7865496623845e-05,0.000363812584668555,0.0213713834656784,0.00621090093768394,-0.0115312247013581,-0.588115131538875,1.51479559492366,0.00509467032025199,0.0301191786657313,-0.235017120838165,0.528906464576721,-0.529038906097412,-1,0.0999999999999999
0.18,0.000161987865302181,-0.000150558455669969,0.0330126850224902,0.004876774128544,0.00196194651885242,0.000370685072469179,0.0255616472268833,0.011690258276791,-0.0101936934783572,-1.31426960896148,2.26281993054615,0.00767231993418212,0.0301191786657313,-0.899348497390747,0.206050902605057,-0.157066538929939,-1,0.0999999999999999
0.181,0.00018688468939617,-0.000136879609647311,0.0330052406875212,0.0034004384894681,0.00466093474459596,0.000379655475319041,0.024469769029271,0.0157808185099571,-0.00468397647628493,-1.39921008439894,2.6963386469976,0.00880754659293823,0.0301191786657313,-1,0.0669644251465797,0.661182224750519,-1,0.0999999999999999
0.182,0.00020847810751686,-0.000119155348306973,0.0330016103297634,0.00237367133869854,0.00733773762834597,0.000387295873225835,0.0189628243220787,0.0197604259227971,-0.00256230066554586,-0.512401659257865,2.21681006490296,0.00515532654938061,0.0301191786657313,-1,-0.351947158575058,0.859914243221283,-0.976566731929779,0.0999999999999999
0.183,0.000224548224128254,-9.85855334332671e-05,0.0330007786657813,0.0020747833202088,0.00857906925505177,0.000390337711492439,0.013317338650892,0.0214370785105017,0.000894151117399738,-0.0837912144423167,0.0846886615729273,0.000712143532871651,0.0301191786657313,-1,-0.574554741382599,1,-0.825116753578186,0.0999999999999999
0.184,0.000234733400290798,-7.73480582498454e-05,0.0330031837755113,0.00181001953357678,0.00766027131183598,0.000390774393036697,0.00702005410116544,0.0211020218521013,0.00389962978263099,-0.450112889383832,-1.72096961668359,0.000408285152455473,0.0301191786657313,-1,-0.160768657922745,1,-0.530103325843811,0.0999999999999999
0.185,0.000238356798962256,-5.58558044684516e-05,0.0330063056021652,0.00133828313432378,0.00578267848981686,0.000391114149829619,0.000127121103527348,0.0219573441148002,0.00232913429356682,-0.461110617464383,-1.67614458952234,0.000457029434448742,0.0301191786657313,-1,-0.584646463394165,1,0.1595239341259,0.0999999999999999
0.186,0.000234746792134357,-3.67898931849982e-05,0.0330069515779386,-2.13757695763429e-05,0.00489900076887848,0.000394635169383761,-0.00739813956098841,0.016319381965244,-0.0010321702087367,-2.04998373399375,0.0610443728205214,0.00571360104173303,0.0301191786657313,-1,-0.575595319271088,0.238633632659912,-0.154740884900093,0.0999999999999999
0.187,0.000225934986207358,-2.18815459817567e-05,0.0330075528255376,-0.00185081864519841,0.00516870962828711,0.000399675914472652,-0.0102231140340106,0.0136563156648136,0.00223064170306627,-1.30639253587285,0.40508651187312,0.00350294477750175,0.0301191786657313,-1,-0.559829235076904,0.299875319004059,0.51046895980835,0.0999999999999999
0.188,0.000214078690123466,-1.13012126941004e-05,0.0330090700517481,-0.00280125553928774,0.00558084241788359,0.000402139503799415,-0.0134788804468434,0.00760723580309049,0.000804512811342709,-0.447518890137182,0.312715922601784,0.00110612006200015,0.0301191786657313,-1,-1,0.304192274808884,0.676614880561829,0.0999999999999999
0.189,0.000198944804026812,-8.50674357511914e-06,0.0330100113245761,-0.00315179771196786,0.00562074700895522,0.000403386775047476,-0.0168112119846226,-0.00196668697341293,0.00107459804607203,-0.196273069358665,-0.27756020833089,0.00130241074614053,0.0301191786657313,-0.982217073440552,-1,-0.201413542032242,0.134522944688797,0.0999999999999999
0.19,0.000182006719169881,-1.35350256390257e-05,0.0330144155762024,-0.00264892375672121,0.00457307738973494,0.00040393289218299,-0.0171715004121998,-0.00811883671321909,0.00769476260466576,1.1171739813066,-1.66160136049014,-0.00016349855821411,0.0301191786657313,-0.617040514945984,-0.921768724918365,0.233344703912735,0.364424228668213,0.0999999999999999
0.191,0.000164084151335939,-2.54177952196053e-05,0.0330218500829023,-0.00139727077330039,0.00287104492676174,0.000403524868312743,-0.0188198207469456,-0.0157269504031092,0.00713823761757037,1.18431454281702,-1.47389255703855,-0.000509360670219214,0.0301191786657313,-0.185286581516266,-1,-0.163182854652405,-0.0276986658573151,0.0999999999999999
0.192,0.000146716578693971,-4.42480314651657e-05,0.033029948277834,-0.000349455021413177,0.00132959477078095,0.000403230220769046,-0.0160678695223798,-0.0220177742411969,0.00901340647629885,0.766831550327205,-1.36802467633261,-7.32882767019111e-05,0.0301191786657313,0.413707405328751,-0.760386526584625,-0.374816834926605,-0.0441932678222656,0.0999999999999999
0.193,0.000134261260512751,-6.88599654611682e-05,0.0330378459898943,0.000197920923756399,-0.000158561823035171,0.000403271649231041,-0.00899833379500342,-0.0272734923855734,0.00675793946404178,0.291420711278725,-1.3644016791502,9.91077319329171e-05,0.0301191786657313,0.451342821121216,0.241689175367355,-0.690136194229126,-0.869098424911499,0.0999999999999999
0.194,0.000129633059270337,-9.32212869269758e-05,0.0330437451030618,0.00184680378500706,-0.00127839501453884,0.000403884384990949,-0.000355532143573521,-0.021619457307684,0.00502359171140663,2.7588992226471,-0.679605796647192,0.00146711007529153,0.0301191786657313,0.554723978042603,0.247774422168732,-0.754497766494751,-0.740878283977509,0.0999999999999999
0.195,0.000134007696372494,-0.000112914764434888,0.0330473028190753,0.00475533242272536,-0.00142600869558059,0.000406296776599646,0.0090719233616355,-0.0180152870545909,0.00209140863116158,2.57121210679117,0.418668315582652,0.00332657306257919,0.0301191786657313,0.165970981121063,0.333514958620071,-0.899933099746704,-1,0.0999999999999999
0.196,0.00014714575318109,-0.000128568573336382,0.0330501576478191,0.00647428325582415,-0.000342413197589578,0.000411084410439244,0.0172776541746016,-0.0134557401084122,0.00360162116517854,0.595120502961421,1.57695776070177,0.0059395467542026,0.0301191786657313,-0.0346053838729858,1,-0.922410488128662,-1,0.0999999999999999
0.197,0.000168292960488634,-0.000137859509685239,0.0330531220569587,0.00638025893630938,0.00141811343809381,0.000417769276959579,0.0251478165102019,-0.00517180846499918,0.00231391193791081,-0.735855703665328,1.67159631667629,0.0066554725339286,0.0301191786657313,-0.395986407995224,1,-0.222874999046326,-1,0.0999999999999999
0.198,0.000194448460140117,-0.00013880407163678,0.0330537374166164,0.00528487983593589,0.00346816470949181,0.00042607846022813,0.0273476690692006,0.00332771185449057,-0.00108047912873395,-1.24756856931863,2.11521719782818,0.00873416225179575,0.0301191786657313,-1,0.42160564661026,0.227815121412277,-1,0.0999999999999999
0.199,0.000220083862955857,-0.000132823961006901,0.0330532923838819,0.00379555819402755,0.00594993440769484,0.000436335223579665,0.0241535774940303,0.00872568378797343,0.000188688881300143,-1.47047483385401,2.45460272263745,0.0101348868797634,0.0301191786657313,-1,0.0824601650238037,0.460795283317566,-1,0.0999999999999999
0.2,0.00024244384636874,-0.00012217025223569,0.0330544577022906,0.00251811402502452,0.00784118704130643,0.000444738005283885,0.0207526657663793,0.0126746440801996,0.00213241840488893,-0.87811259754038,1.04143427171709,0.00545565052066789,0.0301191786657313,-1,-0.130983680486679,0.739368498325348,-1,0.0999999999999999
0.201,0.000260936626924118,-0.000107959040166874,0.0330573602596474,0.00210013426192231,0.00801061143300088,0.00044707281313805,0.0163023363864172,0.0157929304450763,0.00365393976347906,0.0791649259897474,-0.678743335040462,-0.000869548507903826,0.0301191786657313,-1,-0.530564427375793,1,-0.425534784793854,0.0999999999999999
0.202,0.000274200467055466,-9.3569069367211e-05,0.033060358539292,0.00173429020358741,0.00702904127006283,0.000447739505295086,0.0101933231239332,0.013044784323329,0.00232914289979907,-0.779024651659429,-1.06598223546139,0.00224282448632593,0.0301191786657313,-1,-0.0327618420124054,0.876040458679199,-0.757602572441101,0.0999999999999999
0.203,0.000281603277396861,-7.91112933118852e-05,0.0330618728748712,0.00147078313922749,0.00619210812131072,0.000448284317764447,0.00458915647783379,0.0159101768513749,0.000695478818210392,0.260378803558935,-0.435732529895946,-0.000974853541034904,0.0301191786657313,-1,-0.808882415294647,1,-0.196672976016998,0.0999999999999999
0.204,0.000282952574326254,-6.59011350093861e-05,0.033062002488169,0.000928910126279373,0.00644070627134633,0.000450545876510944,-0.00185952392708791,0.0105836859038571,-0.000432611142388297,-1.27456410740803,0.887756767712281,0.0051990819299248,0.0301191786657313,-1,-0.431200295686722,0.643025815486908,-0.693280816078186,0.0999999999999999
0.205,0.000279100148565678,-5.50049479138634e-05,0.0330624939937007,6.93902819477551e-05,0.00732924449638509,0.000454214959806798,-0.00578137734779384,0.0112863630719162,0.0014093720685121,-0.316805078651817,0.715721129165611,0.00155277190299441,0.0301191786657313,-1,-1,0.573817431926727,0.0176428332924843,0.0999999999999999
0.206,0.000271651130152278,-4.72596331637075e-05,0.033064564794514,-0.000756129410333876,0.00753488267633912,0.000457891576879366,-0.00910934314423103,0.00429649179406898,0.00272193213079479,-1.1983380405952,-0.358162949613067,0.00534762688949526,0.0301191786657313,-1,-0.739322602748871,0.739753842353821,-0.530256867408752,0.0999999999999999
0.207,0.000260277502322841,-4.37225610026409e-05,0.0330683241581676,-0.00123321982524051,0.00683655401725307,0.000460534740033935,-0.0136944848645901,0.00282137052501098,0.00477212195703881,0.3177384736043,-0.936045660237254,-0.000293970118616581,0.0301191786657313,-1,-0.996646583080292,0.326699674129486,0.312716275453568,0.0999999999999999
0.208,0.0002453357504664,-4.51047395543172e-05,0.0330734807484489,-0.00119257821044212,0.0055616240369416,0.000461436572488871,-0.0162984309708034,-0.0055660004740838,0.00551375757031387,-0.238947227409035,-1.41416828035498,0.00191229069914942,0.0301191786657313,-1,-0.650667071342468,0.173644080758095,0.0546221174299717,0.0999999999999999
0.209,0.000227899419674916,-5.29757070234014e-05,0.0330794965830476,-0.00107798316514034,0.00428568551622145,0.000462273257543888,-0.0186901405170864,-0.0101879342643839,0.00648659140022863,0.464790765372857,-0.947067299544698,-0.000267795961262042,0.0301191786657313,-0.416683375835419,-0.83815199136734,0.0140730086714029,0.204630553722382,0.0999999999999999
0.21,0.00021007971663103,-6.66589413414439e-05,0.0330851223275164,-0.000667506797839422,0.00327351640562256,0.000462157087602222,-0.0170619796790309,-0.0172032955538075,0.00474688734335278,0.315983869695738,-0.936260778748111,3.91428087952057e-05,0.0301191786657313,-0.291598618030548,-0.409717500209808,-0.386718183755875,-0.0263960957527161,0.0999999999999999
0.211,0.000195232106422965,-8.54572732450003e-05,0.0330891616360518,0.000100217797961068,0.00219580642275297,0.00046151305133213,-0.012751979355458,-0.0204730508347084,0.00331940297589123,1.1225175344267,-1.05762807957442,-0.00114166907623456,0.0301191786657313,-0.223072350025177,-0.334837228059769,-0.237890750169754,-0.68257212638855,0.0999999999999999
0.212,0.000184163881665473,-0.000105554110293927,0.0330928913447246,0.00191646096388129,0.00153278570118776,0.000459780818379052,-0.00945874895876029,-0.0198848131901931,0.00412373323166231,2.22338727254858,-0.175739781276849,-0.00178227993658993,0.0301191786657313,0.0119349658489227,-0.601853489875793,-0.484650552272797,-0.54179060459137,0.0999999999999999
0.213,0.000177772922396945,-0.000126870987372585,0.0330977693017467,0.00351584108183893,0.00144124093207026,0.000458623226128996,-0.00336397256134411,-0.0228891711807452,0.00560576999989638,0.740367306148781,-0.00749277018243849,-0.000330334460818032,0.0301191786657313,-0.428975462913513,0.212490320205688,-0.838488757610321,-1,0.0999999999999999
0.214,0.000177153280971497,-0.000147571699483368,0.0331054928485102,0.00435139801185472,0.00156549861945798,0.000458488768724674,0.00212773458688839,-0.0186161420145006,0.00980719386835072,0.828576982150812,0.231180922931678,0.000108491306486724,0.0301191786657313,0.216104626655579,1,-0.54977160692215,-1,0.0999999999999999
0.215,0.000183165288308396,-0.000161792086510288,0.0331119375247954,0.00567616624732198,0.00155073745619235,0.000457527330433916,0.00987842029811036,-0.00997596775258094,0.00308411359154354,1.60979082836711,-0.240719698235847,-0.00184776535441449,0.0301191786657313,-0.495136022567749,0.64360785484314,-0.523158252239227,-1,0.0999999999999999
0.216,0.000194652229232156,-0.000168879568893597,0.0331148990384753,0.00674368172157356,0.00183592145262334,0.000457911876398764,0.0131320734083576,-0.00429730372685089,0.00282894615816303,0.348693740053559,0.785373552780277,0.00281669555950345,0.0301191786657313,-0.612226545810699,0.76239687204361,-0.662945985794067,-1,0.0999999999999999
0.217,0.000209663444934353,-0.000170071194957127,0.0331180089167988,0.00637350501811295,0.00288898852738415,0.000462562839377956,0.0169773832345345,0.0019135978198165,0.00337249572728012,-1.01181573592284,1.16301388686508,0.00592904552943362,0.0301191786657313,-0.819977045059204,1,0.0937089771032333,-1,0.0999999999999999
0.218,0.000225810126645439,-0.000164134488503195,0.0331192240903871,0.00527428429253897,0.00469456173021,0.000470763408856545,0.0154739977635344,0.0100177499768728,-0.000934789440433834,-0.999011959812576,2.15371744626688,0.00905216308501616,0.0301191786657313,-1,0.251994162797928,0.187569350004196,-1,0.0999999999999999
0.219,0.000240116152894224,-0.0001521764059272,0.0331187197836588,0.00401491282675793,0.00675255373147289,0.000480335683439748,0.013311239214597,0.0139919967658683,-7.41002575942592e-05,-1.31834871423085,1.62454518187139,0.00871470092315144,0.0301191786657313,-1,0.0806126818060875,0.721020042896271,-1,0.0999999999999999
0.22,0.000251028137629925,-0.000136429936050143,0.0331179840996824,0.00288067945477105,0.00791369096014714,0.000487413544428161,0.00863042179652136,0.0175952000172952,-0.00138780049867889,-0.784041776477273,0.516565155336264,0.00448724347486103,0.0301191786657313,-1,-0.297131448984146,0.962568163871765,-0.73343026638031,0.0999999999999999
0.221,0.000256711905176816,-0.000118809031943741,0.033115536958083,0.00207611494557461,0.00785778805743084,0.000491174561103591,0.0027698584180098,0.0177361581497644,-0.00348719108836849,-0.72196242054238,-0.598496593217355,0.00270678195704701,0.0301191786657313,-1,-0.562440991401672,0.805663287639618,-0.978872299194336,0.0999999999999999
0.222,0.000256996378279915,-0.000100855171405902,0.0331131050002705,0.0015774099247331,0.00678900571365026,0.00049247341958214,-0.00225596470718229,0.0182406744034996,-0.00137591307198734,-0.230703613557872,-1.33868505148587,-1.30580074555751e-05,0.0301191786657313,-1,-0.781750500202179,1,-0.494917154312134,0.0999999999999999
0.223,0.000251383520313877,-8.44155249970019e-05,0.0331113554569727,0.00100149314911437,0.00580997329510901,0.000493945669707951,-0.00902561816756528,0.0147227308722977,-0.00211483759509514,-0.854535690287756,-0.455594111693625,0.00274894743875615,0.0301191786657313,-1,-0.145636975765228,0.631080985069275,0.124627411365509,0.0999999999999999
0.224,0.000239921325296488,-7.12009749450495e-05,0.0331060784448105,0.000118374855457686,0.00568024294773424,0.00049690988741169,-0.0139116514300957,0.011804752877018,-0.00839059894949431,-0.783126569807131,0.187550165038248,0.00272587949400239,0.0301191786657313,-1,-0.738402664661407,1,-0.0147026712074876,0.0999999999999999
0.225,0.000222385853699924,-6.20832248994524e-05,0.0330957899496384,-0.000749822014565962,0.00637324608039601,0.000499865369405939,-0.0211390118179818,0.00651549300785284,-0.0121332742796559,-0.815537543488692,1.02223297645612,0.00270235929963796,0.0301191786657313,-1,-1,0.113524287939072,-0.0100283548235893,0.0999999999999999
0.226,0.000200444114817537,-5.88972455813322e-05,0.033085427576995,-0.00149630267483006,0.00647809650988304,0.000502838303366726,-0.022780562543835,-7.03623027930318e-05,-0.00855396634740779,-0.548437275974239,-0.882468109877674,0.00295021347709329,0.0301191786657313,-1,-1,-0.046917587518692,0.355979025363922,0.0999999999999999
0.227,0.000177094359034852,-6.33252912367758e-05,0.0330781072371339,-0.00196876768246126,0.00466359172458627,0.000506398860810719,-0.0240847374845701,-0.00873610574966752,-0.00606536326661508,-0.298709088406526,-2.46571831044731,0.00370727513196324,0.0301191786657313,-1,-1,0.247147396206856,0.318634748458862,0.0999999999999999
0.228,0.000150933231410585,-7.62798555798297e-05,0.0330725613477072,-0.00191485049018338,0.00254356808700189,0.000508985309497945,-0.0284236405057314,-0.0171838879503106,-0.00501102218086467,0.427657626999335,-1.4521332296362,0.00121721267755593,0.0301191786657313,-0.0266933366656303,-0.797527253627777,-0.596248984336853,0.373002886772156,0.0999999999999999
0.229,0.000125630088517751,-9.73862358001742e-05,0.0330668242889609,-0.00104557981112873,0.000557324236440254,0.000510231535047811,-0.0223944994349906,-0.025097900330817,-0.00643207276847348,1.20066154937012,-2.21466316570823,0.0011949457351609,0.0301191786657313,0.0152769535779953,-0.12617439031601,-0.790522158145905,0.253307580947876,0.0999999999999999
0.23,0.000106521629793673,-0.000124280816727279,0.0330585049421149,0.000885749491660178,-0.00143067217822202,0.000511437519902458,-0.0160071819896037,-0.0288710638944298,-0.0101612795434266,2.37094123530789,-1.44494334400709,0.00145515435151667,0.0301191786657313,0.688096761703491,-0.651473879814148,-1,-0.352040141820908,0.0999999999999999
0.231,9.61747902784475e-05,-0.000155315004313894,0.0330486663650468,0.00306440181205766,-0.00266620994911059,0.000512888749022888,-0.00483308494963566,-0.0333909019506386,-0.00947396948009603,1.66569095309007,-0.826154744176332,0.00134623397220232,0.0301191786657313,0.532284379005432,0.334631264209747,-1,-1,0.0999999999999999
0.232,9.62805763302468e-05,-0.000186296696192385,0.033039163081873,0.00521707648040865,-0.00268234501651605,0.000516637232137462,0.00501285260770018,-0.0287973054283319,-0.00948623139046163,2.31740184056904,0.791774659393516,0.00597019261479403,0.0301191786657313,0.922732889652252,0.718149483203888,-1,-1,0.0999999999999999
0.233,0.000107582644448604,-0.000212093371198867,0.0330273642375546,0.00737224690131505,-0.00166104844732541,0.000523149986899618,0.0176400878116558,-0.023014642842222,-0.0140429014787635,1.66259703163881,1.09027738793627,0.00622206735615547,0.0301191786657313,0.693785011768341,0.887502133846283,-1,-1,0.0999999999999999
0.234,0.000131109418641998,-0.000232092008149589,0.0330113879751513,0.00821602936777998,-0.000600327890968317,0.000528670622116145,0.0294898056476369,-0.0171047552918753,-0.0178294013206914,-0.0737651045138096,0.896532301678548,0.0043269654716246,0.0301191786657313,0.131243512034416,1,-0.205860048532486,-1,0.0999999999999999
0.235,0.000162560279614125,-0.000245990130518993,0.0329908109270847,0.00742964570629127,0.00114414269365654,0.000536672877699651,0.0335954950861368,-0.0106723592909216,-0.0232377485448092,-1.31580101595229,2.34721375307964,0.0106897966583505,0.0301191786657313,-0.0915292501449585,1,-0.387916445732117,-1,0.0999999999999999
0.236,0.000198634717645193,-0.000253320557240634,0.032966369993445,0.00608949258214563,0.00346406315867257,0.000547268760758168,0.0387722012538309,-0.00393338744619952,-0.0255397423202228,-1.09786917774629,1.95550861571547,0.00892018505217252,0.0301191786657313,-1,1,0.0579849258065224,-1,0.0999999999999999
0.237,0.00023625343144117,-0.000253733113979941,0.0329414954693853,0.00563091249643439,0.00571827174838371,0.00055566562749565,0.0367035017594143,0.00311679531353552,-0.0241030091517782,0.261495082533563,2.22788226085152,0.00636087037610141,0.0301191786657313,-1,0.320296227931976,0.649330735206604,-1,0.0999999999999999
0.238,0.000270638359251909,-0.000249213755357557,0.032918663634549,0.00590797660446133,0.00782968820448484,0.000561611531741946,0.0322952384474328,0.00590497935400916,-0.0214616434977874,0.228711189164325,1.69130420228659,0.00480395549319054,0.0301191786657313,-1,0.434028714895248,0.642451643943787,-1,0.0999999999999999
0.239,0.000301212262520357,-0.000241556527042274,0.0328984524087259,0.00607783656601447,0.00865335976660415,0.000563848634125286,0.028983801237466,0.00940587707345738,-0.0188754820746167,0.0588018166748941,-0.115913003356383,-0.000342775025312241,0.0301191786657313,-1,0.636202871799469,1,-1,0.0999999999999999
0.24,0.000327572244778864,-0.000229702496392961,0.0328793660468945,0.00614036502698974,0.00809553905619232,0.000562013406835149,0.0237597174987568,0.0143203874398691,-0.0192138812460349,0.0222582823216966,-0.82601424538487,-0.00255089172665828,0.0301191786657313,-1,0.132651284337044,0.924172163009644,-1,0.0999999999999999
0.241,0.000349002216713565,-0.000214454392424296,0.0328619809158497,0.00559646798970891,0.00732902121567317,0.000562076465293604,0.0190966201669942,0.0162455282923982,-0.0154823218421221,-1.0477107374031,-0.506620502249294,0.00297421842027783,0.0301191786657313,-1,-0.308009684085846,0.613695442676544,-1,0.0999999999999999
0.242,0.000366802260122105,-0.000198419745974554,0.0328508636718434,0.00394125230528652,0.00706634891854671,0.000568118158273734,0.016531708346385,0.0159706430865055,-0.00672438557667986,-1.99131145713735,0.0749180752438273,0.00818333357762629,0.0301191786657313,-1,0.0953207165002823,0.822898864746094,-1,0.0999999999999999
0.243,0.00038145303553242,-0.000180892593443987,0.0328467077229524,0.00259468229892238,0.00772927515346723,0.000574841667574155,0.0128539351264111,0.0192086696457597,-0.00157751401142095,-0.495317878486395,1.16190811706478,0.00406093019805258,0.0301191786657313,-1,0.150332599878311,0.779164671897888,-0.657610356807709,0.0999999999999999
0.244,0.00039282255022908,-0.000160763110115636,0.0328465878438039,0.00279381397121654,0.00901069417716401,0.00057597614478766,0.0100082216819748,0.0210743850791281,0.00133089094912194,0.798600329115053,1.1882515185574,-0.0018089850396752,0.0301191786657313,-1,-0.539246678352356,0.939142286777496,-0.428976505994797,0.0999999999999999
0.245,0.000401182289055004,-0.000141674477351447,0.0328503049639168,0.00301153732178993,0.00987070195969005,0.000576616605041824,0.00679409290485391,0.0171373281904081,0.00608240405529935,-0.45073876344404,0.39332087785658,0.00339922017834867,0.0301191786657313,-1,-0.349250376224518,1,-1,0.0999999999999999
0.246,0.000406318105835612,-0.000123923423876469,0.0328597821117445,0.00261895229592058,0.00973785454986469,0.000578875734690509,0.00349300114895894,0.0184251838587365,0.0128010152855366,-0.306521065930588,-0.615160502068665,0.00107232333264085,0.0301191786657313,-1,-0.698955357074738,1,-0.758902192115784,0.0999999999999999
0.247,0.000408100254445699,-0.000106584124331555,0.032876131995278,0.00190694961609069,0.0088729456948476,0.000581714277056555,2.58908203288839e-05,0.0163462727461034,0.0198023881655267,-1.02576952245831,-0.944399538148391,0.00431613440026532,0.0301191786657313,-1,-0.245867967605591,1,-0.650795221328735,0.0999999999999999
0.248,0.000406195036844166,-8.99292981079936e-05,0.0328974495067387,0.0011535169818529,0.00819696269595551,0.000584981562140818,-0.00387409312041911,0.0170480539126579,0.0227265214121437,-0.385093056309747,-0.286246330398513,0.00186572773767866,0.0301191786657313,-1,-0.579655349254608,0.737781643867493,-0.100937366485596,0.0999999999999999
0.249,0.00040110238175799,-7.51785312304783e-05,0.0329214772191091,0.000428422290044864,0.00815381122194054,0.000588489393338332,-0.0063167436940819,0.0125535955124417,0.0252148472366796,-0.965129608326827,0.194567555274189,0.00466882166796755,0.0301191786657313,-1,-0.189835488796234,1,-0.222547501325607,0.0999999999999999
0.25,0.000392696841316907,-6.30245305148202e-05,0.0329460296980455,-5.45930740278067e-05,0.00873408043595599,0.000591010445850859,-0.0104637639712389,0.0118156234230145,0.0237877733910389,0.0555285456147099,0.835242257952029,2.40481406550974e-05,0.0301191786657313,-1,-0.554691791534424,1,-0.00541228055953979,0.0999999999999999
0.251,0.000380236836472317,-5.3344844541113e-05,0.0329693038515455,-4.12041218146566e-05,0.00948166300379398,0.000591246349554986,-0.0144286918024534,0.00756973408650896,0.0226627914797651,-0.05639716268026,0.489621119870472,0.000597065767324043,0.0301191786657313,-1,-0.523880660533905,0.614397168159485,0.102915063500404,0.0999999999999999
0.252,0.000365037118398495,-4.80957277639105e-05,0.0329918843292553,-0.000251879528339978,0.00912955991234059,0.000592688943729769,-0.0160247438793073,0.00296648773836673,0.0224000904619852,-0.338744097074671,-1.16128356439547,0.00217310118733201,0.0301191786657313,-1,-0.785897314548492,0.660653114318848,0.0499492958188057,0.0999999999999999
0.253,0.000347834750223658,-4.80284408415959e-05,0.0330147541433144,-0.000798826851596911,0.00752552776137708,0.000595948766331844,-0.018516234853409,-0.00277175447325531,0.0232338909289023,-0.653112878714538,-1.78858139656624,0.00379344813782262,0.0301191786657313,-1,-0.528591632843018,0.746492564678192,0.118259266018867,0.0999999999999999
0.254,0.000327393888029858,-5.29872205784371e-05,0.0330368580514405,-0.00115173157376661,0.00617239117053714,0.000598365872199746,-0.0224871049526934,-0.00711745612941312,0.0208832880223189,0.022532603156468,-0.721691984602345,0.000700090472501633,0.0301191786657313,-0.923037588596344,-0.950560808181763,0.760145366191864,0.0160536617040634,0.0999999999999999
0.255,0.000302888748787452,-6.3313212092003e-05,0.0330576812049615,-0.00100925074959351,0.00616812283497468,0.000598225651922135,-0.0265709568769209,-0.0135555429516955,0.020671591387156,0.261517840080373,0.649980079195578,-0.000922662021130678,0.0301191786657313,-0.665321230888367,-0.717491865158081,-0.186143398284912,0.263730943202972,0.0999999999999999
0.256,0.000277962293885871,-8.02485562039757e-05,0.0330785503734772,-0.000664486064115745,0.00606335180210266,0.000597391254337332,-0.02335183780973,-0.0203566709142722,0.0209753037913476,0.406671581795615,-0.898787091106542,-0.000701057863909092,0.0301191786657313,-0.504477977752686,-0.179865196347237,0.376918286085129,-0.194871157407761,0.0999999999999999
0.257,0.000254707919802406,-0.000101046258785919,0.0330969852745398,0.000628414283240216,0.0049394793721625,0.000593964139013803,-0.0232827283584463,-0.0213669265891495,0.0158233492940898,1.98951772378185,-1.19913805529287,-0.00546596524657555,0.0301191786657313,-0.4879509806633,-0.639259338378906,0.0236373171210289,-0.390666425228119,0.0999999999999999
0.258,0.000232329304698376,-0.000124163817867849,0.0331131159724974,0.0024884552463467,0.00363231596340396,0.000588737727493793,-0.0216169487963079,-0.025024598924772,0.0163646005834335,1.449156012663,-1.23084906287862,-0.00423401233243265,0.0301191786657313,-0.561484158039093,0.333648800849915,0.120832741260529,-0.67767059803009,0.0999999999999999
0.259,0.000210666130977119,-0.00014745433029499,0.0331274166466633,0.00424657937470794,0.00295743006597014,0.000584866210132429,-0.0217995192919428,-0.0217328320685204,0.0121920152804717,1.80216514427792,-0.053912119090426,-0.00271704627472321,0.0301191786657313,0.0763969421386719,0.395783722400665,-0.113678574562073,-0.854513645172119,0.0999999999999999
0.26,0.000191351086670102,-0.000167186040827063,0.0331364509088699,0.00578463498204773,0.00269099002879861,0.000582001871319182,-0.0168946293788713,-0.0178775634822785,0.00585036865426541,1.04283619105814,-0.47931073875779,-0.00272735179037502,0.0301191786657313,0.094047985970974,0.396120011806488,-0.699925899505615,-1,0.0999999999999999
0.261,0.00017864836224455,-0.000182970201734688,0.0331412696048883,0.00617524693893913,0.00154429425807894,0.000577935325148715,-0.00864875402440421,-0.0137672767324545,0.00377968216950358,-0.287193026627585,-1.63017767501842,-0.0049415919128195,0.0301191786657313,-0.408239275217056,0.66614556312561,-0.363101959228516,-1,0.0999999999999999
0.262,0.000171212326088059,-0.000193898022609877,0.033143711116499,0.005609906986067,0.000677452825825957,0.000575683206398558,-0.00630135644258627,-0.00808614993228552,0.00109859072085218,-0.710181111587898,0.0335613609882872,0.00068891872847171,0.0301191786657313,0.103171601891518,0.85523921251297,-0.620019912719727,-1,0.0999999999999999
0.263,0.000168413473184313,-0.000198482961322084,0.0331420451972414,0.00520852798075069,0.000911385846386916,0.000576843104420632,0.000706541435269065,-0.00107338001095768,-0.00441866347884148,-0.0070324751278386,0.383570701533279,0.0014178853302881,0.0301191786657313,-0.328922152519226,0.0892999768257141,-0.235484316945076,-1,0.0999999999999999
0.264,0.000170159264402204,-0.000198428435529778,0.0331374285504106,0.00492402297160069,0.00201862646367463,0.000580481013432443,0.00286052860632673,0.00119890086809622,-0.00479525942356321,-0.509084838516869,1.62898474909312,0.00527280212131515,0.0301191786657313,-0.0619786083698273,0.0724122822284698,-0.0379420816898346,-1,0.0999999999999999
0.265,0.000174573597485536,-0.000196047223509705,0.0331310877929782,0.00434999181713135,0.00356728832165165,0.000585637702999797,0.0060699036532078,0.00359786479693841,-0.0078500763344092,-0.539893051821508,1.19659585708946,0.00422465555450044,0.0301191786657313,-1,0.315857499837875,0.40470764040947,-0.879788160324097,0.0999999999999999
0.266,0.000178159198223354,-0.000190774096239865,0.033122287719314,0.00412291627015719,0.00521784337748161,0.000590214744763617,0.00123395432277411,0.00696343848425542,-0.00970325175266655,0.111534354653706,1.80744396546751,0.00407778715232521,0.0301191786657313,-0.933198392391205,-0.373212039470673,-0.00946555286645889,-1,0.0999999999999999
0.267,0.000178786988957726,-0.000183883030258169,0.0331153173429761,0.00398972115205563,0.00613285220949533,0.000593046430203525,8.59228651295609e-05,0.00684243760098443,-0.00421568929116458,-0.369920184768914,-0.141321944361949,0.0012567057483626,0.0301191786657313,-1,-0.370453029870987,0.795026183128357,-0.955983757972717,0.0999999999999999
0.268,0.000175585336693302,-0.000177118651621042,0.0331115062464449,0.00344940451841741,0.00574875341380692,0.000594357836018133,-0.00650068905415059,0.00673639671285933,-0.00339418333202506,-0.627579182001743,-0.562776652981379,0.00123713746039758,0.0301191786657313,-1,-0.172009959816933,0.474460065364838,-0.568633139133453,0.0999999999999999
0.269,0.000166644041104521,-0.000170904103000916,0.0331076938902281,0.0027631540928522,0.00489292081589031,0.000595255932498873,-0.0114388924917391,0.00575494092432147,-0.00421328882474395,-0.63452254723867,-1.01227026497222,0.000495086230896529,0.0301191786657313,-1,-0.0160522758960724,0.175739392638206,-0.138962537050247,0.0999999999999999
0.27,0.000153426886915175,-0.000166372738235867,0.0331021761393386,0.00214394099734103,0.00376115670127813,0.000595547700260379,-0.0150837011395474,0.00336711699547351,-0.0067909262329102,-0.502664954917165,-1.07768506162656,9.75516369951452e-05,0.0301191786657313,-0.873401165008545,-0.57968533039093,0.398003935813904,-0.47066268324852,0.0999999999999999
0.271,0.000135985104219107,-0.000164822250284479,0.0330958659659742,0.00170080952742028,0.00312056754676701,0.000596006670209537,-0.0198627159496573,-0.000220965544334523,-0.00580719921116183,-0.306848638222796,-0.133696368037606,0.000725062475161766,0.0301191786657313,-0.880759000778198,-0.0542953908443451,0.0646659284830093,-0.476508587598801,0.0999999999999999
0.272,0.000114588574351001,-0.000165131265805186,0.0330900641578177,0.00210730417556172,0.00316273382644551,0.000595681894801192,-0.022964801868207,-0.000424596815011927,-0.00577166921386767,1.0409889985896,0.154347634844442,-0.00129891816423435,0.0301191786657313,-0.315603137016296,-0.42140731215477,-0.128308206796646,-0.260775059461594,0.0999999999999999
0.273,9.23442576871788e-05,-0.000167619465899897,0.0330836207582702,0.00292039967753698,0.00261073511225132,0.000593827091573296,-0.0216099293645015,-0.00460726616199378,-0.00708573672107163,0.441054827257635,-1.21186640448316,-0.00224088713273094,0.0301191786657313,-0.492149144411087,-0.600963354110718,-0.579739093780518,-0.708660006523132,0.0999999999999999
0.274,7.19945339090188e-05,-0.000173609307287378,0.0330799023884201,0.00307371745564841,0.000809024753643233,0.000590940927390982,-0.0192621173842448,-0.00738513613253678,-0.000359907611141614,-0.145460237865494,-2.10706191315279,-0.00315512312313515,0.0301191786657313,-0.26504972577095,-0.0348574072122574,0.0870371758937836,-0.444916009902954,0.0999999999999999
0.275,5.20852222289202e-05,-0.000181436582675506,0.0330775424206347,0.00299881774717888,-0.000574395993753078,0.000588982386391823,-0.020688326559428,-0.00827925496453094,-0.00434203923220522,0.029031101692432,-0.458676849015626,-0.000419205080976377,0.0301191786657313,0.529109239578247,-0.175254195928574,-0.712388277053833,-0.697545111179352,0.0999999999999999
0.276,3.54648191082654e-05,-0.000189859065324605,0.0330724889341715,0.00325093656542784,-0.00143003799266502,0.000587999518630422,-0.0126551593832795,-0.00860030557870355,-0.00573784105854427,0.449277239196842,-1.13542547808755,-0.00134431758254659,0.0301191786657313,0.0160394608974457,-0.0151493102312088,-0.539961159229279,-0.602346062660217,0.0999999999999999
0.277,2.44394519658506e-05,-0.000198540073190954,0.0330663945111611,0.00384079965485504,-0.00191905490259748,0.00058800023313621,-0.00945935958618736,-0.00881915787881828,-0.00642169832072488,0.642932643585834,0.216098927208523,0.00145487662516888,0.0301191786657313,0.367624044418335,0.201399847865105,-0.976552963256836,-0.80702942609787,0.0999999999999999
0.278,1.90160369907134e-05,-0.000206298502215221,0.033059960104568,0.00472004642646532,-0.00180033736457969,0.00058947494456163,-0.00140894006220183,-0.00677753634606559,-0.0064177943364179,0.971843865690503,-0.0137518442959019,0.00124649960320675,0.0301191786657313,0.547208726406097,0.229612872004509,-0.66741955280304,-1,0.0999999999999999
0.279,2.12268049622241e-05,-0.000211527600477015,0.0330526152830732,0.00567227126428351,-0.00183342270543615,0.000590648984452713,0.00581040537153495,-0.00376499300925982,-0.00823246448635601,0.769250625544103,-0.0402578717494566,0.000971713798691247,0.0301191786657313,0.0926905050873756,0.366507560014725,-0.458017975091934,-1,0.0999999999999999
0.28,2.85905509370294e-05,-0.000213514361798408,0.0330439145225431,0.00612773939213201,-0.00126419619364852,0.000593285348467365,0.00896874420240226,-0.000246629704821849,-0.00913028055697807,0.0619800702697884,1.09064173745345,0.00402701506652038,0.0301191786657313,0.419431865215302,0.522644519805908,-0.728865265846252,-1,0.0999999999999999
0.281,4.12496880828799e-05,-0.000211517930358238,0.0330337673556584,0.00591232687317321,-0.000508118150408362,0.000596052961761906,0.0163708560532126,0.00422381644134544,-0.0111078434927567,-0.454070791662821,0.320185404840781,0.00124030491096788,0.0301191786657313,-0.0712130665779114,0.82856810092926,-0.117040529847145,-1,0.0999999999999999
0.282,5.80099355061643e-05,-0.00020399701631829,0.0330204667565872,0.00562624291346995,0.000299644986887709,0.00059886498372741,0.0172370867441125,0.010832414519308,-0.0154238001412431,-0.086407732171397,1.18571579068062,0.00399344963272991,0.0301191786657313,-0.698665738105774,0.278612643480301,-0.56283974647522,-0.976862788200378,0.0999999999999999
0.283,7.53888862744454e-05,-0.000191616043566997,0.0330080489354607,0.00519908383157172,0.00168248822464008,0.00060359782884456,0.0176493615719829,0.0139737872837531,-0.00938103212759334,-0.717965112318456,1.3662694364315,0.00487957325012459,0.0301191786657313,-0.701139688491821,-0.0168660879135132,0.213879615068436,-1,0.0999999999999999
0.284,9.11042978637839e-05,-0.000176714605799141,0.0330003742059898,0.00413800005666481,0.00331974121878399,0.000609618786633792,0.0139400134507177,0.015924152076505,-0.00594713570293372,-1.24337635543064,1.64306400576715,0.00631264228927268,0.0301191786657313,-1,-0.0102377086877823,0.288192898035049,-1,0.0999999999999999
0.285,0.000102344773483078,-0.000159517341358579,0.0329969270270544,0.00307303673012634,0.00478282597949516,0.000615189554345807,0.00868234596035155,0.0185686503739353,-0.000948381602580673,-0.735098307970889,1.04299900668694,0.00401168221735526,0.0301191786657313,-1,-0.521831035614014,0.539195656776428,-1,0.0999999999999999
0.286,0.000107839658019673,-0.000141002124047522,0.0329993168749851,0.0023874589960737,0.00529674596464231,0.00061824828039958,0.00237762152879978,0.0185474761818099,0.00569455459069413,-0.556382388272056,-0.091914284297643,0.00182995292322939,0.0301191786657313,-1,-0.602747023105621,0.767379343509674,-0.227421715855598,0.0999999999999999
0.287,0.000106346360128407,-0.000124957905739141,0.0330053563607977,0.00133874977484949,0.00484391663461768,0.000621062302171183,-0.00537966045732733,0.0136576454913173,0.0063569865764106,-1.38470931663215,-0.730901378391756,0.00347424019016288,0.0301191786657313,-1,-0.51404082775116,0.655477702617645,-0.537707328796387,0.0999999999999999
0.288,9.72979269527364e-05,-0.000112206701724394,0.0330130378089349,0.000376715350301665,0.00396593219898904,0.000623405650809428,-0.0127683198911815,0.011942552266968,0.00896048389983785,-0.397567597650147,-0.884055542908476,0.00102227283541728,0.0301191786657313,-0.926439821720123,-0.548126101493835,0.33728438615799,0.496323823928833,0.0999999999999999
0.289,8.18296993081492e-05,-0.000104348472137334,0.0330207708129513,-0.000285177296670444,0.00298787368490276,0.00062494512743605,-0.0182436185056981,0.0038690239210482,0.006481498233146,-0.821946870349769,-0.929890937577347,0.00182982048610682,0.0301191786657313,-0.726416885852814,-0.661508440971375,-0.0815395414829254,0.0413529947400093,0.0999999999999999
0.29,6.25528629418462e-05,-0.000103305619354251,0.0330284057435289,-0.000713486802768725,0.00180300044475201,0.000626282803545486,-0.0204227017788469,-0.00173190873371214,0.00874603605897346,0.0384511344618638,-1.26798814374762,0.000801005702189003,0.0301191786657313,-0.200417339801788,-0.648356735706329,0.0237967446446419,0.663242638111115,0.0999999999999999
0.291,4.20459596127306e-05,-0.000109749376323825,0.0330341732062572,-0.000727106796633469,0.000435569700992668,0.000627162645453261,-0.0207258003323157,-0.0111330367698681,0.00278483109616871,-0.0462671360422044,-1.26482460984908,0.000857883062520814,0.0301191786657313,0.0124190896749496,-0.560737252235413,-0.0198254585266113,-0.0249021351337433,0.0999999999999999
0.292,2.16604409685871e-05,-0.000123197645018663,0.0330353089968935,-7.33045779115539e-05,-0.000610663230962003,0.000627932007802201,-0.0201606049222889,-0.0158328417364006,-0.000517479823774431,1.26568004917624,-0.685379939365166,0.000794833224543117,0.0301191786657313,0.995665907859802,-0.587523102760315,-1,0.172500297427177,0.0999999999999999
0.293,7.72670381435587e-06,-0.000142353522327598,0.0330325794201921,0.0012492397676261,-0.00249561473924476,0.000628516798715673,-0.00788109363273903,-0.02259883523063,-0.00491989369719101,1.18280599179062,-2.76646108784934,6.55681545172251e-05,0.0301191786657313,0.686333656311035,-0.0362409874796867,-1,-0.797181963920593,0.0999999999999999
0.294,4.55949284267644e-06,-0.000163877295727317,0.0330278712806149,0.00329717644711037,-0.00495238853016338,0.000630511341722872,0.00136446839490697,-0.0206335766848038,-0.00446686900474665,2.58627608859367,-1.70000888700989,0.00428751454833442,0.0301191786657313,0.648643255233765,0.475711494684219,-1,-0.483899533748627,0.0999999999999999
0.295,1.01547904439183e-05,-0.000183410679869311,0.0330212288333593,0.00580386556651473,-0.00526098579724715,0.000637761972256623,0.00979041288867693,-0.0186499205398466,-0.00877098790848819,2.01387406902608,1.14464673472175,0.0097985076943263,0.0301191786657313,1,0.770140051841736,-1,-1,0.0999999999999999
0.296,2.54660406616477e-05,-0.000198935662171729,0.0330100427862362,0.00741118669943351,-0.00330945078492681,0.000649352372052991,0.020955933038483,-0.0125625731688477,-0.0135392164824248,0.946236842798887,2.43100444374143,0.0119515938447323,0.0301191786657313,0.504326164722443,1,-1,-1,0.0999999999999999
0.297,5.09538023603967e-05,-0.00020798184786215,0.032995092419178,0.00761965713554316,-0.000718616278504321,0.000660985150585436,0.0302141360670029,-0.00558820742137843,-0.0162953047361486,-0.539603338244501,2.33627186039268,0.00992080954791552,0.0301191786657313,-0.142305552959442,0.936093926429749,-0.721109986305237,-1,0.0999999999999999
0.298,8.34341093551635e-05,-0.000210258865481513,0.032978937511296,0.00648273509045254,0.00149207781004396,0.000670417442264704,0.0349509795414983,0.00108762217958953,-0.0159528874515289,-1.51409404586225,1.75914767285014,0.0078760239935688,0.0301191786657313,-0.741446197032928,1,-0.0425033643841743,-1,0.0999999999999999
0.299,0.000117202759183662,-0.000205379810882734,0.0329629049693078,0.00517169997972685,0.00345909536379249,0.000678727214772579,0.0327966000355651,0.0087448227686441,-0.0160437562535403,-0.87969921339174,1.89573512410336,0.00742491654717984,0.0301191786657313,-1,0.229677930474281,0.482356429100037,-1,0.0999999999999999
0.3,0.000146940584236371,-0.000195019928092948,0.0329485719947452,0.00431159195715777,0.00545198047890125,0.000686365027893654,0.0268987899062723,0.0120423670258907,-0.0125676547494355,-0.708670866133347,1.79607473051888,0.00674602651718171,0.0301191786657313,-1,-0.229506582021713,0.221535176038742,-1,0.0999999999999999
0.301,0.000172168974993458,-0.000182604534874934,0.0329401431376978,0.00353628268528131,0.00631588055932039,0.000691259638147645,0.0236847843185836,0.0128639655948795,-0.00428415656562022,-0.729245880837032,-0.156923733415781,0.00261935389658046,0.0301191786657313,-1,0.135307624936104,1,-1,0.0999999999999999
0.302,0.000191916186724494,-0.000167958089281708,0.0329365204070237,0.0033752036670269,0.00598944951382496,0.000691626145275404,0.0158398518518709,0.0164674014439536,-0.0029469102721722,0.39805881560395,-0.382959962801262,-0.0016095592637989,0.0301191786657313,-1,-0.537461519241333,0.922361969947815,-0.560910701751709,0.0999999999999999
0.303,0.000204113499737809,-0.000153171091497059,0.0329351968733449,0.00314794766656512,0.00569058399174147,0.000692180397052766,0.00857596492492962,0.0131606313869209,0.000300130364023923,-0.845455132465757,-0.127550552511924,0.00281546857268445,0.0301191786657313,-1,-0.196787983179092,0.562509655952454,-0.640466570854187,0.0999999999999999
0.304,0.000210207760487791,-0.000140152042969488,0.0329374328943453,0.00228120582847202,0.00550656385643824,0.000694971536805866,0.00362292823807104,0.0129636036939542,0.00415444851860371,-0.761096035724857,-0.1905083913997,0.00245798164687357,0.0301191786657313,-1,-0.280177354812622,1,-1,0.0999999999999999
0.305,0.000209971582628811,-0.000126202368374904,0.0329435387367014,0.00206604170398477,0.00577717258280101,0.00069631292722816,-0.00405837383273825,0.0149756971962801,0.00802125574859283,0.332720391979138,0.678385003018741,0.000114421941522498,0.0301191786657313,-1,-0.770406365394592,0.710512757301331,0.0453474819660187,0.0999999999999999
0.306,0.000203037726831706,-0.000115046013418445,0.0329524908052377,0.00143724432772273,0.00635756349832719,0.000699477747397204,-0.00977367852829591,0.00741963071697863,0.0098430489752305,-1.4974450393685,0.356630847876947,0.00589223419778583,0.0301191786657313,-1,-0.451301902532578,0.835214614868164,-0.507349789142609,0.0999999999999999
0.307,0.00019002689061542,-0.000108389014311756,0.0329635303268678,0.000309979565322313,0.00642650336184789,0.000703916851634734,-0.0162546147325749,0.00598792427813474,0.0121814185124559,-0.566986535869532,-0.262594447975387,0.00235430688775233,0.0301191786657313,-1,-0.690642952919006,0.620887219905853,-0.409030199050903,0.0999999999999999
0.308,0.000171083571548565,-0.000104050879595379,0.0329778496420309,0.000179363515182152,0.00565592031563719,0.000704727968301455,-0.0217050670245318,0.00271945568771861,0.0163756502078089,0.315246889896601,-1.17881481380814,-0.000682331436966785,0.0301191786657313,-0.933494567871094,-0.861301720142365,0.679811656475067,-0.0932967066764832,0.0999999999999999
0.309,0.000146369838422875,-0.000104523328269869,0.0329952713224325,0.000399832636943158,0.00437320174392528,0.000704300096888488,-0.0278430910896819,-0.00365878514852415,0.0183802254782233,0.0863469781324344,-1.21045691169126,-6.29273439806436e-05,0.0301191786657313,-0.427922904491425,-0.581912696361542,0.418852955102921,-0.068740002810955,0.0999999999999999
0.31,0.000117512823949803,-0.00011060415093379,0.0330126766604226,0.000564677733099134,0.00286699450286683,0.000703999257260612,-0.0300244897856841,-0.00850299319856499,0.0163615664469942,0.227335527258507,-1.59402152971923,-0.000439631715910841,0.0301191786657313,-0.362388491630554,-0.36040535569191,-0.182822525501251,-0.226472780108452,0.0999999999999999
0.311,8.8079080745262e-05,-0.000120424617216487,0.0330293141723312,0.00114298584411699,0.00101227409151059,0.000703023977159045,-0.0290343308449729,-0.0111886989666865,0.0168390380387147,0.844695093914859,-1.84531484243272,-0.00121052310608302,0.0301191786657313,-0.0668746083974838,-0.868177533149719,-0.519370496273041,0.0376047119498253,0.0999999999999999
0.312,6.1078885523337e-05,-0.000135581383197011,0.0330470611560138,0.00134077524641038,-0.000869288487412734,0.000701921128970717,-0.0251650817511355,-0.0191397331689305,0.0185725596580601,-0.442411347997649,-1.63935889790268,-0.00100580983343304,0.0301191786657313,0.272091209888458,0.137846305966377,-0.850381314754486,-0.782026648521423,0.0999999999999999
0.313,3.95403391682154e-05,-0.000153013162607552,0.0330657622621662,0.00208655485206324,-0.00239857706071335,0.000701922582035941,-0.0180710177596141,-0.0158156157782592,0.0187542999067905,1.83746009002188,-1.19127111426537,0.00145999494557555,0.0301191786657313,1,-0.108969494700432,-0.996514081954956,0.256469398736954,0.0999999999999999
0.314,2.74534602377933e-05,-0.000171528773706853,0.0330800390754091,0.00335728110699059,-0.00367742975641108,0.000702381387783557,-0.00624713871039038,-0.0213234156479819,0.00976678033515508,0.520689594790593,-1.16221584377529,-0.00067963410137679,0.0301191786657313,0.837175130844116,0.476774215698242,-1,-0.771656155586243,0.0999999999999999
0.315,2.63969823085589e-05,-0.000190775860310651,0.0330872012871146,0.00443899889396564,-0.00421432636455955,0.000704167072905104,0.00407923074740744,-0.0172900003992408,0.00453927727524332,1.49080771087646,0.182398534000897,0.00429081793197559,0.0301191786657313,0.937260270118713,0.614071547985077,-1,-1,0.0999999999999999
0.316,3.59922371556146e-05,-0.000205211280386002,0.0330890658084242,0.00622204881397915,-0.00344065534310872,0.000710727050861504,0.0151425063517692,-0.0117507162216138,-0.000797899324884085,1.7811570180164,1.24180024979219,0.00799563832633578,0.0301191786657313,0.856116950511932,1,-0.90110582113266,-1,0.0999999999999999
0.317,5.6381368478562e-05,-0.000213322652760908,0.0330843520064449,0.00778089130950431,-0.00193061646346477,0.000719366645247188,0.0257410750656457,-0.00461837595030632,-0.00858357226020451,1.07261804710087,1.55137865669616,0.00815864530136554,0.0301191786657313,0.212043195962906,1,-0.698123157024384,-1,0.0999999999999999
0.318,8.51681903904392e-05,-0.000214594716909347,0.0330733302618147,0.00800827445868791,-2.16703837643977e-05,0.000728481621317112,0.0319988217073954,0.00203362025270088,-0.0134009916628883,-0.650820787884174,1.98660203578412,0.00913074793153937,0.0301191786657313,-0.522097229957581,1,-0.474093496799469,-1,0.0999999999999999
0.319,0.000117783752943645,-0.000209161974654733,0.0330592626088956,0.00668525511284981,0.00233321534395356,0.000739420765929033,0.0334536231061673,0.00891500507967977,-0.0146762971633293,-1.76146104965959,2.37018768411793,0.0113587244798571,0.0301191786657313,-1,0.777489602565765,0.139896795153618,-1,0.0999999999999999
0.32,0.000149094353191175,-0.00019717044874856,0.0330443928493483,0.00485863985467777,0.00500241425719187,0.000751878492573965,0.0294249882507875,0.0151945573419961,-0.0149975439465449,-1.58545751791465,2.5537818958792,0.0115665335502018,0.0301191786657313,-1,0.349471598863602,0.912590324878693,-1,0.0999999999999999
0.321,0.000174653162868207,-0.000179800117069576,0.0330283344091708,0.00362234221601239,0.00736628116468969,0.000761873509484534,0.0219326070566824,0.0196486181222479,-0.0170357975549074,-0.707180907876357,1.80421977454921,0.00686225661199897,0.0301191786657313,-1,-0.299253106117249,0.669598579406738,-0.968489706516266,0.0999999999999999
0.322,0.000194042544160188,-0.000159833116185323,0.0330131304036129,0.00299484488424121,0.00786232954614678,0.000765973796705399,0.0169405788974232,0.020366849737084,-0.0133178650244501,-0.483560180946028,-0.844688405037586,0.00114383729692524,0.0301191786657313,-1,-0.492287635803223,1,-0.89758038520813,0.0999999999999999
0.323,0.000207451541326133,-0.000139736640041047,0.0330011815932865,0.00249793435311994,0.00633563003930657,0.000766110590178393,0.00982131144734228,0.0199030989891246,-0.0105383943391405,-0.469514220947473,-1.88715744371338,-0.000500092635373366,0.0301191786657313,-1,-0.591432571411133,0.968740940093994,-0.70441460609436,0.0999999999999999
0.324,0.000213565460323296,-0.000120804450362641,0.0329919320639397,0.0018717460386815,0.00476695705954011,0.000766495119246535,0.00232936691081871,0.018046978586686,-0.00792879966038831,-0.714649152491742,-0.94488044434852,0.00134446804694603,0.0301191786657313,-1,-0.561842441558838,0.740130722522736,-0.602240145206451,0.0999999999999999
0.325,0.000212696895365757,-0.000103711224894599,0.0329856857804718,0.00116878887998038,0.00458840779135108,0.000768489711771014,-0.00405983012715302,0.0162287365002677,-0.00454697732007229,-0.604779267837058,0.61314887308774,0.00235353164366164,0.0301191786657313,-0.840732336044312,-0.915013432502747,0.91490638256073,0.0122462511062622,0.0999999999999999
0.326,0.000205426453887542,-9.12594879265683e-05,0.0329809837333659,-3.74072927723014e-05,0.00578446294634554,0.000772734523990071,-0.0103975572320858,0.00880294206706025,-0.00483002108200693,-1.61178684283276,1.53363844094804,0.00551167879392372,0.0301191786657313,-1,-0.770783305168152,0.203108161687851,-0.373624175786972,0.0999999999999999
0.327,0.000193783517629147,-8.42216047305559e-05,0.0329795695182654,-0.00108222036347664,0.00657242096917285,0.000776536380106663,-0.0128538372457415,0.0053682870274868,0.00198983605318682,-0.305912955098043,-0.128269380453558,0.00162410315557904,0.0301191786657313,-1,-0.474385529756546,0.931682765483856,0.19188304245472,0.0999999999999999
0.328,0.000177302728649813,-8.1306991177518e-05,0.0329799862640524,-0.000784099289273992,0.00615793285198888,0.000776188281512269,-0.0201493826426598,0.000461843367056332,-0.00115134617411437,0.83509599537077,-0.664438611244242,-0.00207817963880807,0.0301191786657313,-1,-1,0.854862213134766,0.735014915466309,0.0999999999999999
0.329,0.000153528294235309,-8.68022433022553e-05,0.0329774202702325,-0.000630326211107389,0.00530927881286524,0.000776369936923427,-0.0274848925659695,-0.0114374630749971,-0.00396628867743435,-0.537399347506263,-0.935698128506203,0.00233254619326095,0.0301191786657313,-0.602578222751617,-0.579994559288025,-0.109613046050072,0.124414473772049,0.0999999999999999
0.33,0.00012638148606708,-0.000100947429819155,0.0329744095702193,-0.000730120329065859,0.00329281113215445,0.000778002954068491,-0.0270039904250624,-0.0168631716594993,-0.00204948073964367,0.390049188850207,-2.78622633204674,0.00086629175330226,0.0301191786657313,-0.264954268932343,-0.494164407253265,-0.14690126478672,-0.45153671503067,0.0999999999999999
0.331,0.000100244643855122,-0.000118572373507105,0.0329739378501586,0.000662274521096982,0.000253116479050318,0.0007776803984747,-0.0255351877141705,-0.0185160264605706,0.00110241680610178,2.17643099749953,-2.79152193646037,-0.000851774799917576,0.0301191786657313,0.0620971024036407,-0.307178199291229,-0.651986718177795,-0.00178987719118595,0.0999999999999999
0.332,7.74691117771552e-05,-0.000139173560377346,0.0329751313295644,0.00273294581808736,-0.00215732928027962,0.000777083173114868,-0.0202376235476049,-0.0228614265693003,0.00128199959907055,1.63284554892832,-1.64186573586145,-6.40094472073126e-05,0.0301191786657313,0.906020641326904,0.0695421099662781,-0.871321976184845,-0.28655269742012,0.0999999999999999
0.333,6.28484200645405e-05,-0.00016250712828449,0.0329742500182519,0.00404278109177672,-0.0034622999162151,0.00077714854510047,-0.0091659219760166,-0.0239389524725297,-0.00301738614145488,0.807165431329443,-0.767166631326741,0.000298507271625326,0.0301191786657313,1,0.683470547199249,-1,-0.929247260093689,0.0999999999999999
0.334,5.97412554710783e-05,-0.000183286980476095,0.0329693929968549,0.00526589409771897,-0.00365857967548994,0.000779645896032299,0.00290219737608045,-0.017763043583753,-0.00666112299681536,1.46253650742588,0.40030317521923,0.00455033961994289,0.0301191786657313,0.958119451999664,0.735320627689362,-1,-1,0.0999999999999999
0.335,6.86251647607302e-05,-0.000197891773590406,0.0329611814142382,0.00664706451795774,-0.0027498757047763,0.000785646607067925,0.014904272431227,-0.011592575928989,-0.00971562393972998,1.08106144111534,1.26756423082936,0.00671145553499564,0.0301191786657313,0.199203968048096,0.551405549049377,-0.790279567241669,-1,0.0999999999999999
0.336,8.67612083882141e-05,-0.000207240688708641,0.0329523488384927,0.00693550304526183,-0.000663152109507611,0.000794505315146576,0.02152286309856,-0.00716146222574331,-0.00792287094155066,-0.527613679522685,2.55878930156661,0.0100077311636196,0.0301191786657313,0.288415461778641,1,-1,-1,0.0999999999999999
0.337,0.0001130594818232,-0.000210749100433063,0.0329443848153398,0.00620212950330044,0.00132002362981441,0.000802406528979116,0.0312367088656835,0.000166615427204132,-0.00798003224333447,-0.792246754511409,1.10990283654752,0.00483139945613922,0.0301191786657313,-0.516495108604431,0.822572529315948,0.178274065256119,-1,0.0999999999999999
0.338,0.000143251314411746,-0.000207330633396004,0.032935882667075,0.00547505890513694,0.00303644673702228,0.000809138693181222,0.0293336730761889,0.00670689192151382,-0.00898473300569778,-0.53610308285479,2.077498994962,0.00760334944496623,0.0301191786657313,-0.807489573955536,0.174869418144226,0.0500248111784458,-1,0.0999999999999999
0.339,0.00017161797399492,-0.000199285992205463,0.0329298409138472,0.00470899553603281,0.00501836674961359,0.000816937981553689,0.0276020329491254,0.00944079451552791,-0.00309392307047329,-0.872346647504005,1.59113192288644,0.00698815095821216,0.0301191786657313,-1,0.0577463507652283,0.5279900431633,-1,0.0999999999999999
0.34,0.000196650894314762,-0.000188646496068449,0.032929249726011,0.00389007767885715,0.00637436648441158,0.000823195393978349,0.0226287628346117,0.0119064889804636,0.00189814013274057,-0.641379451247619,0.93561638349294,0.00472331375446721,0.0301191786657313,-1,0.120735384523869,0.927007079124451,-1,0.0999999999999999
0.341,0.000215810502820679,-0.000175113565816114,0.03293221174621,0.00365470975091037,0.00702063817003453,0.000825850785840743,0.015805746439003,0.0151902263481381,0.00400637841842077,0.176197728083116,0.288954557425821,0.000395493130273063,0.0301191786657313,-1,0.146152779459953,1,-0.685251593589783,0.0999999999999999
0.342,0.000228106122987499,-0.000159126117598053,0.032935916498099,0.0038659352219027,0.0069952682083067,0.00082547198716254,0.00882241735958626,0.0168024189588532,0.00338887085361473,0.165383556733321,-0.30158111968039,-0.000774641960021021,0.0301191786657313,-1,-0.382781952619553,1,-1,0.0999999999999999
0.343,0.0002334826540052,-0.000142128749268757,0.0329416186314032,0.00364849361183681,0.00655651303299806,0.000825844923032726,0.00192363178610664,0.0172433590750729,0.00798189220583275,-0.601626634039694,-0.478749954610228,0.0017004677769134,0.0301191786657313,-1,-0.416469216346741,1,-0.79698657989502,0.0999999999999999
0.344,0.000231877915478501,-0.000125235848545554,0.0329512675164671,0.0025878393713614,0.00621870049939655,0.000829414462860001,-0.00513715965067624,0.0166517900763599,0.0112616931067462,-1.36245530851533,-0.138107804955917,0.00493728605404547,0.0301191786657313,-1,-0.301282584667206,0.86943644285202,-0.253954410552979,0.0999999999999999
0.345,0.000223528993652603,-0.000109940198500456,0.0329623497805095,0.000957329484708191,0.0061981177816489,0.000835395501831204,-0.0115552727660081,0.0140924357550476,0.0108565492578938,-1.63248864780289,0.0791772793466657,0.00607367864837287,0.0301191786657313,-1,-0.946809709072113,0.516355216503143,-0.206580936908722,0.0999999999999999
0.346,0.000209849205469267,-9.898913579345e-05,0.0329758426214343,-0.000785547080308231,0.00597646353533159,0.000841786601646799,-0.015844128726966,0.00795906003771592,0.0160653904780908,-1.55606951091521,-0.514358245353936,0.00580795588947723,0.0301191786657313,-1,-0.72657585144043,0.477163195610046,0.0675793066620827,0.0999999999999999
0.347,0.000191797038115109,-9.3969070718913e-05,0.0329929073519523,-0.00168795963793274,0.00524541711224674,0.000845682182175178,-0.0203320305040556,0.00217441318569684,0.0179823427315042,-0.100168667408619,-0.85567772988451,0.00158097442616315,0.0301191786657313,-1,-1,0.141747534275055,0.550957560539246,0.0999999999999999
0.348,0.000170019691210186,-9.70367002836621e-05,0.0330120111086189,-0.00161300934408555,0.00417315183244162,0.000846994011637126,-0.023327380480831,-0.00827061323824573,0.0201287039008999,0.241375523175398,-1.14301868360699,0.000962688733241022,0.0301191786657313,-0.613446056842804,-1,0.220731317996979,-0.133424937725067,0.0999999999999999
0.349,0.000145873682284245,-0.000108454077527026,0.0330336729979628,-0.000666393418331287,0.00298186040233599,0.000846538135451436,-0.0250916637002764,-0.0146275145162594,0.0230851485284687,1.49954220483347,-1.07935857126853,-0.00154417301923334,0.0301191786657313,-0.433410912752151,-0.690461337566376,-0.388918310403824,0.12051023542881,0.0999999999999999
0.35,0.000122054063409314,-0.000126390385103337,0.0330575195967164,0.000990094755641288,0.00158374144347507,0.000844791725528982,-0.0227008380582342,-0.0213693181580634,0.0244962680707011,1.55189017526231,-1.51735352040129,-0.00165871930515823,0.0301191786657313,0.5538649559021,-0.534938156604767,-0.465153157711029,-0.139226332306862,0.0999999999999999
0.351,0.000103527377440748,-0.00015017559277484,0.0330798913983284,0.0023631125262622,-0.000544689928909532,0.000842730581192441,-0.0145643720153813,-0.026323976763619,0.0201685921637584,1.003272838674,-2.39070635963215,-0.00228747901201392,0.0301191786657313,0.101976543664932,0.536590039730072,-0.609530210494995,-1,0.0999999999999999
0.352,9.16122842802176e-05,-0.000173248863650701,0.0330989922032487,0.00444958109000849,-0.00218214097390407,0.000842377294445029,-0.00940914472650348,-0.0200211644403515,0.0179631673415612,2.84041531503747,-0.61541677416815,0.00240202765755278,0.0301191786657313,0.735156416893005,0.433918386697769,-1,-0.684103965759277,0.0999999999999999
0.353,8.78050544654903e-05,-0.000191955675647579,0.0331141997307612,0.00679729068805462,-0.00249081316991321,0.000845046425392848,0.00172273972579734,-0.0175968176653855,0.0124139802558377,1.47639759751959,0.0415088929140983,0.00268238633814121,0.0301191786657313,0.503293037414551,1,-1,-1,0.0999999999999999
0.354,9.4381331039086e-05,-0.000205945632952703,0.0331237121048458,0.00774031684022409,-0.0019063690128762,0.000849179408996203,0.0114464451368714,-0.0105019729072987,0.00659240640085035,0.276346621051387,1.03181552018369,0.00518260580196339,0.0301191786657313,0.443496018648148,1,-0.906952738761902,-1,0.0999999999999999
0.355,0.000110430806101321,-0.000213014690392955,0.0331272005785076,0.00730416460826909,-0.000594190433135971,0.000854959281257894,0.0207411200042936,-0.0036454620164862,0.000384389213079127,-1.04408043621002,1.38957428784458,0.00574664333025804,0.0301191786657313,-0.159616231918335,1,-0.225406646728516,-1,0.0999999999999999
0.356,0.00013213848009041,-0.000213099602861743,0.0331242361617607,0.00603112480622523,0.00160982915542149,0.000863778202494725,0.0228614823810433,0.00354682377710762,-0.0062941555107602,-1.26651797325713,2.66620875329518,0.0104457968671708,0.0301191786657313,-0.421898007392883,0.913782358169556,-0.231956303119659,-1,0.0999999999999999
0.357,0.000155796953133633,-0.000206004976920199,0.0331157539065465,0.00511490970758876,0.00414241707462973,0.000873326486186432,0.0246662233687481,0.0106941120262472,-0.0106223673346557,-0.418522523504175,1.99596445263159,0.00706223118556633,0.0301191786657313,-1,0.547681450843811,0.121227845549583,-1,0.0999999999999999
0.358,0.000178928324754432,-0.00019273776046382,0.0331049462271514,0.00496201534905585,0.0058282600094942,0.000878846607309747,0.0217681423460808,0.015858818330688,-0.010942567085191,0.104502721212958,1.12737356661381,0.00325442187653407,0.0301191786657313,-1,0.184900224208832,0.448649048805237,-1,0.0999999999999999
0.359,0.000198552155009462,-0.000175337489980567,0.0330940764015218,0.00489407111313923,0.00639391299021922,0.00088115520829124,0.0175646221732266,0.0189794057281951,-0.0107487557296476,-0.272049413832312,-0.0495309102502673,0.00135068858599182,0.0301191786657313,-1,0.0747520849108696,0.596929252147675,-0.902709007263184,0.0999999999999999
0.36,0.000213662628790207,-0.000155301634477581,0.0330831164526493,0.00424111881365322,0.00595907140239985,0.000882819847590088,0.0126623816261646,0.0211775023829404,-0.0111249131316929,-0.964073217183905,-0.700508798286196,0.00205292024355045,0.0301191786657313,-1,0.0524425059556961,1,-0.907130837440491,0.0999999999999999
0.361,0.000222573803951711,-0.000132808257935052,0.0330707670199437,0.00318509981732623,0.0056536473301052,0.000885999624763656,0.00517867227324484,0.0239190465806016,-0.013516196961725,-1.01090537344116,0.166044229635104,0.00394771701602419,0.0301191786657313,-1,-0.281491428613663,1,-1,0.0999999999999999
0.362,0.000224053421880411,-0.00010797838190538,0.0330575247336568,0.00224079474803671,0.00625443092939124,0.000890415128879773,-0.0021450252620592,0.0258478778537093,-0.012912588849519,-0.767357420522248,0.923385954137212,0.00428473183607723,0.0301191786657313,-1,-0.879665732383728,0.726120471954346,-0.0728813111782074,0.0999999999999999
0.363,0.000219208051232138,-8.56993764058715e-05,0.0330448146305366,0.000472356496563394,0.0069292841992879,0.00089804153939621,-0.0074945771147305,0.0188959168126787,-0.012447794674124,-2.49299979040858,0.290096339731491,0.0100613362375178,0.0301191786657313,-1,-0.653520822525024,0.848925530910492,-0.348694711923599,0.0999999999999999
0.364,0.00020866643622981,-6.82312071730538e-05,0.0330325406594244,-0.0015364059254089,0.00680311359753274,0.000906335920812129,-0.0136054255285662,0.0162170980789376,-0.0120458120285434,-1.19998776410882,-0.544532092461985,0.00546509732261214,0.0301191786657313,-1,-1,0.405997693538666,0.531691908836365,0.0999999999999999
0.365,0.000193217854653804,-5.69231794101568e-05,0.0330204977462933,-0.00264266420125163,0.00557612435432351,0.000912194798397437,-0.0173924056155265,0.0065336514680035,-0.0119863703271057,-0.837375008398195,-1.71708069514742,0.00558636070741555,0.0301191786657313,-1,-0.726165652275085,0.813572108745575,0.127933949232101,0.0999999999999999
0.366,0.000172290222698167,-5.29283539489193e-05,0.0330078259985224,-0.00236200069533772,0.00423958862374884,0.000914122566032738,-0.0245731726867349,0.00146273829461199,-0.0133023918559466,1.32823440426722,-0.765451073608506,-0.00153595036775039,0.0301191786657313,-0.9109206199646,-1,0.137600615620613,0.787833452224731,0.0999999999999999
0.367,0.000146243734139602,-5.71243652634597e-05,0.0329945772980875,-0.00125766063289072,0.00352463017157042,0.000913014276554769,-0.0276168073043664,-0.00991513216751646,-0.0131430594710306,0.687842290516687,-0.599566214072563,-0.000359495651714751,0.0301191786657313,-0.551063418388367,-1,0.283313125371933,0.148863255977631,0.0999999999999999
0.368,0.000117540917827702,-7.09069566917015e-05,0.0329820654574434,-0.000631808226635216,0.0029328561797731,0.000912760406390323,-0.0298828272225011,-0.0176945635209953,-0.011834581304377,0.484148124865706,-0.548608451718387,-3.3295755996615e-05,0.0301191786657313,-0.00456041097640991,-0.310750067234039,-0.672083139419556,0.0279790610074997,0.0999999999999999
0.369,9.10078748670178e-05,-9.01195950190304e-05,0.0329704625469002,0.000333399472555521,0.00117191352723107,0.000912316400334401,-0.0233776793754103,-0.0208289821031517,-0.0113197770498234,1.31275232981707,-2.70623680965031,-0.0007798751401281,0.0301191786657313,-0.000932050868868828,-0.397782176733017,-0.448180466890335,-0.00899159908294678,0.0999999999999999
0.37,6.96631507946078e-05,-0.000112994872165549,0.0329592089079723,0.00159151890319049,-0.00145586806939016,0.000911585027628892,-0.0195467111139924,-0.0250420730052695,-0.0111374864585884,1.02872764352566,-2.11709194120638,-0.000467816635438069,0.0301191786657313,0.401241481304169,0.0593159273266792,-0.907475411891937,-0.613368332386017,0.0999999999999999
0.371,5.43008985215007e-05,-0.000137098912558512,0.0329489693818424,0.00306637259409735,-0.00316099790058435,0.000912095853368822,-0.0113376688919053,-0.0233203493281624,-0.00929203444359306,1.70648006678335,-1.01652323978132,0.00180584978709068,0.0301191786657313,1,0.430514097213745,-1,-0.707289934158325,0.0999999999999999
0.372,4.90207071658868e-05,-0.000158464323853805,0.0329382621205935,0.00492727385531514,-0.00377495030978545,0.000915006276130281,0.000680136489268707,-0.0195956620506607,-0.0120583684341549,1.72282669057356,-0.113733701986972,0.00381728005305267,0.0301191786657313,1,0.566149413585663,-1,-1,0.0999999999999999
0.373,5.5693011081675e-05,-0.000175222872713474,0.032925483294627,0.0063705567402042,-0.00334197959477948,0.000919894830624823,0.0126815280845483,-0.0140684786982638,-0.0134378505258976,0.936997554381247,0.913596348555934,0.00547004073445662,0.0301191786657313,0.29540491104126,1,-1,-1,0.0999999999999999
0.374,7.23655359590393e-05,-0.000185411184387852,0.0329123914495257,0.00691208087034186,-0.00160412847912919,0.000927731566889634,0.0207852251239168,-0.00639688602228595,-0.0126953468213743,0.0741492488740413,2.27531790270401,0.00925256513300175,0.0301191786657313,0.425513446331024,1,-1,-1,0.0999999999999999
0.375,9.80939713344155e-05,-0.000188019019353194,0.0328997781908467,0.00652163468918926,0.000403454531152697,0.000935758944802689,0.0308295733737847,0.00117624553080616,-0.0124859076553206,-0.771941597065029,1.43237339959559,0.0058710139014865,0.0301191786657313,-0.808322191238403,1,-0.218781784176826,-1,0.0999999999999999
0.376,0.000127961052668313,-0.000182947927834986,0.0328890129693307,0.00562724684222885,0.00264168230836761,0.000944443098970016,0.0291225486689177,0.00902380927135998,-0.00900541573242009,-0.862402561376239,2.69992982997843,0.0101473409923205,0.0301191786657313,-0.956976532936096,0.321568697690964,0.227545201778412,-1,0.0999999999999999
0.377,0.000154927652880386,-0.000171946403498879,0.032883052849429,0.00446334268755972,0.00550747807697045,0.000955665451273457,0.0250785605024654,0.0130669836449419,-0.00290802676358879,-1.27393805952738,2.56487228456072,0.0106952315643179,0.0301191786657313,-1,0.34606072306633,0.301750987768173,-1,0.0999999999999999
0.378,0.000178170331335461,-0.000156495935471545,0.0328830840324896,0.00348666445408684,0.00708992481045076,0.000963161653739331,0.0215778163035509,0.017915767593641,0.002950156898067,-0.538955578626697,0.372488002919519,0.00340197583263579,0.0301191786657313,-1,0.318982005119324,1,-1,0.0999999999999999
0.379,0.000195982571016134,-0.000136003859392105,0.0328868629102082,0.00347361895012798,0.00683160089056398,0.000963347672648496,0.0141215963752367,0.023077060503769,0.00457852806390759,0.454409014247023,-0.784291522079147,-0.00258492983629761,0.0301191786657313,-1,-0.684671640396118,1,-0.656762301921844,0.0999999999999999
0.38,0.000206368749959498,-0.000114562379943086,0.0328942400156359,0.00295612657690091,0.00585613850640083,0.000963865658001328,0.00662258577394706,0.0198944817282878,0.0101303970849072,-1.44320580361282,-0.954682815770165,0.00368639783114144,0.0301191786657313,-1,0.203563928604126,0.84035325050354,-0.353163570165634,0.0999999999999999
0.381,0.000209579979202846,-9.40887852067732e-05,0.0329037699247481,0.00151416389966538,0.00516467931305594,0.000967895914273598,-0.000218446163675281,0.0211907859058547,0.0088887862188762,-1.2245104026031,-0.291649150430346,0.00382125977212033,0.0301191786657313,-1,-0.684581995010376,0.745853781700134,-0.304254710674286,0.0999999999999999
0.382,0.00020620620163586,-7.4912279322959e-05,0.0329148674690828,1.60109026541634e-05,0.00528513395915143,0.000972721233289509,-0.00650801272890272,0.0173180555682365,0.0132454406558532,-1.53900887947797,0.499328461608133,0.00505340824949157,0.0301191786657313,-1,-1,0.725795209407806,0.462768912315369,0.0999999999999999
0.383,0.000196627820166533,-6.26286998769792e-05,0.0329287715444776,-0.0020388346836243,0.00594587773564719,0.000979275802410751,-0.0126097367908956,0.00743990745772751,0.0145064841822752,-2.21708356575437,0.674527029089045,0.0070586987886571,0.0301191786657313,-0.71190881729126,-0.773594319820404,1,0.345072746276855,0.0999999999999999
0.384,0.000181043960235243,-5.86405789425544e-05,0.0329416415399488,-0.00337673221843206,0.00633590455423332,0.000983805681617156,-0.0185481907859368,0.000654615828147351,0.0111908674614647,-0.225801559993813,-0.00519262564586193,0.00139648179983947,0.0301191786657313,-1,-1,0.429307997226715,0.684311807155609,0.0999999999999999
0.385,0.000160323982412909,-6.30903538780659e-05,0.032953387243953,-0.00290199765298135,0.00559218727211786,0.000984171816772683,-0.0229863326029326,-0.00959313335084771,0.0122436557014805,1.0966963627852,-1.39554932888643,-0.000528766601202405,0.0301191786657313,-1,-1,0.595637440681458,0.554660022258759,0.0999999999999999
0.386,0.000134264305189543,-7.76067862001557e-05,0.0329658979707222,-0.00141197166405406,0.00406811590182218,0.000982717598875915,-0.0292790281361438,-0.0195499166753529,0.0127100093853562,1.6402202070665,-1.43442996672135,-0.00193004314937342,0.0301191786657313,0.0506282448768616,-0.940908014774323,0.0444149225950241,0.215452373027802,0.0999999999999999
0.387,0.000106520792781494,-0.00010124605634614,0.0329779089232856,0.0002397563854575,0.00170233155025262,0.000981196661328898,-0.0264401868820199,-0.0278555070377458,0.0112601654230437,1.41716702701548,-2.92169248821116,-0.00109463872312086,0.0301191786657313,0.282286286354065,-0.100271642208099,-0.74219536781311,-0.380564332008362,0.0999999999999999
0.388,8.41163283706642e-05,-0.000129107140342845,0.0329893027802227,0.00230508981918139,-0.00177235577925197,0.000979648818145051,-0.0186652436099777,-0.0280657709062241,0.0114856086148571,2.3974560150728,-3.43625316700729,-0.00139790209947936,0.0301191786657313,0.578355669975281,0.0813822746276855,-1,-0.545508444309235,0.0999999999999999
0.389,7.04310486678802e-05,-0.000156712307912864,0.0330006343534074,0.00463197631600915,-0.00453943747839021,0.000979298037582232,-0.00893536530305251,-0.0273593496740756,0.0111418353235263,1.89847981826057,-1.62695539344726,0.00121194107727558,0.0301191786657313,1,0.663866639137268,-1,-0.815463781356812,0.0999999999999999
0.39,6.73352841463994e-05,-0.000181486162080041,0.0330092417943935,0.00631494652072052,-0.00485538728096796,0.000983707897686426,0.00269170436440741,-0.0223642409358958,0.00605301575631782,1.22054106651983,1.03928240646017,0.00746764928833738,0.0301191786657313,1,0.908889174461365,-1,-1,0.0999999999999999
0.391,7.59885665978837e-05,-0.000200325637352227,0.0330125134213568,0.00712775064769026,-0.00280880891905322,0.00099388340036155,0.0147293663291545,-0.0154329707057691,0.000489489811889242,0.306809839978628,2.68928571623016,0.0116072326308583,0.0301191786657313,0.636908233165741,1,-1,-1,0.0999999999999999
0.392,9.60979469270598e-05,-0.000212162958478212,0.0330110483226133,0.00697207724210785,-3.23734191688159e-05,0.0010053546034583,0.0256820265282087,-0.00828042754340221,-0.00341106216087669,-0.554689060024362,2.39880655245757,0.00979710634542471,0.0301191786657313,-0.0133393779397011,0.925930619239807,-0.925092577934265,-1,0.0999999999999999
0.393,0.000125518432315565,-0.000217086589396739,0.0330077504338827,0.00617998713344511,0.00189666062749652,0.0010135066358079,0.0333285207648678,-0.001542954506957,-0.00317938959295853,-0.868304348666232,1.18063494164275,0.0055535803295515,0.0301191786657313,-0.702191472053528,0.751408576965332,0.314962357282639,-1,0.0999999999999999
0.394,0.000156985998613125,-0.0002156531178328,0.0330035845282024,0.00539824778460413,0.00375345357702773,0.00102111816247596,0.0298098637359397,0.00444588515843306,-0.00512693855310113,-0.554632398225093,2.26543491348281,0.0084853150547786,0.0301191786657313,-1,0.45822936296463,0.128331691026688,-1,0.0999999999999999
0.395,0.00018520287536254,-0.000209028077802428,0.0329999805454214,0.00497909051690444,0.0058677682456867,0.00102883658205055,0.0268367466264224,0.00883054748286862,-0.00207339188401253,-0.223956018804024,1.64528072714805,0.00585613707326363,0.0301191786657313,-1,0.385405361652374,0.369531512260437,-1,0.0999999999999999
0.396,0.000210218150804668,-0.000198127159418857,0.0329989535668998,0.00492498012601007,0.0068078569364865,0.00103220681488692,0.0233253761501603,0.0129812482670371,1.74792954521382e-05,0.0965126225427483,0.131099457542453,0.000652611499043826,0.0301191786657313,-1,-0.14738342165947,0.660074412822723,-0.776730537414551,0.0999999999999999
0.397,0.000231063868337411,-0.000185382273831193,0.0330000530492901,0.00441924840080739,0.00644654910397096,0.00103378067089333,0.0183926813770775,0.0125705978024506,0.00217392787146795,-1.04499240963611,-0.730861111916973,0.00258389951716303,0.0301191786657313,-1,0.720086932182312,0.958676218986511,-1,0.0999999999999999
0.398,0.000246016211011527,-0.00016934419201399,0.0330004008347237,0.00409732196918309,0.00596360433887187,0.00103446011023456,0.0115294283490167,0.019543018966995,-0.00147262610986626,0.415369367537553,-0.10799422332663,-0.000937234672575423,0.0301191786657313,-1,-0.277079910039902,0.808501541614532,-0.707790911197662,0.0999999999999999
0.399,0.000254651903967332,-0.000150318328587678,0.0329997203750979,0.00388375452895159,0.00618310210905352,0.00103632320433045,0.00578268473754091,0.0185654141898907,0.000114237071877819,-0.8499652986521,0.527516094163897,0.00465767025137694,0.0301191786657313,-1,-0.100044906139374,0.672050416469574,-0.914261817932129,0.0999999999999999
0.4,0.00025809356756811,-0.000130814352632379,0.0330011666206317,0.00293574964363962,0.00674021267707166,0.00104138243095475,0.00116286156716331,0.0205391682323628,0.00276197186732385,-0.920665430187158,0.493244638049141,0.00484951004537392,0.0301191786657313,-1,-0.300221830606461,0.807366490364075,-0.714589357376099,0.0999999999999999
0.401,0.000256601490462885,-0.000110284555296362,0.0330047990443961,0.00192043703979868,0.00712300269431096,0.00104643462206067,-0.00410639966495295,0.0206315405152078,0.00448188320302498,-0.974033636935578,0.199005226596515,0.00466917868128809,0.0301191786657313,-1,-0.237553268671036,0.832015991210938,-0.595275938510895,0.0999999999999999
0.402,0.000249784537738596,-8.95139329283684e-05,0.0330094447318037,0.00118171373359277,0.00707308837555888,0.0010499638004422,-0.00953086824682821,0.021002701373656,0.00478799075591921,-0.420883455365542,-0.305230759535776,0.00209757734306099,0.0301191786657313,-1,-0.968781650066376,0.685314834117889,0.177067697048187,0.0999999999999999
0.403,0.000237904348403325,-7.2876664720328e-05,0.0330146131863756,-0.000177870766444345,0.0064432637589712,0.00105545889074143,-0.0142879373885684,0.0124171308510261,0.00552721150787628,-2.0844241557061,-0.865770020643907,0.00810159562627328,0.0301191786657313,-1,-0.602701246738434,0.639428198337555,0.240407675504684,0.0999999999999999
0.404,0.00022114627878905,-6.34257972803737e-05,0.0330192477966497,-0.00205400918066791,0.00554009024201816,0.00106288450686831,-0.0193064205244344,0.0066515427396141,0.00372981834548444,-1.34714944954987,-0.815678346808475,0.00567095074892896,0.0301191786657313,-1,-0.876251101493835,0.338033437728882,0.638014674186707,0.0999999999999999
0.405,0.000200028933353956,-6.15136047593206e-05,0.0330225666151117,-0.00301295122805899,0.00473832792837306,0.00106742455601427,-0.023013481841606,-0.00272520587432413,0.00289755575599934,-0.401980195708624,-0.69371298142554,0.00285910700060658,0.0301191786657313,-0.273038685321808,-1,0.336673498153687,0.934807538986206,0.0999999999999999
0.406,0.000177208715905148,-7.01885763134685e-05,0.0330221277956046,-0.00306307439130023,0.00366851419822958,0.00107007070669729,-0.0227480314026445,-0.0146028059917353,-0.00375396845591916,0.330946070326476,-1.30452945097747,0.00219984469636241,0.0301191786657313,-0.338810086250305,-0.915453910827637,-0.0459367297589779,0.200573161244392,0.0999999999999999
0.407,0.000155287027001722,-8.82969402585049e-05,0.0330185148964832,-0.001694661107922,0.00218475911491506,0.00107073599751573,-0.0212484515961706,-0.0217165806018252,-0.00346198769110398,2.18971604043768,-1.44281863369031,-0.000592874175715718,0.0301191786657313,0.113233543932438,-0.851039409637451,-0.547762036323547,0.47978687286377,0.0999999999999999
0.408,0.000137443455046777,-0.000114701216443403,0.0330142472157721,0.000479218936178126,0.000357835201892455,0.00107035513792075,-0.0146236827201788,-0.0312584589569126,-0.00505345706527053,1.82390205953582,-1.9164449960113,-0.000175878596292055,0.0301191786657313,0.574644923210144,-0.150518655776978,-0.709754645824432,-0.412730574607849,0.0999999999999999
0.409,0.000127721906858933,-0.000146183662999859,0.0330081375132353,0.00284557600283029,-0.00158713293413019,0.0010702622854919,-0.00499071194569469,-0.0319306218268859,-0.00712959878417342,2.54825542601397,-1.63769850027391,0.000349537188913068,0.0301191786657313,1,0.219922095537186,-1,-1,0.0999999999999999
0.41,0.000129516731054675,-0.000176001384831717,0.0330003474264013,0.00566689274076754,-0.00298651968842398,0.00107143194702797,0.00846198474463923,-0.0279641319091052,-0.00840322464094479,2.64768035343192,-0.898555840467895,0.00223177312487583,0.0301191786657313,0.275544047355652,0.884654939174652,-1,-1,0.0999999999999999
0.411,0.000142316916784726,-0.00020049090955685,0.0329916695087362,0.00792821127922249,-0.00241278838161323,0.00107827918952941,0.0171850652536488,-0.0212371403122057,-0.00890830131257179,1.51741138607118,1.96486037305611,0.0112375167159389,0.0301191786657313,0.581595242023468,1,-1,-1,0.0999999999999999
0.412,0.000165205436230385,-0.000218366325024067,0.0329812710996747,0.00837567351994573,8.60394470167251e-05,0.00109097371004152,0.0287665633846676,-0.0146062324215641,-0.0118417706129473,-0.651182677880207,2.62509650085355,0.0127955571546287,0.0301191786657313,-0.0627504736185074,1,-0.542858242988586,-1,0.0999999999999999
0.413,0.000196866438157297,-0.000229672138502957,0.0329686989236987,0.00691761127054418,0.00301097103404362,0.00110553094549726,0.0348058142150723,-0.0079467378071151,-0.0132553752502974,-1.95990050174427,2.760920213101,0.0144249881745168,0.0301191786657313,-0.78248006105423,1,-0.531279504299164,-1,0.0999999999999999
0.414,0.000233025366458345,-0.00023405560599067,0.0329571427999629,0.00517275341488689,0.00542681128454109,0.00111829313314571,0.0377403035328916,-0.000734226440158403,-0.00982350143259167,-1.19711960219739,1.71932971050242,0.00916581924806992,0.0301191786657313,-1,0.701589524745941,0.476509243249893,-1,0.0999999999999999
0.415,0.000268872315131672,-0.000231880227646924,0.0329476643429685,0.00469371587275419,0.00710090040627705,0.00112496849470833,0.0341554792078848,0.00510276851737374,-0.0090914490023969,0.317281893901015,1.40981373217034,0.00312496498912723,0.0301191786657313,-1,-0.299476325511932,0.760328710079193,-1,0.0999999999999999
0.416,0.000300811242371068,-0.0002270141534615,0.0329412730689198,0.00478740995847306,0.00815437382182758,0.00112808953342558,0.0298767026753372,0.00463481323992171,-0.00367459080053369,-0.158300695611357,0.584589971184677,0.0029807041324947,0.0301191786657313,-1,0.102037012577057,0.805839538574219,-1,0.0999999999999999
0.417,0.000328655704591402,-0.000221292092814954,0.0329389894518016,0.00476678038945499,0.00825372542596093,0.00112918628538905,0.025900643810251,0.00681173251036595,-0.00089664260244324,0.104686061166459,-0.327446237399791,-0.000579934445730394,0.0301191786657313,-1,0.0262813568115234,1,-1,0.0999999999999999
0.418,0.000352066333396017,-0.000213598527072996,0.0329391379747076,0.00486276225277049,0.00791081604361448,0.00112860450572416,0.0209555156072115,0.0085831297260621,0.00118967042735772,0.049973247992354,-0.234307129852433,-9.31458536991638e-05,0.0301191786657313,-1,-0.132369324564934,1,-1,0.0999999999999999
0.419,0.000370637327438249,-0.000204593773068785,0.0329418506315974,0.00466731859927215,0.00796755364197208,0.00113033832131704,0.0162364181778856,0.00945824360107478,0.00422065276947637,-0.426753240722956,0.385257847163663,0.00358928792998605,0.0301191786657313,-1,0.209371000528336,0.882084369659424,-0.766604065895081,0.0999999999999999
0.42,0.000384986863626272,-0.000194242663666918,0.0329460920468989,0.00421780377379952,0.0085302791444409,0.00113446621332569,0.0125486298947831,0.0112882038437949,0.00424422999348685,-0.41494147194654,0.671308297278849,0.00422912974758609,0.0301191786657313,-1,0.224371761083603,0.787240982055664,-1,0.0999999999999999
0.421,0.000396177943691304,-0.000181119069541332,0.0329513008056085,0.00413865481442673,0.00904689949469866,0.00113674154623622,0.0099041540914565,0.0149766223978513,0.00614274134078736,0.234941697997653,0.29657595394333,0.000251355233187689,0.0301191786657313,-1,-0.361453622579575,1,-0.649012923240662,0.0999999999999999
0.422,0.000404212655735722,-0.000167201143622527,0.0329583704626976,0.00372256316900447,0.00925537121328371,0.00114005055358657,0.00620317556202412,0.0129212015426033,0.00796331709836185,-1.02264677408852,0.103145501736821,0.00613632868729225,0.0301191786657313,-1,-0.395430386066437,1,-1,0.0999999999999999
0.423,0.000408643875157836,-0.00015408797935161,0.0329683991616,0.00265655639584954,0.00924094555337219,0.00114619016881123,0.00268130746377832,0.0134026987936109,0.0120331946716899,-0.944191852387412,-0.115784820544658,0.00535486887557007,0.0301191786657313,-1,-0.0558777153491974,0.834588170051575,-0.966213464736938,0.0999999999999999
0.424,0.000410056537136368,-0.000139251402345733,0.0329816749160041,0.00236981140676145,0.00893694964502905,0.00114799437480828,0.000132135395411609,0.0163145535966564,0.0144525808237335,0.383020018406723,-0.429727793582401,-0.00168071410052818,0.0301191786657313,-1,-0.348108112812042,1,-0.340109944343567,0.0999999999999999
0.425,0.000408300343184062,-0.000124325299647896,0.0329955853690514,0.00242344234279516,0.00869063542398179,0.00114814731127977,-0.00365813631952129,0.0135720230045471,0.0133102342122748,-0.322537467062008,-0.0213215213971007,0.00225357274282688,0.0301191786657313,-1,-0.478252530097961,1,-0.157810926437378,0.0999999999999999
0.426,0.000402711231248428,-0.000112993967352396,0.0330080018772534,0.00150092686047473,0.00888764211021071,0.00115352920151057,-0.00751537145032407,0.00918235278491141,0.0114722305388408,-1.37800222714443,0.364556815849757,0.0077479796837936,0.0301191786657313,-1,-0.302873909473419,1,-0.341487914323807,0.0999999999999999
0.427,0.000393275102639528,-0.000104619179604371,0.0330184684411548,0.000415053552606234,0.00925754404467565,0.00115984195437546,-0.0113420067183713,0.00766198219476036,0.00942303184393238,-0.616017285655639,0.283342038505201,0.00393196743291014,0.0301191786657313,-1,-0.484544426202774,0.831440269947052,-0.369235903024673,0.0999999999999999
0.428,0.000380546916782187,-9.80508244110274e-05,0.0330279264197698,0.000311008643500006,0.00914521573772421,0.00116111144330944,-0.0141433249964535,0.00550122297347755,0.00945199882991444,0.407789575691572,-0.517199646223045,-0.00137656527756015,0.0301191786657313,-1,-0.192991197109222,1,0.223598778247833,0.0999999999999999
0.429,0.000364261695596552,-9.45895879634965e-05,0.0330339875987145,0.000813503622445313,0.0085040142730224,0.00115923749401148,-0.018495199450766,0.00140365634843392,0.00265641914577076,0.495321178602712,-0.688370904163793,-0.00185857710181164,0.0301191786657313,-1,-0.569237411022186,0.828604996204376,-0.42286741733551,0.0999999999999999
0.43,0.000343982033027632,-9.44636224031995e-05,0.0330369415842911,0.0013426320124265,0.00774648556273255,0.00115718635037343,-0.0221493332913211,-0.00117962622605998,0.00323534321162854,0.46513028212092,-0.73849978697237,-0.00176140832518361,0.0301191786657313,-1,-1,0.331634700298309,-0.0427506268024445,0.0999999999999999
0.431,0.000321325506784815,-9.95796334035789e-05,0.0330420697120151,0.000880746581911365,0.00672976629038871,0.00115900139756908,-0.0232790073663062,-0.00901272099775811,0.00698796069119812,-1.28565404001383,-1.16212890782852,0.00492794661734916,0.0301191786657313,-1,-0.497923016548157,0.323538035154343,-0.638217329978943,0.0999999999999999
0.432,0.00029719843502694,-0.0001089336939187,0.0330512142730692,0.00020984947629365,0.00570747961838828,0.00116183987059193,-0.0250905704500858,-0.00966920628255933,0.0112465381700651,0.0865878619294924,-0.755372924894036,0.000397100392419423,0.0301191786657313,-0.894566833972931,-0.258872419595718,-0.186047732830048,-0.110520660877228,0.0999999999999999
0.433,0.000272824726811151,-0.000119885290569995,0.0330632661279959,0.000831413190264178,0.00482855076240701,0.00116062549018947,-0.0237723263023296,-0.0122914365836235,0.0127997153605029,1.06569791438996,-0.900690030552974,-0.00246952541178048,0.0301191786657313,-0.426059305667877,-0.838394999504089,-0.0349983386695385,-0.314643651247025,0.0999999999999999
0.434,0.000250469696170573,-0.000134885112784864,0.0330771787898459,0.00169606838662199,0.00383833459848399,0.00115859286288744,-0.0210625769146009,-0.0177766940409691,0.0149568973103141,0.544194071202764,-0.95363036822489,-0.00127268931644002,0.0301191786657313,-0.553240120410919,0.144677430391312,-0.646210074424744,-0.531934261322021,0.0999999999999999
0.435,0.000231979917472289,-0.000151849113523668,0.0330929824624214,0.00286352538322746,0.00272045395421954,0.00115595352385478,-0.0160441040041845,-0.0162700895743174,0.0165808896180551,1.61508438365017,-1.12211389912782,-0.00340664060002419,0.0301191786657313,-0.0118584781885147,-0.208296209573746,-0.476276159286499,-0.57391095161438,0.0999999999999999
0.436,0.000219357288564456,-0.000168653874113554,0.0331091714170379,0.00417336842430197,0.00159936491320646,0.00115293874562994,-0.0093287022435403,-0.0174564853191008,0.0157335050947764,0.809986091503982,-0.946974770515857,-0.00211536008479648,0.0301191786657313,-0.25067600607872,0.609624147415161,-0.79549765586853,-0.906656563282013,0.0999999999999999
0.437,0.000213419235914358,-0.000183361545713141,0.0331246074691968,0.00528714335948001,0.00102963030611423,0.00115153104985311,-0.00261626401456907,-0.0120790781466248,0.0150784581939502,1.24927418711307,-0.105531288989436,-0.000253327823773278,0.0301191786657313,0.126254692673683,0.525764763355255,-0.549685418605804,-0.972963333129883,0.0999999999999999
0.438,0.000214521734985273,-0.000193043778715013,0.0331377163313551,0.00628746500483604,0.00131490659462096,0.00115263621640427,0.0048241629651153,-0.00738373459625294,0.0110941524922261,0.593256223716782,0.623940665221995,0.00247857133594996,0.0301191786657313,-0.222938060760498,0.764568030834198,-0.315776705741882,-1,0.0999999999999999
0.439,0.00022135648775138,-0.000197399413538299,0.0331464436422565,0.00653769885069031,0.00259076285395536,0.00115771833127898,0.00893109811800021,-0.00137166689157795,0.00633691975039302,-0.12460252887464,1.70698094345561,0.00704544104188934,0.0301191786657313,-0.46448165178299,0.565512835979462,-0.310347139835358,-1,0.0999999999999999
0.44,0.00023188405651296,-0.00019638953442569,0.0331516799634476,0.00590949066109979,0.00439040627959787,0.00116597097676996,0.0122560400793614,0.00342252408857791,0.00411659019982127,-1.01515562369883,1.5877223488851,0.00834167773818487,0.0301191786657313,-0.736353397369385,0.573966324329376,-0.0324525162577629,-1,0.0999999999999999
0.441,0.000244413185793174,-0.00019037067076013,0.0331546262710271,0.00484993010295522,0.00575418972703897,0.00117375158019906,0.0129154709291209,0.00867943184666098,0.00176979564446675,-0.924976380575069,0.924832226256175,0.00613881161140822,0.0301191786657313,-1,0.209611892700195,0.0815689861774445,-1,0.0999999999999999
0.442,0.000256725793617881,-0.000179998845601773,0.0331568069029438,0.00401477286954013,0.00630103383592818,0.00117865543343365,0.0117760414966059,0.0121282301914475,0.00257801496581074,-0.619390544507204,0.103344091479341,0.00313832472816809,0.0301191786657313,-1,0.258972942829132,1,-1,0.0999999999999999
0.443,0.000265158837628258,-0.00016578689904069,0.0331568204700316,0.00382043533416527,0.00680129859285057,0.00118114383110601,0.00516874259111171,0.0163209091297868,-0.00252875145480262,0.226533406235134,0.823315536606268,0.00164746477107386,0.0301191786657313,-1,-0.0845318138599396,0.791137874126434,-0.385673105716705,0.0999999999999999
0.444,0.000267805687682666,-0.000150292200037818,0.0331514945627073,0.00348332174447119,0.00750641967232678,0.00118472913387802,0.000185962859772951,0.0147260218993122,-0.00808834758859539,-0.876447783924801,0.463667944268708,0.00525814011444932,0.0301191786657313,-1,-0.724191904067993,0.462577760219574,-0.991415619850159,0.0999999999999999
0.445,0.00026666116048321,-0.00013627858392332,0.0331455881732938,0.00224848579314876,0.00725770479411943,0.00119025554318597,-0.00248569700964934,0.0134159114059909,-0.00371326114871975,-1.39965648861075,-0.913499800180731,0.00521967567968183,0.0301191786657313,-1,-0.234465092420578,0.883071184158325,-0.718240976333618,0.0999999999999999
0.446,0.000261350041597679,-0.00012254535892667,0.0331404596496245,0.0013045900672568,0.00636713564719177,0.00119376444923391,-0.00818755969487686,0.0141386182507305,-0.00651481656896075,-0.353913460653626,-0.718161461082257,0.00150521245218592,0.0301191786657313,-1,-0.999144017696381,0.701686263084412,-0.551300287246704,0.0999999999999999
0.447,0.000250730941239487,-0.000110811574448064,0.0331349902764735,0.000778167793722137,0.00586147802547556,0.00119598351823358,-0.0130882807053148,0.00940626197638113,-0.00440855338253832,-0.630799313248544,-0.229367177197645,0.00270765564106265,0.0301191786657313,-1,-0.8120077252388,0.617863178253174,-0.388024181127548,0.0999999999999999
0.448,0.000235311819750008,-0.000103557787058943,0.0331308494379951,0.000241075154965615,0.0058555393443477,0.00119846395463252,-0.0177650387361125,0.00516862969068596,-0.00385677499293921,-0.363988584587676,0.177310770625905,0.00196966780247626,0.0301191786657313,-0.788539111614227,-1,0.490934312343597,0.249395370483398,0.0999999999999999
0.449,0.000216167764958233,-0.000102992334835074,0.0331255954231452,-0.000558491156521761,0.0057833336856723,0.00120183328540158,-0.0205644771310819,-0.00397031404670073,-0.00662289858783134,-1.08792265122847,-0.356791631480389,0.00433423409286136,0.0301191786657313,-1,-0.969443559646606,0.0526311174035072,-0.0234980136156082,0.0999999999999999
0.45,0.000194755299470699,-0.000110466796545953,0.0331204400091623,-0.00128216373913113,0.00495390511079608,0.00120528923363983,-0.0223557324206213,-0.010925415691193,-0.00367561218035501,-0.210446812556075,-1.20074401386339,0.00220167093545552,0.0301191786657313,-1,-0.913550198078156,0.0293307565152645,0.177399784326553,0.0999999999999999
0.451,0.000171265711511263,-0.000125336611615278,0.0331175433822371,-0.00097475617351618,0.00367058866801206,0.00120626953092495,-0.0247543176989344,-0.0188517217651203,-0.00211265260713737,0.804037850583117,-1.18851129386665,-0.000189798511346068,0.0301191786657313,-0.0257381796836853,-0.79111510515213,0.0904889404773712,-0.154347777366638,0.0999999999999999
0.452,0.000147844707055145,-0.000146933540443,0.0331136037818772,0.000534549916910155,0.0020922987227467,0.00120497127340125,-0.0222489387413461,-0.0244755174604729,-0.0057450484246078,1.98828282548415,-1.73538877383793,-0.00198984088005316,0.0301191786657313,0.0593903064727783,-0.587988615036011,-0.323532938957214,-0.0641258805990219,0.0999999999999999
0.453,0.000128013690633433,-0.000174312525094258,0.0331061810465864,0.00253253746998441,0.00025696326370217,0.00120290864228689,-0.0175916913525849,-0.0304537860422794,-0.0090596528838924,1.71033374292748,-1.64844549193072,-0.0017307529114851,0.0301191786657313,0.338690549135208,0.0629167854785919,-0.397298961877823,-0.676403403282166,0.0999999999999999
0.454,0.000113493101497037,-0.000204246178715977,0.0330948497185448,0.00460638464990043,-0.0010205653610939,0.00120187637682045,-0.0115759597542239,-0.0296155427836377,-0.0135412036213286,2.13038381613743,-0.71020803236482,0.000196045712431202,0.0301191786657313,0.693700194358826,0.189695835113525,-0.932848572731018,-1,0.0999999999999999
0.455,0.000107542691187657,-0.000232532691106509,0.03308040844344,0.00657900423573326,-0.00174755345580616,0.00120191604490261,-0.000428580597981025,-0.0271577322022669,-0.0152655659754735,1.52499857596136,-0.624920441515158,6.9948348476945e-06,0.0301191786657313,0.198518037796021,0.798966825008392,-0.901644706726074,-1,0.0999999999999999
0.456,0.000110938660887812,-0.000256978552231684,0.0330640640776697,0.00779018250527393,-0.00160394997584239,0.00120457684243114,0.00722612959821404,-0.0218762749186535,-0.0173455601348058,0.735995037007455,0.891950591956064,0.00525381760614363,0.0301191786657313,0.181437194347382,1,-0.99422961473465,-1,0.0999999999999999
0.457,0.000122400971948542,-0.000275835461057429,0.033045593573457,0.00807408084124753,-0.000303046695301578,0.0012113087401544,0.0157794019291825,-0.0159185781352674,-0.0195106454266561,-0.169749456768495,1.49697694791368,0.0073993107503555,0.0301191786657313,-0.0498044639825821,1,-1,-1,0.0999999999999999
0.458,0.000142074692714639,-0.000288860621529733,0.033025949729115,0.00757956096617316,0.00113971353842502,0.00121850346998675,0.0236962850531,-0.0101347837872288,-0.0196971845500152,-0.693603902029208,1.17168031910023,0.0061095353923719,0.0301191786657313,-0.387317568063736,1,-0.819535970687866,-1,0.0999999999999999
0.459,0.000168435588273317,-0.000296056978792256,0.0330068776458948,0.0069739475588438,0.00219222377544552,0.0012240540602364,0.0291373069101584,-0.00424914791198644,-0.0183727264457816,-0.388780090680155,0.807108490210912,0.00436244733609027,0.0301191786657313,-1,0.627039611339569,-0.149848461151123,-1,0.0999999999999999
0.46,0.00019656026255925,-0.000298485174007869,0.0329903931492129,0.00662495865868725,0.00372013094760851,0.0012310547659693,0.0272800650581971,-0.000600079717501842,-0.0145348682480572,-0.239256040648549,2.03267321906938,0.00866741156406334,0.0301191786657313,-0.857453405857086,0.573638439178467,0.147577255964279,-1,0.0999999999999999
0.461,0.000222881791820227,-0.000297363313023805,0.0329767357880543,0.00654009134814972,0.00582202577462278,0.0012395949358246,0.0255662573751603,0.00284054980196376,-0.0127234133127161,0.080882450322824,1.84794586541696,0.00716542330920245,0.0301191786657313,-1,0.250793874263763,0.127103194594383,-1,0.0999999999999999
0.462,0.00024766372169896,-0.000293821799679071,0.0329665827276495,0.00645319878764812,0.0069900500254508,0.00124491415617012,0.0241338229702497,0.00425263094962472,-0.00754745816899569,-0.247118482096328,0.336391908301178,0.0029519273266155,0.0301191786657313,-1,0.424264073371887,0.735553205013275,-1,0.0999999999999999
0.463,0.000269363127751441,-0.000288221299436654,0.0329593213546967,0.00627489136396966,0.00703271548098605,0.00124657543207007,0.0193351365640995,0.00696080501897536,-0.00694571816742678,-0.0918026295395282,-0.200924600348019,0.000484487744689889,0.0301191786657313,-1,0.742010176181793,0.940489590167999,-1,0.0999999999999999
0.464,0.000285718983585935,-0.000278834152622333,0.0329511528957241,0.00655445568969544,0.00693711067793294,0.00124600403008834,0.0134130541493558,0.011808659046055,-0.00935150071539101,0.572477963979013,0.0696101505025037,-0.00110626249380711,0.0301191786657313,-1,-0.105689406394958,0.47488084435463,-1,0.0999999999999999
0.465,0.000297767816227367,-0.00026732237229782,0.0329447253262408,0.00639932715608112,0.00678399290429224,0.00124684904976435,0.0107042117599074,0.0112510091030705,-0.00348169809835114,-0.881975680609481,-0.315871026248202,0.00299308600175195,0.0301191786657313,-1,0.737136125564575,0.796834290027618,-1,0.0999999999999999
0.466,0.0003060660509915,-0.000253483257683386,0.0329406495238544,0.00579901424874436,0.00676801003917678,0.00124980957125675,0.00592054545001655,0.0164850365900872,-0.00465101680948459,-0.24431564231775,0.306727662676218,0.00269725621755568,0.0301191786657313,-1,-0.132285088300705,0.851061463356018,-0.791246950626373,0.0999999999999999
0.467,0.000309522690721317,-0.000237652509316486,0.0329372974350805,0.00496827349736032,0.0073578743439716,0.00125560062232744,0.00106036663800972,0.0152715497084797,-0.00204750233103314,-1.29794395041854,0.769264355772851,0.00813829156054719,0.0301191786657313,-1,-0.205408826470375,0.746892213821411,-1,0.0999999999999999
0.468,0.000308617964017673,-0.00022228468290607,0.0329378096618338,0.00369178253670415,0.00794487113630179,0.00126320237445832,-0.0028192594563059,0.0155812866908431,0.00305315422279132,-1.05771989087448,0.295040295206676,0.00601859371950613,0.0301191786657313,-1,-0.242327108979225,0.728070437908173,-1,0.0999999999999999
0.469,0.000303957628696101,-0.000206402767652975,0.0329435649937457,0.00311663416229328,0.00781283126400707,0.00126632036111562,-0.0065100127631083,0.0162538664568482,0.00841559723729482,-0.0288133268279579,-0.543192713122437,2.46896193401666e-05,0.0301191786657313,-1,-0.713392972946167,0.763286828994751,-0.779189169406891,0.0999999999999999
0.47,0.000295393524429878,-0.000191888733026618,0.0329552121932474,0.00296443941118961,0.00704525371988591,0.00126647718103357,-0.0106862219529907,0.0128195448652383,0.0148212437737139,-0.28379379079891,-0.869387232380421,0.000513714215078094,0.0301191786657313,-1,-0.284922301769257,0.458579808473587,-0.588790595531464,0.0999999999999999
0.471,0.000283347850695903,-0.000179927069974617,0.03297207273989,0.0028036262334732,0.00606656458138412,0.00126636365110366,-0.0134875481644836,0.0111474704402547,0.018809856920271,-0.0393188321577772,-0.935286699645356,-0.000474042472659265,0.0301191786657313,-1,-0.287413865327835,0.716693818569183,-0.558939576148987,0.0999999999999999
0.472,0.000267415004663293,-0.000169634641128847,0.032991793012539,0.00282151270786038,0.00566929182768173,0.00126652809198413,-0.0184337083880254,0.00946164467059302,0.0205409249624703,0.0453804884867246,0.17350399026852,0.000952743862955189,0.0301191786657313,-1,-0.417312264442444,0.47232311964035,-0.256961464881897,0.0999999999999999
0.473,0.000247176946090926,-0.00016233513545235,0.0330131582579784,0.00246105129745886,0.00605095275889261,0.00126907907745943,-0.022058078156459,0.00518266540942833,0.0220955667832317,-0.716782238122155,0.467003253076907,0.00382801019653111,0.0301191786657313,-0.906310379505157,-0.367262452840805,0.60120701789856,-0.201932951807976,0.0999999999999999
0.474,0.000223137688259992,-0.000159167330119696,0.0330347638210053,0.00161310395872124,0.00637305365312886,0.00127318389676789,-0.0260414607757474,0.00122670083758467,0.0210255179035434,-0.829917916696939,0.0583140524785066,0.00377428816889651,0.0301191786657313,-0.768403291702271,-0.132235884666443,0.7796630859375,-0.126632794737816,0.0999999999999999
0.475,0.000194841633654675,-0.00015926275990966,0.0330530660999955,0.00123065604853369,0.0060677794157692,0.00127513235455856,-0.0306283478425783,-0.00138931856424589,0.0155023417987786,0.135922871265681,-0.684040258577797,-8.04781053722243e-05,0.0301191786657313,-0.257593631744385,-0.377476096153259,0.248677611351013,-0.182352244853973,0.0999999999999999
0.476,0.00016493717745563,-0.00016257137342725,0.0330665462031776,0.00167420287307675,0.00418812976724679,0.00127323688355707,-0.0293764459189798,-0.00524992924642388,0.0114131024172697,0.674861600075697,-2.7946178456933,-0.00326748722733118,0.0301191786657313,-1,-0.498611956834793,0.0115703046321869,0.00189062207937241,0.0999999999999999
0.477,0.00013401584646646,-0.000170869736409575,0.0330786672324512,0.00209979702366831,0.00173011683834739,0.00127076030480699,-0.0326826445497998,-0.0113700436323771,0.0127665185546579,0.120470132121143,-1.75029111793865,-0.00128886972865258,0.0301191786657313,0.0248678140342236,0.0977156609296799,-0.02326700091362,-0.142792493104935,0.0999999999999999
0.478,0.000102510146930093,-0.000183037537724838,0.0330874410450063,0.00258627476830054,0.000238184690815694,0.00126954882854413,-0.0305000345270258,-0.013020071125036,0.00476180735328904,0.792115784803359,-1.04014270766243,-0.000738900084186155,0.0301191786657313,0.385915726423264,0.161077663302422,-0.889627516269684,-0.523902595043182,0.0999999999999999
0.479,7.6613719238013e-05,-0.000195693756373443,0.0330907128913632,0.00384680815846073,-0.00120972295309455,0.00126819811182921,-0.0214709839954553,-0.0124052507284802,0.00178380657076046,1.52582983591564,-1.65297724831144,-0.00163419383015382,0.0301191786657313,0.665897727012634,0.169797077775002,-1,-0.680286765098572,0.0999999999999999
0.48,6.05171452360126e-05,-0.000207569685154387,0.0330909367271001,0.00530973495736795,-0.00293541564327417,0.001266327236777,-0.0109049944071555,-0.0114719627518681,-0.00131806598848715,1.16137733058684,-1.5219219955643,-0.00172040368873986,0.0301191786657313,0.633772194385529,0.333995074033737,-0.988507032394409,-0.954889178276062,0.0999999999999999
0.481,5.4458014121991e-05,-0.000217456612215576,0.0330885386887297,0.0061985636673652,-0.00374028174106965,0.00126633508830265,-0.00130095022387399,-0.00838876094972655,-0.00345760088248562,0.478879742068023,0.041490675390485,0.00196436336153244,0.0301191786657313,0.444312214851379,1,-0.73912501335144,-0.917280912399292,0.0999999999999999
0.482,5.65568374515181e-05,-0.000222468811705093,0.0330817052654402,0.00669938538692633,-0.00248696981208558,0.00127256573654444,0.00557302831102872,-0.00169385016798489,-0.0101674784337269,0.442460520522081,2.23292861038746,0.00963752424449517,0.0301191786657313,0.859445750713348,0.773129403591156,-1,-1,0.0999999999999999
0.483,6.80564193287574e-05,-0.000221331521631958,0.0330687348111799,0.00680788193653077,-0.000606780888926853,0.00128057027531314,0.0175364818805805,0.003944776785911,-0.0157061116100568,-0.246367997509319,1.21374859579324,0.00529462060789543,0.0301191786657313,0.0258299708366394,0.843101263046265,-0.63962858915329,-1,0.0999999999999999
0.484,8.81561093338289e-05,-0.00021430704271942,0.033051690305109,0.00632703938057639,0.000632350271395285,0.00128593557072421,0.0227678494532098,0.0101271456377876,-0.0183038237628946,-0.643555535055653,1.08789549177907,0.00484730522820275,0.0301191786657313,-0.829745650291443,0.659779787063599,-0.200848981738091,-1,0.0999999999999999
0.485,0.000109781322726143,-0.000201520895768032,0.0330341784173312,0.00552669921507244,0.0024170714577684,0.0012931980353752,0.0206514761490788,0.0155153841536789,-0.0166484100032973,-0.841791940134962,2.20401984804011,0.00863594288587881,0.0301191786657313,-0.979407072067261,-0.0801419019699097,0.157341048121452,-1,0.0999999999999999
0.486,0.000128235839812143,-0.000185404765118805,0.0330201901547839,0.00420909955917333,0.00480991167162415,0.00130320912505377,0.0164725046398907,0.016834382409649,-0.0112836369951178,-1.58751656152967,2.18514397365896,0.0100753957919738,0.0301191786657313,-1,0.284598350524902,0.587769865989685,-0.764878392219543,0.0999999999999999
0.487,0.00014162362253513,-0.000167148391374762,0.0330085838327736,0.00295053291985941,0.00650107466490698,0.00131129778280936,0.0104657961807976,0.0197907400260183,-0.0118728658415765,-0.746741176857508,0.922861868675524,0.00501484140741672,0.0301191786657313,-1,-0.316680610179901,0.768235325813293,-0.740330219268799,0.0999999999999999
0.488,0.000148738477696047,-0.000147602786615223,0.0329977873427232,0.00233313811844564,0.00652823167331203,0.00131451502026669,0.00383812831225526,0.0193865880182066,-0.00969120826327309,-0.426711533197235,-0.839064797538868,0.00133512400156378,0.0301191786657313,-1,-0.324690878391266,0.828182101249695,-0.807780623435974,0.0999999999999999
0.489,0.000148982748266737,-0.000128048523557055,0.0329893518368339,0.00220418199895092,0.0051775016969812,0.00131421767716944,-0.00341962129400349,0.0197715334425792,-0.00715406142394466,0.140650437078779,-1.60740920815879,-0.00145102334355875,0.0301191786657313,-1,-0.293142974376678,0.713748395442963,-0.0773964077234268,0.0999999999999999
0.49,0.000142002371962289,-0.000110196994558007,0.0329814619482163,0.00187519635426565,0.00376154112509892,0.00131418419744023,-0.0106435706564383,0.015996299985285,-0.00859223429844629,-0.782748930083205,-0.978792255754871,0.00149124985329963,0.0301191786657313,-1,-0.444285094738007,1,-0.304923057556152,0.0999999999999999
0.491,0.000126607580528599,-9.56478876117855e-05,0.032972545699851,0.000896916596430411,0.00376071674856392,0.0013169002513127,-0.0201458074243148,0.0132082609468085,-0.009199644999955,-1.02809234756476,0.929594511816172,0.00344761485531288,0.0301191786657313,-0.581066250801086,-0.83131331205368,0.283718407154083,0.220871105790138,0.0999999999999999
0.492,0.000105296567325744,-8.64962951353113e-05,0.0329635695012941,-0.00067498749618975,0.00421542839846675,0.00132143496345405,-0.0224862597500386,0.00523924037985547,-0.00871050230938988,-1.84424346120374,-0.156989629475819,0.00519460300791577,0.0301191786657313,-0.849199295043945,-0.642050087451935,0.17248822748661,-0.317041218280792,0.0999999999999999
0.493,8.10129561447082e-05,-8.26380545686291e-05,0.0329575334861185,-0.00154863724221834,0.00352194259619174,0.00132481226986325,-0.026172487129987,0.00255054472072671,-0.00334902860926013,0.244791248247565,-1.16009082611357,0.00140233457951192,0.0301191786657313,-0.469360709190369,-1,0.305500835180283,0.678916931152344,0.0999999999999999
0.494,5.34487405115184e-05,-8.57064370197909e-05,0.0329532346332587,-0.00144185220780118,0.00196544976659233,0.00132676827902189,-0.029111759573271,-0.00866841286328187,-0.00522809503379814,-0.042468742743798,-1.73238135583339,0.002303540873522,0.0301191786657313,-0.686765432357788,-1,-0.301845848560333,0.458184629678726,0.0999999999999999
0.495,2.36673051485081e-05,-9.93464602871749e-05,0.0329504143463618,-0.00139269121209261,0.000180862790657482,0.00132905053994437,-0.0306331096156103,-0.0186354800715914,-0.000408498824380947,0.165951333746254,-1.58184150355709,0.00208118446925593,0.0301191786657313,0.153166919946671,-0.242995798587799,-0.571751356124878,0.218584999442101,0.0999999999999999
0.496,-4.64156123328317e-06,-0.000119926444469291,0.0329489963322041,-0.000204615312484127,-0.00174950925034029,0.00133159387764659,-0.0261857857161607,-0.0226415224876506,-0.00241609569348423,2.03614734797018,-1.98984750242098,0.00306926151912998,0.0301191786657313,0.662124752998352,-0.540442824363708,-1,0.278373271226883,0.0999999999999999
0.497,-2.60852952949532e-05,-0.000146141119160632,0.0329460942742493,0.00176311507856716,-0.00403919471490981,0.00133449163422927,-0.0169366997788055,-0.0299498752554183,-0.00336891193699285,1.60129412806156,-2.21726266010026,0.00229452177583284,0.0301191786657313,1,0.135895565152168,-1,-0.665919721126556,0.0999999999999999
0.498,-3.7771728651791e-05,-0.000175037824171869,0.0329421573607174,0.00397914634106096,-0.0057784653519209,0.00133901859027974,-0.00661534483705335,-0.0280613330581589,-0.00447386449900103,2.48820770883235,-0.971632759782507,0.0066584516272798,0.0301191786657313,1,0.772266864776611,-1,-1,0.0999999999999999
0.499,-3.94275366792451e-05,-0.000199616592128161,0.0329363016696186,0.00684788991906223,-0.00567113528118515,0.00134981338067286,0.00327280915976009,-0.0213666805849592,-0.00719323504917333,2.77488518159163,1.15348533015274,0.0138607606787765,0.0301191786657313,1,1,-1,-1,0.0999999999999999
0.5,-3.10229093613121e-05,-0.000217474000220762,0.0329271296358486,0.00885819431761066,-0.00385774963452937,0.00136429523068271,0.0136427219701723,-0.0145451102219887,-0.0110970261076332,0.922912233740797,2.15263704127587,0.0133357032856727,0.0301191786657313,1,1,-0.850107312202454,-1,0.0999999999999999
0.501,-1.22442231139078e-05,-0.000228857534981949,0.0329137033389511,0.00843649865797716,-0.00192365039369959,0.00137424809454911,0.0240529694502849,-0.00823838702613926,-0.0156906066155723,-1.64851226762846,1.40458284290338,0.00572904837158752,0.0301191786657313,0.0778146311640739,1,-0.328262388706207,-1,0.0999999999999999
0.502,1.2812532472363e-05,-0.000233770943181365,0.0328971094745225,0.00617140381607534,-0.000177053714133396,0.00138095160255158,0.0262261434991108,-0.00146569339362982,-0.0174283000513343,-2.44255053049419,1.82626805928973,0.00691631011678448,0.0301191786657313,0.277697324752808,0.902412831783295,-0.793488025665283,-1,0.0999999999999999
0.503,4.26869905775567e-05,-0.000231783998263327,0.0328801207081004,0.00432715125920745,0.000641275003796243,0.00138476930361797,0.0336274060148277,0.00555401814155075,-0.0164854205806,-0.909000232687549,-0.259883559259852,0.000687905738152031,0.0301191786657313,-1,0.0461902022361755,0.414399683475494,-1,0.0999999999999999
0.504,7.22875252582409e-05,-0.000225241000105163,0.0328671960835898,0.00388600975699481,0.0016998811305709,0.00138820753468583,0.0257200344709447,0.00757409350801562,-0.0093092805997324,0.0918498141212784,2.25104330612151,0.00567915094036914,0.0301191786657313,-0.427673310041428,0.0752832219004631,-0.214296936988831,-1,0.0999999999999999
0.505,9.83548216384691e-05,-0.00021651884604205,0.0328616608015157,0.00446819205294403,0.00343897659963698,0.0013921302966029,0.0265905303294559,0.00984693074911935,-0.00174670109096487,0.939110094880499,0.967783221770731,0.00157555433882486,0.0301191786657313,-1,0.134155169129372,0.604592561721802,-1,0.0999999999999999
0.506,0.000121271316498339,-0.000205418249098844,0.0328628273546723,0.00544041621702433,0.00462358241853365,0.00139421500782699,0.0193944244470312,0.0123065626125446,0.00406373164730236,0.79722605013106,1.23850166730881,0.00264814014082636,0.0301191786657313,-1,-0.158476039767265,0.412403047084808,-0.704980731010437,0.0999999999999999
0.507,0.000137985555766338,-0.000193827656487184,0.0328703308530889,0.00521235703858572,0.00540539531483211,0.00139827651980928,0.0141398177121331,0.0109203427224785,0.01089317572334,-1.23361614875087,0.224565297657223,0.00528265233830393,0.0301191786657313,-1,0.594971060752869,0.561132311820984,-1,0.0999999999999999
0.508,0.000149143112946215,-0.000180019294154866,0.0328826820320769,0.00426834301832449,0.00519539491482106,0.00140155042628809,0.00820621786314448,0.0167707441023507,0.0137417014263071,-0.51430660499563,-0.572005899270424,0.00112233313517607,0.0301191786657313,-1,-0.0398422814905643,1,-0.369824051856995,0.0999999999999999
0.509,0.000152948401059193,-0.000164147894118079,0.0328962596253271,0.00319619906814531,0.00488777350915801,0.00140478735535066,-0.000583376555250429,0.0150844668599679,0.0133543406718308,-1.46672594633404,0.0240659085969336,0.00496000759863639,0.0301191786657313,-1,0.475340604782104,0.69806432723999,-0.457374960184097,0.0999999999999999
0.51,0.000148903069799614,-0.000147686191159139,0.0329088852207127,0.00230267476822668,0.00497387931254902,0.00140830240319456,-0.00749031585898869,0.0179279094498626,0.0118442732638827,-0.198398824244169,0.12202293284869,0.00168579047113804,0.0301191786657313,-1,-0.455237954854965,0.428108960390091,0.0718973577022552,0.0999999999999999
0.511,0.00013880263442556,-0.00013282904203367,0.0329218865853674,0.00151335072076296,0.00481453448173555,0.00141126956104953,-0.0127332600979284,0.0118852442037215,0.01409798808159,-1.26842074538007,-0.434942848971571,0.00397747322558591,0.0301191786657313,-1,-0.457626760005951,0.4195876121521,-0.131851822137833,0.0999999999999999
0.512,0.000123341439091442,-0.000123073453425161,0.0329376514746662,0.000324062193568981,0.00418757560578739,0.00141493596940068,-0.0182437782050673,0.00774396882904793,0.0173493260889855,-0.914908481760284,-0.739327378532272,0.00296370119825483,0.0301191786657313,-0.716793715953827,-0.840714335441589,0.488053351640701,0.116966724395752,0.0999999999999999
0.513,0.000102805149515144,-0.000119204916373848,0.032955719121623,-0.000579554961063765,0.00332527776891856,0.00141787882807431,-0.0229137856596716,9.26026378282838e-05,0.0187011528944238,-0.735248666075779,-0.8758355051854,0.00261518372565919,0.0301191786657313,-0.588416695594788,-0.528964221477509,-0.0386778563261032,0.397465467453003,0.0999999999999999
0.514,7.93481938619544e-05,-0.00012272052216392,0.0329742519620897,-0.000854197701104676,0.00206606119458275,0.00141991174504952,-0.0241307843437065,-0.00708672978061281,0.0182839706019878,0.24187116709246,-1.46587467378143,0.00141616578736668,0.0301191786657313,0.532151877880096,-0.688366532325745,-0.702614009380341,-0.204858928918839,0.0999999999999999
0.515,5.99012963647946e-05,-0.000132053948818707,0.0329930537447273,0.000225665586347888,-0.000755960595669861,0.00142118811842895,-0.0150170993124959,-0.0116623724740188,0.019240149901929,1.73608794150181,-3.69621582846845,0.00127074850779527,0.0301191786657313,0.414862394332886,-0.639873266220093,-0.00182285904884338,0.277688831090927,0.0999999999999999
0.516,4.61989069530909e-05,-0.00014768189539858,0.0330090440390215,0.0017041161315283,-0.00339202804418917,0.00142265850084211,-0.0126046391390425,-0.0196968489922298,0.0126936099930313,0.987678097277694,-1.12904687183825,0.00179865377051777,0.0301191786657313,0.993024885654449,-0.00775422155857086,-1,-0.312808215618134,0.0999999999999999
0.517,3.94868868364565e-05,-0.000167832584047714,0.0330195606250223,0.00300696359694406,-0.00404834152605732,0.00142564139370149,-0.000924871177169831,-0.0207300995240137,0.00831438851595698,1.42639538511273,-0.0843963334673773,0.00404519646070818,0.0301191786657313,0.472111463546753,0.566916108131409,-1,-1,0.0999999999999999
0.518,4.27384149095139e-05,-0.000185450905448433,0.03302765441395,0.0052492485966913,-0.00308921501509524,0.00143350492363314,0.0074694513724254,-0.0147171474662894,0.00784172166041677,2.6807146336388,1.82382065064077,0.0108021858967125,0.0301191786657313,0.791420459747314,0.588697791099548,-1,-1,0.0999999999999999
0.519,5.57220406416175e-05,-0.00019757085315341,0.033034100356488,0.00753008029176086,-0.00127286059247385,0.00144374798669888,0.018607153600689,-0.00971830057859643,0.0050313013924044,1.4948104573555,1.50582170669366,0.00828694741915488,0.0301191786657313,0.255304962396622,1,-0.916408240795135,-1,0.0999999999999999
0.52,7.83106551774279e-05,-0.000203826430158213,0.0330378282120809,0.00812009836685434,1.87642208406775e-05,0.00145072729574114,0.0266739479704177,-0.0028708811513451,0.00241514188164045,-0.400000198889283,0.89843422584377,0.0050537342796226,0.0301191786657313,-0.695078670978546,1,-0.160392642021179,-1,0.0999999999999999
0.521,0.000103952977493574,-0.000203264068376949,0.0330395424913296,0.0068786631415359,0.00181622388673931,0.00145985537491411,0.0247882992848851,0.00406857873429611,0.00100514267276708,-1.8496009279947,2.42589941495846,0.0120351882899422,0.0301191786657313,-0.621917366981506,0.984707832336426,-0.241239473223686,-1,0.0999999999999999
0.522,0.00012878255994376,-0.000195465072460812,0.0330398824000479,0.0050340441149176,0.00401312729888173,0.00147109527711953,0.025067873451813,0.0116443403799643,-0.000327259140495889,-1.51810194379231,1.62854775435941,0.00888806267196716,0.0301191786657313,-1,0.472083151340485,0.464507430791855,-1,0.0999999999999999
0.523,0.000151003609351313,-0.000181305933510854,0.0330394828205607,0.0038676646699656,0.00556494967241249,0.00147891022951185,0.019545257735903,0.0167630604074202,-0.000467704556000907,-0.638470819014065,1.24697435399893,0.00564839933424372,0.0301191786657313,-1,-0.0132642779499292,0.832696318626404,-0.744144141674042,0.0999999999999999
0.524,0.000166945416416423,-0.000164088323835921,0.0330384961021426,0.00325821041525086,0.00648650021562257,0.00148381711816903,0.0124633104427036,0.0177451581754224,-0.00149364702752657,-0.512216269392522,0.470130325892978,0.00372591750031064,0.0301191786657313,-1,-0.43816927075386,0.373416811227798,-1,0.0999999999999999
0.525,0.00017748277692552,-0.000146213693535502,0.0330400631662564,0.00277541636206403,0.00598845432459393,0.00148580556983857,0.00861808292510251,0.0180737390141885,0.00459273020569523,-0.409440861467712,-1.33755472702293,0.000391789657278412,0.0301191786657313,-1,-0.284691631793976,1,-0.527023136615753,0.0999999999999999
0.526,0.000182048617896388,-0.000128797057074593,0.0330437404110556,0.00223217080354572,0.00487347061243562,0.0014869160844686,0.000468637419267819,0.0168356773099367,0.00274807277184945,-0.62077060342799,-0.675072842595704,0.00190879560827517,0.0301191786657313,-1,-0.039560467004776,0.664435148239136,-0.228635013103485,0.0999999999999999
0.527,0.000179350987431982,-0.000112566760805771,0.0330448485197138,0.00162769578177358,0.00458683206656306,0.00148920975668387,-0.00586760180361877,0.0157037245784329,-0.000525992266600354,-0.51845281435111,0.145221201138295,0.00250430846659274,0.0301191786657313,-1,-0.685564279556274,0.19150322675705,-0.726888298988342,0.0999999999999999
0.528,0.000171811198011664,-9.77331212397639e-05,0.0330477368377098,0.00115542640899447,0.00465887495604197,0.00149154019773956,-0.00921593122871418,0.0140309088608556,0.00627458224498479,-0.37662201112117,-0.0327856481266044,0.00201383429086378,0.0301191786657313,-1,-0.902480483055115,0.445136368274689,0.213948667049408,0.0999999999999999
0.529,0.000160048405004404,-8.80287561772231e-05,0.0330542673282197,-5.59527980482993e-05,0.0047191033385739,0.00149573305138029,-0.0143253865732814,0.00549026204003016,0.00676020579603361,-1.84368152423153,0.11219292947143,0.0058319321606388,0.0301191786657313,-0.518339395523071,-0.176446884870529,0.320846855640411,-0.137996181845665,0.0999999999999999
0.53,0.000144998329055444,-8.31129410807735e-05,0.0330588951529124,-0.000978221295177344,0.00425911617077217,0.00149938849544862,-0.0158362778808789,0.00441523778108073,0.00248067090381605,0.155940316495087,-0.983771528873266,0.00124439138613301,0.0301191786657313,-0.907005310058594,-1,0.116674870252609,0.262406170368195,0.0999999999999999
0.531,0.000127606934849263,-8.30589786293652e-05,0.0330623776730417,-0.000888217714758139,0.00316674940033976,0.0015008287599696,-0.0190482481578296,-0.00429058940082696,0.00446188699092342,0.00730808401695368,-1.04311413538379,0.00157538871032508,0.0301191786657313,-0.944672346115112,-1,0.000917445868253708,0.478192031383514,0.0999999999999999
0.532,0.000106921688229253,-9.24033930036466e-05,0.0330675748401981,-0.00113144817264419,0.00237539474827519,0.00150266884980166,-0.0224182651322186,-0.0143970786293535,0.00590663566786248,-0.424612403720068,-0.445163784729225,0.00190685945563239,0.0301191786657313,0.470646142959595,-0.498497664928436,-0.766802430152893,-0.186280786991119,0.0999999999999999
0.533,8.94674732452105e-05,-0.000108207144944166,0.0330725649670907,-0.000509777889827091,0.000435704520883483,0.00150435850573505,-0.0126779739140351,-0.0172799917304103,0.00405967516039579,1.5883114165525,-3.1131490934725,0.00157709837291264,0.0301191786657313,-0.182413443922997,-0.424303293228149,-0.46857824921608,0.081370897591114,0.0999999999999999
0.534,7.81489156493845e-05,-0.000127858757602911,0.033075717379713,0.00141283165642181,-0.00201029308373008,0.00150607604572661,-0.0101530948492551,-0.0221797701776668,0.00223607896837215,1.94917666043378,-1.36088912013889,0.002188392143102,0.0301191786657313,0.519448101520538,-0.0325101874768734,-0.719249844551086,-0.532052040100098,0.0999999999999999
0.535,7.19458082041573e-05,-0.00014975919634304,0.0330763191970081,0.00368856305557953,-0.00268032874073634,0.00150950022825125,-0.00233975918062284,-0.0218198388988948,-0.001019596547497,2.23691364241263,0.122196903707712,0.00463411828480495,0.0301191786657313,0.834093689918518,0.319810181856155,-0.978972434997559,-0.86043244600296,0.0999999999999999
0.536,7.53027532459231e-05,-0.00016973538996871,0.033073465261206,0.00580662724982064,-0.00231505954126873,0.00151455718276372,0.00905624535793263,-0.0183248263994401,-0.00466380672888766,1.65986059559236,0.547686584508822,0.00495468296275488,0.0301191786657313,0.440990686416626,0.672916114330292,-1,-1,0.0999999999999999
0.537,8.90398963672485e-05,-0.000185153233562044,0.0330676903514633,0.00694392022594909,-0.00141404254812748,0.00152014247148768,0.0184715682093134,-0.0126411965535267,-0.00685304919332561,0.448907727370872,1.12066380665636,0.00572874586125161,0.0301191786657313,0.367753326892853,1,-0.936679303646088,-1,0.0999999999999999
0.538,0.000112075768038176,-0.000194080919513181,0.0330588321190039,0.00689366819939908,-0.000253397671204175,0.00152574688378815,0.0276889064790472,-0.00525988970323176,-0.0108142830645385,-0.513006828221913,1.04551099547109,0.00500436647071001,0.0301191786657313,-0.758740544319153,1,-0.525464296340942,-1,0.0999999999999999
0.539,0.000139874144429586,-0.000195634702960346,0.033048425122561,0.00611213662265122,0.00176965010575895,0.00153435359125087,0.0280998238379917,0.00218955710785404,-0.00995939446743804,-0.900389695108268,2.69459592357928,0.0110161555285771,0.0301191786657313,-0.736635863780975,0.760323524475098,-0.415825068950653,-1,0.0999999999999999
0.54,0.00016846886585503,-0.00019030442618932,0.0330393232156456,0.00518634057875724,0.00441079291516519,0.00154523473993473,0.0293211201864223,0.00852346618804693,-0.00821353818694851,-0.793493243472977,2.17436242234824,0.00921976248359999,0.0301191786657313,-1,0.445157259702682,0.512293934822083,-1,0.0999999999999999
0.541,0.000195181112282371,-0.000179393890626698,0.0330310269707553,0.00448942726435679,0.00654009483507469,0.00155406092816879,0.0243213057609681,0.0133491951160389,-0.00833830125418081,-0.500509603042457,1.76034753748663,0.00724997332956161,0.0301191786657313,-1,0.0934413149952888,0.736774265766144,-1,0.0999999999999999
0.542,0.000216730387479276,-0.000164564823687408,0.0330231241975468,0.00398769610437955,0.00762615048562925,0.00155972870238186,0.0189180473960327,0.0163620984892697,-0.00743335952857836,-0.448154383884042,0.271543401218553,0.00360782482518588,0.0301191786657313,-1,0.0524293333292007,1,-1,0.0999999999999999
0.543,0.000232282579586766,-0.00014664664497532,0.033015549694102,0.00363660423952563,0.00730651340220989,0.00156168770109355,0.0122351206925925,0.0195187097698781,-0.00768219436864665,-0.236253536760491,-0.804705856262537,0.000496369569257577,0.0301191786657313,-1,-0.306120276451111,1,-0.606820940971375,0.0999999999999999
0.544,0.000241124996436903,-0.000127769699047791,0.0330076748046887,0.00285241517021871,0.00635352766213551,0.00156399814634067,0.00541779924212647,0.0183300175482318,-0.00803461498658534,-1.23302009752472,-0.900463629772484,0.00403658692213883,0.0301191786657313,-1,-0.161410331726074,1,-0.578747153282166,0.0999999999999999
0.545,0.000243001501609494,-0.000109384513702919,0.0329990057637721,0.00161407078991956,0.00584904671153673,0.00156857221465634,-0.00167311478751207,0.0185611413112212,-0.00926356992943739,-1.06194480739924,-0.0128957077246314,0.00453599772668431,0.0301191786657313,-1,-0.166393131017685,0.543798387050629,-1,0.0999999999999999
0.546,0.000239209199306277,-8.91256128641145e-05,0.0329919833322848,0.0013626867967407,0.00591467903116446,0.00157056870306382,-0.00590884930779362,0.0220126276703511,-0.00475804691598251,0.551739830330135,0.121492408272492,-0.000548889582654285,0.0301191786657313,-1,-1,0.564257144927979,0.36016857624054,0.0999999999999999
0.547,0.000231077879291292,-7.22501333356704e-05,0.0329877556063932,0.000526452126448034,0.00604500223446447,0.00157455545565366,-0.0103574196944141,0.0118432296864937,-0.00367597905069598,-2.10810978330338,0.0937393362633203,0.00814899326949864,0.0301191786657313,-1,-0.307368814945221,0.42648246884346,0.05247762799263,0.0999999999999999
0.548,0.000218871143470493,-6.19741620132041e-05,0.0329839019378436,-0.00130677717047536,0.00590209107141349,0.00158182305901544,-0.0140866866413602,0.00885926952492096,-0.00401223675036187,-1.24344040698011,-0.383361290035859,0.00544289047879278,0.0301191786657313,-1,-1,0.59937596321106,-0.0515592694282532,0.0999999999999999
0.549,0.000202266460272947,-5.62113733921154e-05,0.0329817482690396,-0.00208451675819226,0.0054884617998038,0.00158582790496187,-0.019168484259221,0.00275251573165217,-0.000298776043331699,-0.186536283538824,-0.409359812020363,0.00218316283162151,0.0301191786657313,-0.933290541172028,-1,0.0953665524721146,0.531571328639984,0.0999999999999999
0.55,0.000182158926937474,-5.83028001462609e-05,0.0329828132275367,-0.00212473735395325,0.0046378121642301,0.0015881048610531,-0.0211390185107919,-0.0068978566456676,0.00241141236834453,0.117337840501722,-1.181825235161,0.00223702802568057,0.0301191786657313,-0.235994935035706,-0.849381744861603,0.579141557216644,0.278516441583633,0.0999999999999999
0.551,0.000160416791235522,-6.88057592018734e-05,0.0329831300418312,-0.00150622363347773,0.00326870165817539,0.00158939801755054,-0.022480154367401,-0.0141430719422702,-0.00176631710647434,1.02716739907676,-1.35634176034885,0.000446424794543082,0.0301191786657313,-0.485725402832031,-0.635146737098694,0.177654474973679,0.116494804620743,0.0999999999999999
0.552,0.000137399315777216,-8.56205353278518e-05,0.0329811637371866,-3.45693499320269e-05,0.00214704127617608,0.00158901232521647,-0.023677548889527,-0.0196099121031911,-0.00216123881576609,1.68314309330522,-0.738992442812854,-0.000796370900345543,0.0301191786657313,0.184003531932831,-0.58848112821579,-0.70415735244751,-0.100559577345848,0.0999999999999999
0.553,0.000117776733467915,-0.000107513027232785,0.032979970273698,0.00159116184507645,0.000586743817899208,0.00158802842881212,-0.0157452432301401,-0.0243136681985331,-0.000226414994576605,1.32290519342174,-2.13618074288734,-0.00112142307597909,0.0301191786657313,0.0611739866435528,-0.216867625713348,-0.290767133235931,-0.6669961810112,0.0999999999999999
0.554,0.000103895480010826,-0.00013156598411909,0.0329804705983685,0.00307621610657552,-0.000991158623661035,0.00158755069607519,-0.012159172412433,-0.0239441237212975,0.00122600776420404,1.43160875298718,-0.763203308743154,0.000657199259209824,0.0301191786657313,0.432936400175095,0.279414445161819,-1,-1,0.0999999999999999
0.555,9.67424402815437e-05,-0.000153070664666026,0.0329829890078024,0.00478538947089586,-0.00167057879428454,0.00158856236092619,-0.00224903932972977,-0.0192454750457409,0.0037960620996821,1.72326691089736,-0.489668673955968,0.00145965865001027,0.0301191786657313,0.259626775979996,0.718642115592957,-0.860050916671753,-0.786665439605713,0.0999999999999999
0.556,9.83624595723573e-05,-0.000169634205947365,0.0329861107540212,0.0062167601556314,-0.00153681696026062,0.00159156713378206,0.00547413811269468,-0.0140328304285348,0.00244241533012118,0.918341100503924,0.731308203797362,0.00443604343578965,0.0301191786657313,0.472585111856461,0.751680910587311,-0.89334899187088,-1,0.0999999999999999
0.557,0.000108616358064637,-0.000180510063803366,0.0329878626623131,0.00658024376125343,-0.000646634404152413,0.00159618389700222,0.0150798243567825,-0.00778959005923083,0.00105682548641835,-0.226013616654131,0.909143593268252,0.00437857651229278,0.0301191786657313,-0.179561078548431,1,-0.450909912586212,-1,0.0999999999999999
0.558,0.000125269548846491,-0.000184426259905024,0.0329881290259567,0.00609649258921382,0.000982880557984044,0.00160307594315245,0.0183643505885733,-3.46988887851772e-05,-0.000525771702286709,-0.639518695002811,2.08678294430173,0.00849264128952301,0.0301191786657313,-0.061792716383934,0.913183808326721,-0.270223408937454,-1,0.0999999999999999
0.559,0.000145501882676226,-0.000180740057405818,0.0329861295507532,0.00545253178971543,0.00294593341938449,0.00161117360637819,0.0222621676219794,0.00743373520355747,-0.00345920913193551,-0.538003756577747,1.52870275554648,0.00661669532172856,0.0301191786657313,-0.803327977657318,0.445249706506729,0.000640407204627991,-1,0.0999999999999999
0.56,0.000166908505646279,-0.000170924155783392,0.0329842143011424,0.00475724240312292,0.0044774503380436,0.00161809848191741,0.0207052458750695,0.0122468432420087,-0.000375419806058882,-0.747692713301455,1.3066658964793,0.0064246913200917,0.0301191786657313,-1,0.0872108489274979,0.192898720502853,-0.606287121772766,0.0999999999999999
0.561,0.000185931871693791,-0.000158457028836198,0.0329852735467067,0.00350977633292991,0.00553799537360335,0.00162526705139054,0.0174667436033903,0.0127962057601371,0.0024785747870339,-1.54330726146959,0.669308428372753,0.00716344331475824,0.0301191786657313,-1,-0.129616007208824,0.937931060791016,-1,0.0999999999999999
0.562,0.000199660214094995,-0.000144495022239284,0.0329887980385471,0.00229709982457076,0.00631677945715909,0.00163156121273778,0.0100998778472187,0.0152288741844073,0.00454912821930539,-0.696176668525684,0.77903063498454,0.0045825767895835,0.0301191786657313,-1,-0.480637192726135,0.433768093585968,-0.711905062198639,0.0999999999999999
0.563,0.000207844190408569,-0.000129869598352198,0.0329960692377567,0.00173232721597953,0.00642731323355684,0.00163492133940935,0.00630850076277928,0.0140960822384403,0.00994052676279855,-0.366991297165815,-0.551229323170289,0.00197414058218064,0.0301191786657313,-1,-0.225132241845131,1,-0.636577963829041,0.0999999999999999
0.564,0.000210424553305584,-0.000115613781149411,0.0330058257979246,0.00178883972790538,0.00593980594247244,0.00163550412379232,-0.00115313261862369,0.0144415168716865,0.00953014045488711,0.430435537845376,-0.326115118702567,-0.000513873489013656,0.0301191786657313,-1,-0.776850461959839,0.728208661079407,-0.0886271223425865,0.0999999999999999
0.565,0.000206331387929214,-0.000104448726988689,0.0330158518197267,0.00142071497353248,0.00564423754863187,0.00163756920998281,-0.0070517337250455,0.00794946294418799,0.0104768541888069,-1.12404974442447,-0.219777174921499,0.0045062321223533,0.0301191786657313,-1,-0.610063016414642,0.336365520954132,-0.18111714720726,0.0999999999999999
0.566,0.000197478631558846,-9.87401790293519e-05,0.0330276720872746,0.000117319770425563,0.00519876987043733,0.00164249812051631,-0.0106893814996178,0.00358363964366612,0.0131027381861396,-1.25545816190725,-0.608596131942349,0.00474099290990897,0.0301191786657313,-0.988370776176453,-0.324689775705338,0.453462511301041,-0.190025717020035,0.0999999999999999
0.567,0.000184472819523892,-9.61894751236392e-05,0.0330406875928738,-0.000410733114214828,0.00468543039543169,0.00164523839525055,-0.0153686340822249,0.00156554233702813,0.0128715665234867,0.284852803417828,-0.356397441912376,0.000559280766156804,0.0301191786657313,-0.766686141490936,-0.8988396525383,0.0217421650886536,0.609127342700958,0.0999999999999999
0.568,0.000168662898328174,-9.99688273653536e-05,0.0330531773066429,-0.000606316610866877,0.00396925554489571,0.00164706094888123,-0.0163305376033078,-0.00908633171510043,0.0120550513560732,-0.627500812571596,-0.980756478685228,0.00289891826384692,0.0301191786657313,-0.761618971824646,-0.352018535137177,-0.25135213136673,-0.592364251613617,0.0999999999999999
0.569,0.000152506927808301,-0.000108861539738939,0.0330676128783022,9.86317299253621e-05,0.00273527337499853,0.00164742939356133,-0.016099423121301,-0.00876590523378206,0.0167446333413329,1.92469791364318,-1.2987021411473,-0.00173525879655685,0.0301191786657313,-0.304354578256607,-0.947435140609741,0.292799919843674,0.234529241919518,0.0999999999999999
0.57,0.000135947998611118,-0.000122226554227226,0.0330826130783487,0.0013919774371391,0.0018388364519165,0.00164664932618619,-0.0171116204564411,-0.018054630215028,0.0131949686003754,0.46049153340912,-0.373318340318777,0.00046694073103348,0.0301191786657313,0.0905779078602791,-0.0535463206470013,-0.301360011100769,-0.825726270675659,0.0999999999999999
0.571,0.000121264804995195,-0.000139001460768316,0.0330950554835538,0.00263656030280925,0.00117445974116725,0.00164613306947636,-0.0123451791491306,-0.0156203390043612,0.0116434071397834,1.83733275701369,-0.868996315453282,-0.00122079760685803,0.0301191786657313,0.255510091781616,-0.182633355259895,-0.619482576847076,-0.998612999916077,0.0999999999999999
0.572,0.000112625692744931,-0.000153625285009535,0.0331072141486308,0.004538806808139,-8.14558798167322e-05,0.00164418786821097,-0.00505939539886932,-0.0137891629450047,0.0126234493580711,1.65488894549774,-1.43198871626565,-0.00227003355071491,0.0301191786657313,-0.268330603837967,0.52787446975708,-0.334612041711807,-0.814681172370911,0.0999999999999999
0.573,0.000108416278000738,-0.000165206025832849,0.033118205590925,0.00590630189511871,-0.00051724202565498,0.00164461574854702,-0.00340045436898127,-0.00949632794099867,0.00932230025280809,0.859248385046173,0.625484892544311,0.00348441180216199,0.0301191786657313,0.436947703361511,0.373073756694794,-0.965974152088165,-1,0.0999999999999999
0.574,0.000110079956402909,-0.000172656908615802,0.0331265733910509,0.00602773610029204,-0.000223360534802719,0.0016468569051824,0.00671732433001757,-0.00544226796774889,0.00738315885694548,-0.614123598280978,-0.085364656819188,0.000871766723925628,0.0301191786657313,-0.409172534942627,1,-0.651588082313538,-1,0.0999999999999999
0.575,0.000118260979347032,-0.000174092411037125,0.0331326754248917,0.00546277113172338,0.000375470349815637,0.00164991056885899,0.0096959708067225,0.00259183526980996,0.00479649215913652,-0.406839448571727,1.19095998249574,0.00486997702506709,0.0301191786657313,-0.196516901254654,0.46659117937088,-0.245258629322052,-1,0.0999999999999999
0.576,0.000129071032379033,-0.000169036227984917,0.033135817856672,0.00487860091591062,0.00196908824253882,0.00165603034291539,0.0120453812508937,0.00755514170086057,0.00148209578058561,-0.665533908801691,1.72924394655775,0.00656070964811816,0.0301191786657313,-0.602618873119354,0.494262754917145,-0.016828790307045,-1,0.0999999999999999
0.577,0.000140645200383625,-0.000158767646219224,0.0331361092255659,0.00434973940860174,0.00384211167613007,0.00166276613837057,0.0112536633737953,0.0130186885671783,-0.000892142803866913,-0.322109768999375,1.7029886753889,0.00595562740223751,0.0301191786657313,-0.835989832878113,-0.0663754120469093,-0.133360341191292,-1,0.0999999999999999
0.578,0.000151486079871066,-0.000144641186399123,0.0331368575943105,0.00378759737405991,0.00493187116405607,0.00166788786791816,0.0105256789819184,0.0152933476540282,0.00237395713399111,-0.732573240609986,0.309451773630128,0.0038535615338341,0.0301191786657313,-1,-0.316922098398209,0.429584860801697,-0.999728262424469,0.0999999999999999
0.579,0.000159513560184708,-0.000128785440114142,0.0331404120534023,0.00284664211496397,0.00503596059859182,0.00167191917405063,0.00557579862335694,0.01650808078955,0.00470870796761022,-1.01512713079268,-0.0976082174312038,0.00388434744740015,0.0301191786657313,-1,-0.0888794809579849,0.672726690769196,-0.181263715028763,0.0999999999999999
0.58,0.000161845202224598,-0.000113259442262054,0.0331422018817364,0.00153050102573883,0.00502001044680438,0.00167673800020784,-0.000895439865167709,0.0146677967064755,-0.00112392390582968,-1.41373053225999,0.0747561541670751,0.00518479426840443,0.0301191786657313,-1,0.000566244125366211,0.577194631099701,-0.48941969871521,0.0999999999999999
0.581,0.000158015653954508,-9.7973170591406e-05,0.0331391502487289,0.000780087164591094,0.00506999128774076,0.00168007736209486,-0.00675089645595637,0.015982527103899,-0.0049549909611611,0.00721682744323107,0.00650567790971106,0.00122079186326217,0.0301191786657313,-0.950370371341705,-0.99291855096817,0.214269191026688,-0.133521944284439,0.0999999999999999
0.582,0.000149606805699734,-8.5434710987669e-05,0.0331352325968568,0.00028743215856853,0.00463080170702853,0.00168249648287899,-0.0101140148372106,0.00915438088691977,-0.00286247029732186,-0.93331493132227,-0.824982648358656,0.00347742770580485,0.0301191786657313,-1,-1,0.094637542963028,-0.207758754491806,0.0999999999999999
0.583,0.000137851609509141,-7.93137627605388e-05,0.03313423775595,-0.000750479583319958,0.00359433146689923,0.00168622893135151,-0.0134774170163988,0.00319143072208395,0.000862836335925142,-0.967618055091435,-1.08584955724074,0.00359293362723069,0.0301191786657313,-0.950396597385406,-0.689832806587219,0.442187011241913,-0.245546147227287,0.0999999999999999
0.584,0.00012150623828493,-7.7844604297028e-05,0.0331348879747543,-0.0010218853587445,0.00303628853453878,0.00168828210290961,-0.0192666356040638,-0.000221348475123727,0.0004346204570815,0.465833049144327,0.0271037193304127,0.000454012335578859,0.0301191786657313,-0.869945883750916,-0.636570811271667,-0.193785235285759,0.127846866846085,0.0999999999999999
0.585,0.000101449216934413,-8.08224867364206e-05,0.0331354662706981,-0.000250531727212157,0.00292335797210886,0.00168828967348977,-0.0208971645374659,-0.00579029242863242,0.000717709029695665,0.941270567282337,-0.283233612828854,-0.000222532918861511,0.0301191786657313,-0.307963848114014,-0.618628859519958,-0.27181550860405,0.209214448928833,0.0999999999999999
0.586,8.15808965024005e-05,-8.97716371512521e-05,0.0331344643499182,0.000509738974010007,0.00191547873768606,0.00168831656248303,-0.0189550616173296,-0.0121557826361007,-0.0027068146157835,0.463312193118572,-1.59284258721111,0.000314732872036061,0.0301191786657313,0.0158436894416809,-0.380587041378021,-0.263783425092697,-0.390226483345032,0.0999999999999999
0.587,6.42546158742622e-05,-0.000102646055079662,0.0331301689086053,0.00129730688104833,-7.74566619311586e-05,0.00168824622754382,-0.0158768746265659,-0.0136673660994017,-0.0058539691909291,0.997335734666357,-2.06901814092543,-0.000180033532990287,0.0301191786657313,-0.192812189459801,-0.290577322244644,-0.692286133766174,-0.359996050596237,0.0999999999999999
0.588,5.01958881557719e-05,-0.000117120637014822,0.0331244167903239,0.00227477533282697,-0.00178004399742041,0.0016883898772253,-0.0123902349997792,-0.0153739423868651,-0.00562382307281389,0.814417334721849,-1.06152239019972,0.000720864704425225,0.0301191786657313,0.605888366699219,-0.159742534160614,-0.756290972232819,-0.377106785774231,0.0999999999999999
0.589,4.19929059603796e-05,-0.000133092229824251,0.0331163177210629,0.00285005499993415,-0.00263144292819036,0.00168912643399155,-0.00412115777375083,-0.0166362154905023,-0.0105179199043395,0.272982511800091,-0.50759480839098,0.000852608167449723,0.0301191786657313,0.455428034067154,0.475963801145554,-1,-1,0.0999999999999999
0.59,4.21979551209002e-05,-0.000146575319823397,0.0331047113736959,0.00389508011830344,-0.00272223808118352,0.00169183580495957,0.00450369930401931,-0.0104446108212958,-0.0126359229892493,1.65384113957571,0.341161158486795,0.00444123216371217,0.0301191786657313,0.850088119506836,0.267399102449417,-0.853398084640503,-0.751051485538483,0.0999999999999999
0.591,5.18673763893196e-05,-0.000155634599347092,0.0330893035414018,0.00524184304473783,-0.00225369699842523,0.00169615482002294,0.0148516376920333,-0.0077912123995832,-0.0180948719882471,0.817829736603779,0.534071631651627,0.00379669476510431,0.0301191786657313,0.123322956264019,0.66943222284317,-0.622535943984985,-1,0.0999999999999999
0.592,6.90747776379174e-05,-0.000160255409586631,0.0330697775981513,0.0058431818846699,-0.00094031709137511,0.00170206683953511,0.0196711011616483,-0.00152215313945806,-0.0208644135114152,0.286665381066991,1.88900955030398,0.00745166619518948,0.0301191786657313,-0.0137806292623281,0.655088424682617,-0.860733270645142,-1,0.0999999999999999
0.593,9.18758913219384e-05,-0.000158752830676006,0.0330489626567753,0.00570412900089756,0.000873977901174429,0.00170921179976258,0.0260807802353074,0.0045206679190241,-0.0206808699199289,-0.54060012224829,1.46324382346294,0.00609795062346088,0.0301191786657313,-0.404948830604553,0.55385422706604,0.0448739677667618,-1,0.0999999999999999
0.594,0.000117477782229154,-0.000151405560926055,0.0330273193577721,0.00484087539037806,0.00273206866343246,0.00171674458140592,0.025304365242338,0.0102316585761413,-0.0225086725848626,-1.04401126576244,1.9728464768556,0.0080614903111337,0.0301191786657313,-1,0.295294910669327,-0.0520495995879173,-1,0.0999999999999999
0.595,0.000141277898226213,-0.0001389235649559,0.0330071415413948,0.00369702848738412,0.00467498931114894,0.00172491937995511,0.022486325427065,0.0148193334977311,-0.0177757235676198,-1.06404764553165,1.61528723146372,0.00726725408448103,0.0301191786657313,-1,-0.0660551935434341,-0.0339232683181763,-0.981345593929291,0.0999999999999999
0.596,0.000162696783837706,-0.000122745133694685,0.0329929550530929,0.0026798912007409,0.00551705821941774,0.00173064670143619,0.0204623932780698,0.0176298113423628,-0.0105632890009718,-0.823805359178785,-0.0264346386931446,0.00373692399058026,0.0301191786657313,-1,-0.651546061038971,0.677404999732971,-0.840439319610596,0.0999999999999999
0.597,0.000180062244430057,-0.000105751290544736,0.0329852986771517,0.0016216793747981,0.00534648079676899,0.00173489688786166,0.0142970716895493,0.0164655841718682,-0.00471627288431531,-1.13825208912761,-0.237846021921448,0.00440946640416075,0.0301191786657313,-1,-0.668896079063416,0.73520302772522,-0.503996968269348,0.0999999999999999
0.598,0.000191125224960056,-9.07160113198317e-05,0.0329823754924345,0.000419559630760222,0.00524767914146295,0.00173957905858391,0.00785937842875127,0.0137226553570493,-0.00112287269907667,-1.08131933724842,0.0866301740345023,0.00441317596241675,0.0301191786657313,-1,-0.489885121583939,1,-0.16986782848835,0.0999999999999999
0.599,0.000194953856008101,-7.86011625849898e-05,0.0329806309643446,-0.000355346409546622,0.00576761658802307,0.00174311612467637,-0.00012985682163,0.0105962951904645,-0.00235096981063138,-0.357536429456802,0.862952983954686,0.00224306498351625,0.0301191786657313,-0.98195481300354,-0.928182780742645,0.258638918399811,0.289976119995117,0.0999999999999999
0.6,0.000193346144787591,-7.22944281775124e-05,0.0329798448824017,-0.000999904965146126,0.00600268802161668,0.00174648125240306,-0.00306380100785809,0.00210228208159955,0.000774492981997606,-0.826002352118586,-0.435904657293067,0.00424300681926362,0.0301191786657313,-1,-0.714490592479706,0.396115362644196,-0.148159667849541,0.0999999999999999
0.601,0.000188263255452836,-7.22470134275988e-05,0.0329825376761008,-0.00116726631599909,0.00516597665886136,0.00174890140870776,-0.00715589114162147,-0.00198287462839563,0.00458499510571636,0.517260090372343,-1.09231121312149,0.000534619868651975,0.0301191786657313,-1,-1,0.183930546045303,0.492560386657715,0.0999999999999999
0.602,0.000179508345134486,-7.92806972746594e-05,0.0329884995599155,-0.000933574186462296,0.00398103682351782,0.0017502297889882,-0.0104403345380528,-0.0120793967913754,0.00729924373589074,-0.0736233361206026,-1.07969941579461,0.0020090681070801,0.0301191786657313,-0.807136476039886,-0.650018095970154,-0.329134553670883,-0.245473951101303,0.0999999999999999
0.603,0.000169433990596797,-9.30441007226032e-05,0.0329992817709154,-0.000296863057290253,0.00271258440424565,0.00175093964832129,-0.00981663251153666,-0.0155167146571481,0.0142077548298108,1.26110276962183,-1.24539526095533,-0.00036983056486676,0.0301191786657313,-0.69630229473114,-0.238488808274269,-0.339549571275711,0.114887982606888,0.0999999999999999
0.604,0.000160035030466134,-0.000110380057766909,0.0330140366876994,0.00127767608832733,0.0017797939739998,0.00175020220566591,-0.00906512529018823,-0.0192925864021206,0.0152334263040648,1.63784456233148,-0.472362129257797,-0.000625672431627495,0.0301191786657313,0.246681496500969,0.222563564777374,-0.255493670701981,-0.860138893127441,0.0999999999999999
0.605,0.000153921873549655,-0.000127382469253164,0.0330280084881383,0.0037435052664037,0.001160363611392,0.00174869316151716,-0.00322883841067647,-0.0149224729447256,0.0126599685633093,2.87627285694761,-0.667275208403547,-0.00189511608288604,0.0301191786657313,-0.236675649881363,0.0964455306529999,-0.591586709022522,-0.729217708110809,0.0999999999999999
0.606,0.00015302947090006,-0.000141474312787322,0.0330418103079052,0.00587366000127775,0.000772125481247607,0.00174790497397437,0.00140550668718744,-0.0134369310579441,0.0148825618058484,1.03026247358696,-0.0418647601476308,0.000737382405534318,0.0301191786657313,0.0974168330430984,0.759203314781189,-0.648782014846802,-1,0.0999999999999999
0.607,0.000157962633257852,-0.000151500710559813,0.0330555855525751,0.00632328187509106,0.000766974185668208,0.00174901192024057,0.00845165435207112,-0.00668536643680058,0.012615663491831,-0.184318810565682,0.0446426548925249,0.00154619762382204,0.0301191786657313,-0.189623683691025,0.776522159576416,-0.391561925411224,-1,0.0999999999999999
0.608,0.000168278503608847,-0.000154785045392172,0.0330669890324379,0.00561621312491019,0.00135840678702852,0.00175265450676632,0.012233326778266,0.000143161608255512,0.010143543920365,-1.08673741597115,1.05293203423048,0.00536189898207738,0.0301191786657313,-0.471443980932236,1,-0.0940283089876175,-1,0.0999999999999999
0.609,0.000180796996379262,-0.000150360014757682,0.0330750605098639,0.0047251414259104,0.00307177161026382,0.00175972060238871,0.0129412311364193,0.00875037688598295,0.00597367386149357,-0.542572553886904,2.08667484109872,0.00761771278256968,0.0301191786657313,-0.644466280937195,0.463970363140106,0.0967665463685989,-1,0.0999999999999999
0.61,0.000193356252975108,-0.000138830473756532,0.0330804878960265,0.00420916481293918,0.0051811306151383,0.00176734309491566,0.0123458259091162,0.0143470854508457,0.0048619353563936,-0.423306903069949,1.77703692982636,0.00660466387855729,0.0301191786657313,-1,0.115003257989883,0.466961741447449,-0.964588284492493,0.0999999999999999
0.611,0.000203496866041435,-0.000122733749316177,0.0330857101085816,0.00362154728447321,0.00669297488134985,0.00177388642700604,0.00807284180138437,0.0179063827820412,0.00555975619210552,-0.683077878233233,0.998154549736005,0.00579920196035447,0.0301191786657313,-1,-0.24305984377861,0.861354470252991,-0.924868524074554,0.0999999999999999
0.612,0.000208425216418765,-0.00010407808242781,0.0330913378083517,0.00264883688965454,0.00721278311505321,0.00177992097103852,0.00185261831221223,0.0195025998072622,0.00567158004730055,-1.12836619388268,-0.0370731694776024,0.00573043440608675,0.0301191786657313,-1,-0.471708208322525,1,-0.850159645080566,0.0999999999999999
0.613,0.000206761634064463,-8.44459987159229e-05,0.0330970502297623,0.0013973308494952,0.00676075526691335,0.00178562497660195,-0.00520145635936768,0.0198852803464658,0.0057262979473772,-1.19272894474189,-0.784914199284974,0.00514934601386169,0.0301191786657313,-1,-0.426140069961548,0.979459047317505,-0.128493160009384,0.0999999999999999
0.614,0.000197914536058105,-6.61901047024141e-05,0.033100373572974,1.52545997490565e-06,0.0058817850809869,0.00179144409659049,-0.012543481924414,0.0167687400537452,0.000922305451144225,-1.38789331421728,-0.832615799700202,0.00580362271544231,0.0301191786657313,-1,-0.462562143802643,0.77386599779129,0.279276818037033,0.0999999999999999
0.615,0.000182115552796314,-5.20660898278587e-05,0.033098324722024,-0.00136067784475988,0.00514702429619389,0.00179714514465701,-0.0191107098523301,0.0116199814610364,-0.00498751299966697,-1.12282239270785,-0.542935981335906,0.00490244660859055,0.0301191786657313,-0.912208735942841,-0.96869432926178,0.444388628005981,0.285544753074646,0.0999999999999999
0.616,0.000160837767019293,-4.43916921308549e-05,0.0330927164611375,-0.00235940522704583,0.00452248539686785,0.00180179361528543,-0.0235150746826278,0.00384015429133202,-0.00619907873651193,-0.712182947272428,-0.644989270260527,0.00393339452910012,0.0301191786657313,-1,-1,0.540290474891663,0.265818923711777,0.0999999999999999
0.617,0.00013430631381189,-4.43472480468308e-05,0.0330861210984662,-0.00256526072088193,0.00412667010869662,0.00180418172265417,-0.0296093970268392,-0.00371120052397932,-0.00696238806863585,0.334438301043874,-0.143590506216795,0.000786016658792411,0.0301191786657313,-0.235799431800842,-1,-0.11332868039608,0.650134444236755,0.0999999999999999
0.618,0.000105887402312717,-5.30951926042933e-05,0.033077223760481,-0.00211542081915161,0.00291618373099763,0.00180614381224409,-0.0273735326639905,-0.0138173434751611,-0.0107891171440626,0.503931249499766,-2.12283320462912,0.00299975985500996,0.0301191786657313,-0.643275678157806,-1,-0.237213417887688,-0.125079482793808,0.0999999999999999
0.619,7.82976306065569e-05,-6.97130905483028e-05,0.0330687439177788,-0.00100307116386515,0.000722312972298819,0.00180849705112429,-0.0280090146930468,-0.0195066803189687,-0.0061560934679096,1.55259243231058,-1.93086017796701,0.0018004422998355,0.0301191786657313,0.205481559038162,-0.842560768127441,-0.500827729701996,0.333509624004364,0.0999999999999999
0.62,5.29874209466086e-05,-9.33525222316965e-05,0.0330611699809595,0.00029202954467923,-0.00136584727227092,0.00181034745433761,-0.0228238398718717,-0.0278776009259845,-0.00894927199367819,0.861198245658906,-1.92461801064809,0.00168751378006721,0.0301191786657313,1,-0.14261269569397,-0.476618647575378,-0.537898540496826,0.0999999999999999
0.621,3.47380156043206e-05,-0.000120776685903815,0.0330489211243048,0.00191612593049336,-0.00322780245254168,0.00181290953207736,-0.0138575737843574,-0.0271375052814494,-0.0154746872796804,2.15358673367665,-1.5019537170557,0.00358446559848789,0.0301191786657313,0.930067956447601,-0.00578529387712479,-0.895156264305115,-0.45072203874588,0.0999999999999999
0.622,2.61535434123011e-05,-0.000147870560986281,0.0330311853412394,0.004023221329878,-0.0042179720024139,0.0018171492802157,-0.00343260956900056,-0.0272479037355815,-0.0198987067527278,1.74107077751389,-0.321246565598011,0.00467744343873434,0.0301191786657313,1,0.606091022491455,-1,-1,0.0999999999999999
0.623,2.84138056946068e-05,-0.000171951194520373,0.0330092672241742,0.0059275996696725,-0.00392213746866375,0.00182377749212526,0.0079414303865886,-0.0211128696855482,-0.0238242404341776,1.77395765480467,0.860075479437646,0.00797248086032849,0.0301191786657313,1,0.847763419151306,-1,-1,0.0999999999999999
0.624,4.22323141915465e-05,-0.00018962685210007,0.0329829872821616,0.00726354069058617,-0.00275590099387707,0.00183198196030698,0.0197632043016098,-0.0143889276413832,-0.0286058835320529,0.698557220164243,1.29112887787768,0.00757363875150712,0.0301191786657313,0.709807276725769,0.968902468681335,-0.926466584205627,-1,0.0999999999999999
0.625,6.70993194992955e-05,-0.000200476805533565,0.0329525916772788,0.00724784972064709,-0.0013799546009773,0.00183900459999631,0.0300787687870097,-0.00735982844833357,-0.0320464930890902,-0.694683463239449,1.27021506387394,0.00591669386473137,0.0301191786657313,-0.013905256986618,1,-0.648572981357574,-1,0.0999999999999999
0.626,9.9555830470181e-05,-0.000204179866088075,0.0329204786613571,0.00616999609442548,0.000349380706231649,0.00184647706877783,0.03500774355859,-1.10800701549537e-06,-0.0320471003861508,-1.24990250793618,1.94848716525845,0.00822543971016617,0.0301191786657313,-0.234701931476593,0.582912564277649,-1,-1,0.0999999999999999
0.627,0.000137968474678872,-0.000201638217626736,0.0328918744778415,0.00481082543214487,0.00188177401152523,0.00185344818822797,0.0419839529201064,0.00516603849952263,-0.025066439524672,-1.22176616208072,0.932397334304092,0.00512447713647344,0.0301191786657313,-0.930677175521851,0.314534366130829,0.284780621528625,-1,0.0999999999999999
0.628,0.000177548288327714,-0.00019448373640391,0.0328696353861413,0.00389933413753173,0.00380617676094195,0.00186056895546916,0.0374065128614822,0.00920865743234575,-0.0193272674006593,-0.45147833540782,2.65170360091751,0.00799673338370795,0.0301191786657313,-1,0.290607303380966,0.610916256904602,-1,0.0999999999999999
0.629,0.000212014996518452,-0.00018317392345387,0.0328527054026822,0.00400567465679374,0.00677911454224446,0.00186778505604313,0.031825758484102,0.0134142965877497,-0.0144655973977215,0.611065952938551,2.8211539656936,0.00530453898743139,0.0301191786657313,-1,0.31695082783699,0.712126314640045,-1,0.0999999999999999
0.63,0.000241366155502228,-0.000167569268547583,0.0328404717599803,0.00486703132414719,0.00869506498292283,0.00186995555518532,0.0270845524173266,0.0177601584533745,-0.00995111306368873,0.908661741945791,0.730923880919684,-0.00097605904523249,0.0301191786657313,-1,-0.120187677443027,1,-0.676675260066986,0.0999999999999999
0.631,0.000265481970024391,-0.000150100289821781,0.0328323356015841,0.00476159418286649,0.00836207144309406,0.00187093856692488,0.0211837200087769,0.0172237251738969,-0.00628817738822162,-1.14354125591518,-1.26930710693128,0.00335364509997732,0.0301191786657313,-1,0.0263263657689095,1,-1,0.0999999999999999
0.632,0.000283665238523947,-0.000131391200931142,0.0328285420849967,0.00330116383713632,0.0067071806917806,0.00187473418316619,0.0151266135201258,0.0203249115028796,-0.00130305016711139,-1.55115248800068,-1.68026745744149,0.00409046845886305,0.0301191786657313,-1,0.43371194601059,1,-0.744614541530609,0.0999999999999999
0.633,0.000295535985548032,-0.000108663807382515,0.0328276308536138,0.00224687494318853,0.00568184511902436,0.00187813597361419,0.00859044273932297,0.0252364101650842,-0.000522630836043081,-0.422214906377421,-0.150554717815109,0.00254694449706596,0.0301191786657313,-1,-0.948141098022461,0.785717844963074,-0.225307956337929,0.0999999999999999
0.634,0.000301582689531671,-8.68286213325633e-05,0.032830848945102,0.000833486268497587,0.00630109362628306,0.00188461963683428,0.00356722253736233,0.0185894099770754,0.00693754665683033,-2.19044071507894,1.285635878887,0.0095515453086477,0.0301191786657313,-1,-0.353615641593933,0.486762970685959,-0.283297419548035,0.0999999999999999
0.635,0.000303768822301385,-6.90450194337467e-05,0.03284069860659,-0.000882515312260812,0.00755891556703933,0.00189242221206865,0.000904033750870429,0.0171389182640319,0.0127019252663965,-0.968968200233013,1.0013268834921,0.00493788742988149,0.0301191786657313,-1,-0.428637057542801,0.66276228427887,0.0248388964682817,0.0999999999999999
0.636,0.000302937634843407,-5.3575182577146e-05,0.0328548706884988,-0.00117034497413623,0.0081162192586384,0.00189471538821584,-0.00251985861553151,0.0138653586533831,0.0155728815168131,0.402508232783527,0.0108560565650416,-0.000371672820591086,0.0301191786657313,-1,-1,0.824877381324768,0.177914261817932,0.0999999999999999
0.637,0.000298219314173849,-4.36197444377365e-05,0.0328725374769556,-0.000913755008889062,0.0077029603928656,0.00189523308879513,-0.00695168099536259,0.0060588130872138,0.0196772464893729,0.0359408674316549,-0.769459374869726,0.00166196036926452,0.0301191786657313,-1,-0.937047958374023,0.88846081495285,-0.0221679508686066,0.0999999999999999
0.638,0.000288704609352389,-4.06000852371771e-05,0.032894291713192,-0.000915648986312279,0.00687180354227263,0.00189707906334391,-0.0121487333771076,-3.38359884169149e-06,0.0237269575590787,-0.047841561617577,-0.759612176433851,0.0019890191832576,0.0301191786657313,-1,-0.5250204205513,0.815740346908569,0.135740280151367,0.0999999999999999
0.639,0.000273944895785051,-4.28293662559172e-05,0.0329181950866264,-0.000769490940707187,0.0063405475134873,0.00189824873225275,-0.0173936369611633,-0.0044306790413902,0.0239700708985707,0.314458680268017,-0.244793495974173,0.00043886108195275,0.0301191786657313,-0.868421733379364,-1,0.154500395059586,-0.0503227263689041,0.0999999999999999
0.64,0.000256329802358829,-5.04719178319442e-05,0.0329457222013676,-0.000631102249002642,0.0056791562386236,0.00189944387076757,-0.017919306337178,-0.0108532367254707,0.030932791512518,-0.0433212363379786,-0.99487754782656,0.00190867872326545,0.0301191786657313,-0.983067691326141,0.249952763319016,0.588130474090576,0.169912934303284,0.0999999999999999
0.641,0.000236094531726304,-6.1319862012561e-05,0.032974200327752,0.000112970914706969,0.00511389145661722,0.0018988974315457,-0.0226288241128448,-0.0109169132039884,0.0259009903644763,1.41848818988793,-0.0817155246593909,-0.0025476116220872,0.0301191786657313,-0.538021326065063,-0.49859482049942,-0.030862657353282,0.212268680334091,0.0999999999999999
0.642,0.000214349582786108,-7.50377622724936e-05,0.0329999704915382,0.00107165623898315,0.0045031267436081,0.00189745467574109,-0.0209527795074496,-0.0166041801300621,0.0255255368431811,0.356009784420966,-1.07992075881563,-7.90336810740976e-05,0.0301191786657313,-0.487098276615143,0.0806839466094971,-0.126387238502502,-0.521782636642456,0.0999999999999999
0.643,0.000194427299338309,-9.05091517354245e-05,0.0330256749068376,0.00191595888605132,0.00310094846522671,0.00189606401337539,-0.0190354112743876,-0.0144353566007479,0.0257716785908449,1.21246864202747,-1.51276326084178,-0.00220977845109088,0.0301191786657313,-0.403798639774323,-0.0824944376945496,-0.141133219003677,-0.297019422054291,0.0999999999999999
0.644,0.000176312031739295,-0.000105343113521378,0.033050861986828,0.00280898286364408,0.00183008277114278,0.00189461435910498,-0.0173241448891737,-0.0153208647007143,0.024498178905619,0.448833074055649,-0.842511461890246,-0.000311172778598998,0.0301191786657313,-0.0794454365968704,0.249326631426811,-0.708125054836273,-0.626735329627991,0.0999999999999999
0.645,0.000162402998583354,-0.000119201673744777,0.0330751917087744,0.0033025409963943,0.000849156996730432,0.00189404281644068,-0.0106120612976583,-0.0124684128843871,0.0240611965405577,0.482798162976049,-0.973525809586023,-0.000550155152346151,0.0301191786657313,-0.0867982357740402,0.441682726144791,-0.539172291755676,-0.924061954021454,0.0999999999999999
0.646,0.000154378938121735,-0.000128851791475727,0.0330986316767673,0.00409235511678013,0.000324430783847372,0.00189425725987258,-0.00549916609979549,-0.00691624932773545,0.0227236558302566,0.975515050717061,-0.00202055574658048,0.0012543847101269,0.0301191786657313,0.238075494766235,0.185264006257057,-0.544610738754272,-0.619904339313507,0.0999999999999999
0.647,0.000152408702908437,-0.000134927484418608,0.0331192572958459,0.0044678418235826,0.000539610429954618,0.00189614638633495,0.00156587861949023,-0.0052734189210842,0.0184396420040231,-0.277789264961013,0.386775335777827,0.00246514149174569,0.0301191786657313,-0.158913806080818,0.583915591239929,-0.598585784435272,-1,0.0999999999999999
0.648,0.000156502019214788,-0.00013696109297158,0.0331367510102507,0.00433362920578251,0.00126001920253926,0.00189935486404025,0.00666140149828699,0.00119204607464477,0.0164767968675983,0.0394519163389763,0.930285412436474,0.0036139072574945,0.0301191786657313,-0.112324938178062,0.283262491226196,-0.548813819885254,-1,0.0999999999999999
0.649,0.000165884390900722,-0.000133462879458358,0.0331526828440487,0.0042660668809238,0.00211362181924429,0.00190288007704931,0.0121642449614547,0.00580394244929178,0.0153192317359732,-0.169431186667576,0.644144907455145,0.00313653893196126,0.0301191786657313,-0.491529136896133,0.551010966300964,0.089530773460865,-1,0.0999999999999999
0.65,0.000177794456728904,-0.000124450328076078,0.0331656665177899,0.0042644832769057,0.00327559459019715,0.001906994254675,0.0117596096747225,0.012212143169962,0.0106127065281534,0.143016574063033,1.49255174642307,0.00465883058019969,0.0301191786657313,-1,0.231515765190125,0.362229406833649,-0.977340877056122,0.0999999999999999
0.651,0.000187216955132327,-0.000110053704493207,0.0331754949579528,0.00414523613399836,0.00531507266243366,0.00191349426336851,0.00724900987534399,0.0166114501939261,0.00900802910036585,-0.39406464611212,2.23362736064684,0.00764514583091827,0.0301191786657313,-0.930008053779602,-0.110626310110092,0.314738988876343,-1,0.0999999999999999
0.652,0.000192970280204347,-9.20859802512797e-05,0.0331846524935229,0.00325406095523563,0.00690192894586255,0.00192138993099622,0.00438455062700097,0.0194107140122774,0.00926847915234428,-1.26618099506649,0.670263230381208,0.00742774030443086,0.0301191786657313,-1,0.260765671730042,0.124797284603119,-0.97686630487442,0.0999999999999999
0.653,0.000196435048654552,-6.99013059104194e-05,0.033193533243541,0.00226082457931776,0.0063392195778835,0.0019258577724508,0.002521317273453,0.0250514321002347,0.00845327858580455,-0.596310631848061,-1.67389997531931,0.00147065996377784,0.0301191786657313,-1,-0.798850417137146,1,-0.404808402061462,0.0999999999999999
0.654,0.000195109814317916,-4.68444795509872e-05,0.0332002884888267,0.000728400391531056,0.00491089336711594,0.00193054495289946,-0.00524549836953305,0.0212227539952771,0.00503689684351746,-2.24088281842225,-0.924522789533573,0.00711846320483138,0.0301191786657313,-1,-0.568208813667297,1,-0.0851438269019127,0.0999999999999999
0.655,0.0001857606219636,-2.73749074526516e-05,0.0332018368090215,-0.00162840364192444,0.00479271132944173,0.00193793130747011,-0.0134520963215247,0.0179227631645257,-0.00192073515126762,-2.09136905888816,0.680758516162587,0.00632835478037476,0.0301191786657313,-0.88609379529953,-1,0.139637485146523,0.670187592506409,0.0999999999999999
0.656,0.000171219570354914,-1.43605133499058e-05,0.0331977060932262,-0.00384987026985069,0.00512042982131271,0.0019450835686361,-0.01563315142807,0.00830642591859249,-0.00630244463847585,-1.97788578700688,-0.119147691574975,0.0072511626398083,0.0301191786657313,-1,-1,0.320251226425171,0.447777450084686,0.0999999999999999
0.657,0.000153493678623082,-9.82200022371204e-06,0.0331897855979341,-0.00474793773514114,0.00477494819317543,0.00194990506203663,-0.0198638838327828,0.000864766529050292,-0.00949162950675957,0.326230988052469,-0.551970597474936,0.00205635379037605,0.0301191786657313,-0.822312951087952,-1,-0.0832654237747192,0.558333039283752,0.0999999999999999
0.658,0.000133125627205997,-1.30376269368028e-05,0.0331791181288514,-0.00340297780235252,0.00360214497224913,0.00195098236527125,-0.0209887632922595,-0.00736829590982931,-0.0117964088662923,2.11867634331847,-1.62720326403086,0.000343193611511504,0.0301191786657313,-0.458596527576447,-1,0.216271817684174,1,0.0999999999999999
0.659,0.000111408992544029,-2.62604492747351e-05,0.0331628221429384,-0.0015851535531833,0.00193284836387336,0.00195188110143807,-0.0225938673173939,-0.0191864456895169,-0.020705104898557,1.22066911704356,-1.46249149535312,0.00146180396515205,0.0301191786657313,0.144742503762245,-0.636852383613586,-0.497161656618118,0.0768244192004204,0.0999999999999999
0.66,9.17728101382775e-05,-4.76867335378242e-05,0.0331398925572747,-0.000178955479484961,-7.54942337287407e-05,0.00195354922180035,-0.0168744858065846,-0.0237865611372627,-0.0250379312965232,1.38716775447591,-2.23233700618902,0.00175989212427431,0.0301191786657313,0.23630702495575,-0.276132047176361,-0.974395751953125,0.117309510707855,0.0999999999999999
0.661,7.91099728848627e-05,-7.31353489320244e-05,0.0331128928808011,0.00110280866737216,-0.00233916705719664,0.00195526419175396,-0.00865384168315683,-0.0272389943881465,-0.0288278575901714,1.00629634432876,-1.91207854497945,0.00161865259373236,0.0301191786657313,0.6473228931427,0.242491483688354,-0.960784077644348,-1,0.0999999999999999
0.662,7.54649168549721e-05,-9.72992916077977e-05,0.0330830675971609,0.00303026377870277,-0.00361725691279179,0.00195890713720148,0.00125589755652894,-0.021277673370723,-0.030681471163111,2.55032362244923,-0.419298384242878,0.00584480913610099,0.0301191786657313,1,0.198009595274925,-1,-0.834190547466278,0.0999999999999999
0.663,8.28357588049398e-05,-0.000116740767705148,0.0330504297415332,0.00523940407716316,-0.00335536550257305,0.00196551597682904,0.0134876383923402,-0.017803447906079,-0.0344395589697428,1.50947191234072,0.910554201923617,0.00688991685501514,0.0301191786657313,0.497264921665192,0.854856610298157,-1,-1,0.0999999999999999
0.664,0.000101090250408046,-0.000130582663007151,0.0330145575989953,0.00631789171768629,-0.00161431194051627,0.00197431408644455,0.02314416305941,-0.0100092038243432,-0.037142805633946,0.485462193467331,2.29173255398155,0.00987748216641725,0.0301191786657313,-0.159942045807838,0.82434743642807,-0.756838142871857,-1,0.0999999999999999
0.665,0.00012671965269248,-0.000136940095580806,0.0329778704068832,0.00605356995483982,0.00131970525468585,0.00198613538865056,0.0283549751263876,-0.00271820785263498,-0.0360801640437399,-0.945916552304629,3.09370073464056,0.0124735370963613,0.0301191786657313,-0.448354005813599,0.893432259559631,-0.1999551653862,-1,0.0999999999999999
0.666,0.00015565834557989,-0.000135656213232728,0.0329416770933155,0.00482848731911685,0.00436580064766212,0.00199882048925071,0.0297850970923072,0.00534870201238498,-0.0361520841452132,-1.27915345729133,2.50752158739517,0.0112315663099302,0.0301191786657313,-1,0.193681657314301,0.140100508928299,-1,0.0999999999999999
0.667,0.000183935142341211,-0.000128247422738412,0.0329087935054514,0.00330248215038507,0.00635784048333327,0.00200952167187873,0.0269733618575735,0.00957396454440047,-0.0294910097229737,-1.50750369230434,1.18145807033454,0.00894461077678147,0.0301191786657313,-1,0.172164589166641,0.59246701002121,-1,0.0999999999999999
0.668,0.000208431201002693,-0.000116312781431825,0.0328816486394015,0.00228026465182575,0.00683469378119838,0.00201559758272341,0.0221215831095289,0.0143739826688594,-0.0246952107014659,-0.381375513103488,-0.24992427300325,0.0026890600196202,0.0301191786657313,-1,-0.346037775278091,1,-0.730722546577454,0.0999999999999999
0.669,0.000226947125178246,-0.000101874204045537,0.0328591349830624,0.00192451542640393,0.00640403141462183,0.00201797765779732,0.0149324415615621,0.0145581182850739,-0.0202388520695466,-0.301128446769665,-0.482920812814558,0.00212290113674315,0.0301191786657313,-1,-0.0768288373947144,1,-0.722389757633209,0.0999999999999999
0.67,0.000238274284850536,-8.62573838160199e-05,0.0328404859861834,0.0019410347853107,0.00611326742918982,0.00201920537210176,0.00774358111749269,0.0167037464560972,-0.0169841655529167,0.288617891727135,-0.0165032340071121,0.000589166225782026,0.0301191786657313,-1,-0.459436476230621,0.681993663311005,-0.435784488916397,0.0999999999999999
0.671,0.000243474458811354,-7.05669332599086e-05,0.0328265975305224,0.00174009049927005,0.00613045534000646,0.00202146872718867,0.00267226637096139,0.0147264217488654,-0.0107329276534788,-0.692854771532169,0.0603445194097696,0.00395518956676141,0.0301191786657313,-1,-0.780031025409698,0.80440890789032,-0.804862558841705,0.0999999999999999
0.672,0.000243265025913924,-5.64951980261311e-05,0.0328209622609469,0.000765572782196028,0.00632493756498197,0.00202648214444157,-0.00305466078166521,0.0135188094387186,-0.000553647922411633,-1.1066817715188,0.290202368084988,0.00552392348239856,0.0301191786657313,-1,-0.687590599060059,0.87400496006012,-0.0888462960720062,0.0999999999999999
0.673,0.000237107426696728,-4.53294602367719e-05,0.032822722332806,-0.000680732388950433,0.00666563460484521,0.00203321359355835,-0.00923269093425988,0.00894879634708232,0.00405506641921481,-1.54128517144195,0.311491128578071,0.00707811297000238,0.0301191786657313,-1,-0.749338686466217,0.446712791919708,-0.352203637361526,0.0999999999999999
0.674,0.000226161224650651,-3.77301187892762e-05,0.0328314214372973,-0.00164600602926512,0.00641240125596465,0.0020385392311244,-0.0126936871795503,0.00633890866255552,0.0132820152225062,-0.229934351454744,-0.794667160970765,0.00310722683052574,0.0301191786657313,-1,-0.910184621810913,0.461491078138351,0.721908509731293,0.0999999999999999
0.675,0.0002114611847679,-3.65545493936123e-05,0.0328462205851131,-0.00214787655010313,0.005319595746223,0.00204284356910067,-0.0167966232702382,-0.00390851014184625,0.0162373053902254,-0.681257313550461,-1.22031626184752,0.00500322654631466,0.0301191786657313,-1,-0.648157477378845,0.771466970443726,-0.0281541496515274,0.0999999999999999
0.676,0.000191348800076475,-4.22739421737492e-05,0.0328643483056431,-0.00188194481188143,0.00459056424616029,0.00204466757793309,-0.0235009395080793,-0.00754897226818131,0.0199221002846197,1.17086255493114,-0.155328834720303,-0.00119321422244899,0.0301191786657313,-0.417397946119308,-1,-0.0166148319840431,0.743715286254883,0.0999999999999999
0.677,0.000168676400203553,-5.54274378563352e-05,0.0328851065374931,-0.00114714762901583,0.0037686601115327,0.00204509626580052,-0.0219535858587143,-0.0188119817319087,0.021495388219598,0.195335051832421,-1.38965262973369,0.00205986485917067,0.0301191786657313,-0.359684765338898,-0.736947000026703,0.490736305713654,0.0756844654679298,0.0999999999999999
0.678,0.000145742141296554,-7.70620844902544e-05,0.0329066691250858,-0.000669625301855241,0.0025890282406627,0.00204652784630532,-0.0240368874559466,-0.0245111871797992,0.0215308718038523,0.722996102874052,-0.810349595492701,0.000863976157330728,0.0301191786657313,0.544582426548004,-0.0647722780704498,0.0133189857006073,-0.0943192914128304,0.0999999999999999
0.679,0.000124764019043595,-0.000101978406793535,0.0329249748169003,0.000899278421661672,0.0011330062303666,0.00204647406938196,-0.018077730044342,-0.0254782349699141,0.0150164152283273,2.18221082493482,-1.88175099197216,-0.000684180176805456,0.0301191786657313,0.0250531733036041,-0.120772674679756,-0.546537280082703,-0.489838063716888,0.0999999999999999
0.68,0.000109414340418067,-0.000127352977971382,0.0329414263789199,0.0033365240010157,-0.00065911217246737,0.00204580521553499,-0.0127849997668195,-0.0254908695182753,0.0178141502428631,2.30051876993429,-1.4081150202708,-0.000144901330919383,0.0301191786657313,0.259618490934372,0.291306674480438,-0.684534966945648,-0.755455613136292,0.0999999999999999
0.681,0.000100141190660803,-0.000151216309873406,0.0329597121667973,0.00540553742448418,-0.00157344375823532,0.00204663424805318,-0.00585606429113983,-0.02243214088463,0.0186828280321079,1.51513079398839,-0.277334737143111,0.00208769618385045,0.0301191786657313,0.859355568885803,0.970406949520111,-1,-1,0.0999999999999999
0.682,0.000100551613945687,-0.000169567861898077,0.0329763993791755,0.00675007557202894,-0.00193105967409044,0.00204830763966291,0.00659990116647839,-0.0144350053292824,0.0146429931656577,0.974413428415932,-0.370999703987206,0.00126582350579797,0.0301191786657313,0.734809994697571,1,-0.659729838371277,-1,0.0999999999999999
0.683,0.000111887252269385,-0.000180148697776426,0.0329880998795248,0.00711217260262984,-0.00174868783311008,0.00205103562385212,0.0160798767503087,-0.00679577492954011,0.00872400414379087,-0.28547232016811,0.727414799801234,0.00417743884457912,0.0301191786657313,0.287092983722687,1,-0.917952418327332,-1,0.0999999999999999
0.684,0.00013230673073839,-0.000183159451077141,0.0329959808175667,0.00630543944151402,-0.000500027028657715,0.00205678585266167,0.0248637845698349,0.000803418957574048,0.00699938687892188,-1.16595376670036,1.58763772355583,0.00678693738251012,0.0301191786657313,-0.268627732992172,0.809499442577362,-0.712860345840454,-1,0.0999999999999999
0.685,0.000159548411760338,-0.000178984930832494,0.0330037342240006,0.00501464793251233,0.00164484904631401,0.00206536872229979,0.0298079553105607,0.00762532662034445,0.00846122370783165,-1.18491540581397,2.37237864027384,0.00920286613662803,0.0301191786657313,-0.682372570037842,0.650658249855042,0.0673606768250465,-1,0.0999999999999999
0.686,0.000188598297707053,-0.000168195094380403,0.033012213272328,0.00417946211044653,0.00460148529869472,0.00207556727564251,0.0285552201276732,0.0140138971881245,0.00845952271705726,-0.359275083148768,3.06504471874197,0.00952978369345735,0.0301191786657313,-1,0.082861140370369,0.690427124500275,-1,0.0999999999999999
0.687,0.000214221088359558,-0.000152610336063526,0.0330214440050134,0.00385997850001695,0.00765742330998493,0.00208496240927225,0.0229719873418248,0.017198405708322,0.00996447812082192,-0.259239907543361,2.54910514579057,0.00808999096199764,0.0301191786657313,-1,0.303961783647537,0.957519829273224,-0.895200967788696,0.0999999999999999
0.688,0.000234095863865329,-0.000133302507334798,0.033030232734382,0.0037784727249172,0.00915844646481636,0.00209007419855389,0.0169440786127461,0.0214476157318764,0.00758935402522376,0.0613036445948596,0.235787114265204,0.00182115417604404,0.0301191786657313,-1,-0.249115467071533,1,-0.720435321331024,0.0999999999999999
0.689,0.000248086366888932,-0.000111905441509232,0.0330375785008219,0.00322475375803106,0.00815888546948164,0.00209244285504484,0.0110031856322166,0.0214294730322241,0.00706730077860117,-1.12000293713613,-2.00926316920626,0.00312320155615393,0.0301191786657313,-1,-0.304416388273239,1,-1,0.0999999999999999
0.69,0.000255900456523034,-8.94999327348045e-05,0.0330453544070107,0.00201606197410975,0.00589403868090652,0.00209551871858871,0.00451038735201435,0.0235015428930875,0.00843861404238389,-1.13226053092133,-2.08058634888145,0.0030252435405305,0.0301191786657313,-1,-0.943301916122437,1,-0.43780779838562,0.0999999999999999
0.691,0.00025684591079389,-6.84320185293885e-05,0.033054581149437,0.000198360888137541,0.00474853524977739,0.00210130056124314,-0.00267154523803282,0.0188144658864042,0.00996985781747078,-2.21725161835933,-0.000941423244174868,0.00740990553693468,0.0301191786657313,-1,-0.825698018074036,0.828615128993988,-0.108852118253708,0.0999999999999999
0.692,0.000251042648968442,-5.21897602661321e-05,0.0330643342416004,-0.00192036397384168,0.00573873979884407,0.00210814482720423,-0.0088613767802719,0.0138620014809073,0.0095015705085761,-1.66955684671636,1.77716967242457,0.00500718336606804,0.0301191786657313,-1,-0.63436758518219,0.148971229791641,0.213556870818138,0.0999999999999999
0.693,0.000241399576468124,-4.08631462321547e-05,0.0330739757090993,-0.00273522965086256,0.00704664154600335,0.00211083138091928,-0.0103545239737876,0.00888670657555318,0.00974387788821645,0.15540209661231,0.577733180340648,0.00018033493216878,0.0301191786657313,-1,-1,0.870208263397217,1,0.0999999999999999
0.694,0.000228078822369289,-3.8014122084533e-05,0.0330802212942457,-0.0026974944113302,0.00728817488234764,0.00211197416461006,-0.0162880183135992,-0.00316253212382174,0.00273384298481455,-0.0940291420377332,-0.171912124267945,0.00227842571001502,0.0301191786657313,-1,-1,0.0497331917285919,0.52128666639328,0.0999999999999999
0.695,0.00021130598786782,-4.57192667008018e-05,0.0330834102254477,-0.00246650519280732,0.00595026389642327,0.00211472083480801,-0.0173804189775617,-0.0122602936964706,0.0036242234675625,0.530783428909019,-2.2936816632934,0.00303634834930891,0.0301191786657313,-1,-0.707934975624084,0.626414179801941,-0.0566937625408173,0.0999999999999999
0.696,0.000191151630341645,-5.99503955517937e-05,0.0330865593165947,-0.00100903554002653,0.00392016464381009,0.00211481697091154,-0.0230865531736885,-0.0163148051740844,0.00265519743812496,2.14395264694389,-1.44587367586161,-0.00212285602577343,0.0301191786657313,-0.101700037717819,-1,-0.315056920051575,0.235528528690338,0.0999999999999999
0.697,0.000170603064472164,-8.05402125013832e-05,0.0330886924303353,0.000649146746170992,0.00185298806549444,0.00211369432962405,-0.0182103359377224,-0.0249861554328011,0.00160278108211545,0.923166705941452,-2.35639982923885,-0.000100439104345646,0.0301191786657313,-0.22658471763134,-0.298256725072861,-0.445612788200378,-0.713710069656372,0.0999999999999999
0.698,0.000154392912145703,-0.000105003280623242,0.033091363132589,0.00206255360938784,-7.82743991155424e-05,0.00211354574707423,-0.0143788571975799,-0.0240879049086136,0.00372776411176504,1.70242520258861,-1.19150612988467,0.000401264777704857,0.0301191786657313,0.399418503046036,0.555152714252472,-1,-0.834287762641907,0.0999999999999999
0.699,0.000145318481402901,-0.000125982834649934,0.0330935975290648,0.00443131596263442,-0.0012040070228968,0.00211422008868878,-0.00388359838760819,-0.0180854173313523,0.000747435803830096,2.64931629432454,-0.877243306587501,0.00129075454282904,0.0301191786657313,0.420684188604355,0.217044413089752,-0.880807399749756,-1,0.0999999999999999
0.7,0.000146226829564932,-0.000142107672862848,0.0330939970309585,0.00637419227362563,-0.00146265480967122,0.00211674592282529,0.00565702728361089,-0.014338081169644,5.73292873912574e-05,0.924827945667001,0.405156231296434,0.00384276775076001,0.0301191786657313,0.414005190134048,1,-0.820305824279785,-1,0.0999999999999999
0.701,0.000156512599145677,-0.000152375577878873,0.0330911348293881,0.00671180087957599,-0.000440884284542022,0.00212242662237916,0.0149715682427715,-0.0062702547059998,-0.00575102806260173,-0.28083293339484,1.4719660320897,0.00704143274095966,0.0301191786657313,-0.0106075331568718,1,-0.837844789028168,-1,0.0999999999999999
0.702,0.000175177969432126,-0.00015462783219643,0.0330839187889648,0.00593481841436939,0.00138919415408448,0.00213078208700779,0.0225015085965291,0.00179361270103644,-0.00865063940861088,-1.12070109120628,1.89682900389056,0.00872302916304083,0.0301191786657313,-0.452247530221939,0.684376776218414,-0.203169927000999,-1,0.0999999999999999
0.703,0.000198504944432121,-0.000149596060198767,0.033074306876449,0.004575462733009,0.00373937706175858,0.00214114322487724,0.0243520980482974,0.00835095305923086,-0.0105309085212056,-1.35857283370741,2.4280457187373,0.0105700668790091,0.0301191786657313,-0.83713698387146,0.257790774106979,0.0356936454772949,-1,0.0999999999999999
0.704,0.000222357939465762,-0.000139035933743166,0.0330647546577681,0.00327470631171134,0.00605231837794759,0.00215130845214162,0.0235605586690406,0.0128622153821382,-0.00853966637534235,-1.03137142185195,1.83555583468123,0.00841864943854171,0.0301191786657313,-1,-0.0798848420381546,0.251678347587585,-1,0.0999999999999999
0.705,0.000244782835757888,-0.000124726740976002,0.0330582216652255,0.00251506715623524,0.00720772216946595,0.00215765130534029,0.0214230747353667,0.0158258276252003,-0.00451257222070505,-0.386360865025832,0.324963442883264,0.00369607812897568,0.0301191786657313,-1,-0.416998237371445,1,-0.324712961912155,0.0999999999999999
0.706,0.000262957224988772,-0.000110427874856731,0.0330523891729433,0.00169223026353137,0.00735713023245308,0.00216286654406828,0.015018553256671,0.0128769325324923,-0.00710706617995357,-1.1382051293277,-0.00456632935154823,0.00630917602708487,0.0301191786657313,-1,-0.742505013942719,1,-0.836298286914825,0.0999999999999999
0.707,0.000274904077133073,-9.82039394419492e-05,0.0330466954705752,0.000719019482251486,0.00726047992863076,0.00216844359794877,0.00889503725383067,0.0116610604164549,-0.00425490249803002,-0.659028327637989,-0.139898248610539,0.00429503085626215,0.0301191786657313,-1,-0.216777682304382,0.793916463851929,-0.647989511489868,0.0999999999999999
0.708,0.000281374602802675,-8.59126776850899e-05,0.033042312766303,0.00084808688329596,0.00699516295592433,0.00216959529923022,0.00405128751183032,0.0129367785639932,-0.00449155920786956,0.858681994385662,-0.324719746805242,-0.00170449071827813,0.0301191786657313,-1,-0.532563984394073,0.681374967098236,0.31350913643837,0.0999999999999999
0.709,0.000283295187053016,-7.63959575080074e-05,0.0330360307275161,0.000975845995157633,0.0066512012586635,0.00217063120937677,-0.000221706998326787,0.0061194494926579,-0.00803937107679288,-0.648729507963733,-0.295089827987366,0.00393720120665203,0.0301191786657313,-1,-0.512614488601685,0.595537126064301,-0.339391648769379,0.0999999999999999
0.71,0.000281184429083571,-7.14642565479148e-05,0.0330285681926621,0.000322486150889042,0.00642104651782199,0.00217461113667472,-0.00400702055706645,0.00380545836842979,-0.0068572511022157,-0.550068383106616,-0.128760300683032,0.00364223147800875,0.0301191786657313,-1,-0.730557084083557,0.753340840339661,-0.387921690940857,0.0999999999999999
0.711,0.000274749790561866,-6.9241027683953e-05,0.0330227355901712,-9.95180996684873e-05,0.00655676590849978,0.00217782412773193,-0.00885146887495669,0.000683787700204453,-0.00478847014781961,-0.222080731008233,0.356342027963555,0.00250548504354841,0.0301191786657313,-1,-0.597295463085175,0.697631418704987,-0.231837600469589,0.0999999999999999
0.712,0.000263632852428453,-7.01471267885687e-05,0.0330182993477045,-6.39227476662339e-05,0.00692098761380912,0.00217938657813299,-0.013370285650534,-0.00249219837926358,-0.00406591098830685,0.287772271385618,0.275502709067566,0.000629210638892765,0.0301191786657313,-1,-0.680695831775665,0.58271586894989,-0.499082624912262,0.0999999999999999
0.713,0.000248350966081772,-7.37036891998966e-05,0.0330161008925793,0.000544228686564671,0.00683924742414865,0.00217877922629128,-0.0172245947347983,-0.00466464081531848,-0.000329848312618313,0.823493188187774,-0.461836487501878,-0.00148507555013578,0.0301191786657313,-1,-1,0.63656622171402,-0.217925697565079,0.0999999999999999
0.714,0.000228869679375202,-8.14985202921692e-05,0.0330175884444079,0.000798505005547808,0.00612152390478794,0.00217926083474929,-0.0218184977660166,-0.0109444545826005,0.00328695161801971,-0.339767741852532,-0.889242512308041,0.00248680378151217,0.0301191786657313,-0.768901407718658,-0.419673830270767,0.10449493676424,-0.376446127891541,0.0999999999999999
0.715,0.000206878501166061,-9.32865619456753e-05,0.0330222238479893,0.000676468397225738,0.00460385151162847,0.00218083070276398,-0.0223118881710824,-0.0126448910413695,0.0059549839627821,0.146455428049335,-1.91786889887784,0.000666448805879303,0.0301191786657313,-0.652661442756653,-0.263991415500641,0.0830269083380699,-0.263493865728378,0.0999999999999999
0.716,0.000184325718377402,-0.000106731682694907,0.0330282944669114,0.00114134545498871,0.00273172593157556,0.00218083241110101,-0.0229658223630578,-0.0143008325024762,0.00615745680870898,0.728889876648107,-1.53742655822666,-0.000304115639079498,0.0301191786657313,-0.582153797149658,-0.00145593285560608,-0.161260589957237,0.0272190570831299,0.0999999999999999
0.717,0.00016162420662051,-0.000122139026714469,0.0330332694797224,0.00193073630764456,0.00168214139660976,0.00218082581510215,-0.0225556027527743,-0.0165955467934073,0.00377526370154693,0.743003952556683,-0.428409926005565,0.000607287084866895,0.0301191786657313,-0.0203073620796204,-0.0272765606641769,-0.643793344497681,-0.457527041435242,0.0999999999999999
0.718,0.000142370266265822,-0.000138650512158851,0.0330371347648076,0.00283874278818304,0.00100918487520409,0.00218099994850363,-0.0160686276792346,-0.0165240180493208,0.00394082093529791,0.945885683911281,-0.840457606679489,-8.44667299686166e-05,0.0301191786657313,0.393483400344849,0.0396440923213959,-0.486810207366943,-0.9823317527771,0.0999999999999999
0.719,0.00013014682034414,-0.000153502219921814,0.0330407870124466,0.0040831963080415,-5.2910700439992e-07,0.00218050380458745,-0.00849118707719253,-0.0133015588878901,0.00335448992026496,1.34908761345108,-1.02294489776342,-0.000542802593863852,0.0301191786657313,-0.00972845405340195,0.131455957889557,-0.728131413459778,-0.73553192615509,0.0999999999999999
0.72,0.00012472493371232,-0.000165982368778558,0.0330447809733222,0.00499707487105477,-0.000592131330852749,0.00218095343749258,-0.00241473028451395,-0.0117494168839144,0.0046165822744245,0.343216724126947,-0.0669009494252285,0.0016768959111098,0.0301191786657313,0.207282215356827,0.664421439170837,-0.745549082756042,-1,0.0999999999999999
0.721,0.000126047141435452,-0.000174574818611608,0.0330485530542785,0.0054023248187807,-0.000319407131877154,0.00218360122443917,0.005050110325451,-0.0055064701171587,0.00291878770109563,0.413890621248581,0.561994534046156,0.00348267450227651,0.0301191786657313,0.335004478693008,0.785625100135803,-0.62995833158493,-1,0.0999999999999999
0.722,0.000134981266958988,-0.000176658930318291,0.0330494455222831,0.00581697579777109,0.000355961792050275,0.00218742842221298,0.0128528052353835,0.00128060604502029,-0.00112355745288817,0.344563042170049,0.686056650380332,0.00386634223271847,0.0301191786657313,-0.193399295210838,0.647066116333008,-0.356615096330643,-1,0.0999999999999999
0.723,0.000149404510548391,-0.000172472167733154,0.0330475583138647,0.00584106398728285,0.0015656759564778,0.00219310325684585,0.016095910876653,0.00708396192263274,-0.00264033525368898,-0.309271303832253,1.54389467241699,0.00695429226361472,0.0301191786657313,-0.69155740737915,0.72131884098053,-0.170274138450623,-1,0.0999999999999999
0.724,0.000165293797598241,-0.000162176677648394,0.0330449629564176,0.00533425672922132,0.00357323374916487,0.0022017425290306,0.0158505616169173,0.0135395238752109,-0.00254085775316071,-0.634969352004478,2.13838607133202,0.00923944755161569,0.0301191786657313,-0.933613538742065,0.183655440807343,0.102700427174568,-1,0.0999999999999999
0.725,0.000179837522979063,-0.000146916519879404,0.0330440915233628,0.00425499348571425,0.00561770437572075,0.00221177613378742,0.013413008331807,0.0170729107391516,0.000790389550282482,-1.35910957551991,1.61188000418978,0.0096992384092012,0.0301191786657313,-1,-0.0431747362017632,0.571979224681854,-0.832379281520844,0.0999999999999999
0.726,0.000190690341262319,-0.000129000813663059,0.0330454837321202,0.00266794653841952,0.00676892643894621,0.00222129841775587,0.00841113007675278,0.01889524429082,0.0019850259136786,-1.56638857153455,0.51074451905599,0.00832990362319099,0.0301191786657313,-1,-0.0893366560339928,1,-0.871930837631226,0.0999999999999999
0.727,0.000195400762083967,-0.000108848995259871,0.0330470020110931,0.0015734357546832,0.00687644981230361,0.00222736770282994,0.00105583083352625,0.0215131845224112,0.0010480318504701,-0.476285379802317,-0.299497432155919,0.00332303765079134,0.0301191786657313,-1,-0.758913338184357,0.812025189399719,-0.195941731333733,0.0999999999999999
0.728,0.000193331950781077,-9.00499529169919e-05,0.0330480784457087,0.000611994176304315,0.00611271270182284,0.00223213187367399,-0.00523004426129179,0.0162054061996234,0.0011001402893823,-1.31397409952188,-1.08828023623395,0.00582700920855086,0.0301191786657313,-1,-0.513090014457703,1,-0.091179147362709,0.0999999999999999
0.729,0.000184153936578994,-7.57704075510283e-05,0.0330475123338019,-0.000549792092230103,0.00522353734452073,0.00223749597426481,-0.0131772721402174,0.0124741676542368,-0.00221939439300256,-0.833516708852881,-0.550537121047484,0.00434066059538474,0.0301191786657313,-1,-1,0.3687424659729,0.324690699577332,0.0999999999999999
0.73,0.000168805980653229,-6.78085384525223e-05,0.0330458019063113,-0.00160972870783065,0.00458347825417403,0.00224250400421822,-0.0175765219265971,0.00357344146048627,-0.00119657795407962,-1.10956860095954,-0.649566809916797,0.00514783438365742,0.0301191786657313,-0.967312276363373,-1,0.480401039123535,0.195118948817253,0.0999999999999999
0.731,0.000148577884799395,-6.80944052810153e-05,0.0330450950775131,-0.00228922368683024,0.00413607108368811,0.0022464084384568,-0.022934575169967,-0.0040741472672233,-0.000217776977103887,-0.126890209920258,-0.215560605002743,0.00235079396090366,0.0301191786657313,-0.832039177417755,-1,-0.30644103884697,0.584626734256744,0.0999999999999999
0.732,0.000125679555770926,-7.72093533065697e-05,0.0330461404978475,-0.00213213386668236,0.00331304595781696,0.0022489082525583,-0.0229661025126202,-0.0141628393051984,0.00229605941950774,0.433507720876446,-1.33339818751328,0.00257059818666618,0.0301191786657313,-0.282401084899902,-0.859043478965759,-0.0529821664094925,0.330531895160675,0.0999999999999999
0.733,0.000103311481463806,-9.53202480479921e-05,0.0330474853642602,-0.00116185556583267,0.00157360559036091,0.00225108732308499,-0.0219385396968364,-0.0221288558741371,0.000391513709462884,1.3688656924118,-1.87860434625123,0.00182330586319325,0.0301191786657313,0.235859215259552,-0.90211421251297,-0.83025074005127,0.0106517486274242,0.0999999999999999
0.734,8.55551492434911e-05,-0.000120902359286675,0.0330488295391096,0.000469531812601719,-0.00102580214372,0.00225305840124168,-0.0138082992128453,-0.0291793762897591,0.00228653507685973,1.65546216665839,-2.88228961297666,0.00199674496026783,0.0301191786657313,0.119623988866806,-0.275674790143967,-0.791993319988251,-0.513974189758301,0.0999999999999999
0.735,7.48041281602259e-05,-0.000150416306901836,0.0330520155291314,0.00271059887048965,-0.00312374310207401,0.00225616335202172,-0.00786990793098313,-0.0300596160846199,0.00407201819973115,2.48407696239835,-0.95794291705209,0.004645750364264,0.0301191786657313,1,0.0726651251316071,-1,-1,0.0999999999999999
0.736,7.30967799604416e-05,-0.000178825968642589,0.0330553025577594,0.00544310810127685,-0.00357806727459217,0.00226226722321865,0.0043749463457684,-0.0270119863864105,0.0025004009158941,2.54840308002612,0.123441594945542,0.00718915922376602,0.0301191786657313,0.824501156806946,0.950522541999817,-1,-1,0.0999999999999999
0.737,8.30774882210055e-05,-0.000202116423149803,0.0330548487898843,0.00782399163980327,-0.00274637101017556,0.00227159010969791,0.0156240807778142,-0.0198039871775136,-0.00338056934940057,1.83358404025501,1.40534807315305,0.0106230847606709,0.0301191786657313,0.698616087436676,1,-1,-1,0.0999999999999999
0.738,0.00010424050120101,-0.000218575382797606,0.0330487952146387,0.00860847426557683,-0.00107249833044576,0.00228217012982634,0.0268160757176834,-0.0132260751297714,-0.00868511861083587,-0.358136268769653,1.68598732186678,0.00961533845765038,0.0301191786657313,0.311721652746201,1,-0.336633443832397,-1,0.0999999999999999
0.739,0.000133770737075101,-0.00022854850621851,0.0330366774011051,0.00729532885406839,0.0010859763778119,0.00229371879917917,0.0324411252691185,-0.00666612401560075,-0.0154938012912598,-1.99382645206184,2.30510945478475,0.0122907740916022,0.0301191786657313,-0.522527515888214,1,-0.505340814590454,-1,0.0999999999999999
0.74,0.000167481761728984,-0.000231707295282867,0.0330210905574074,0.00533631312409213,0.0034535488001979,0.00230618040809816,0.0352010267658656,0.000451880315160796,-0.0156196575341738,-1.55369103090801,2.07947831211231,0.0109088278160167,0.0301191786657313,-1,0.537194728851318,0.145312622189522,-1,0.0999999999999999
0.741,0.00020105486250211,-0.000228873003411772,0.0330065105423605,0.00432107084192909,0.00566552836938135,0.00231619486738444,0.0321747072322816,0.00527509143949253,-0.0134817600836474,-0.29984142950539,2.0201489529826,0.00759486679312151,0.0301191786657313,-1,0.0776673555374146,0.27950656414032,-1,0.0999999999999999
0.742,0.000231814356381965,-0.000222524894035035,0.0329952646281212,0.00441186447928887,0.00705487513313623,0.0023209786470102,0.0295158075850758,0.00742038028835808,-0.00897491449084565,0.445240498459756,0.583305540147144,0.00158362946202298,0.0301191786657313,-1,0.619810402393341,0.72602766752243,-0.784425973892212,0.0999999999999999
0.743,0.000258843673579641,-0.000212998578724042,0.032984920494175,0.00532680518099319,0.00717121061952045,0.00231953822885922,0.0246209703200297,0.0115807437426505,-0.0116590851520905,1.18606988232815,-0.301008291077816,-0.00363469724582016,0.0301191786657313,-1,0.444339990615845,1,-1,0.0999999999999999
0.744,0.000280272482098795,-0.000199313557320465,0.0329724460998351,0.00634209746544953,0.0069129473883167,0.00231670350240964,0.0182766771449714,0.0157435850607762,-0.0132305725341356,0.621122230460336,-0.113729050968174,-0.000844383505796189,0.0301191786657313,-1,0.00355271622538567,1,-1,0.0999999999999999
0.745,0.000295478275174259,-0.000182903311333688,0.032959935685874,0.00588470408411817,0.00706482281673854,0.00232087301595607,0.0121837930946061,0.0171416902181606,-0.0117361028907347,-1.49149375405093,0.427504919142001,0.00905386164354325,0.0301191786657313,-1,0.208583012223244,0.634791016578674,-1,0.0999999999999999
0.746,0.000305881821201275,-0.000164122367387815,0.0329495632832363,0.00397414203932034,0.00735363759453828,0.0023311743653367,0.00867870553854943,0.0205757425384916,-0.00897712385322444,-2.02019261085925,0.124520500384384,0.0103192029076459,0.0301191786657313,-1,-0.382274210453033,0.765965640544891,-1,0.0999999999999999
0.747,0.000312493740761636,-0.000143261509620951,0.032943505487441,0.00193226829120486,0.00742052429428142,0.00234147578378963,0.00457948657651252,0.0213238930334383,-0.00313492321890174,-1.73809780014675,0.0147528574930005,0.00899341225697167,0.0301191786657313,-1,-0.12634551525116,0.369776725769043,-0.815494418144226,0.0999999999999999
0.748,0.000316282398604582,-0.000120940425336015,0.0329431534609897,0.00106936774920782,0.00705299878504908,0.00234663406188895,0.002982544049437,0.0234241338870431,0.00242619339270627,0.115424468956241,-0.669975949128349,0.00108714118940147,0.0301191786657313,-1,-0.950320243835449,1,0.137772336602211,0.0999999999999999
0.749,0.000316382482406369,-0.000101938349086109,0.0329459434805982,0.000478453047829392,0.00689644919450669,0.00235066485624014,-0.00278792958110854,0.0146690341504011,0.00314411574377218,-1.23456373571151,0.386267744000721,0.00667621866409441,0.0301191786657313,-1,-0.873886525630951,0.508174061775208,-0.644580543041229,0.0999999999999999
0.75,0.000312332340219804,-8.86813996041887e-05,0.0329531894183368,-0.000306753593294656,0.00722605712051479,0.00235561289293296,-0.0052916066881502,0.0119349005080641,0.0112919714290756,-0.226706939559876,0.202500193084399,0.00278034192262214,0.0301191786657313,-1,-1,0.712999165058136,-0.326281070709229,0.0999999999999999
0.751,0.00030513295644469,-7.9397576397599e-05,0.032967206888668,-0.000332243299386531,0.00739237411797469,0.00235759830198301,-0.00910181828335033,0.00666976906274083,0.0166678580478696,0.155678362958852,0.0818956563499024,0.00127463549551105,0.0301191786657313,-1,-0.588014006614685,0.881837368011475,-0.169655025005341,0.0999999999999999
0.752,0.000293524978406637,-7.45260392882026e-05,0.0329840814139276,0.000146772460473169,0.00747834681724623,0.00235755817573269,-0.0141260612852943,0.00305799882039466,0.0170064610988251,0.699280736364136,0.0448020494921997,-0.00093813016537685,0.0301191786657313,-1,-0.852348446846008,0.825531363487244,0.614564895629883,0.0999999999999999
0.753,0.000276967352618494,-7.66658596190272e-05,0.0329995807697417,-9.47593729023863e-05,0.0073568260681572,0.00236044586047823,-0.019028852016358,-0.00731525243871479,0.0139268835965881,-1.13051049317567,-0.30671972128419,0.00649004722047954,0.0301191786657313,-1,-0.816609740257263,0.61100035905838,-0.861130833625793,0.0999999999999999
0.754,0.000256082559179104,-8.42975148706869e-05,0.0330170360560395,-0.000393188509474126,0.00667130030660794,0.00236374258246874,-0.0228225796191262,-0.00794314592375523,0.0208846969181402,0.602274652883893,-0.986840623633269,-5.32306404271785e-05,0.0301191786657313,-0.842898905277252,-0.81998085975647,0.887187361717224,-0.312668085098267,0.0999999999999999
0.755,0.000230685105233329,-9.43934536731971e-05,0.0330380904660834,0.000469789910177725,0.00573875430957639,0.00236277754178271,-0.0280809601518994,-0.0123184534785575,0.0211269410768001,0.9877763458326,-0.769568999908566,-0.00136763177802053,0.0301191786657313,-0.880467057228088,-0.740744233131409,0.324913263320923,0.161329612135887,0.0999999999999999
0.756,0.000201312817364731,-0.00011036795893587,0.0330591895151821,0.000959254430175523,0.0048051154097515,0.00236283070787824,-0.030782509811996,-0.0196778335093466,0.0209757941985928,-0.0564963128503422,-0.998679581610673,0.00155740621187414,0.0301191786657313,-0.232465445995331,-0.0785019919276237,-0.505994200706482,-0.351091146469116,0.0999999999999999
0.757,0.000173486504032204,-0.000130154925935469,0.0330798962856984,0.00148799387789635,0.00265677304713931,0.00236238156383362,-0.0250788593799452,-0.0199740963481426,0.0203509812604349,1.06507347019505,-2.9683226324191,-0.00202281449671598,0.0301191786657313,0.0641728192567825,-0.0846739113330841,-0.475170135498047,-0.546702563762665,0.0999999999999999
0.758,0.000151512347422957,-0.000149938792335391,0.0330993212009577,0.00297715441044286,-0.000448621022347115,0.00235984825898328,-0.0191356025002876,-0.0197353346510256,0.0184247021124075,1.68620736246989,-2.72506393052695,-0.00208147030377978,0.0301191786657313,0.474013537168503,-0.0395559966564178,-0.741849541664124,-0.755810141563416,0.0999999999999999
0.759,0.000136914500287513,-0.000169123385684501,0.0331166513300568,0.00458909434481237,-0.00252716810109267,0.00235897539235541,-0.0102474620313518,-0.0187828325924833,0.016174029070742,1.28956897243348,-1.08959057195009,0.000998899891282624,0.0301191786657313,0.477034986019135,0.588673233985901,-1,-1,0.0999999999999999
0.76,0.000131659108546721,-0.000185029895554481,0.0331311822373187,0.00596076191620246,-0.00253149768718348,0.00236309674628021,-0.000292229285313106,-0.0131644020236705,0.0128357496019177,1.24255847767898,1.06339053915437,0.0071515791364056,0.0301191786657313,0.748857617378235,0.798194587230682,-1,-0.838913023471832,0.0999999999999999
0.761,0.000137322452300577,-0.000195494965306917,0.0331401902788177,0.00675841322129411,-0.000998406584899042,0.00237136729491327,0.0116905086539188,-0.00785857016513699,0.00516467532232488,0.237728802523936,1.73217633123742,0.00851181880427559,0.0301191786657313,0.294953346252441,0.907121658325195,-0.986231088638306,-1,0.0999999999999999
0.762,0.000153891096795606,-0.000199965400370652,0.0331430051224334,0.00662094075571943,0.000787642626358094,0.00238000007404038,0.021565112498086,-0.00110597862800611,0.000462456834574849,-0.472054647002912,1.5529645462181,0.00781506729084474,0.0301191786657313,-0.34789165854454,1,-0.166297569870949,-1,0.0999999999999999
0.763,0.000176199478022363,-0.000197337156415599,0.0331403133355233,0.00606737959382313,0.00295000122475687,0.00239002465382665,0.0232371735435023,0.00638854759767513,-0.00582386953923284,-0.539011639507381,2.42966857919048,0.0109202728046468,0.0301191786657313,-0.870554268360138,0.81586104631424,0.247676596045494,-1,0.0999999999999999
0.764,0.000197854496282309,-0.000187646770946,0.033132343233664,0.00553633022166616,0.00572799375695093,0.00240205048338682,0.0203125866485574,0.0130234370833562,-0.0100637414208144,-0.449911005255802,2.66994285519511,0.0114802058192254,0.0301191786657313,-1,0.229118645191193,0.304984480142593,-1,0.0999999999999999
0.765,0.000216673390058012,-0.0001729841105399,0.0331223005431757,0.00474227804205798,0.00761687008295242,0.00241249758928541,0.0175003315238178,0.0163735740342744,-0.00997599394849702,-1.02684362761612,0.815249523025112,0.00840366972460957,0.0301191786657313,-1,-0.475661188364029,0.832043290138245,-1,0.0999999999999999
0.766,0.000231406692680042,-0.000156873788516537,0.0331130389547928,0.00314023102149923,0.00761290753346416,0.00242142854631577,0.012019893143986,0.0159872438117434,-0.00851352195554182,-1.91991333433524,-0.777629207152463,0.00869740211904218,0.0301191786657313,-1,-0.0860777199268341,0.970765829086304,-1,0.0999999999999999
0.767,0.000240198012433454,-0.000139479690369731,0.0331037244717143,0.00183297770795465,0.00651409036144553,0.00242722434143117,0.00552587516837537,0.0189149947261637,-0.0100753291560938,-0.503251937023292,-1.1933229588205,0.00263610271926828,0.0301191786657313,-1,-0.34974592924118,1,-0.358130991458893,0.0999999999999999
0.768,0.00024220252857295,-0.00012172561985034,0.0330916518401029,0.00143895388907483,0.00569758641243833,0.00242983090023241,-0.00154523689642697,0.0166630514755989,-0.0140068016312189,-0.258809481580426,-0.287318409348662,0.00261173937816886,0.0301191786657313,-1,-0.957304656505585,0.655082762241364,-0.337514221668243,0.0999999999999999
0.769,0.000238145974155184,-0.000108036983291376,0.0330786947397551,0.000769496891580036,0.00571857050520597,0.0024339271318623,-0.0065581467101778,0.0108071112259519,-0.0118564366990739,-0.98823806224457,0.312314956808269,0.00525065510809709,0.0301191786657313,-1,-0.776883900165558,0.157922565937042,-0.345296829938889,0.0999999999999999
0.77,0.000230631189960158,-9.93772690347385e-05,0.0330690387882104,-8.39446600478275e-05,0.00574237616463367,0.00243868455568164,-0.00848101133034882,0.00659817591557384,-0.00742372064285698,-0.584203816835137,-0.286537975076339,0.00388110848106352,0.0301191786657313,-1,-0.954674601554871,0.088099330663681,-0.385021507740021,0.0999999999999999
0.771,0.000221330757504581,-9.51896787238553e-05,0.0330648241554693,-0.000349388981010207,0.00513874236282112,0.00244163381433893,-0.0101738512288676,0.00182156918814167,-0.00101197692285242,0.0887792451570971,-0.830564962338125,0.00194706116585056,0.0301191786657313,-1,-0.342643201351166,0.513375461101532,-0.00437478441745043,0.0999999999999999
0.772,0.000208753475529865,-9.50129909397523e-05,0.0330626245090702,0.000271434222357508,0.00470838046554735,0.00244209468307899,-0.0150248139157572,-0.00150176033931698,-0.0033739816462173,1.0343610554191,0.0149598271399714,-0.000628632984461579,0.0301191786657313,-0.934597253799438,-1,0.127064675092697,-0.0143106617033482,0.0999999999999999
0.773,0.000192650143599602,-0.000100372400021116,0.0330611489015593,0.000798052251962773,0.00468627570921727,0.00244276169194269,-0.0172176390224301,-0.00926166349685014,0.000426801332803959,-0.0644424229116505,-0.0961913764591735,0.00215856438131042,0.0301191786657313,-0.432867228984833,-0.360039085149765,-0.209826871752739,-0.727169275283813,0.0999999999999999
0.774,0.000176861330918715,-0.000109326446628656,0.0330631703650234,0.00138102420687882,0.00374182912276483,0.00244291596321888,-0.0144599184912898,-0.00870522025830093,0.00360567183377747,1.14355635943498,-1.65636622857787,-0.00154988362741356,0.0301191786657313,-0.937863945960999,-0.784005999565125,0.0680089145898819,-0.185757711529732,0.0999999999999999
0.775,0.000160997486129805,-0.000121001227420366,0.0330686885217343,0.00189187644465166,0.00255500892083481,0.00244291956349807,-0.0173743648490908,-0.0146899882933915,0.00739506614229272,-0.184020534109293,-0.541000717986465,0.00173772981550859,0.0301191786657313,-0.00858542323112488,-0.402369409799576,-0.433642148971558,-1,0.0999999999999999
0.776,0.000146461707398403,-0.000134998772865959,0.0330778900008173,0.00217824166173144,0.0015295464243211,0.00244356624672681,-0.0118080961993111,-0.0133566258858097,0.0109639550869616,0.737242521656945,-1.35518977513244,-0.000191010480939985,0.0301191786657313,-0.653221845626831,0.12702751159668,-0.0764003843069077,-1,0.0999999999999999
0.777,0.000134013015558323,-0.000146211577669741,0.0330898368920934,0.00363989763123252,0.00112430676047502,0.00244421268944439,-0.0131416172002553,-0.00919523196005069,0.0128779940029884,1.94283990168153,0.585353698994811,0.00200628915640329,0.0301191786657313,0.485681116580963,0.117138370871544,-0.449415504932404,-0.794141709804535,0.0999999999999999
0.778,0.000124923177615547,-0.000154322010333441,0.0331004563440593,0.0052560470885912,0.00113501501097724,0.00244509800150405,-0.00507933123465771,-0.00715490827833592,0.00833139066348129,1.01525803742557,-0.586849400488634,-0.00027775490279299,0.0301191786657313,-0.466864079236984,0.692045331001282,-0.484232515096664,-1,0.0999999999999999
0.779,0.000120898587231639,-0.000158263203489351,0.0331084397576562,0.00602598457151217,0.000910200168207182,0.0024460571815843,-0.00299699892228408,-0.000798691619758421,0.00760492590489142,0.394173583374903,0.166646504510046,0.00239786203461899,0.0301191786657313,-0.101168319582939,0.373066663742065,-0.686319589614868,-1,0.0999999999999999
0.78,0.000120723385114668,-0.000156950369039894,0.0331160473455858,0.00563201878871172,0.000904595503332794,0.00244829833584914,0.00263050917194988,0.00344227212915103,0.00757638320428948,-1.1080239124699,-0.176189738177623,0.00206278872538925,0.0301191786657313,-0.0904281437397003,0.467552483081818,0.13055907189846,-1,0.0999999999999999
0.781,0.000123634530663505,-0.000150895438161132,0.0331206687615016,0.00426535185859033,0.00134528262063863,0.00245225214090405,0.0032258349896701,0.00875837293262229,0.00165734328108182,-1.38636730445557,0.981014218477182,0.00536587208734905,0.0301191786657313,-0.538415789604187,0.223318696022034,-0.106599897146225,-1,0.0999999999999999
0.782,0.000126661715130038,-0.000139988641753622,0.0331222304835758,0.00307779945019102,0.0027159554505539,0.00245824123073035,0.00292656192906236,0.0131414721736118,0.00145818387806147,-0.799581238444773,1.51437089112328,0.00578758002533209,0.0301191786657313,-0.357324510812759,-0.0687670707702637,-0.0456669628620148,-0.587547302246094,0.0999999999999999
0.783,0.000130062347190673,-0.00012663771552937,0.0331223969840694,0.00227414803176279,0.00376394248764996,0.00246332642622971,0.00394768705392989,0.0136401416440393,-0.00111675683166315,-0.693821073821722,0.401832581961279,0.00398448204061467,0.0301191786657313,-1,-0.51792699098587,0.218948781490326,-0.67076575756073,0.0999999999999999
0.784,0.000131799147220277,-0.000113713457547045,0.0331228792844577,0.00153919092945587,0.0041774409071978,0.00246741274793161,-0.00042659996857203,0.0122891220486628,0.00206831717554347,-0.674212579018902,0.354518958788397,0.00389562018278961,0.0301191786657313,-1,-0.440764904022217,0.372571170330048,-0.264896869659424,0.0999999999999999
0.785,0.000128743683401337,-0.000102949358900828,0.0331245318635475,0.000822958153786332,0.00448666296341304,0.00247137655284435,-0.00565300610237949,0.00931923507587483,0.00123399963446539,-0.654033081436429,0.200358436946916,0.00375300998295196,0.0301191786657313,-1,-0.456603169441223,0.923419594764709,-0.468359768390656,0.0999999999999999
0.786,0.000118764185890132,-9.43657375468524e-05,0.0331243314373327,0.000576034415809127,0.00496386506896178,0.00247420412148536,-0.0142747414907933,0.00788591992808423,-0.00162632196565184,0.181989293830022,0.63893669689159,0.00176015332646268,0.0301191786657313,-1,-0.861283242702484,-0.25324273109436,0.53240168094635,0.0999999999999999
0.787,0.000103846271575545,-9.15750722572554e-05,0.0331230112601171,-0.000131246261611695,0.0044484493710977,0.00247809463606696,-0.0156248609305758,-0.00223379347149505,-0.00100833973828788,-1.46961570580498,-1.60800973355816,0.00576211523255391,0.0301191786657313,-1,-0.284493088722229,0.458825528621674,-0.590616285800934,0.0999999999999999
0.788,8.50322462624537e-05,-9.33594494386444e-05,0.0331218715629885,-0.000374485399595863,0.00284815176170295,0.002481246028879,-0.0221379066053291,-0.00132470028745298,-0.00127054297275672,1.02697132852569,-1.34560805847362,0.000749690151534211,0.0301191786657313,-0.590219497680664,-0.796005129814148,0.172600120306015,0.332800030708313,0.0999999999999999
0.789,6.1457704570994e-05,-9.88448519895626e-05,0.0331187386504623,0.000334300683843306,0.00151556523900865,0.00248240731941163,-0.0251390603552443,-0.00967655103856045,-0.00497336700008654,0.276372166966516,-1.13569109776527,0.00163534986008266,0.0301191786657313,-0.0623330026865005,-0.633770883083344,-0.712579190731049,-0.0799614489078522,0.0999999999999999
0.79,3.89154748265966e-05,-0.000111025568707066,0.0331138430146322,0.000620933745027727,-0.000380171847462698,0.00248386238784759,-0.0201331020315293,-0.0147158788476574,-0.00479533414120576,0.274256701443372,-2.36052268782223,0.00132837514092064,0.0301191786657313,0.167417481541634,-0.385005712509155,-0.459739863872528,-0.223284348845482,0.0999999999999999
0.791,2.07468249965506e-05,-0.000127156479063944,0.0331073653919356,0.00120093861616403,-0.00246202650873516,0.00248550667994607,-0.0163922775898755,-0.0176102535359257,-0.00811950660434823,0.81741069751252,-1.46893820410851,0.0022140121439277,0.0301191786657313,0.781056106090546,-0.161396235227585,-1,-0.291416317224503,0.0999999999999999
0.792,9.5053634873811e-06,-0.000145521785922066,0.0330969674365683,0.0023124909282389,-0.00388600637239572,0.00248823865800052,-0.00624712096782468,-0.0192272472799381,-0.012609486981111,1.24532937441602,-1.14646973073912,0.00327838777021771,0.0301191786657313,0.939157426357269,0.0576390475034714,-1,-1,0.0999999999999999
0.793,8.61556536619686e-06,-0.000162945656997726,0.0330833350420458,0.00414990094465665,-0.00452073953187693,0.00249367758262098,0.00438717526191165,-0.0157905806635935,-0.0145843884924715,2.13124687783365,-0.0122280481476813,0.0073339831126699,0.0301191786657313,1,0.24071329832077,-1,-1,0.0999999999999999
0.794,1.85453816253189e-05,-0.000176845738423612,0.0330671669545888,0.00607172698379387,-0.00393317396208979,0.00250210701100739,0.0154717085081898,-0.0121871166602528,-0.0176635775531465,1.39572808488845,1.09717069360654,0.00875952535185999,0.0301191786657313,0.929412126541138,0.31072735786438,-1,-1,0.0999999999999999
0.795,3.96064335578418e-05,-0.000187311372861717,0.0330481471148045,0.00657358397835782,-0.0025685071569922,0.00251009793562185,0.0267478153001558,-0.00881150898369755,-0.020290928227614,-0.451205537854618,1.43323578396992,0.00665575558164798,0.0301191786657313,0.274318128824234,1,-0.753476142883301,-1,0.0999999999999999
0.796,6.95475788297393e-05,-0.000192287928643376,0.0330259051403652,0.00596754156911898,-0.0006554136896555,0.00251825849126064,0.0333092783844165,-0.0011308292649761,-0.0240951190008183,-0.635631508651363,2.11473329750036,0.00881513133137387,0.0301191786657313,-0.464973628520966,0.721348464488983,-0.527862191200256,-1,0.0999999999999999
0.797,0.000103624321651768,-0.000190368846612406,0.0330026375604547,0.00527787336016713,0.00191651613538696,0.00252850900208257,0.0350845815323344,0.00500623157552775,-0.0223467430239688,-0.620767393618814,2.63856446644298,0.0104082235113191,0.0301191786657313,-0.558908581733704,0.601080179214478,-0.188778817653656,-1,0.0999999999999999
0.798,0.000138847560393531,-0.000182522919633084,0.0329810230121347,0.00481531446894003,0.00424582711258062,0.00253781569282463,0.035591946409165,0.0107138620616749,-0.020794321357789,-0.240109850481379,1.68106032189957,0.00712566103353258,0.0301191786657313,-1,0.0774842798709869,0.0889170467853546,-1,0.0999999999999999
0.799,0.000172920105245398,-0.000170500101121933,0.0329634225947089,0.00436670809605292,0.00547419792405807,0.00254432467029408,0.0327226021015237,0.013376597160881,-0.0143552929945004,-0.602805868387524,0.638319709478821,0.00548135453185036,0.0301191786657313,-1,0.241474658250809,0.652400732040405,-1,0.0999999999999999
0.8,0.00020271918841134,-0.000155081316167248,0.0329502134814622,0.00390452251326364,0.00595005548785771,0.00254899714697832,0.0269983024122346,0.0175068177922434,-0.0120142196884124,-0.277009635543355,0.302511151179068,0.00369961172618495,0.0301191786657313,-1,-0.014651894569397,1,-1,0.0999999999999999
0.801,0.00022586043847571,-0.000136113002548536,0.0329392688733158,0.00360246160943036,0.00640862844014727,0.00255310377484896,0.0196032556321775,0.0203978573384342,-0.00989343404822389,-0.318312170985744,0.578429910290015,0.00440438831386918,0.0301191786657313,-1,-0.320594161748886,1,-0.661491990089417,0.0999999999999999
0.802,0.000241944963568244,-0.000116151981944456,0.0329304235985659,0.00272211784904833,0.00700344678329418,0.00255957412814256,0.0126796593006989,0.0196305446824885,-0.00776722732956591,-1.32320233101777,0.541532614441204,0.0080321772839582,0.0301191786657313,-1,-0.0793508887290955,0.633396744728088,-0.687017917633057,0.0999999999999999
0.803,0.000252467137196275,-9.57575545476e-05,0.0329242741473131,0.00155386111028087,0.00704060224036173,0.00256637430838147,0.00840714595115355,0.0212746362355285,-0.00451834056454479,-0.849664315955134,-0.442586823983018,0.00506316197789973,0.0301191786657313,-1,-0.538127899169922,0.883610486984253,-0.455984652042389,0.0999999999999999
0.804,0.000257942463103004,-7.55825083504311e-05,0.0329213672659266,0.000621119838401107,0.00653214247592724,0.00257170188994049,0.00253690285309644,0.0191869643542055,-0.00129157998943491,-0.893908872274351,-0.464916654376309,0.00520337818291138,0.0301191786657313,-1,-0.545061767101288,0.557619988918304,-0.289324373006821,0.0999999999999999
0.805,0.00025850359856155,-5.77448795532268e-05,0.0329222065399981,-0.000162601321785213,0.00599995544039991,0.00257650782858132,-0.00143698888721084,0.0165880147153098,0.00295316253122714,-0.574310497428157,-0.49799293644199,0.00409674504512385,0.0301191786657313,-1,-1,0.580386877059937,-0.157627090811729,0.0999999999999999
0.806,0.000254927811618075,-4.41338910867203e-05,0.0329282099473232,-0.000915503710334347,0.0057214799649174,0.00258112802768462,-0.00572656546202772,0.0107347156108711,0.0090076265324503,-0.82514087407313,-0.0171896080201959,0.0047538333266776,0.0301191786657313,-1,-0.613335490226746,0.235103338956833,0.530395746231079,0.0999999999999999
0.807,0.000248057365207971,-3.70867730360954e-05,0.0329378165041158,-0.00182874418120893,0.00565267112072198,0.00258619294298112,-0.00803110974073304,0.00344721440247542,0.0101643045628725,-0.849137913591608,-0.124173091097415,0.00491368509386141,0.0301191786657313,-1,-0.518945932388306,0.295737951993942,0.0491073802113533,0.0999999999999999
0.808,0.000238632052224241,-3.53040844835853e-05,0.0329494953074058,-0.00183707259415736,0.0055285287167081,0.0025885279423683,-0.0108386460560095,0.000134677529863302,0.0131311015537932,0.822650072963146,-0.124548916867427,-0.000195067214335464,0.0301191786657313,-0.811343371868134,-1,0.0730767250061035,0.659381628036499,0.0999999999999999
0.809,0.000227605490509408,-4.03855170628519e-05,0.0329636281157896,-0.00141319073006266,0.00504058669665359,0.00258983958296621,-0.0112710153925145,-0.0103185105193216,0.0150668115171712,-0.0404858522602616,-0.786903977435817,0.00289090141671482,0.0301191786657313,-0.571457982063293,-0.750027298927307,0.252230376005173,-0.167725384235382,0.0999999999999999
0.81,0.000216154409385246,-5.25863891231742e-05,0.0329799939924228,-0.000928540277953649,0.00412626163285688,0.00259146290883194,-0.0117187054558873,-0.0141392000790416,0.0175887831211239,0.948941945760758,-0.899142679075457,0.000487998137618974,0.0301191786657313,-0.664122819900513,-0.178437799215317,0.408290296792984,-0.211547255516052,0.0999999999999999
0.811,0.00020319435861708,-6.69010657431968e-05,0.0329968069220842,0.00075839996756392,0.00372211623163643,0.00259024179951872,-0.0142531259862482,-0.0146340051021093,0.0159645024777429,2.14440093341717,0.13117969434722,-0.0021425783148964,0.0301191786657313,-0.410486817359924,-0.869885325431824,-0.425290733575821,-0.43967741727829,0.0999999999999999
0.812,0.00019106058299853,-8.36591301000602e-05,0.0330164239454586,0.00227350348762715,0.00331101913148779,0.00258895262461811,-0.0100759443090579,-0.0190130705031071,0.0231717570938616,0.647665348304922,-0.906555038258817,-0.000123181374374824,0.0301191786657313,-0.273190945386887,0.357041954994202,-0.331457912921906,-0.870142161846161,0.0999999999999999
0.813,0.000182995725391467,-9.98733620162455e-05,0.0330397682820558,0.00336179050012299,0.0021502099854537,0.00258776164424912,-0.00615779094636984,-0.0135350547177488,0.0234183986325113,1.36674110200311,-1.21922118210708,-0.00167353887105367,0.0301191786657313,-0.8179731965065,0.384339094161987,-0.197355628013611,-1,0.0999999999999999
0.814,0.000176439231548912,-0.000110469950244819,0.0330647198339558,0.00473099747163168,0.00184414603398209,0.00258799912094698,-0.00698854031870409,-0.00778228103498076,0.0263751115741044,1.1467478929065,0.643711862179185,0.00268494055010115,0.0301191786657313,-0.338704735040665,0.358395397663116,-0.956053018569946,-1,0.0999999999999999
0.815,0.000172956057400219,-0.000115695077578832,0.0330931900554156,0.00527114277377012,0.00210197262528536,0.00259029197688321,7.11669629854567e-06,-0.0027318153949404,0.0304303396858638,-0.146951823204678,-0.181806915721345,0.00183193978935731,0.0301191786657313,-0.727631866931915,0.802376091480255,0.0857635736465454,-0.802864193916321,0.0999999999999999
0.816,0.000171940284124167,-0.000115135217397616,0.0331213562881739,0.00472469362102146,0.00280337285070993,0.00259509229161647,-0.00199008377854608,0.00387388061654403,0.025789820663348,-0.842151153871824,1.44897628520153,0.00722415325331889,0.0301191786657313,-0.524982392787933,0.300017595291138,0.117417395114899,-1,0.0999999999999999
0.817,0.000169698046526894,-0.000108754158903627,0.033145964613601,0.00359477544247288,0.00434107531058172,0.00260305675632466,-0.00239682327875055,0.00895812368717369,0.0233286587645268,-1.22346123352403,1.34011122358192,0.00773328880588877,0.0301191786657313,-1,0.334397196769714,0.499550521373749,-0.74826443195343,0.0999999999999999
0.818,0.000164616353901574,-9.76931847906723e-05,0.033167240058569,0.00247408977125918,0.00575519131049796,0.00261065152387863,-0.00766608607116312,0.0132458679529897,0.0191469282172664,-0.841193623600567,1.21887859655717,0.00648950886858136,0.0301191786657313,-0.989788770675659,0.00628393888473511,0.95277613401413,-0.241870418190956,0.0999999999999999
0.819,0.000153085776515926,-8.46787392329434e-05,0.033182080269692,0.0014212049512987,0.00671418141450311,0.00261755569633948,-0.0153304126385426,0.0128809759923214,0.0105008728167386,-1.10357765801759,0.49779447003377,0.00664157127935115,0.0301191786657313,-1,-0.820287823677063,1,-0.614116668701172,0.0999999999999999
0.82,0.000133787163260766,-7.31532960580019e-05,0.0331917404763759,0.00017986092195246,0.00654583485101513,0.00262434991255844,-0.023298793980828,0.010281941805351,0.0087813650866379,-1.18042443000753,-0.847997132659092,0.00636029848593093,0.0301191786657313,-1,-0.752025187015533,0.680605053901672,-0.141487151384354,0.0999999999999999
0.821,0.000107228524399574,-6.51923009294938e-05,0.03319883890342,-0.00093028165218915,0.00492359193305953,0.00263057858858717,-0.0299563595827287,0.0057467539818474,0.00539353546601716,-0.859268602512417,-2.16051308078076,0.00564665346392841,0.0301191786657313,-1,-0.956499218940735,0.307502388954163,0.594598531723022,0.0999999999999999
0.822,7.45942083534477e-05,-6.44706437404422e-05,0.0332019353112251,-0.00208476451419267,0.00250178719427002,0.00263708377987326,-0.0355185763209085,-0.00418876359498061,0.000799355565649812,-1.23992262508815,-2.32171204747054,0.00657721975049238,0.0301191786657313,-0.47893226146698,-1,-0.230394870042801,0.662268459796906,0.0999999999999999
0.823,3.90200313003957e-05,-7.38147925661914e-05,0.0332003587946081,-0.0030614432104967,-1.01560380151886e-05,0.00264369413000365,-0.0358676671822621,-0.0144218391382362,-0.00392930177699117,-0.514512430147715,-2.33264705724452,0.00614362475251694,0.0301191786657313,0.228363126516342,-0.745903372764587,-0.33958438038826,0.394585281610489,0.0999999999999999
0.824,4.94736683564656e-06,-9.17185941564786e-05,0.0331922763477464,-0.0024118644834682,-0.00223900393379708,0.00265018447784593,-0.032504420949127,-0.0214505571040054,-0.0121813979392959,1.73394517366233,-1.80381103155166,0.00676183407147486,0.0301191786657313,0.76327657699585,-1,-0.962629854679108,0.748988270759583,0.0999999999999999
0.825,-2.27366068976174e-05,-0.000118948340908675,0.0331760320188253,-0.000614768041965577,-0.00415887534468921,0.00265715971784042,-0.0230831037148738,-0.0331406928060955,-0.0202083481117736,1.60093210639561,-1.7551350454882,0.00649081769106613,0.0301191786657313,0.806929051876068,-0.55782163143158,-1,-0.193882122635841,0.0999999999999999
0.826,-4.12556281423945e-05,-0.000154079161518419,0.0331535905657199,0.00159162314949581,-0.00532325314945741,0.00266521508830531,-0.0140888970340506,-0.0373317634054373,-0.0245684021952462,2.49424311219764,-0.409901313846153,0.00918024955625456,0.0301191786657313,1,0.376620888710022,-1,-0.63512247800827,0.0999999999999999
0.827,-5.03947266406042e-05,-0.000189800092047662,0.0331250261313823,0.00489799815576417,-0.00507003179340938,0.00267770757985897,-0.00421040840318031,-0.034411395215847,-0.0324167513634277,3.59611654993256,0.843262864200281,0.0145192479731482,0.0301191786657313,1,0.584047615528107,-1,-1,0.0999999999999999
0.828,-4.95533475790945e-05,-0.000221702743713358,0.0330895558895712,0.0081959685213416,-0.00394701503085467,0.00269238604181288,0.00594246823346743,-0.0296922758481961,-0.0383486976886841,2.47702905918239,1.19757359198545,0.013022093843305,0.0301191786657313,0.879187226295471,0.936823308467865,-0.900976955890656,-1,0.0999999999999999
0.829,-3.89726123049008e-05,-0.000248504825719836,0.0330476336849648,0.00943739123099957,-0.00287102299251554,0.00270243132454251,0.0152847825139376,-0.0240693561144861,-0.0452913692998827,-0.148035901382632,0.785691303019058,0.00616463729789266,0.0301191786657313,0.537300944328308,1,-0.882641673088074,-1,0.0999999999999999
0.83,-1.99151020154797e-05,-0.000269729643559362,0.0330001580184209,0.00810738340180497,-0.00225948084140095,0.00270602639679662,0.0229084306055066,-0.0183401878560304,-0.0494570878948958,-2.20980531627532,0.375520005106536,0.0013009955536549,0.0301191786657313,0.372294008731842,1,-1,-1,0.0999999999999999
0.831,6.8636976273628e-06,-0.000284990190149037,0.0329500183707672,0.00586712155564335,-0.00209397268394893,0.00270643319851871,0.0307126371184951,-0.012068103906057,-0.0506102841054837,-1.81470009242444,-0.00274921343275087,0.000275058829353635,0.0301191786657313,-0.151126220822334,0.91054767370224,-0.294086515903473,-1,0.0999999999999999
0.832,3.77666286594204e-05,-0.000293955132847143,0.0328990607157265,0.00508943500978225,-0.00104683550993604,0.00271089417005577,0.0312320480301066,-0.00582616210110936,-0.0510825372798052,0.428337505842968,1.98248544083762,0.00811729762346003,0.0301191786657313,-0.042753092944622,0.33697772026062,-0.569883406162262,-1,0.0999999999999999
0.833,7.09593702526279e-05,-0.000298550227569494,0.0328506081815047,0.00608290779853927,0.000991985079175699,0.00271928460546444,0.0353528984878772,-0.00345095935324545,-0.0456289942008412,1.37874650937444,1.79853509674948,0.00757717193833633,0.0301191786657313,-0.674574136734009,0.593188107013702,-0.126446187496185,-1,0.0999999999999999
0.834,0.000105439610417895,-0.00030023183871596,0.0328080741739777,0.00760177560969941,0.00301222784185599,0.0027275445403685,0.033826009054258,-3.09104926514226e-05,-0.0392642935516536,1.37559475846807,1.94884649299918,0.00817934512247766,0.0301191786657313,-0.743364572525024,0.723107278347015,0.311120897531509,-1,0.0999999999999999
0.835,0.000137384774975773,-0.000298339855903398,0.0327709095865141,0.00846355104009247,0.00480118478527557,0.00273606942499427,0.0302680254854819,0.00374812273941834,-0.0349059419102956,0.182163651812357,1.37434429095196,0.0082481207628721,0.0301191786657313,-1,0.564440429210663,0.42281848192215,-1,0.0999999999999999
0.836,0.000165099176034877,-0.000293249074040855,0.0327395774294289,0.00773280122164214,0.00573090172871145,0.00274488996279665,0.0252959343594315,0.00648956993885256,-0.0276281113400102,-1.51633358968803,0.380728662603052,0.00875935779935135,0.0301191786657313,-1,0.664908409118652,0.476635694503784,-1,0.0999999999999999
0.837,0.000187951515455493,-0.000284799462615758,0.0327154414615621,0.00602360722844431,0.00559578403617847,0.0027522313523809,0.0204655907935512,0.0105334246051099,-0.0205607954111562,-1.59986363341286,-0.562711684529935,0.00545001430074675,0.0301191786657313,-1,0.541910827159882,0.937008917331696,-1,0.0999999999999999
0.838,0.000204555225485622,-0.000272288614017437,0.0326975921676648,0.00494535222911418,0.00530670749770947,0.00275694707904961,0.0127759024309582,0.0145806068256566,-0.0150717200247252,-0.388628358219754,0.0811334093789399,0.00373858732514869,0.0301191786657313,-1,-0.18584069609642,0.214164406061172,-1,0.0999999999999999
0.839,0.000215921286716457,-0.000257903323571354,0.0326900060744054,0.00465745679846596,0.00514834369870449,0.00275976100605391,0.00997818069424875,0.0142434625629952,-9.97800231807916e-05,-0.170236029637086,-0.337126088157615,0.0020130481942371,0.0301191786657313,-1,-0.000222083181142807,1,-1,0.0999999999999999
0.84,0.00022195764806761,-0.000243075314476446,0.0326943722290331,0.00477134309680033,0.00549567455219688,0.00276270871464934,0.00215041583681777,0.0154358803100439,0.00879412450410425,0.336767215965911,0.978263047201174,0.00392001100524681,0.0301191786657313,-1,0.0365762487053871,0.824750900268555,-0.755102932453156,0.0999999999999999
0.841,0.000220898928051704,-0.000227679996057103,0.0327071643465855,0.00496424222066404,0.00661631334990902,0.00276747323901017,-0.00417816625593339,0.015377111007919,0.0167179794752056,-0.0257117067880692,1.04755162908796,0.00532017866847345,0.0301191786657313,-1,-0.236384391784668,0.656208753585815,-0.72287791967392,0.0999999999999999
0.842,0.000214262825707731,-0.000213236161695811,0.0327289490816273,0.00438589859449604,0.00704882585170352,0.00277324881572971,-0.00907610541114217,0.0135854304823966,0.0267470711750167,-1.05662991691285,-0.280154343356112,0.00580634793239576,0.0301191786657313,-1,-0.085101306438446,0.984750211238861,-0.859032511711121,0.0999999999999999
0.843,0.000201597096172375,-0.000199368294526713,0.0327593705137844,0.00341365905448193,0.00640428336598404,0.00277793701055717,-0.0162993468545075,0.014245428984749,0.0339264889085112,-0.740382428075822,-0.914171810542824,0.00329697701499619,0.0301191786657313,-1,-0.0929699838161469,0.651545107364655,-0.379819810390472,0.0999999999999999
0.844,0.000182496847989012,-0.000186160894547789,0.0327960081024062,0.00268843438786484,0.00518268599113339,0.00278065474542277,-0.0220018918032793,0.0122580378927993,0.0391594214234105,-0.608408884185107,-1.34404035459449,0.00216280468344866,0.0301191786657313,-1,0.21015077829361,0.960983514785767,0.145613670349121,0.0999999999999999
0.845,0.000156276529812321,-0.000175422492852207,0.032833705591109,0.00218224960934074,0.00436892485999715,0.00278326896007774,-0.0305130435720996,0.00929158676745727,0.0360789242580104,-0.338003770396476,-0.201744063604332,0.00297182151789244,0.0301191786657313,-0.957267165184021,-0.472713857889175,0.0705174803733826,0.0744114965200424,0.0999999999999999
0.846,0.000124287490871035,-0.000169483935923554,0.0328728589228312,0.00153645431891622,0.00388439135460816,0.00278665255849653,-0.0335582942618487,0.00266863721538376,0.042032886334014,-0.845926118561377,-0.754610593476188,0.0035735908229874,0.0301191786657313,-0.428496062755585,-0.0734789818525314,0.0465226620435715,0.272694617509842,0.0999999999999999
0.847,9.06534542119943e-05,-0.000169317381220494,0.0329138828154739,0.000964605398279413,0.00249710991885912,0.00278926064062546,-0.0338754507088249,-0.00227542616770897,0.0398430219093544,-0.194320301403536,-1.84193793618271,0.00171113502013245,0.0301191786657313,0.197156846523285,-0.502317011356354,0.398814499378204,0.352587312459946,0.0999999999999999
0.848,5.70229114523665e-05,-0.000175622432247367,0.0329501538475796,0.000786322653916579,0.000452772698500631,0.00279086092281045,-0.0335986358826875,-0.0103070322383737,0.0325648704669481,-0.114312222819789,-1.95159153557933,0.00160753057807549,0.0301191786657313,0.32308229804039,-0.523661136627197,-0.353927940130234,0.159372314810753,0.0999999999999999
0.849,2.58420285170752e-05,-0.000189448708396189,0.0329813704815682,0.000962377699824753,-0.00165174555141975,0.00279244638260234,-0.0289832076626338,-0.0173718937862254,0.0297398661183497,0.466855632052217,-1.94505360546248,0.00181754414329249,0.0301191786657313,0.963901460170746,0.0740781500935555,-0.902549088001251,0.161302864551544,0.0999999999999999
0.85,2.44293642292479e-06,-0.000208619297270907,0.0330072240839033,0.00217080010642755,-0.00392890646224817,0.00279500454208526,-0.0180462190754548,-0.0210818680999147,0.0218823894395152,1.77013787100893,-2.24661541877019,0.00355666020655517,0.0301191786657313,1,0.297617703676224,-0.907105088233948,-0.0969622135162354,0.0999999999999999
0.851,-1.04610304308501e-05,-0.000230417643732123,0.0330249791179369,0.00440242335734301,-0.00548549249355408,0.00280080745393407,-0.00793309118867746,-0.0227043227494666,0.0135897254878784,2.33234570639614,-0.619867272581078,0.00794703557728526,0.0301191786657313,1,0.372617661952972,-1,-0.800244033336639,0.0999999999999999
0.852,-1.32127686726127e-05,-0.000251977609036109,0.033036601674646,0.00679148388014444,-0.00507056606042147,0.00281188733953774,0.00241365023920205,-0.0206291401577308,0.00962188682061558,2.05777694226823,1.35541902856545,0.0132153316306574,0.0301191786657313,1,1,-1,-1,0.0999999999999999
0.853,-5.41310255399201e-06,-0.000269414625062782,0.0330428531121578,0.00862897923615027,-0.00323711669390205,0.00282651350568974,0.0132871602796448,-0.014425416594587,0.002876315749011,1.32649323960616,1.98873534247079,0.0142271365991012,0.0301191786657313,0.850548505783081,1,-1,-1,0.0999999999999999
0.854,1.32409260509222e-05,-0.00028104537976404,0.0330427676693231,0.00904979008208058,-0.00159464234670808,0.00283776590743345,0.024130594286491,-0.00890850965365931,-0.00303096873033704,-0.524605846791446,1.04357938429939,0.00722593419454294,0.0301191786657313,0.303056657314301,1,-0.683954298496246,-1,0.0999999999999999
0.855,4.04040242932939e-05,-0.000287198348585749,0.0330375116809516,0.00779980500228971,-0.000650036061251087,0.00284402227304925,0.0303002137313364,-0.00334087298868826,-0.00745431931868099,-1.72326240688391,0.741987449674914,0.00508778557654473,0.0301191786657313,-0.312589973211288,1,-0.494770348072052,-1,0.0999999999999999
0.856,7.15541272013954e-05,-0.000287528011326504,0.0330292462095004,0.00621393772493311,0.00047360519382971,0.00285062895833388,0.0321348428449576,0.00276797217990302,-0.00904170186785869,-1.15510741852462,1.37574547153469,0.00750195151283291,0.0301191786657313,-0.35853910446167,0.78714394569397,-0.466986417770386,-1,0.0999999999999999
0.857,0.000104767331186007,-0.0002821535721414,0.0330202023071773,0.00569092015533876,0.00184199694994238,0.00285776994326792,0.0344459537598611,0.00800988829852715,-0.00901009398644453,0.187601699941062,1.19341888753766,0.00603687356902457,0.0301191786657313,-1,0.648994326591492,0.135303258895874,-1,0.0999999999999999
0.858,0.000136838584169154,-0.000271918400862157,0.0330118957054452,0.0063640098274771,0.00368657794249471,0.00286526197817505,0.0298985097073017,0.0124286150411293,-0.00756423100783605,1.00520749434491,2.23146847161564,0.00824003293505939,0.0301191786657313,-0.904886841773987,0.226112008094788,0.199787512421608,-1,0.0999999999999999
0.859,0.000165077116488174,-0.000258680970997759,0.0330059466780017,0.00691686065067469,0.00564181401366264,0.00287360841507667,0.0267797971110509,0.0140336258084151,-0.00431189476173303,-0.0319629721899909,1.39030253833898,0.00787853282165323,0.0301191786657313,-1,0.495140552520752,0.829770922660828,-1,0.0999999999999999
0.86,0.00018839783155304,-0.000242909081884821,0.033000864200415,0.00648896326980997,0.00674691142762851,0.00288174396630714,0.0199917410881538,0.0175703956160542,-0.00582603406574834,-0.783977724269346,0.67402493035004,0.0078209310184678,0.0301191786657313,-1,0.212807953357697,1,-1,0.0999999999999999
0.861,0.000204690592841126,-0.000224236384615286,0.0329946882884218,0.00528883122121107,0.00699711885719089,0.00288971805477756,0.0126788138992784,0.0198841967226886,-0.00649606018807192,-1.43840610927366,-0.173593927179077,0.00755695401410058,0.0301191786657313,-1,-0.115808233618736,0.968973994255066,-0.881448984146118,0.0999999999999999
0.862,0.000213871646903248,-0.000204277550826899,0.0329886477920138,0.00362313868266045,0.00649110085297223,0.00289726512272903,0.00568012221815908,0.02018684281429,-0.00556215516181665,-1.63372574089739,-0.718382656141833,0.00693896539437687,0.0301191786657313,-1,-0.282701313495636,1,-0.793964028358459,0.0999999999999999
0.863,0.000215871767792648,-0.000184370459880726,0.0329837497011476,0.00227253286668298,0.00586705559112831,0.00290338877983576,-0.00169580303142158,0.019760362461225,-0.0042182526596343,-0.87101502466948,-0.409099012721477,0.00484180441810511,0.0301191786657313,-1,-0.522504925727844,0.958758533000946,0.274275153875351,0.0999999999999999
0.864,0.000210491319255831,-0.000168699202076588,0.0329776876076781,0.000976787691403049,0.00578194653817754,0.00290990945505154,-0.00905712445801035,0.0117300567464564,-0.00786344752784298,-1.51748172810195,0.238633151845264,0.00747684914182411,0.0301191786657313,-1,-0.625979542732239,0.359378546476364,-0.559123992919922,0.0999999999999999
0.865,0.000199654326608366,-0.0001584048018368,0.032972932443849,0.000317168224857533,0.00567858494158225,0.00291455264574836,-0.0126397174334406,0.00893144868318223,-0.00163948832075598,0.290458792343553,-0.452055868636115,0.00157350760181555,0.0301191786657313,-0.934530258178711,-1,0.21895444393158,0.661861836910248,0.0999999999999999
0.866,0.000185707838751674,-0.00015588300024405,0.0329719132678427,5.20293693692269e-05,0.00480258978227648,0.00291771198601243,-0.0153365259978266,-0.00383563311938339,-0.000397665184756083,-0.775486677516575,-1.17007355037791,0.00456466350347646,0.0301191786657313,-0.446235299110413,-0.424585282802582,0.50931441783905,-0.351742029190063,0.0999999999999999
0.867,0.000169401606646435,-0.000160979018642072,0.0329711167788572,0.000424715167203403,0.00351118302057429,0.00291953001813461,-0.0173953428877944,-0.00638788198400164,-0.00119274502291701,1.45948119580245,-1.21365846915964,-0.000522385014308683,0.0301191786657313,-0.445146203041077,-1,0.0352926068007946,0.214708909392357,0.0999999999999999
0.868,0.000152183394287761,-0.000172501647658962,0.0329709751102615,0.00150103073883453,0.00229529653715236,0.00291965333327671,-0.0171605813520794,-0.0167372748834615,0.000902247481838408,0.52350181475307,-1.03688110399312,0.00105456285813986,0.0301191786657313,-0.10019838809967,0.368452787399292,-0.350555688142776,-0.531710505485535,0.0999999999999999
0.869,0.000137168587411856,-0.000187918972807658,0.0329711512334267,0.00321068064044205,0.001087802007215,0.00291928933804764,-0.0129891428262688,-0.0142509477018255,-0.00054521582847248,2.61138706955675,-1.19166412800754,-0.00108843793212491,0.0301191786657313,-0.264304518699646,0.0242713466286659,-0.385840028524399,-0.805990993976593,0.0999999999999999
0.87,0.000125610192507795,-0.000201624425238327,0.0329724791611927,0.00580423909278086,0.000366904730445861,0.00291926305649604,-0.0102030239502558,-0.0133632268775918,0.00319580117601405,2.13055720816367,-0.148584745825713,0.00166393092927851,0.0301191786657313,-0.137254893779755,0.28193986415863,-0.800409138202667,-1,0.0999999999999999
0.871,0.000118420774040816,-0.000213554401923771,0.0329782550047082,0.00717568088122829,0.000319650121905996,0.00292142641128246,-0.00421666523749122,-0.0106245566688202,0.00831570997115638,0.394828043444098,0.0429812273283597,0.00268210278317707,0.0301191786657313,0.344255089759827,1,-0.276857435703278,-1,0.0999999999999999
0.872,0.000117024720575798,-0.000220659405819114,0.0329836726777354,0.00714991156601029,0.000473390748155205,0.00292463320447478,0.0014232168975973,-0.00360946579616968,0.00250502873533251,-0.421216806983736,0.231708098230151,0.00360740033355072,0.0301191786657313,-0.233781173825264,0.819694459438324,-0.499404340982437,-1,0.0999999999999999
0.873,0.000120197721640719,-0.000221323220674005,0.0329863248448441,0.00633007237519623,0.00100392647085267,0.0029295098112474,0.00495431371920061,0.0023182634504165,0.0027839133372007,-1.06126267421996,0.737611739032967,0.00573594762824681,0.0301191786657313,-0.511042594909668,0.615285992622375,-0.342766553163528,-1,0.0999999999999999
0.874,0.000125690582856655,-0.000216509062585747,0.0329902366197887,0.005205931485084,0.00208927232034024,0.00293642245732251,0.00611124904980597,0.00737876933192832,0.00501174454329802,-0.98971586138424,1.24438847640326,0.00727140122558488,0.0301191786657313,-0.683076143264771,0.162239909172058,-0.300682187080383,-1,0.0999999999999999
0.875,0.000131940686092304,-0.000207826135206722,0.0329981246947606,0.0042606199588257,0.00326966670316674,0.00294346319350147,0.00647905026122941,0.0100595246214715,0.0107082933316469,-0.74816108151631,0.916161059310651,0.00606969877194119,0.0301191786657313,-0.885077714920044,0.156847983598709,0.154365107417107,-1,0.0999999999999999
0.876,0.000136717272837908,-0.000196247490322609,0.0330108248653092,0.00392335539562037,0.00420485114461028,0.00294876671168121,0.00315940367183006,0.013134116354663,0.0146227261742901,0.104268345155303,0.793998514058877,0.0040537966410779,0.0301191786657313,-1,-0.122742608189583,0.630810499191284,-0.421793967485428,0.0999999999999999
0.877,0.000136495901435709,-0.000184194677400479,0.0330251493127261,0.00363968631992448,0.00511586145097981,0.00295402934387434,-0.00353179241220232,0.0110203150327867,0.0139673392595693,-0.647956718013247,0.858097901350819,0.00611662010607812,0.0301191786657313,-1,-0.0946720913052559,0.486605107784271,-0.662510395050049,0.0999999999999999
0.878,0.000130191898507074,-0.000173235366880634,0.0330397724187008,0.00302897454795028,0.00547823787813895,0.00295911537176918,-0.00904727467375701,0.0109632186316457,0.0152116197520333,-0.488350956004133,-0.211692682084738,0.00371665265844719,0.0301191786657313,-1,-0.429631352424622,0.76564610004425,-0.285330772399902,0.0999999999999999
0.879,0.000117433554863025,-0.000164393973118927,0.0330544032005684,0.00216684345309633,0.00496718347035533,0.00296347480441828,-0.0164959734963357,0.00681593374319823,0.0139907909652783,-1.0960932647605,-0.744489915213954,0.00470771415069763,0.0301191786657313,-0.826585531234741,-0.707730352878571,-0.0672314763069153,-0.407747000455856,0.0999999999999999
0.88,0.000100173431737576,-0.000159959893322154,0.0330709022481975,0.00103541350763751,0.00329001628319182,0.00296737258286495,-0.0181677765749861,0.00215452366482842,0.0189158244965703,-0.970236387392178,-2.33585797868604,0.00305007560236882,0.0301191786657313,-0.837898731231689,-0.457126021385193,0.490069299936295,-0.314187824726105,0.0999999999999999
0.881,7.89247091894208e-05,-0.000159458424772184,0.0330893087043896,0.00069857310674077,0.00151967238890392,0.00296977840907431,-0.0244699344212626,-0.00111594621300015,0.0178172808971058,0.351315053544843,-0.936752431718842,0.00197411587311182,0.0301191786657313,-0.128865748643875,-0.682940900325775,-0.226560890674591,0.30523681640625,0.0999999999999999
0.882,5.54542959444614e-05,-0.000164899273946234,0.0331050873266861,0.000896843601690051,0.000391276147940788,0.0029717670712377,-0.0226026074108604,-0.00975833699741692,0.0136869213132761,0.023017184709801,-1.17127462380345,0.00204471137959317,0.0301191786657313,-0.0014108270406723,0.0735054612159729,-0.748979151248932,-0.306978017091751,0.0999999999999999
0.883,3.55081467600855e-05,-0.000174768042915923,0.0331173955489921,0.00196962716041902,-0.00109404421592427,0.00297366008509403,-0.01743537979266,-0.0100720474319848,0.0108814075444484,1.94655864236914,-1.57555176598959,0.00208871647132688,0.0301191786657313,0.517299056053162,-0.400585651397705,-0.481998443603516,-0.176887556910515,0.0999999999999999
0.884,2.11040633636268e-05,-0.000187203368336005,0.0331253378831686,0.00363647984255734,-0.00251262510164016,0.00297572442939131,-0.0115195204772925,-0.0149165914037713,0.00499275822608215,1.11489997389662,-1.0403619529157,0.00208965130672194,0.0301191786657313,0.688946843147278,0.321085780858994,-1,-0.62244188785553,0.0999999999999999
0.885,1.44703358449333e-05,-0.000201182165805893,0.0331276173937634,0.00489727087234728,-0.00347067763318841,0.00297822548586479,-0.00186253322173011,-0.0131603465941367,-0.000417100751581786,1.21086439040333,-0.719582031238427,0.00300066893201509,0.0301191786657313,0.936882376670837,0.617029905319214,-0.900814473628998,-1,0.0999999999999999
0.886,1.77783368206821e-05,-0.000211607953651143,0.0331237141739733,0.00628743785939546,-0.00383712315660423,0.00298262160245777,0.00842589804710869,-0.00782358106532927,-0.00734411548465154,1.33943311935185,0.0593814875574757,0.0056520437255307,0.0301191786657313,0.470069587230682,0.50639009475708,-0.884244859218597,-1,0.0999999999999999
0.887,2.9896669147574e-05,-0.000217375819855607,0.0331147166662193,0.00704603814084279,-0.00291410074140726,0.0029902641788051,0.0158758423409032,-0.00378726609652136,-0.0106036659501751,0.056199347827999,1.64163533250754,0.00908198274159099,0.0301191786657313,0.468128085136414,0.945015728473663,-0.948173403739929,-1,0.0999999999999999
0.888,5.00219036511515e-05,-0.000217827076987804,0.0331014472991194,0.00678442084613212,-0.00109608846483932,0.00299962296295808,0.0245204814031947,0.00288736047476138,-0.0158739492685565,-0.528158300730248,1.70918166582643,0.00870009164456916,0.0301191786657313,0.136132627725601,0.700051248073578,-0.32222181558609,-1,0.0999999999999999
0.889,7.62850841582688e-05,-0.000212253828048444,0.033082912543734,0.00594474746194261,0.000864619564859633,0.00300914690212917,0.0281797765619339,0.0083082666884458,-0.0211034492305526,-1.00881489327436,1.91769997886046,0.00939434081386518,0.0301191786657313,-0.432263225317001,0.632876396179199,-0.414323627948761,-1,0.0999999999999999
0.89,0.000105269530671462,-0.000201260154238084,0.0330616874985004,0.00500984833148312,0.00261669985071463,0.00301797023065298,0.0299608210360199,0.0137459488609763,-0.0212579344986525,-0.717680167313449,1.33952392755658,0.00737836670608304,0.0301191786657313,-1,0.307382643222809,0.40569281578064,-1,0.0999999999999999
0.891,0.000132153787866797,-0.000185600218411888,0.033040842753034,0.00440768601675521,0.00442440424800127,0.00302637246856818,0.0240108042895617,0.0176313086086012,-0.0203411181311715,-0.416648764628111,2.00646339071633,0.00851849303939984,0.0301191786657313,-1,-0.440621018409729,0.189786359667778,-0.413212776184082,0.0999999999999999
0.892,0.000154309251210671,-0.000170063942052078,0.0330222908304815,0.00307546493942409,0.00585540088251789,0.00303612464960379,0.0204563532869786,0.013577892374111,-0.0166898874637976,-2.03325898145605,0.651215232102443,0.0103123915630633,0.0301191786657313,-1,0.193622305989265,0.641087114810944,-1,0.0999999999999999
0.893,0.000171803861747439,-0.000154275061989337,0.0330061503501643,0.00204506639641581,0.00599166432847916,0.00304243035442608,0.0146001525322658,0.0180863096812562,-0.0155254134499818,0.114477745004878,-0.355611919321696,0.00193233466110636,0.0301191786657313,-1,-0.398052930831909,1,-0.534563779830933,0.0999999999999999
0.894,0.000182388982940424,-0.000137138685528261,0.0329906197623192,0.00226595901985574,0.00564948127428422,0.00304403506023299,0.00657799405355514,0.0162099948636863,-0.0154671365130228,0.241552601702961,-0.238445581857007,0.00166173761349794,0.0301191786657313,-1,-0.577300250530243,0.424898684024811,-0.451481491327286,0.0999999999999999
0.895,0.000186762742940498,-0.000122659208125364,0.0329774225401335,0.00213305670014549,0.0051205127554304,0.00304646552796184,0.00215119319462465,0.0127949322600805,-0.0108772161524676,-0.518619818066708,-0.709062982850559,0.00333632855025104,0.0301191786657313,-1,-0.739624679088593,0.353228509426117,-0.529787659645081,0.0999999999999999
0.896,0.000186834066964158,-0.000111703020900426,0.0329699538552694,0.00127081710702264,0.0044235970770114,0.00305072991815925,-0.00204194038152105,0.00920973381049881,-0.00404948915216108,-1.07205316490316,-0.555289598899626,0.00491906364803544,0.0301191786657313,-1,-0.236278116703033,0.146057069301605,-0.310138493776321,0.0999999999999999
0.897,0.000183216272697585,-0.000103177224468276,0.0329677456032416,0.000572845448782748,0.00401927139263058,0.00305485535721228,-0.0052175789082442,0.00791171982446513,-0.000370374869428445,-0.219219843505867,-0.188484582793167,0.00312989976198725,0.0301191786657313,-1,-0.751656711101532,0.605966210365295,0.0128166824579239,0.0999999999999999
0.898,0.000174880408522552,-9.84800606658256e-05,0.0329683899750925,0.000146112478653453,0.00449490532308956,0.00305861158927723,-0.0114020636556587,0.001560862204294,0.00164548143072315,-0.563847357510955,1.02114211415228,0.00416581594102204,0.0301191786657313,-0.83076423406601,-0.445964485406876,-0.0947680473327637,-0.568569660186768,0.0999999999999999
0.899,0.000163225052784496,-9.72045987363016e-05,0.0329735564700384,0.000396120236088341,0.00488990817725303,0.00306063835915538,-0.0119068805557473,0.00097769246806481,0.00864823667230969,1.01014844398698,-0.33106106049632,-6.77828822107307e-05,0.0301191786657313,-1,-0.813311338424683,0.111058011651039,-0.000107068568468094,0.0999999999999999
0.9,0.000149776414891994,-9.96066243706205e-05,0.0329848670914227,0.00100336561296166,0.00421664087301554,0.00306148488282654,-0.0150593276633929,-0.00581517092473738,0.013911571114778,0.0985779887931449,-0.923260619511948,0.00197722056899446,0.0301191786657313,-1,-0.0990851521492004,0.400173872709274,-0.398525208234787,0.0999999999999999
0.901,0.000131991170086853,-0.000105361491674056,0.0329993991762078,0.00155380008370281,0.00355071009334639,0.00306264102064002,-0.020575140711118,-0.00574435007844202,0.0150825143317952,0.911100013712485,-0.331904156344082,0.000655575500918657,0.0301191786657313,-0.569337964057922,-0.483267724514008,-0.00676498562097549,-0.113346576690674,0.0999999999999999
0.902,0.000111124125774868,-0.000113350294703525,0.0330150746291728,0.00195519044060856,0.00284471919701572,0.00306387488223958,-0.0212494308438422,-0.0102627103379962,0.0161953347913061,-0.15922622025063,-1.00011961726692,0.00189098052666739,0.0301191786657313,-0.106057733297348,0.14975880086422,0.292891085147858,-0.653194546699524,0.0999999999999999
0.903,8.97837492517746e-05,-0.000122209595065933,0.0330289884351368,0.00235949481506854,0.00166235552511539,0.00306480532778108,-0.0215571622081363,-0.00750697192267533,0.0115800172916141,0.913093531886497,-1.19876362879992,0.000333221117909093,0.0301191786657313,-0.308395266532898,0.155586630105972,-0.313436836004257,-0.747179865837097,0.0999999999999999
0.904,6.90344068850782e-05,-0.000128212475585594,0.0330409431032845,0.00357926773651698,0.000402166320473973,0.00306483388708489,-0.020072014012353,-0.00459767134154662,0.0122789404037922,1.31597882744288,-1.14307168615213,0.000181581618726605,0.0301191786657313,-0.116137273609638,-0.211089730262756,-0.517914831638336,-0.377629786729813,0.0999999999999999
0.905,5.06578134515952e-05,-0.00013390470465302,0.0330534317348388,0.00391515096363469,-0.000666159151988011,0.00306518905444664,-0.0168038412710951,-0.00681303298166355,0.012644620004314,-0.684433705301625,-0.844326253901941,0.000660793659382641,0.0301191786657313,0.319955468177795,0.541095435619354,-0.706656813621521,-0.716885507106781,0.0999999999999999
0.906,3.72124611684102e-05,-0.000138353210897547,0.0330640975623566,0.00343040082428004,-0.00161156283452333,0.00306575302781553,-0.0101919686506879,-0.00207128965556242,0.00865184368193497,-0.185771722708423,-0.906971693361209,0.000850700859355125,0.0301191786657313,0.0903848558664322,0.409330606460571,-0.979874968528748,-0.493353456258774,0.0999999999999999
0.907,3.02672061127693e-05,-0.000139152815131347,0.0330719297626287,0.00330890343318274,-0.00225547793726213,0.00306715679965075,-0.00377103585848144,0.000472510514754105,0.00698437317785999,-0.033166034147699,-0.281441986652322,0.0021677172474612,0.0301191786657313,0.306056976318359,0.383991062641144,-0.514730930328369,-0.564920127391815,0.0999999999999999
0.908,2.88552898662165e-05,-0.00013722701851498,0.0330761586274873,0.00341767295850074,-0.00186970404670041,0.00307071294307448,0.000936211356227893,0.00335508715502197,0.00149434605739466,0.223788470742091,0.967604294942103,0.00475983853682428,0.0301191786657313,0.585484802722931,0.130031809210777,-0.864714384078979,-0.625532269477844,0.0999999999999999
0.909,3.42676402231285e-05,-0.000133049346489827,0.033076074676488,0.00349202851916956,-0.00119472150320974,0.00307478856956855,0.00991882087281476,0.00499956725269908,-0.00165485196329114,-0.0981334483152716,0.273641663323731,0.00318071620473756,0.0301191786657313,-0.0162357613444328,-0.140451014041901,-0.0316998958587646,-0.835230827331543,0.0999999999999999
0.91,4.42932564225048e-05,-0.000127372894420611,0.033073637749293,0.00317429906513384,-0.000124685423034584,0.00307934726344561,0.0102254802216483,0.00638338624320602,-0.00320566750939914,-0.491458913998702,1.6900950130437,0.00562813270197437,0.0301191786657313,-0.296821027994156,-0.0596653670072556,-0.431126922369003,-0.877032399177551,0.0999999999999999
0.911,5.53548770122365e-05,-0.000119818002437574,0.033071703511255,0.00275290514730012,0.00154103157776319,0.00308491898644947,0.0120257049092351,0.00876225431021352,-0.000664949607390267,-0.292619001312801,1.36342524657371,0.00502613674793375,0.0301191786657313,-0.49970468878746,-0.302258849143982,-0.0639988407492638,-0.915913939476013,0.0999999999999999
0.912,6.67882699378173e-05,-0.000110399635664735,0.0330726943530602,0.00247177687189981,0.00267924269832893,0.00308960820037996,0.0109455350239848,0.0101083589234378,0.00263063153788665,-0.241193503956806,0.734926892314609,0.00407584560544013,0.0301191786657313,-1,-0.278470933437347,0.522599577903748,-0.337450087070465,0.0999999999999999
0.913,7.39584834908348e-05,-0.000101262833718312,0.0330748011880211,0.00183267057551265,0.0037523540047877,0.00309476611281312,0.00351150417692547,0.00823514367926777,0.00158155916870242,-0.938488092369821,1.22925136507445,0.00588894548467647,0.0301191786657313,-1,0.175459891557693,-0.141112625598907,-0.568362236022949,0.0999999999999999
0.914,7.60309355244841e-05,-9.16399891345353e-05,0.0330772300598535,0.0014747459043598,0.00415184650552164,0.00309864795115544,0.000673907035735248,0.0110453629381267,0.00325997854576968,0.259960733880985,-0.49184829142908,0.00175117685837567,0.0301191786657313,-0.858931183815002,-0.702080726623535,0.192950993776321,0.114269077777863,0.0999999999999999
0.915,7.46410749178394e-05,-8.4034838992992e-05,0.0330803784057884,0.000857411486105248,0.0031072709191145,0.00310184031444027,-0.00351828260993142,0.00423597988963247,0.00302292123110822,-1.39669787570671,-1.40437653667452,0.00446276872248955,0.0301191786657313,-0.789386093616486,-0.0515922158956528,0.346558332443237,-0.212385505437851,0.0999999999999999
0.916,6.85229415622597e-05,-7.99182724321864e-05,0.0330815543245726,-3.83159829367888e-06,0.00189030693778662,0.00310557304138159,-0.008793548597448,0.00406357921290837,-0.000665473711696486,-0.182454631983998,-0.822185160221404,0.00293667495793349,0.0301191786657313,-0.448972940444946,-0.905687570571899,0.0866165086627007,-0.0303163938224316,0.0999999999999999
0.917,5.87865942258565e-05,-7.91255956819877e-05,0.0330808604104921,-0.000368597359549458,0.00118539812251665,0.00310866558205891,-0.0107399909201756,-0.0024281695341372,-0.000719180663540918,-0.48091256335405,-0.48327265087968,0.00315403302847021,0.0301191786657313,0.112728983163834,-0.604188740253448,-0.240050405263901,0.112419694662094,0.0999999999999999
0.918,4.97118667460403e-05,-8.42444504034226e-05,0.0330779755163304,-0.000644324190934782,0.000272861172190703,0.00311183405704218,-0.0074999995260384,-0.00778557311863737,-0.00502371542019719,-0.00851705603756101,-1.19380001178809,0.00316951786716162,0.0301191786657313,-0.463491439819336,-1,-0.179869502782822,-0.285211473703384,0.0999999999999999
0.919,4.16234842206586e-05,-9.47467947138533e-05,0.0330749593204112,-0.000356089019605887,-0.000278968641098694,0.00311479965132833,-0.00873137078784539,-0.0132601730333526,-0.000997769630635928,0.557791327474187,0.172017602261882,0.0027998596785626,0.0301191786657313,0.352621167898178,-0.365235835313797,-0.547163128852844,-0.343012779951096,0.0999999999999999
0.92,3.59390987121735e-05,-0.000108716212929701,0.0330727764935774,0.000952025030175279,-0.000508315070447339,0.00311772371758634,-0.00267637145231545,-0.0147926514435792,-0.00335423727620521,1.84892378192394,-0.601958978470147,0.00294753468342131,0.0301191786657313,-0.157585665583611,-0.368064433336258,-0.748248219490051,-0.510006785392761,0.0999999999999999
0.921,3.52324429637127e-05,-0.000124132827284437,0.0330710512017678,0.00290707634049628,-0.0010250318376426,0.00312078867223065,0.00121387861637564,-0.0161985740444331,-0.000100335092045212,1.73958499635098,-0.340030364476175,0.00318393652316967,0.0301191786657313,-0.0426090955734253,0.388855695724487,-0.78395277261734,-0.761554479598999,0.0999999999999999
0.922,3.8815158412714e-05,-0.00013823950510435,0.0330707965081551,0.0047843693395359,-0.00119528267298941,0.00312438673057969,0.00593288092867634,-0.012183632840948,-0.000403247872135238,1.70404084112674,0.0376620778167831,0.00396506826449234,0.0301191786657313,0.516303300857544,0.334474474191666,-0.663840234279633,-0.921670258045197,0.0999999999999999
0.923,4.85171762967573e-05,-0.000148406387222082,0.0330687986450596,0.0058760335813526,-0.00131111071210076,0.00312751177955217,0.0134701193168353,-0.00825241304078667,-0.00357577110582769,0.304691323198549,-0.222559019539909,0.00226716795226529,0.0301191786657313,0.0364126600325108,1,-0.568102657794952,-1,0.0999999999999999
0.924,6.39942343952157e-05,-0.000152491570474256,0.0330630824832589,0.00597422058646402,-0.00100143514090964,0.00313136713335416,0.0175304124641532,5.18531727009399e-05,-0.00782480751261297,-0.115404895253619,0.822426033579755,0.00539604108001625,0.0301191786657313,-0.122386574745178,0.613317251205444,-0.329622864723206,-1,0.0999999999999999
0.925,8.25230224263912e-05,-0.00014947881974563,0.0330541504106191,0.00534578811127716,0.000478827115604637,0.00313870187448151,0.0196617396092222,0.00601031086086675,-0.00999972475453793,-1.03000648348031,1.90864360481441,0.00863433091003489,0.0301191786657313,-0.801237344741821,0.765775680541992,-0.269190162420273,-1,0.0999999999999999
0.926,0.000101324866703957,-0.000139837632666781,0.0330446502083443,0.00437297343262015,0.00288379098576903,0.00314865395053321,0.0181441970411453,0.0133422830679026,-0.00896355486262074,-0.75990710746422,2.50385098750189,0.00996714808602869,0.0301191786657313,-1,0.363767385482788,0.0540236085653305,-1,0.0999999999999999
0.927,0.000117564778058884,-0.00012387458910732,0.0330371798486808,0.00367710100475023,0.0051531454968344,0.0031579690920851,0.0145335106054578,0.0186460516607131,-0.00595323352806208,-0.543810257690548,1.66072574890389,0.00765744990151088,0.0301191786657313,-1,0.128917261958122,0.77521139383316,-0.818630516529083,0.0999999999999999
0.928,0.000128385236998121,-0.000103667244419183,0.0330307257037074,0.00303028070338121,0.00632318244372765,0.00316502246266159,0.00723539712914944,0.0218431194445794,-0.00692053750719225,-0.680968650084841,0.495221829947771,0.00597486927035135,0.0301191786657313,-1,-0.835027158260345,0.669143080711365,-0.488915145397186,0.0999999999999999
0.929,0.000132451928299939,-8.40747132615221e-05,0.0330256801891472,0.00131869528866249,0.00590501870623513,0.00317327465022332,0.000901711096592379,0.0175137491837216,-0.00316155246628016,-2.46723510848957,-1.23552928220007,0.00990911610091516,0.0301191786657313,-1,-0.48640912771225,0.800945520401001,-0.538179218769073,0.0999999999999999
0.93,0.000129588695636267,-6.70111300832705e-05,0.0330230985038945,-0.000785205424219001,0.00440432862137896,0.00318202618496644,-0.00671074667099477,0.0167911874445945,-0.0019980416077237,-1.39932307040407,-1.49256958841076,0.00684946347963284,0.0301191786657313,-1,-1,1,-0.0921967923641205,0.0999999999999999
0.931,0.000118157058043964,-5.32730618167121e-05,0.0330212823929098,-0.00190380758826105,0.0035845992793322,0.00318780622951342,-0.0161994277403927,0.0108089505242265,-0.00162787787341796,-0.669088263553195,-0.0290685117865903,0.004168669490082,0.0301191786657313,-0.307252645492554,-1,-0.207978814840317,0.615963637828827,0.0999999999999999
0.932,0.000103058913563859,-4.75008312638586e-05,0.0330191665555554,-0.00254887896284486,0.00263413768827494,0.00319301074005107,-0.0140945596348114,0.000796438303429099,-0.00259105329450113,-0.515933956979746,-1.73220219482797,0.00599623099121192,0.0301191786657313,-1,-0.89504462480545,0.324286222457886,0.372807562351227,0.0999999999999999
0.933,8.58243225833626e-05,-5.05360511144695e-05,0.0330171088691589,-0.00246006260173065,0.0017165295463309,0.00319711840121295,-0.0204514278977046,-0.00685370549609655,-0.00152232548889119,0.680030970631581,0.0168597581116039,0.0021772953519566,0.0301191786657313,0.0889618098735809,-1,-0.62332010269165,0.466955214738846,0.0999999999999999
0.934,6.84665088438592e-05,-6.19649458343961e-05,0.0330156625658983,-0.0015630207601105,0.000802744551980284,0.00320022610000059,-0.0143643209961371,-0.0160878515955759,-0.00136543335354235,0.975221959282116,-1.71880229877407,0.0038858303555619,0.0301191786657313,0.0643811523914337,-0.925911247730255,-0.537124156951904,0.262565493583679,0.0999999999999999
0.935,5.64764941171392e-05,-8.2048032124311e-05,0.0330146092718185,-0.00053436505491664,-0.00109457964312888,0.00320423146107496,-0.00978518779376048,-0.0241608134280839,-0.000740558819920027,0.94180837104031,-1.75499864382968,0.003921932104035,0.0301191786657313,0.187609687447548,-0.047775000333786,-0.549224138259888,-0.0270148515701294,0.0999999999999999
0.936,4.9067070785914e-05,-0.000106850394421167,0.0330120052812463,0.00112615522403737,-0.00225842460430558,0.00320876270012871,-0.0051369800808357,-0.0256057556397818,-0.00444712413829559,2.13139591870317,-0.379907755933678,0.00525383720135957,0.0301191786657313,0.897415637969971,-0.279256045818329,-1,-0.187374264001846,0.0999999999999999
0.937,4.98156035324336e-05,-0.000133871730198606,0.0330061541176811,0.00304229835727813,-0.00274924439769378,0.00321362465785091,0.00655818119864512,-0.0286110816471066,-0.00721952785618097,1.41753356065021,-0.508837856740913,0.00414080726286384,0.0301191786657313,1,0.817890167236328,-1,-1,0.0999999999999999
0.938,6.25134388219228e-05,-0.000158354878803394,0.0329964918348121,0.00526084220613705,-0.00315441295306442,0.00321925360685471,0.0188035752495626,-0.0205789529054709,-0.0120424080702792,2.6659863099098,-0.194849332212884,0.00689180860871876,0.0301191786657313,0.143084108829498,0.945346593856812,-0.9489865899086,-1,0.0999999999999999
0.939,8.46560367628362e-05,-0.000175063094705046,0.0329843295509894,0.00764963183891964,-0.0022054444427534,0.00322954473466242,0.0255862454480295,-0.0130451950539484,-0.0122241333709101,1.70745271622645,1.9688184410881,0.0131792396235397,0.0301191786657313,0.487328916788101,0.887771964073181,-0.671676754951477,-1,0.0999999999999999
0.94,0.000114277603030334,-0.000184859412634453,0.0329703595153852,0.00809490980835464,0.000170288178474703,0.00324352722374144,0.0338514710412744,-0.00662052590184356,-0.0156498495292577,-0.864128891961352,2.41548367033431,0.013709370765085,0.0301191786657313,-0.157737731933594,1,-0.6323162317276,-1,0.0999999999999999
0.941,0.000150680919708449,-0.000187867110967099,0.0329547279783797,0.00634386476012774,0.00252991445942167,0.00325748354606414,0.0391763285630982,0.000697015398884705,-0.0155564522500778,-2.29803750658023,1.96016614403133,0.012943265530305,0.0301191786657313,-0.916542589664459,1,0.107182376086712,-1,0.0999999999999999
0.942,0.000188317373641454,-0.000183142492458704,0.0329395041773343,0.00430149188238333,0.00489017967436504,0.00327116838715336,0.0363437194588988,0.00887490066159756,-0.0148295926128278,-1.4207827502214,2.41732174863416,0.0124327042605489,0.0301191786657313,-1,0.549092531204224,0.480983376502991,-1,0.0999999999999999
0.943,0.000222392648685068,-0.000171286741533609,0.0329257175969935,0.00356718133213841,0.00708893872770198,0.00328098995892434,0.0320439850039589,0.0148912251004953,-0.0126865199183579,0.0537674469960178,1.66001732065961,0.00596638407415593,0.0301191786657313,-1,-0.415800243616104,0.506486177444458,-0.887444615364075,0.0999999999999999
0.944,0.000252707383333275,-0.000156702730744259,0.0329168166665518,0.00337628636443574,0.00779357550704093,0.00328612258756911,0.028704119919328,0.0143221036903211,-0.00507992462640852,-0.436409510691312,-0.303727634588631,0.00426513829300733,0.0301191786657313,-1,-0.170219793915749,1,-0.946587920188904,0.0999999999999999
0.945,0.000278317836842916,-0.000141541139769942,0.0329135193324707,0.00304802836615759,0.00716518063026793,0.0032893592850578,0.0225399682473528,0.0160534162598322,-0.00150681281157408,-0.198346575999243,-0.767280755303144,0.00246842123914749,0.0301191786657313,-1,0.0326618701219559,1,-0.682810664176941,0.0999999999999999
0.946,0.000297756129581871,-0.000124688426558012,0.0329123361947397,0.00292504797665045,0.00664584937502076,0.00329194143633904,0.0163593797820549,0.0176925824711484,-0.000856761220094394,-0.0688112261252147,-0.125192045968357,0.00301163436628981,0.0301191786657313,-1,-0.66108500957489,0.993728339672089,-1,0.0999999999999999
0.947,0.00031115907532603,-0.000107259730208053,0.0329150242779189,0.00251148072603169,0.00701941082533391,0.00329698633242437,0.0105094206895469,0.0172314465457729,0.00621394343790461,-0.724116645349549,0.836053485285846,0.00688333782112773,0.0301191786657313,-1,-0.0521571487188339,1,-0.619435608386993,0.0999999999999999
0.948,0.000318841067424765,-8.93290560604787e-05,0.0329215739491475,0.00185704884703252,0.00809710257809472,0.00330388946013294,0.00496646980854885,0.0187069983880173,0.00685672480263002,-0.508917710934387,1.13708745477832,0.00635777437116513,0.0301191786657313,-1,-0.484675765037537,0.864775955677032,-0.66495680809021,0.0999999999999999
0.949,0.000321697370963549,-7.09237835810202e-05,0.0329306054176259,0.00124407984818461,0.0087909329475223,0.00331033290078109,0.000814031181445034,0.0181867194431509,0.0111531986602712,-0.648687708464954,0.133074283994636,0.00617598105461504,0.0301191786657313,-1,-0.76725172996521,0.89115583896637,-0.678740441799164,0.0999999999999999
0.95,0.000320394793838221,-5.36514437529353e-05,0.0329446676768536,0.0004654965950828,0.00833691822898549,0.00331681828505914,-0.00341190391374575,0.0164650623966392,0.0168515042831091,-0.805496973321195,-0.945909485660345,0.00642044545387535,0.0301191786657313,-1,-0.415375024080276,1,-0.0800576508045197,0.0999999999999999
0.951,0.000314307070297759,-3.86098628164725e-05,0.0329608420789043,-0.000373578522940062,0.00732527567844528,0.00332337733911192,-0.00882631190660742,0.0137167527999482,0.0154299066354576,-0.756045656724207,-0.902672152661623,0.00620140856166682,0.0301191786657313,-1,-1,1,0.0663294047117233,0.0999999999999999
0.952,0.000302592610414769,-2.83889998068267e-05,0.0329767660217482,-0.00148472434038805,0.00680211447061767,0.00333080465005731,-0.0146422135939749,0.00684736456715004,0.0163460894844594,-1.28447457999268,-0.0778893153139794,0.0078168542636472,0.0301191786657313,-1,-0.493081420660019,0.42473965883255,0.265960335731506,0.0999999999999999
0.953,0.000286708809720735,-2.37653873650001e-05,0.0329929225784369,-0.00225821641217954,0.00662603927053537,0.00333683637614124,-0.0171656277499144,0.00247350621029586,0.0158991225077591,-0.134062725684366,-0.280386011939382,0.00381281020157174,0.0301191786657313,-1,-0.917598247528076,0.571497082710266,0.271190255880356,0.0999999999999999
0.954,0.000267696938617399,-2.47893546928057e-05,0.0330092988093922,-0.00209211406286018,0.006383274079624,0.00333952935371196,-0.0209004943565254,-0.00450476077696608,0.0167767424814714,0.43464748971668,-0.208342988797777,0.00170254069366588,0.0301191786657313,-0.920381903648376,-0.941631555557251,0.932905793190002,-0.0173547863960266,0.0999999999999999
0.955,0.000243900210113615,-3.2038549512504e-05,0.0330259470767991,-0.00129124719028729,0.00643366066451606,0.0033396858868997,-0.0267218085955817,-0.0100433536496109,0.016445329186408,1.03393990075665,0.236783228087035,-0.000827382619697162,0.0301191786657313,-0.983947932720184,-0.747176349163055,-0.0966684818267822,-0.275056660175323,0.0999999999999999
0.956,0.000217188420476824,-4.36414825492515e-05,0.0330455968495312,5.51908646470772e-05,0.0057853736939457,0.0033381999618789,-0.0268041476849129,-0.0132729366686344,0.0227566348403883,1.43650560031666,-1.47802606540114,-0.00159337169039869,0.0301191786657313,-0.706961452960968,-0.0789135098457336,0.27345597743988,-0.268992245197296,0.0999999999999999
0.957,0.000189667928794811,-5.67402412128419e-05,0.033067125063922,0.00172376087526252,0.00396324263231647,0.00333583052228947,-0.0284149755414855,-0.0130650199692799,0.0202085753511139,1.62311049587203,-1.89817931588407,-0.00230758269330715,0.0301191786657313,-0.428014814853668,-0.499429166316986,-0.221271336078644,0.153563976287842,0.0999999999999999
0.958,0.000162419542936746,-7.26844737192666e-05,0.0330864340557167,0.00206570721028534,0.00183693607448614,0.00333556409427693,-0.0262879352513103,-0.0188620547764907,0.0183314910975722,-0.954534006783842,-2.03104177353429,0.00166836895914625,0.0301191786657313,-0.310718685388565,0.534963011741638,-0.478310942649841,-0.768579185009003,0.0999999999999999
0.959,0.000137896986895523,-8.83093819538994e-05,0.0331037456211006,0.00192966447455126,0.000154029260849915,0.00333706017313773,-0.0229307210077242,-0.0124315209137499,0.0162269638057353,0.742064669671341,-1.08984736890048,0.00178905503283886,0.0301191786657313,0.0954526960849762,-0.0545452758669853,-0.595990836620331,-0.513634324073792,0.0999999999999999
0.96,0.00011797714976992,-0.00010032089693606,0.0331188474960624,0.00261907637040185,-0.00052499064078852,0.00333933353263971,-0.0170224670453676,-0.0116659428071543,0.0139252794122053,0.541255843827491,-0.198781519441964,0.00287540980431197,0.0301191786657313,0.2429019510746,0.168858125805855,-1,-0.421993255615234,0.0999999999999999
0.961,0.00010549958727654,-0.00011135018494557,0.0331312758966508,0.00299614788243338,-0.000737434219966364,0.00334213480496848,-0.00801595894204974,-0.0104467548868485,0.0108949344642894,0.173705315014316,-0.219228958528047,0.0027171535239632,0.0301191786657313,0.844719409942627,0.310402363538742,-1,-1,0.0999999999999999
0.962,0.000103797086159089,-0.000119015335826012,0.0331400335021211,0.00358024376442761,-0.00144240879115074,0.00334422028281356,0.00451993817139491,-0.00495600411274669,0.00660012504855515,0.903785380533242,-1.06264499031967,0.00163238340712681,0.0301191786657313,-0.614543259143829,0.432550311088562,-0.302176654338837,-0.93061351776123,0.0999999999999999
0.963,0.000107730229924273,-0.000121237684483812,0.0331462449291257,0.00455972243611894,-0.00061422086926725,0.00334996127475673,0.00341150664761394,0.000432528457323033,0.00579888585174837,0.880455360980664,2.56945521849483,0.00971958788098465,0.0301191786657313,0.410605818033218,0.20034646987915,-0.899387061595917,-0.966241717338562,0.0999999999999999
0.964,0.000116021914897103,-0.000118846686168755,0.0331510234349934,0.00486652669904923,0.00142111552434003,0.00335835370828086,0.0132908662038761,0.00432178598755293,0.00373970863498975,-0.323564705333997,1.1524966718674,0.00635020979958128,0.0301191786657313,-0.48511815071106,0.413609623908997,-0.229535073041916,-1,0.0999999999999999
0.965,0.000129656098467482,-0.000111754550355084,0.0331538896719479,0.004218184738283,0.00271192006980412,0.00336538987049018,0.0140880555721438,0.00989861598780912,0.00198536237806724,-0.868862347208472,1.22694477545552,0.00715697107315767,0.0301191786657313,-1,0.0730500370264053,0.105155147612095,-1,0.0999999999999999
0.966,0.000141770994569206,-9.99401277285722e-05,0.0331566179536429,0.0030828431665304,0.00425317193070395,0.00337367881532735,0.0102837284328484,0.0138151114708272,0.00345403322461243,-1.22091135130567,1.60269819843653,0.00858140625250398,0.0301191786657313,-0.510879158973694,-0.120938047766685,0.565881192684174,-0.783754169940948,0.0999999999999999
0.967,0.000150547079286063,-8.51591300542245e-05,0.0331577200038605,0.00178206694580924,0.00540070205127829,0.00338181453400477,0.00737359468791284,0.015855375399235,-0.00123659614784957,-1.17965362880469,0.5094112182847,0.00703256847208289,0.0301191786657313,-1,-0.153704687952995,0.614924192428589,-0.792995631694794,0.0999999999999999
0.968,0.000154920994980783,-6.80850929769413e-05,0.0331556758983158,0.00103403097638183,0.00559185746573418,0.00338729294221407,0.00141985904708985,0.0183676556405055,-0.00283656822291488,-0.226532309961144,-0.147899695417315,0.00366458049084234,0.0301191786657313,-1,-0.550204277038574,0.08338463306427,-0.165109902620316,0.0999999999999999
0.969,0.000155001240375403,-5.15072912980935e-05,0.0331529498326591,0.000430740614680587,0.00469499647282581,0.00339171208678213,-0.00131115264466967,0.0148728873301936,-0.00260484735753557,-0.90948909742296,-1.47614736422395,0.00505806462108216,0.0301191786657313,-1,-0.526202797889709,1,-0.142485767602921,0.0999999999999999
0.97,0.000149239973874083,-3.81595122568953e-05,0.0331475276275614,-0.000540239106199328,0.00395158449853439,0.00339694927465262,-0.0102431408653821,0.0119240442130213,-0.0081986835592913,-0.888794701911618,0.105870625779473,0.00494483439519975,0.0301191786657313,-1,-0.86294549703598,-0.0456462204456329,0.146093443036079,0.0999999999999999
0.971,0.000137717629815993,-2.94606886897659e-05,0.0331399657788604,-0.00164223871216693,0.00390199076722231,0.00340243534579665,-0.0128254609077534,0.00557555739114732,-0.00689204363344991,-1.13346285403716,-0.224104805475197,0.00567825385022023,0.0301191786657313,-0.820767164230347,-0.711472153663635,0.0282739102840424,0.319788694381714,0.0999999999999999
0.972,0.000123817915312887,-2.69263754348996e-05,0.0331319964999693,-0.00245758911305429,0.00343376579726082,0.00340772541725576,-0.0150265746035328,-0.000426752146489873,-0.00900375147679897,-0.356693027227644,-0.659743637582872,0.00462202742383366,0.0301191786657313,-0.703296184539795,-1,-0.404104143381119,0.666916966438293,0.0999999999999999
0.973,0.000109225257146165,-3.22829452623729e-05,0.0331228093559277,-0.00278024348202995,0.0022573562917445,0.00341302351505401,-0.0142691927781738,-0.0102451861664937,-0.00932996249105022,-0.216339853624263,-1.51096852746323,0.00563694084298097,0.0301191786657313,-0.758913278579712,-1,0.124842211604118,0.578648507595062,0.0999999999999999
0.974,9.32046172299788e-05,-4.71901166775963e-05,0.0331122294879768,-0.00269015595641634,0.00137686184773557,0.00341738664134272,-0.0178565926726214,-0.0195877176380352,-0.0117826039968583,0.416515650588465,-0.132165968262155,0.00295196516211046,0.0301191786657313,0.101650193333626,-0.991698503494263,-0.486262500286102,0.308665454387665,0.0999999999999999
0.975,7.8020953162688e-05,-7.07577507829825e-05,0.0330993293760897,-0.00175646963505777,0.000677342322134025,0.0034207563000006,-0.0126068580069549,-0.0276338056110562,-0.0139577783359591,1.3352002894001,-1.17308908565062,0.00370944645636565,0.0301191786657313,-0.0120629966259003,-0.725175619125366,-0.591944396495819,-0.555397987365723,0.0999999999999999
0.976,6.77885135685488e-05,-9.92393235126646e-05,0.0330869999274103,0.000623993947943531,-0.000623352958966177,0.00342440730750626,-0.00797728584558275,-0.0295428077932234,-0.0106569090647189,3.05414530927277,-1.21556973302596,0.00371023128589014,0.0301191786657313,0.588390409946442,0.0316633284091949,-1,-0.734485864639282,0.0999999999999999
0.977,6.50462267223494e-05,-0.000127421901204317,0.0330757193260531,0.00425463785473034,-0.00224415797183,0.00342807904419473,0.00236223143859929,-0.0271275331722911,-0.0118448428862868,3.60685421644734,-1.73463408920288,0.00347229124082965,0.0301191786657313,0.278756946325302,0.694777011871338,-0.600641489028931,-1,0.0999999999999999
0.978,7.01046278306919e-05,-0.000151145007643497,0.0330619543916897,0.00752022042973114,-0.00286324934617215,0.00343440065552336,0.00770931076711405,-0.0206064407395476,-0.0156020865060957,2.38421039197984,0.614586285917298,0.0093862950682174,0.0301191786657313,0.93837308883667,0.8527672290802,-1,-1,0.0999999999999999
0.979,8.3929527459232e-05,-0.000168498356964413,0.033043336282123,0.00842688385268009,-0.0021027097393138,0.00344233494514601,0.0199782230091322,-0.0142197846194044,-0.0215331650547849,-0.682934878876859,0.801088282038968,0.00608420914391429,0.0301191786657313,0.155540466308594,1,-0.826630473136902,-1,0.0999999999999999
0.98,0.000107290463079522,-0.00017909697585802,0.0330205227911408,0.00657561342219636,-0.000619861722450591,0.00345031196053203,0.0268766615578339,-0.00689212536953275,-0.024000191416185,-2.64280254028131,1.9480680279228,0.00932240090517375,0.0301191786657313,0.0162883959710598,0.964419603347778,-0.572217285633087,-1,0.0999999999999999
0.981,0.00013682953199289,-0.000182059546521804,0.0329952694450368,0.00406558097816646,0.00159225787193062,0.00346042523584833,0.0323961377851197,0.00110652643826964,-0.0264020425822632,-1.90534964565797,2.14301753386211,0.00962676140532731,0.0301191786657313,-0.714914798736572,0.772565364837646,-0.114343449473381,-1,0.0999999999999999
0.982,0.000168763494604213,-0.000177221428705007,0.0329694383773711,0.00325750840353669,0.00409996240045529,0.00346931324845379,0.0317102970064126,0.0086115331705429,-0.0251520776754784,0.41951080261652,2.48699512760993,0.00666309085553624,0.0301191786657313,-1,-0.247205018997192,0.497787654399872,-1,0.0999999999999999
0.983,0.000197897105132019,-0.000168046196341081,0.0329473877582735,0.00382322858125632,0.00661985124682836,0.00347564864553451,0.0268041668509585,0.00971859859527819,-0.0188608735861624,0.583936380280747,2.15690266500487,0.00557108201775799,0.0301191786657313,-1,-0.48673477768898,0.812481641769409,-1,0.0999999999999999
0.984,0.000221769438824726,-0.000158560165235199,0.0329316915101557,0.00396740764622931,0.00805636507827228,0.00348142309041677,0.0211067279434224,0.00926576149368849,-0.0124739277288545,-0.343271654225486,0.512613341746562,0.005832679110884,0.0301191786657313,-1,-0.179858013987541,0.461890876293182,-1,0.0999999999999999
0.985,0.000241352052494395,-0.000148464337670255,0.0329227051918506,0.00347782425829949,0.00725476387808334,0.00348516444949309,0.0180607844799584,0.010973480373728,-0.0054917102996839,-0.569636577419692,-1.90359994718559,0.00188602795992624,0.0301191786657313,-1,-0.345449447631836,0.651821434497833,-0.929778695106506,0.0999999999999999
0.986,0.000257121502402657,-0.000137230402810261,0.0329204774366853,0.00276851486618993,0.00516782760291425,0.00348721945377894,0.0133848414915776,0.0115640216452861,0.00102284846289731,-0.746419664686398,-1.84008702669192,0.00257053360018337,0.0301191786657313,-1,0.348545253276825,0.860235571861267,-0.883772432804108,0.0999999999999999
0.987,0.00026723787434801,-0.000123121282671521,0.0329217888295597,0.00276151248159321,0.00448428592999497,0.00348953100391247,0.00684395247505209,0.0166693966568286,0.00159073569831978,0.692059034283613,0.619371572474464,0.00245810907084924,0.0301191786657313,-1,-0.252863883972168,0.297164916992188,-0.57384580373764,0.0999999999999999
0.988,0.000272707027465412,-0.000106798316135162,0.0329262729901809,0.00303702480050525,0.00571894179027177,0.00349407373441979,0.00419652349496691,0.0159962562881698,0.00734523533321949,-0.230989449496554,1.63021012693891,0.00665013912688601,0.0301191786657313,-1,0.214997678995132,0.0921864807605743,-0.538345456123352,0.0999999999999999
0.989,0.000276475890265868,-8.96559772421751e-05,0.0329354851954964,0.00268160817248684,0.00701791072293009,0.00350062568030918,0.003438101884043,0.0183421736714811,0.0110271267134763,-0.455780576297204,0.73981794916204,0.00606798426482628,0.0301191786657313,-1,-0.628287434577942,0.922274172306061,-0.595431447029114,0.0999999999999999
0.99,0.000277100763380813,-7.24463735504864e-05,0.0329485220333262,0.00151426217080658,0.00768229380633051,0.00350942914104335,-0.00212257260416126,0.0162004163708604,0.0149776159575853,-1.69984237952239,0.468789313859309,0.0107775563666309,0.0301191786657313,-1,-0.411699771881104,0.917836785316467,-0.256706178188324,0.0999999999999999
0.991,0.000272247498049246,-5.73607289319841e-05,0.0329635743222879,-0.000303425309963971,0.00778779651140438,0.00352053728385648,-0.00756978101024539,0.0141323147527057,0.0150622644259082,-1.63597246449681,-0.285025337993459,0.0102768429898684,0.0301191786657313,-1,-0.309791207313538,1,-0.119020782411098,0.0999999999999999
0.992,0.000261598918074509,-4.40291065926693e-05,0.0329775022284156,-0.00128136659691792,0.00725427626308072,0.00352816983237014,-0.0137629703232085,0.0126307971988928,0.0127408321444988,-0.178769075323999,-0.706773349571647,0.00447498537915817,0.0301191786657313,-1,-1,0.687396287918091,0.059035986661911,0.0999999999999999
0.993,0.000245557715156164,-3.47824427042533e-05,0.032991506798066,-0.00141453974036153,0.00627183434307,0.00353267448824157,-0.0184003325196509,0.00592160466529052,0.0151944413548746,-0.0879068295490079,-1.11358584985203,0.00443949110585097,0.0301191786657313,-0.797291815280914,-1,0.142315089702606,0.919875025749207,0.0999999999999999
0.994,0.000226881703072217,-3.48877156583906e-05,0.0330060574194602,-0.00219715991317394,0.00468301502791068,0.00353973307157229,-0.0190969648706019,-0.00604108298915656,0.0138479374758296,-1.32819200747602,-1.81204663136107,0.00885911913518689,0.0301191786657313,-1,-0.593006014823914,0.477191716432571,0.201111301779747,0.0999999999999999
0.995,0.000205361382400372,-4.32036559408741e-05,0.0330196847621098,-0.00260908768181772,0.00365464219960218,0.00354542164186,-0.0240423100128739,-0.010566094728805,0.0133468595254573,0.594341146241212,-0.114218126041672,0.00225101700901265,0.0301191786657313,0.351387858390808,-1,-0.399522453546524,0.309278547763824,0.0999999999999999
0.996,0.000185692172272695,-5.77754921026491e-05,0.0330319266737163,-0.00161182322764067,0.00245828720031611,0.0035483065967461,-0.0154355567468864,-0.0186609112730049,0.0110875485657311,1.24941476783786,-2.10323448962795,0.00346532719186948,0.0301191786657313,-0.518992960453033,-0.49126660823822,0.0115570649504662,0.363521218299866,0.0999999999999999
0.997,0.000170118183175921,-7.93527696517428e-05,0.0330415034383842,-5.88158621735921e-05,0.00121087193199691,0.00355093265226269,-0.0158268228957718,-0.024621408327455,0.00803169975299651,1.62177904974584,-0.209123954559812,0.00222565520597428,0.0301191786657313,0.454874366521835,-0.48798531293869,-0.556789755821228,-0.256731867790222,0.0999999999999999
0.998,0.000158816116755631,-0.000105387334371712,0.0330485074229329,0.00172034508864279,0.000704779103413459,0.00355297632604801,-0.00687211788540241,-0.0276091897769987,0.00595450528835082,1.67300859459766,-0.737238876955946,0.00195363588817968,0.0301191786657313,0.551539599895477,0.104687876999378,-0.828813850879669,-0.312905728816986,0.0999999999999999
0.999,0.000157432147627273,-0.000132874836128304,0.0330522242559656,0.00340518927704894,-0.00036260687144124,0.00355451729486234,0.00398953748083435,-0.0275372301024605,0.00148313790627511,1.45581912615993,-1.20282401509821,0.00134036457687296,0.0301191786657313,0.288874417543411,0.648021936416626,-0.731874704360962,-1,0.0999999999999999
1,0.000165566395455266,-0.000156905356302061,0.033052503834863,0.00532061312142192,-0.000959358264173786,0.00355735541413305,0.012244513948431,-0.0207135346563898,-0.000915054626221263,2.08085233975082,0.137205858542735,0.00478467499943211,0.0301191786657313,0.192123502492905,0.756239295005798,-0.901669263839722,-1,0.0999999999999999
1.001,0.000182241256207493,-0.000174312139452977,0.0330509078990459,0.00703540041402455,-0.000146302446935012,0.0035642003988019,0.0211743450006711,-0.014268267046643,-0.00226499276820836,1.07732717825615,1.37645033463874,0.00869612079634864,0.0301191786657313,0.502140820026398,1,-0.770538926124573,-1,0.0999999999999999
1.002,0.000208765439751554,-0.000184839410408256,0.0330458360301832,0.0073862993021763,0.00127488160176856,0.00357321897389484,0.0319823923106141,-0.00686105898817099,-0.0078408569158911,-0.406393888597752,1.27167543941164,0.00876062159196551,0.0301191786657313,-0.587468802928925,1,-0.349295973777771,-1,0.0999999999999999
1.003,0.000241795385215814,-0.000188013336135509,0.0330374560308306,0.00638863014019317,0.00340193059316144,0.0035859201039794,0.034284408220662,0.000558402430429073,-0.00888639844642757,-1.39194197585242,2.66985745343875,0.0152703084079792,0.0301191786657313,-1,1,0.00708577409386635,-1,0.0999999999999999
1.004,0.000275405910877684,-0.000183522070899037,0.0330283649499535,0.00508690393875392,0.00651681260839041,0.00360240061005568,0.0332171120977171,0.00849594984979512,-0.00925649330921747,-0.981970662102106,3.06971456475109,0.0153814734830456,0.0301191786657313,-1,0.4747314453125,0.595319330692291,-1,0.0999999999999999
1.005,0.000306933410343217,-0.00017246349883034,0.0330188502272261,0.00427236338167889,0.00914846603155954,0.0036159551881787,0.0300925393951322,0.0136807260304799,-0.00972559708760858,-0.52535443188413,1.7922810329258,0.0101719739123422,0.0301191786657313,-1,0.16819304227829,0.788388252258301,-1,0.0999999999999999
1.006,0.000335351244278429,-0.000156972551660174,0.033009365800376,0.00388715248175187,0.00978315082535713,0.00362280765334821,0.0268606748566838,0.0173449431982684,-0.00920339738702361,-0.214623977693303,-0.557653286056032,0.00335929881221355,0.0301191786657313,-1,0.0295838043093681,1,-1,0.0999999999999999
1.007,0.000360038023496219,-0.000138088384720064,0.0330003095387995,0.00371352691931207,0.00853889258672025,0.00362452485795606,0.0224912575222216,0.0204690606732949,-0.00887457417316985,-0.149958368974803,-1.63267236557662,0.000799453518263467,0.0301191786657313,-1,-0.183912172913551,1,-1,0.0999999999999999
1.008,0.000380235365324164,-0.000116592187032865,0.0329923481107428,0.00335156733662396,0.00719171125694948,0.00362680915362468,0.0178607912338401,0.0225913915134715,-0.00701924569025595,-0.562242239526646,-0.758845710802445,0.00422613610381388,0.0301191786657313,-1,-0.519622206687927,0.87310254573822,-0.715399742126465,0.0999999999999999
1.009,0.000396140583495952,-9.46929421607152e-05,0.0329868526519295,0.00213668109640786,0.00725959030811699,0.00363492462008619,0.013999083482124,0.0213383933360166,-0.00395523373844405,-1.69426990751602,0.918988507318211,0.0111896311369852,0.0301191786657313,-1,-0.102928817272186,0.972809493541718,-0.481438010931015,0.0999999999999999
1.01,0.000408041349325785,-7.30292580757847e-05,0.0329821317608622,0.000617261590991656,0.00888233296348147,0.00364597675989442,0.00995340888706353,0.0221340993611792,-0.0054568125393757,-1.11929615718155,2.05093989700935,0.0094930752162695,0.0301191786657313,-1,-0.919831037521362,0.85261195898056,-0.697563111782074,0.0999999999999999
1.011,0.000416795612315893,-5.20871955800363e-05,0.032979609862719,-0.000343464910483962,0.010563856893394,0.00365460450979338,0.00769626774363225,0.0198671418517498,0.000408948308028812,-0.677436801753264,1.02552124352081,0.00710470459363751,0.0301191786657313,-1,-0.780375838279724,1,-0.17066265642643,0.0999999999999999
1.012,0.000423074883761553,-3.43511787934431e-05,0.0329804184697295,-0.000923585904563938,0.0107564223966609,0.00366140947566018,0.0048990039125168,0.0156971098601342,0.00120400007974298,-0.421286365854546,-0.652914695676039,0.00622982196279799,0.0301191786657313,-1,-0.926138460636139,1,-0.112127996981144,0.0999999999999999
1.013,0.000426529129204862,-2.12304599724997e-05,0.0329822836304914,-0.00129209589853106,0.00950641535131659,0.00366769279109347,0.00194099370075944,0.0106123005156067,0.00251190906998378,-0.282115292455009,-1.60126110834119,0.00604079556410375,0.0301191786657313,-1,-1,1,0.0317342877388,0.0999999999999999
1.014,0.000426745833009313,-1.37484220939732e-05,0.0329851969158082,-0.00163015930956984,0.00812627340211469,0.00367383228120222,-0.00158876735365466,0.00441055930599484,0.00329711349281686,-0.351267714115812,-0.903823276913381,0.00579648315638477,0.0301191786657313,-1,-0.862468302249908,1,0.222761243581772,0.0999999999999999
1.015,0.000423192315674288,-1.25333221032852e-05,0.0329878108143645,-0.00193903278933116,0.00801761745949751,0.00367867255086951,-0.00551990604866798,-0.00193534307028616,0.00192448833438135,-0.212764330389026,0.692055499902081,0.00360164218236429,0.0301191786657313,-1,-0.57022613286972,0.761523246765137,0.204473257064819,0.0999999999999999
1.016,0.000416490657084587,-1.66364105833846e-05,0.0329888818221358,-0.00170035105540458,0.00903337851747339,0.00367987237234102,-0.00782288700645132,-0.00628345064366579,0.000219497503655866,0.654351259196468,1.13069828427183,-0.000888961626795495,0.0301191786657313,-1,-0.410033166408539,0.339474081993103,-0.410363554954529,0.0999999999999999
1.017,0.000409014619693205,-2.27752820167944e-05,0.0329909526299789,-0.000157157370311106,0.00945431431508616,0.003674983245054,-0.00711799256078243,-0.00611159085143279,0.00390862490888683,2.15740497258489,-0.38566724127612,-0.00769986798293161,0.0301191786657313,-1,-1,1,-0.306946605443954,0.0999999999999999
1.018,0.000400125328357988,-3.1348052268949e-05,0.0329962069954725,0.0012896001872531,0.00894780881447698,0.00367086925736482,-0.0107049166781244,-0.0111347129326933,0.00656704081713501,0.493596378806672,-0.555923560532122,0.000622726105692174,0.0301191786657313,-1,-0.727926135063171,0.707269310951233,-0.609454929828644,0.0999999999999999
1.019,0.000388401731620062,-4.33544521247544e-05,0.033005017641146,0.00120518567095057,0.00821953844026743,0.0036741301291876,-0.0128132041760085,-0.0128946603253081,0.0110038335159449,-0.614055828735813,-0.793504121006714,0.00567624929766966,0.0301191786657313,-1,-0.0367604456841946,0.589974701404572,-0.317277252674103,0.0999999999999999
1.02,0.000374635653503294,-5.58644536352109e-05,0.0330153837430738,0.000685298145705137,0.00749047281470898,0.00367943473346077,-0.0147923965612421,-0.0121197331138599,0.00968586855890055,-0.298223273598875,-0.564314836243672,0.00444480863828267,0.0301191786657313,-1,0.178730681538582,0.106802523136139,-1,0.0999999999999999
1.021,0.000360227682843248,-6.47851241215962e-05,0.033027249715449,0.0015452445534482,0.00677239717091419,0.00367920641418618,-0.0141048361501486,-0.00580923459204721,0.0139890982055026,1.87687960384935,-0.774343727883768,-0.00417526433539817,0.0301191786657313,-0.952009081840515,-0.417432695627213,0.648085832595825,-0.515765786170959,0.0999999999999999
1.022,0.000344717820183872,-7.11311713379447e-05,0.0330417783198104,0.00287925301204799,0.00659036896956933,0.00367766553094162,-0.0169549312344783,-0.00698214628781627,0.0150031446090855,0.563461533413956,0.401569495637547,0.00202733808756368,0.0301191786657313,-1,-0.150096416473389,-0.0742686837911606,-0.880504012107849,0.0999999999999999
1.023,0.000328412623037685,-7.68744563824488e-05,0.0330597997487478,0.00305324341400969,0.00674283683262558,0.00368071307663476,-0.0156851931679126,-0.00453450668853626,0.0209481676418764,-0.23044135073731,-0.16372617655079,0.00401566825618617,0.0301191786657313,-1,-0.0312297865748405,0.120874837040901,-0.517785012722015,0.0999999999999999
1.024,0.000312614852584166,-8.09518487680187e-05,0.033081391481141,0.00231175705187196,0.00642986665196974,0.00368636389627364,-0.0159657637830388,-0.00358192945711868,0.0221377282493226,-1.10168156252836,-0.442044904239,0.00676434300093299,0.0301191786657313,-0.943976998329163,-0.179075658321381,0.619634568691254,-0.925691485404968,0.0999999999999999
1.025,0.000294992210480339,-8.3088764688551e-05,0.0331039377560426,0.0014733006064929,0.00633200400187845,0.00369258504578118,-0.0193134425350649,-0.000651537852872881,0.0228539888757901,-0.417533703994562,0.218854100546909,0.00505896912676655,0.0301191786657313,-1,0.0801362693309784,0.810646414756775,-0.37808433175087,0.0999999999999999
1.026,0.000273106697044768,-8.30995467600376e-05,0.0331239719033909,0.00138369167154214,0.00693252474485555,0.00369676576464073,-0.0244551804751458,0.000633981725489566,0.0171386998852163,0.254492812184628,0.814536654693486,0.00307721020189836,0.0301191786657313,-1,-0.880685329437256,0.43730702996254,-0.639620423316956,0.0999999999999999
1.027,0.000247290103316474,-8.40386493594496e-05,0.0331429950954502,0.00127286807934606,0.00721351406325981,0.00370086541737669,-0.0272089653363854,-0.002498107003597,0.0208163416651407,-0.451234336131998,-0.36569159223724,0.00497181144572028,0.0301191786657313,-1,-0.827440500259399,0.363265722990036,0.082149863243103,0.0999999999999999
1.028,0.00021870832944064,-9.01421871362565e-05,0.0331632164668358,7.34828675944251e-05,0.00614309439410815,0.00370832973517166,-0.0300795550023932,-0.00962261137534861,0.0195411477187894,-1.70852998867516,-1.6451009335018,0.00914259059046861,0.0301191786657313,-1,-0.102261483669281,0.634353816509247,-0.0846083760261536,0.0999999999999999
1.029,0.000185919246064521,-0.000100343106975795,0.0331793518400436,-0.000727887426889461,0.00459643209168168,0.00371468800881214,-0.0356527075586605,-0.0107441516652262,0.0126766197040271,0.271951986160305,-1.24782675712359,0.00328194900250872,0.0301191786657313,-0.0776174664497375,-1,0.0680718496441841,0.432634115219116,0.0999999999999999
1.03,0.000151724202634512,-0.000116128350099465,0.0331883747953463,-0.000658932533422425,0.00261646904527397,0.00371869818045667,-0.0329551756472311,-0.020810353679161,0.00536848461038059,-0.105837618684615,-2.42949294611679,0.00450282529360388,0.0301191786657313,0.134501740336418,-0.573602199554443,-0.541924297809601,-0.0530101284384727,0.0999999999999999
1.031,0.000122125564744728,-0.000139246565698537,0.0331914313690188,-1.79421076700882e-05,-0.000310560600046587,0.00372267839518958,-0.0265052810213533,-0.0255135587421102,0.000739626052452878,1.32544919242874,-2.9600006531928,0.00373536571657574,0.0301191786657313,0.483492255210876,-0.523992419242859,-0.523429989814758,-0.0708973407745361,0.0999999999999999
1.032,9.92646057754662e-05,-0.000167224028390172,0.0331885955319619,0.00171590290217913,-0.00269167169147661,0.00372686047298565,-0.019442506079475,-0.0305995730528337,-0.00637529780501569,1.89226448222334,-1.42907759282975,0.00493856150542867,0.0301191786657313,1,-0.140798419713974,-1,-0.565923035144806,0.0999999999999999
1.033,8.60978839624467e-05,-0.000198097944285268,0.0331789710589923,0.00402118111812591,-0.00363064625532774,0.00373315720620804,-0.00702902075472629,-0.0313609464668072,-0.0128015002953964,2.3719893741352,-0.316127145817984,0.00752257538689447,0.0301191786657313,1,0.509473562240601,-1,-1,0.0999999999999999
1.034,8.51880449995399e-05,-0.000227001483189883,0.0331624842701444,0.00673984690658359,-0.00324609296696614,0.00374324502195345,0.00519272541217528,-0.0267028783439275,-0.0200706418129855,2.63626071021672,1.00598575982728,0.0119134507041195,0.0301191786657313,0.830578982830048,0.988145351409912,-1,-1,0.0999999999999999
1.035,9.61548444208331e-05,-0.000250447272749851,0.0331380572608915,0.00893307431618428,-0.00179464881343477,0.00375633059188019,0.0168226306428423,-0.0204037811202317,-0.0286487125644748,1.41162532095523,1.65615379098566,0.0130335194540016,0.0301191786657313,0.422401010990143,0.894835472106934,-0.960405647754669,-1,0.0999999999999999
1.036,0.000117773335391799,-0.000268358047184212,0.0331068420501487,0.00907839519862166,-4.2142933277214e-05,0.00376903537550444,0.0265429238482426,-0.0154826814735042,-0.0336363673760993,-1.09311660100806,1.58289371365467,0.0114475638956,0.0301191786657313,-0.439991772174835,1,-0.830857515335083,-1,0.0999999999999999
1.037,0.00014649141232026,-0.00028103274727747,0.0330730506868867,0.00727645528358207,0.00180228124580698,0.00378191848285336,0.0310642137517315,-0.00978802543243916,-0.0338091428073155,-2.14308710010522,1.8398156307708,0.0130690345663961,0.0301191786657313,-0.30575555562973,1,-0.488222390413284,-1,0.0999999999999999
1.038,0.000179631549801508,-0.00028766100612807,0.0330380126568737,0.00559027801928632,0.00333898905408773,0.00379327359924053,0.0353763699230408,-0.00338844645198805,-0.0361163535924415,-0.905562032319314,1.03836322013868,0.00844848853107965,0.0301191786657313,-1,0.695754766464233,0.20668637752533,-1,0.0999999999999999
1.039,0.000213181543821624,-0.000288646690339479,0.0330021333558159,0.00552679092338981,0.00488699628493055,0.00380147399264397,0.0319095083206628,0.00140447330707881,-0.0354851378223538,0.786456997424743,1.85233885834225,0.007085963791542,0.0301191786657313,-1,-0.271485388278961,-0.529464781284332,-1,0.0999999999999999
1.04,0.000246182086398335,-0.000288025070558736,0.0329726000303082,0.00600645786345835,0.00588385830559781,0.00380678999509643,0.0342255417747123,-0.000188333409863474,-0.0234890840599745,0.0840951686275066,0.0438786128164706,0.0034900964533562,0.0301191786657313,-1,0.672143459320068,0.288650453090668,-1,0.0999999999999999
1.041,0.000279177294484196,-0.000286017413522404,0.0329499892698914,0.0065191842371603,0.00585551356660746,0.00380865820536425,0.0318365203615598,0.00417171872248191,-0.0216322748749332,0.838097681071746,-0.0114149819143523,0.000881735691527203,0.0301191786657313,-1,0.188750028610229,0.808882355690002,-1,0.0999999999999999
1.042,0.000308376036519684,-0.000281269796869404,0.0329294167093928,0.00694341421918626,0.00647366666677353,0.00381321202280294,0.0266679430317903,0.005304488412268,-0.0194186535432678,-0.0826538457140841,1.20602259010151,0.00847999694749033,0.0301191786657313,-1,0.448835700750351,0.451850891113281,-1,0.0999999999999999
1.043,0.000333900902278392,-0.000274562452045544,0.0329116323586656,0.00658260627521938,0.00765479890777034,0.0038226510264372,0.024527310748691,0.0081372899488638,-0.0160842988996284,-0.586673560712311,1.00071810890089,0.00967891020497292,0.0301191786657313,-1,0.349068492650986,0.751201570034027,-1,0.0999999999999999
1.044,0.00035671585844004,-0.000265173957415969,0.0328967983864031,0.00585055869157236,0.00850730924966498,0.00383245163070267,0.0212233746670806,0.0106990234826502,-0.0135278602061646,-0.764487035964724,0.605127999960313,0.00912319139895756,0.0301191786657313,-1,0.394746899604797,0.907213687896729,-1,0.0999999999999999
1.045,0.000376009923593042,-0.000252854713963128,0.0328840903546348,0.00531283385484928,0.00889421052866672,0.00383982632221391,0.0174484540525954,0.0139893330931167,-0.011838972907925,-0.244745095891584,0.147631620387764,0.00525013495716623,0.0301191786657313,-1,0.0512705296278,1,-1,0.0999999999999999
1.046,0.000391422810868613,-0.000238178819282372,0.0328740166782749,0.00507516959477057,0.0089105160597407,0.00384466764465152,0.0134325513044844,0.0154033058707597,-0.00828138170469278,-0.224362960311703,-0.0773813182658757,0.00451303707528636,0.0301191786657313,-1,0.0760344713926315,0.862604856491089,-0.913978338241577,0.0999999999999999
1.047,0.000403344325959418,-0.000222146624049574,0.032867672629334,0.00481597777865487,0.00870888880881252,0.00384901125707415,0.0104264668349494,0.01671245216481,-0.00438332035472637,-0.287031045505337,-0.256707009708057,0.00432933790658255,0.0301191786657313,-1,-0.0931334942579269,0.811301350593567,-1,0.0999999999999999
1.048,0.00041246844001267,-0.000204905583041447,0.0328662567013288,0.00444263676440646,0.00848710890873761,0.00385383613575208,0.00783283436040168,0.0178297825726556,0.00154316128933868,-0.433852993931291,-0.121983652999285,0.00535502273993508,0.0301191786657313,-1,-0.396328210830688,0.976704716682434,-0.895570516586304,0.0999999999999999
1.049,0.000418512187997624,-0.000187642555879396,0.0328708566312743,0.0036602711510215,0.00869332134057172,0.00386156922776504,0.00428811052966019,0.0167890906731272,0.00762627571963385,-1.02658873306123,0.511043499629919,0.0095369560653321,0.0301191786657313,-1,-0.240721553564072,1,-0.61916595697403,0.0999999999999999
1.05,0.000421013129098432,-0.000171506864824331,0.0328800034793422,0.00257527231232185,0.00938228378822366,0.00387171017637655,0.000778919189962829,0.0155954540073872,0.0106177187273735,-0.981296581295442,0.74454780852261,0.00971202239327856,0.0301191786657313,-1,-0.391339778900146,0.938171029090881,-0.448440730571747,0.0999999999999999
1.051,0.000420350986475863,-0.000157286204310331,0.0328921184778635,0.00169140330006974,0.0098710323146198,0.00388060205040386,-0.00206240816977936,0.012946156471038,0.0135510190993765,-0.658377799955255,0.143410720514384,0.00732575256025068,0.0301191786657313,-1,-0.648892164230347,1,-0.19490185379982,0.0999999999999999
1.052,0.000416690433633992,-0.00014710535080052,0.0329067973016432,0.000986832049102672,0.00966615852431476,0.00388790713783704,-0.00527299472978235,0.00750123042375967,0.0157367550655931,-0.644758809091376,-0.520358367040075,0.0067808240564166,0.0301191786657313,-1,0.0876113176345825,1,-0.0756865739822388,0.0999999999999999
1.053,0.000409640319911311,-0.000140210393677622,0.032920765881364,0.00114099073257207,0.00900760138452309,0.00389048375798184,-0.00887842566782329,0.00629647592586679,0.0121470017021706,0.901345762817472,-0.689975943851541,-0.00121967604029934,0.0301191786657313,-1,-0.82246333360672,0.714474141597748,-0.186753645539284,0.0999999999999999
1.054,0.000399779116116614,-0.000137146759378105,0.0329350410070545,0.00173329568709508,0.00820693457760881,0.00389065964364255,-0.0109185602483591,-0.000194172822477607,0.0163337254401667,0.164682872020183,-0.785918452556165,0.00217248722630527,0.0301191786657313,-1,-0.276344448328018,0.850050687789917,-0.592378318309784,0.0999999999999999
1.055,0.000387207248265193,-0.000137604031065155,0.0329524754800717,0.0022386858647205,0.00778645391627629,0.00389170222531732,-0.0142709593242373,-0.000753069262260744,0.0184508224237694,0.750663474491738,-0.010656660291305,0.000431881825400296,0.0301191786657313,-1,-0.253386527299881,0.230174601078033,-0.35877388715744,0.0999999999999999
1.056,0.000373106945341344,-0.000139430660901661,0.0329728419205206,0.00279510231546561,0.00756703350692372,0.00389267869877896,-0.0139766683416131,-0.00294011306872553,0.0221910322166933,0.262854910410453,-0.422439090378674,0.0019181152205257,0.0301191786657313,-0.932337045669556,-0.190630286931992,0.538362979888916,-0.844670414924622,0.0999999999999999
1.057,0.00035840061016066,-0.000141786106557157,0.0329968714315432,0.00315794115692679,0.00723910160622952,0.00389433701206254,-0.0154852577636576,-0.00180430309326749,0.0257485993928074,0.401273842968472,-0.209852744737766,0.00169654231502417,0.0301191786657313,-1,-0.0309529379010201,0.280843079090118,-0.685896813869476,0.0999999999999999
1.058,0.000342611140265491,-0.000143098926458728,0.0330241221488128,0.00347033717051065,0.00697797801695603,0.00389628991245328,-0.0161441937602537,-0.000848121392936664,0.0286239397133647,0.170558201594441,-0.302563199598874,0.00242568021004601,0.0301191786657313,-0.882933259010315,-0.160003006458282,0.611463844776154,-0.672659039497375,0.0999999999999999
1.059,0.000325329764520828,-0.000143940606236577,0.0330528464983461,0.00332244190806848,0.00686328442501843,0.00390027638489521,-0.0184566860070348,-0.00082656177134973,0.028699239218963,-0.433736450533577,0.0504351401210595,0.00537093959003037,0.0301191786657313,-1,0.0918650329113007,0.2994464635849,-0.417755335569382,0.0999999999999999
1.06,0.000306197433477275,-0.00014472101354948,0.0330810059177013,0.00275935681184304,0.00680187827481794,0.00390594532959554,-0.0198532477957815,-0.000697537437288179,0.0274982559756715,-0.584803272048971,-0.208715735920849,0.00551670726551981,0.0301191786657313,-1,-0.153105765581131,0.668539464473724,-0.382185190916061,0.0999999999999999
1.061,0.000284357635591974,-0.000146134932089134,0.0331071228844199,0.00211661887169458,0.0067544830403462,0.00391190216574611,-0.0238630533446717,-0.00208497476995125,0.0246324211452795,-0.577953071258471,0.0677014895692759,0.00586553063439507,0.0301191786657313,-0.927375018596649,-0.167858242988586,0.256319344043732,-1,0.0999999999999999
1.062,0.000259911154319161,-0.000146955503440327,0.0331330705278004,0.00232427051969665,0.00636484600371139,0.0039143758422111,-0.0251087318105089,0.000426290787718698,0.0271479434103855,0.956091413703363,-0.835185326992891,-0.000734559028550753,0.0301191786657313,-0.890437424182892,-0.562224745750427,0.44993582367897,-0.349811732769012,0.0999999999999999
1.063,0.000233420798724966,-0.000148647987611873,0.033159629080159,0.00279560261091204,0.00539957041131811,0.00391506553581289,-0.0279887043071193,-0.00383845722694732,0.0258548967721334,-0.0945301566484755,-0.9841219388698,0.00243818537362752,0.0301191786657313,-0.954113185405731,-0.133069187402725,0.166115283966064,-0.504499495029449,0.0999999999999999
1.064,0.000204354606157595,-0.000152831637236111,0.033184787819375,0.00269384334512391,0.00440973148259656,0.00391751695615161,-0.0302639753597594,-0.00452874076806866,0.024357943037458,-0.080236448898482,-0.887806145632615,0.00254851058160527,0.0301191786657313,-0.640952408313751,-0.30577540397644,-0.174993872642517,-0.515831053256989,0.0999999999999999
1.065,0.000174682752046408,-0.000158218004536509,0.0332087369250226,0.00254046990211525,0.00321693150577566,0.0039197905042907,-0.0292245341475792,-0.00624103924977924,0.0234397865575751,-0.184959860041686,-1.35220049288731,0.00211406350751609,0.0301191786657313,-0.259273946285248,-0.257339239120483,-0.152746826410294,-0.265214174985886,0.0999999999999999
1.066,0.000146715061520377,-0.000165936038383722,0.0332292489495353,0.00224833642056229,0.00172919981225972,0.00392188815198358,-0.0268743186511258,-0.00918376378452999,0.0175135697124724,-0.326644515130614,-1.42144471918062,0.00222981648959715,0.0301191786657313,0.00734489411115646,0.240370184183121,-0.284577757120132,-0.558954000473022,0.0999999999999999
1.067,0.000121873551451761,-0.00017413441503391,0.0332425765515331,0.00273584164119602,0.000390890096745412,0.00392365945268569,-0.0229587665810976,-0.00726702357586222,0.00910818893493363,1.22861507038882,-1.07418442798035,0.00179313703586987,0.0301191786657313,-0.142788082361221,0.312477201223373,-0.885916829109192,-0.346476286649704,0.0999999999999999
1.068,0.00010197251875147,-0.000181107121121626,0.0332487998982656,0.00419484537488753,-0.000564488288959132,0.00392564885620184,-0.0169664486988556,-0.00679124520432446,0.00333591041915591,1.43929983499475,-0.715282977975025,0.00246696336338093,0.0301191786657313,0.200318425893784,0.281625360250473,-0.598465859889984,-0.780634760856628,0.0999999999999999
1.069,8.797458770506e-05,-0.000186654519822417,0.0332487184329824,0.00549976225456578,-0.000917215085180905,0.00392898573155565,-0.0111023341397084,-0.00440915028549324,-0.00346988868979895,0.948329341180339,0.0347440987842306,0.00425300418544085,0.0301191786657313,0.115295886993408,0.0739541798830032,-0.919565320014954,-0.815187215805054,0.0999999999999999
1.07,8.04731155351962e-05,-0.000190603546536549,0.0332438711490664,0.00562841140715463,-0.000771236384803695,0.00393319762809341,-0.00391126094641361,-0.003506456970026,-0.00620144111592143,-0.70379990959885,0.211308238199788,0.00404699008416126,0.0301191786657313,0.314233720302582,0.61724865436554,-0.210788637399673,-1,0.0999999999999999
1.071,7.85856400578565e-05,-0.000191309247473744,0.0332324915384911,0.00499792315824074,-0.000128492193147519,0.00393854326094845,0.000164895802746776,0.00212079054459425,-0.0164850832293795,-0.440707801440736,0.949900763593003,0.00625690792385576,0.0301191786657313,-0.235859006643295,0.517443120479584,-0.618809819221497,-1,0.0999999999999999
1.072,8.05015537242369e-05,-0.000186621258091215,0.0332142905192438,0.00479095757650531,0.000917154805014053,0.00394502647997275,0.0037280855448522,0.00726199731066313,-0.0198299478519576,0.0507827943034959,0.95570060464382,0.00616411346098057,0.0301191786657313,-0.147995263338089,-0.0248444825410843,-0.328086912631989,-0.952885627746582,0.0999999999999999
1.073,8.55633637687315e-05,-0.000178559557838452,0.0331933210824864,0.00453040454944024,0.00165098541283292,0.00395082428086679,0.00645323006762549,0.00889391655951108,-0.0220175248865804,-0.544192780599967,0.390115525633995,0.00515104230323119,0.0301191786657313,-0.453970342874527,-0.148900389671326,0.235967040061951,-1,0.0999999999999999
1.074,9.07866171066973e-05,-0.000168953247924114,0.0331701881056449,0.00377908748834186,0.0023517453546179,0.00395691703613377,0.004060474089676,0.0103815455170774,-0.0241409632613333,-0.844316474373905,0.893949036016278,0.00662767114279978,0.0301191786657313,-0.910319209098816,-0.470344126224518,-0.261884421110153,-0.685139536857605,0.0999999999999999
1.075,9.39315329283541e-05,-0.000159653296194302,0.0331482049729323,0.00252154243036841,0.00310677754035437,0.00396388685678817,0.00229139551241848,0.008327303102471,-0.0197446047584305,-1.46131119630322,0.487558525757651,0.00685869502042005,0.0301191786657313,-0.962927103042603,0.0141885727643967,-0.083180159330368,-1,0.0999999999999999
1.076,9.47073072658608e-05,-0.000149586410590095,0.0331300128677108,0.00201987410619367,0.0033714485690289,0.00396877702270304,-0.000710615317310159,0.0118487673218129,-0.0165724316565858,0.516978691191126,-0.00323987481831514,0.00273867917807495,0.0301191786657313,-1,-0.774408161640167,0.00795051455497742,0.155278086662292,0.0999999999999999
1.077,9.20919469818544e-05,-0.000142024252223805,0.033113814713006,0.00164258309063702,0.00320940404177917,0.00397297879822478,-0.00453370008428155,0.00332249512903303,-0.0157529526479558,-1.21964203887073,-0.297581936061045,0.00557975467815327,0.0301191786657313,-1,-0.322596669197083,0.157864645123482,-0.211236566305161,0.0999999999999999
1.078,8.51015071377044e-05,-0.000140228127455813,0.0330979514141271,0.000700095477896125,0.00298944755711346,0.00397813934016034,-0.00946046396801847,0.000345459147669847,-0.0159047939159724,-0.499028184152642,-0.120128655579552,0.00447298294449915,0.0301191786657313,-0.723151683807373,-0.156537264585495,-0.329775303602219,-0.744611382484436,0.0999999999999999
1.079,7.54991383505015e-05,-0.000139095614626645,0.0330839565124195,0.00141604386010759,0.00229877175411875,0.00398048745026092,-0.00981015981445978,0.00187185252582272,-0.0120297553622325,1.79133136576584,-1.15699633482459,0.000555963242782699,0.0301191786657313,-0.737087726593018,-0.888435661792755,0.138764157891273,0.191320896148682,0.0999999999999999
1.08,6.3777628891599e-05,-0.000141916362013667,0.0330718793774476,0.00221260028752532,0.00144883286949006,0.00398241936484434,-0.0137084169173324,-0.00755888074514678,-0.0120753201835422,-0.335080330311208,-0.417965627961022,0.00347042110886338,0.0301191786657313,-0.0316794216632843,-0.387531667947769,0.0265839099884033,-0.446940988302231,0.0999999999999999
1.081,5.05289928715471e-05,-0.000150635981503425,0.0330585104215505,0.00188509144564618,0.000837001412133795,0.00398566500056985,-0.0128604836346316,-0.00987185036940548,-0.0145984569343847,-0.238099966797821,-0.725555682231522,0.00307225639130547,0.0301191786657313,-0.372791290283203,0.143573522567749,-0.380662620067596,-0.869038462638855,0.0999999999999999
1.082,3.81173429383354e-05,-0.000158704441591331,0.0330448564985365,0.00268918524284532,0.000126127362968326,0.00398841199287236,-0.0120385021324886,-0.00634302570421977,-0.0126517952655161,1.71267734960133,-0.5964262185537,0.00270833531893871,0.0301191786657313,-0.023765716701746,-0.126582339406013,-0.273002743721008,-0.533616900444031,0.0999999999999999
1.083,2.70850922449311e-05,-0.000165452707061311,0.0330316494523285,0.00422338635076997,-0.000414592420034074,0.00399121047155759,-0.0100916260219572,-0.00726672100309051,-0.0137004193311012,1.09183484242962,-0.415222271522407,0.00299724190113193,0.0301191786657313,0.0161280930042267,0.201949924230576,-0.917120337486267,-0.854211330413818,0.0999999999999999
1.084,2.00041856307837e-05,-0.000171383027153102,0.033019491892628,0.00508088108134821,-0.0012046041595177,0.00399319309843582,-0.00415819981905435,-0.00467350948711921,-0.0105694282281368,0.480388646391062,-1.03445998830239,0.00115326089118718,0.0301191786657313,0.185513809323311,0.247492551803589,-0.498093158006668,-1,0.0999999999999999
1.085,1.78485967049193e-05,-0.000174251375466798,0.0330090925756694,0.00520524899469955,-0.00192514025351404,0.00399494845115189,-0.000213153928179897,-0.00108469630581776,-0.0101832578939321,-0.246984437762561,-0.279722696819549,0.00266623468090035,0.0301191786657313,0.523992776870728,0.520996570587158,-1,-1,0.0999999999999999
1.086,2.22091546981634e-05,-0.000172658996409943,0.0329988890831325,0.00491517803348719,-0.00239398882050226,0.00399703648357708,0.00888459786242342,0.00427563532601988,-0.0101793440296233,-0.284110220397682,-0.557963847302382,0.00184963801175725,0.0301191786657313,0.0260530635714531,0.494291722774506,-0.159513145685196,-1,0.0999999999999999
1.087,3.13832206341994e-05,-0.000165702098171247,0.0329878200503863,0.00469360534311435,-0.00163991859891353,0.00400243950893397,0.0095330766815861,0.00965531442037168,-0.0119077702015683,-0.136019110001852,1.94280117137769,0.00859953529511401,0.0301191786657313,-0.215399891138077,-0.0220907032489777,-0.560127854347229,-1,0.0999999999999999
1.088,4.20779054161394e-05,-0.000154922085019047,0.0329788004605755,0.00418538983472519,0.000719234336398378,0.00401191095327169,0.012030182008319,0.0119553933848085,-0.00611392344686065,-0.80939355024877,2.36167217663425,0.00946999502583051,0.0301191786657313,-0.344310402870178,-0.103616282343864,-0.0467334389686584,-1,0.0999999999999999
1.089,5.37726593088908e-05,-0.000141872342875882,0.0329747094195367,0.00323338133055563,0.00287382331911128,0.00402106517847312,0.0115315694183609,0.0142281729768439,-0.00206465049777437,-0.949062562283632,1.57995345198478,0.00803832050364166,0.0301191786657313,-1,-0.137619808316231,0.352589011192322,-0.613293409347534,0.0999999999999999
1.09,6.20429017527608e-05,-0.000127612210117441,0.0329744083512027,0.00219233136852052,0.00429385880626431,0.00402902654938053,0.00514453988460437,0.0143921083978877,0.00145451434093806,-0.975476582262526,1.0212109121474,0.007274291976904,0.0301191786657313,-1,-0.147178038954735,0.657146096229553,-0.43759286403656,0.0999999999999999
1.091,6.32261482440988e-05,-0.000113478035562649,0.0329761361900806,0.00140011821308958,0.00484735452354706,0.00403536592507825,-0.00271034308833932,0.0139614915657321,0.00199362827248181,-0.499304307593406,-0.00958226189246867,0.0050845551327253,0.0301191786657313,-1,-1,0.810506582260132,-0.453152775764465,0.0999999999999999
1.092,5.61190085087964e-05,-0.00010221140133177,0.032980614587885,0.000565997526921527,0.00439344105398243,0.00404104495477142,-0.0115396288114336,0.00865862286756184,0.00693673517744756,-1.04153606235136,-0.829513569371242,0.00602464022915392,0.0301191786657313,-1,-0.300239503383636,0.382380425930023,-0.00406070053577423,0.0999999999999999
1.093,4.13039601728097e-05,-9.52104659140239e-05,0.0329876691339455,-0.000131075366579222,0.00305792554368204,0.00404624434292522,-0.0181865279556791,0.0054173706511013,0.00713729955125534,-0.245214526213256,-1.62726362437492,0.00431515816347894,0.0301191786657313,-0.9127197265625,-0.829521238803864,0.331963449716568,0.329385638237,0.0999999999999999
1.094,1.98716542215885e-05,-9.40650541437627e-05,0.0329952970154183,-0.000615234200989057,0.0015001482710304,0.00405087799514181,-0.0248033800784872,-0.00305898758694323,0.00807772817476681,-0.635659265790433,-1.25430798353997,0.00472876690815179,0.0301191786657313,-0.171351060271263,-0.647122979164124,-0.0896618217229843,0.289885759353638,0.0999999999999999
1.095,-4.91776578496327e-06,-0.00010058302825018,0.0330022835737289,-0.000972776741639534,-0.000137621245757396,0.00405562649272451,-0.0249382761065669,-0.00994464743074726,0.00587173973603202,0.000222202506411212,-1.77868521458725,0.0047364660793265,0.0301191786657313,0.152081742882729,-0.74349308013916,-0.321279585361481,0.520444691181183,0.0999999999999999
1.096,-2.85916887831335e-05,-0.000115037235901819,0.0330062669518984,-0.00084910315050196,-0.00203938130567536,0.00406048510229917,-0.0225881035839086,-0.0190025924208557,0.00207779549750096,0.259980101964334,-1.73253021231029,0.00488638751222737,0.0301191786657313,1,-0.294806659221649,-0.861126005649567,0.0936333537101746,0.0999999999999999
1.097,-4.60345249717841e-05,-0.000135946919010683,0.0330054268233135,0.00030663515726689,-0.00430924086041207,0.00406689333523458,-0.0125073282185169,-0.022932374278924,-0.00373752254852951,1.88528220362489,-2.4278441003123,0.00783008157932223,0.0301191786657313,1,-0.201593726873398,-1,-0.007452093064785,0.0999999999999999
1.098,-5.35051621391051e-05,-0.000160643757553444,0.0329992966731327,0.0025396500954836,-0.00622936771764339,0.00407598398580022,-0.00260551521861933,-0.0266540428348379,-0.00847843523540032,2.22719899926526,-1.07987025380871,0.0099058538041412,0.0301191786657313,1,0.224017858505249,-1,-0.743287146091461,0.0999999999999999
1.099,-5.13644114193921e-05,-0.000185996951468024,0.0329895778757764,0.00511047211583896,-0.00610087914302972,0.00408933908129772,0.00686972713916474,-0.0242867081388284,-0.0109059437748578,2.49999289193425,1.30858324142486,0.0158646905079068,0.0301191786657313,1,0.645078003406525,-1,-1,0.0999999999999999
1.1,-3.95273048480648e-05,-0.00020748793774178,0.0329770982057093,0.00737324718923902,-0.00403519019980831,0.00410695737784472,0.0169356714742913,-0.018910684044299,-0.0139904153816089,1.6641251930801,2.46353070535171,0.017509040869568,0.0301191786657313,0.868558049201965,1,-1,-1,0.0999999999999999
1.101,-1.7473385920485e-05,-0.000222975852452676,0.0329610189509419,0.00825811474014302,-0.00184127303085825,0.00412194715610781,0.0273313989030288,-0.0121807742938239,-0.0180891169953788,-0.0122333280617196,1.57624718132704,0.0110374653504426,0.0301191786657313,0.716060996055603,1,-0.58501660823822,-1,0.0999999999999999
1.102,1.36855981936089e-05,-0.000231874538783188,0.0329402209190893,0.0074119185360511,-0.000809258137998133,0.00412993949266927,0.0351243449877039,-0.00557839695660802,-0.0234229695658208,-1.49818337817607,0.37674294013529,0.00481584268261122,0.0301191786657313,-0.453794866800308,1,-0.186997056007385,-1,0.0999999999999999
1.103,4.80184878431679e-05,-0.000233988570648493,0.0329168072359157,0.00580394641421808,0.000307550703049876,0.00413749249388484,0.0336936565875674,0.00144006717942377,-0.0233059027302756,-1.41145257715584,1.73468871695458,0.00969489110730066,0.0301191786657313,-0.608630180358887,0.647340297698975,-0.214462220668793,-1,0.0999999999999999
1.104,8.10396449458381e-05,-0.000229913301616771,0.0328954850532312,0.00476456614085641,0.00232562939209336,0.00414781358470284,0.0325598273859889,0.00677323717120307,-0.0192586006923292,-0.486080400879192,2.00875166761602,0.00978866856452569,0.0301191786657313,-0.993290603160858,0.151286631822586,0.478821367025375,-1,0.0999999999999999
1.105,0.000110107507307358,-0.000221897925941169,0.0328790761175254,0.00453674838988663,0.0047068500476694,0.00415810861931165,0.0258269161846911,0.00928101877165572,-0.0135015519457287,0.0513392817712878,2.38026795553213,0.00969907951836496,0.0301191786657313,-1,-0.0364402532577515,0.468252450227737,-1,0.0999999999999999
1.106,0.000133113428589827,-0.000211906774024215,0.0328692708221717,0.00464118350811872,0.00636934357215973,0.00416587075261976,0.0203554005117856,0.0107152071866233,-0.00606654320105255,0.112946351148013,0.691470038208368,0.00530658615915298,0.0301191786657313,-1,-0.392488449811935,0.493718534708023,-1,0.0999999999999999
1.107,0.000150922656507128,-0.000201564912977049,0.0328680416561806,0.00435721947154341,0.00596217302052924,0.00416981623507029,0.0152828460805375,0.0100115995155187,0.00359954542131954,-0.653076404549366,-1.37962277137784,0.00282373421486969,0.0301191786657313,-1,0.509777128696442,1,-1,0.0999999999999999
1.108,0.0001619221671301,-0.00018885635721337,0.0328720564127322,0.00431742715916377,0.00462099271483137,0.00417087771044544,0.00667385403177783,0.0154198790093926,0.00440614803871179,0.543450906160876,-1.02221390626109,0.000180716185172371,0.0301191786657313,-1,-0.186872392892838,0.682164132595062,-0.845823764801025,0.0999999999999999
1.109,0.000165182804950719,-0.000173435804057511,0.0328794732993706,0.00443163275162807,0.00402745110602337,0.00417311540290433,-0.000178102493984627,0.0154476687308438,0.0103876474785858,-0.375120915131051,-0.0457288263057894,0.00468489504201109,0.0301191786657313,-0.611614346504211,0.1197270154953,0.223001629114151,-0.875164270401001,0.0999999999999999
1.11,0.000164242942672411,-0.000156771840608791,0.0328920616239561,0.00391809310848974,0.00381643338870443,0.00417771711943171,-0.00171376347601891,0.017944226519894,0.0147185769690229,-0.597359476695809,-0.337180605819515,0.00449866461241468,0.0301191786657313,-1,0.279830425977707,0.840061664581299,-1,0.0999999999999999
1.111,0.000158493461021254,-0.000136467535276112,0.0329080220101078,0.00360931407647984,0.00433798528409546,0.00418336840346933,-0.00973646001817988,0.0227147375088313,0.017123206397386,-0.0155748890583197,1.26262180876863,0.00648393355273625,0.0301191786657313,-1,-0.605281174182892,0.72503387928009,-0.502060830593109,0.0999999999999999
1.112,0.000145251151876464,-0.000115623684520113,0.0329276812218883,0.00258579505441927,0.00575196782158553,0.00419280167367564,-0.016678444238066,0.0190903253889473,0.0221102608012008,-1.89078024407844,1.26601292240929,0.0117101734740052,0.0301191786657313,-1,-0.15456710755825,0.46844220161438,-0.601413011550903,0.0999999999999999
1.113,0.00012601470589071,-9.62198664918645e-05,0.0329517617735249,0.000880135088175287,0.00612698827282065,0.00420296580294677,-0.0217959509036821,0.0198720077315105,0.0259325121100526,-1.25367328859633,-0.626361958112103,0.00789954113193758,0.0301191786657313,-1,-0.568304419517517,1,0.382027506828308,0.0999999999999999
1.114,9.97709093942824e-05,-8.00486792437107e-05,0.0329758238554856,-0.000777139921962746,0.00508269991317114,0.00421208076176338,-0.0307896303033218,0.0126404936520392,0.0220972487785333,-1.79341450587349,-1.33043512647018,0.00956284000161993,0.0301191786657313,-1,-0.977216839790344,0.745505034923553,0.335070013999939,0.0999999999999999
1.115,6.49131683630774e-05,-7.18272717853332e-05,0.0329979746362677,-0.00246316861788647,0.00356262644088534,0.00422153040505568,-0.0390715058130273,0.0039668486516321,0.0221050335759027,-1.29053394643942,-1.51345937131495,0.00857223819751943,0.0301191786657313,-0.383352428674698,-1,0.07888163626194,0.919881582260132,0.0999999999999999
1.116,2.52818895676348e-05,-7.38754142917015e-05,0.0330181749239297,-0.00344742178551925,0.00128928971180242,0.0042308223938532,-0.0404230010247587,-0.00795671511308721,0.0182225672755156,-0.495720609009125,-2.70756731001488,0.0094937598776241,0.0301191786657313,0.468411833047867,-1,-0.0795272886753082,0.745325326919556,0.0999999999999999
1.117,-1.32722669048252e-05,-8.71904254417527e-05,0.0330326062835969,-0.00309704331382693,-0.0019807733242144,0.00424128159016979,-0.0369984707521026,-0.0186981095959205,0.0105974785500401,1.15823422345751,-3.32105106944168,0.010941294331289,0.0301191786657313,1,-0.80540519952774,-1,1,0.0999999999999999
1.118,-4.47074482396484e-05,-0.000111721592117993,0.0330390859881228,-0.00149356057624941,-0.00563535044285378,0.00425348756550159,-0.0262249324074505,-0.0304778693945991,0.00237322714719558,1.80908823116561,-3.39328025851825,0.0124206310278123,0.0301191786657313,1,-0.635357081890106,-1,0.206942707300186,0.0999999999999999
1.119,-6.62367772252517e-05,-0.000145525428981708,0.0330393008988004,0.000858510384243122,-0.0077115618586156,0.0042673366752175,-0.0170479677221598,-0.0373364524296439,-0.0019276703298691,2.54230339961781,-0.441816281907026,0.014655048133108,0.0301191786657313,1,-0.0455140843987465,-1,-0.628638863563538,0.0999999999999999
1.12,-7.89165039417053e-05,-0.000182411887543013,0.0330360683231749,0.00411968650880048,-0.00644446258990148,0.00428671472069775,-0.0082647356017706,-0.0367340461855681,-0.00452248006485957,3.46676090327188,2.69925271701416,0.0225025233486213,0.0301191786657313,1,0.799186825752258,-1,-1,0.0999999999999999
1.121,-8.24276820158838e-05,-0.000215758750889789,0.0330288702399348,0.00782703588449036,-0.00330134710485851,0.0043112076006433,0.00141635342020563,-0.0302976571344586,-0.00982366953867456,3.34918304631511,2.99100001090508,0.02306453938554,0.0301191786657313,1,0.799334287643433,-1,-1,0.0999999999999999
1.122,-7.5662144066221e-05,-0.000243540697244344,0.0330164942088021,0.00979771136399779,-0.00150515076076657,0.00432670151853154,0.0122153424246818,-0.0254721153665628,-0.0148563115384901,0.309533218482613,0.293806150430896,0.0060879229302776,0.0301191786657313,-0.206000626087189,1,-1,-1,0.0999999999999999
1.123,-6.16726279527252e-05,-0.000266267141227951,0.0330024312791932,0.00861401286291384,-0.00170957830959349,0.00432897200540472,0.0157704713625007,-0.0199651153457171,-0.01321609380883,-2.38926800223658,-0.624740962178972,-0.000863228368932025,0.0301191786657313,-0.00927968323230743,1,-0.728581547737122,-1,0.0999999999999999
1.124,-4.43588517677094e-05,-0.00028322355809463,0.0329886920764941,0.00595224250704898,-0.00239619319457692,0.00432755409740526,0.0188465406402677,-0.0138088232075609,-0.0142092614457802,-2.39961005944271,-0.575249170728195,-0.000702213542062003,0.0301191786657313,0.179056167602539,1,-0.445192933082581,-1,0.0999999999999999
1.125,-2.42676024461401e-05,-0.000293612875275943,0.0329726372204588,0.00472793914263124,-0.00248169783014188,0.00432987611309166,0.0213713513292807,-0.00691402721359536,-0.0178307971634559,0.204314428254505,0.473203738584913,0.00579333176416922,0.0301191786657313,0.237465620040894,0.877665281295776,-0.676478803157806,-1,0.0999999999999999
1.126,-5.29393976764479e-07,-0.000297485206760852,0.0329541044200326,0.00621442860252761,-0.00176002432286593,0.00433794186133829,0.0261816472506093,-0.000970336009983398,-0.0191461985925659,2.48700594826316,0.893736637874397,0.00969657447364804,0.0301191786657313,0.381817549467087,0.753804206848145,-0.631260633468628,-1,0.0999999999999999
1.127,2.86662608417075e-05,-0.000296231089719768,0.0329342929020649,0.00872983361890549,-0.000966391168238659,0.00434729038811144,0.0323077466305549,0.00329877583554568,-0.020383887642806,2.07374385687637,0.620899130403004,0.00833347062277607,0.0301191786657313,-0.656594038009644,0.696987926959991,-0.640357911586761,-1,0.0999999999999999
1.128,6.10690659676426e-05,-0.00029136140066457,0.0329170217141909,0.00954707914539485,0.000301279938672148,0.00435848911457537,0.0326530049887162,0.006388393547859,-0.01409611368281,-0.598036345496361,1.75689767249745,0.0136153731469081,0.0301191786657313,-0.471048027276993,1,-0.462267160415649,-1,0.0999999999999999
1.129,9.43652142325833e-05,-0.000282354008072183,0.0329041564247321,0.00798277081949962,0.00208746531630595,0.00437274880815197,0.0341261502225838,0.0117343904044662,-0.0115934088732133,-2.25333471868797,1.56871833039173,0.0138084660804671,0.0301191786657313,-1,1,0.261779814958572,-1,0.0999999999999999
1.13,0.000125685977459579,-0.000267517122795162,0.0328933583846484,0.00577859246589692,0.004139555859169,0.00438837513364199,0.0287385435073754,0.0181000256080845,-0.00996235268113126,-1.78199738483259,2.23212481632699,0.0154602945303786,0.0301191786657313,-0.927675366401672,0.607202768325806,0.366592705249786,-1,0.0999999999999999
1.131,0.000152142968891936,-0.000247060952875351,0.032884981236602,0.00461530257127035,0.00593505490680578,0.00440093683560105,0.0243702921831588,0.0229183380889023,-0.00676462894002096,-0.384152238396871,1.09603249828611,0.008377064177375,0.0301191786657313,-1,-0.288504302501678,0.681369960308075,-0.928542852401733,0.0999999999999999
1.132,0.000173450110182027,-0.000224585993273233,0.0328817099102826,0.00418445012325495,0.00639075325281744,0.00440791501250715,0.0183494197043,0.0221135515041853,0.000208212723986965,-0.453729563100054,-0.208624426306475,0.00549268069177014,0.0301191786657313,-1,-0.443290144205093,0.944292068481445,-1,0.0999999999999999
1.133,0.000188053732460029,-0.000202933407535158,0.0328853152777312,0.00368617463015679,0.00590648777045035,0.00441295423778554,0.01086934040454,0.0212740781800348,0.00697581574278838,-0.504824855412087,-0.629131662465859,0.00475329771531677,0.0301191786657313,-1,-0.126962497830391,0.666430711746216,-0.456114172935486,0.0999999999999999
1.134,0.000195996082836379,-0.000182611534567477,0.0328937235018135,0.00306928970630775,0.00517351290724817,0.00441785380952586,0.00499988305798874,0.0194603757802825,0.00979533030334802,-0.666357046293663,-0.679101701989733,0.00513796869439644,0.0301191786657313,-1,-0.165876448154449,1,-0.388149559497833,0.0999999999999999
1.135,0.000196889268728386,-0.000164177268230371,0.0329036894406961,0.00240490236381201,0.0051122820425799,0.00442393685993236,-0.00314837724910983,0.0175092089136748,0.0100911893064518,-0.586476616877972,0.560328335748045,0.00675038639039021,0.0301191786657313,-1,-0.433290928602219,0.527544736862183,-0.0380806922912598,0.0999999999999999
1.136,0.00019121171629049,-0.000149428601068998,0.0329149962850984,0.00148259651081146,0.00567235820398724,0.0044316673688316,-0.00816543946282618,0.0121010506504228,0.0124682946294261,-1.1213925920022,0.442215722716693,0.00821693843018457,0.0301191786657313,-1,-0.63113933801651,0.697053492069244,-0.662938058376312,0.0999999999999999
1.137,0.000180053663010481,-0.000138432607995268,0.032930631082375,0.000852453371425063,0.00594537881921961,0.00443822009494932,-0.0141396776598797,0.00996380723432403,0.0187150233105184,-0.0524391061158343,0.0267812461629447,0.00456409923089728,0.0301191786657313,-1,-0.578248739242554,0.647548615932465,0.0829521268606186,0.0999999999999999
1.138,0.000162991961531683,-0.000131643579319252,0.0329498672777415,0.000764510181329184,0.00561391692736717,0.00444274117907861,-0.0200401482423194,0.00363982082792064,0.01967089086729,-0.125022945537574,-0.67019873825645,0.00449475474383459,0.0301191786657313,-1,-0.439389169216156,0.977941155433655,0.417239189147949,0.0999999999999999
1.139,0.000138719377181018,-0.000131745093931113,0.0329672574719004,0.000468305677456383,0.00503902976902805,0.0044477781237573,-0.0285516457396091,-0.00378365397748452,0.0150539614958496,-0.410821688700183,-0.435391877152602,0.00540897616135966,0.0301191786657313,-1,-0.407202363014221,-0.00916993618011475,0.15315768122673,0.0999999999999999
1.14,0.000108800581919252,-0.00013828601519095,0.0329836335903148,0.000349706027420577,0.00389319785239174,0.00445228966184263,-0.0314185473355309,-0.00928702555073762,0.0176154109871412,0.209513817823514,-1.71448141188921,0.00362893710716593,0.0301191786657313,-0.794690608978271,-0.570744633674622,0.16013902425766,-0.0399124957621098,0.0999999999999999
1.141,7.563634207809e-05,-0.000150306597927307,0.0330022729074963,0.000878385457794786,0.00202749210678538,0.00445530985198372,-0.0350905571868942,-0.0147911671988923,0.0195674133501023,0.776007449284478,-1.75462282675949,0.00270183526067626,0.0301191786657313,0.384701371192932,-0.212461456656456,-0.311655789613724,0.0825029984116554,0.0999999999999999
1.142,4.34377822278934e-05,-0.000167285061753634,0.0330188126609714,0.00191854079802351,-0.00059722084957361,0.00445726433868554,-0.0295702383104515,-0.0192566665215111,0.0134635388721985,1.15163534642043,-3.08696166884214,0.00154410065438782,0.0301191786657313,0.84543114900589,0.164072573184967,-0.544614911079407,0.133328378200531,0.0999999999999999
1.143,1.81695908908779e-05,-0.000188027200681859,0.0330270255022257,0.00316207404599202,-0.00381564049504009,0.00445873281913656,-0.021254560116718,-0.0223487028214646,0.00295919602208358,1.15568963558308,-2.81896676675746,0.00194836013643409,0.0301191786657313,1,0.144410654902458,-1,-0.388804793357849,0.0999999999999999
1.144,2.41983682397295e-06,-0.000210663324682625,0.0330273941223498,0.00435270240765025,-0.00588729607697053,0.00446224468889511,-0.0104395075325746,-0.0230503417905252,-0.0022028093006397,1.0616758346668,-0.985545658265079,0.00551265343138291,0.0301191786657313,1,0.838617622852325,-1,-0.800946950912476,0.0999999999999999
1.145,-2.84658962223432e-06,-0.000230877102821423,0.0330218270467416,0.00598987787896503,-0.00549059416661885,0.00447329953475917,-0.00011471231640984,-0.0175507060766233,-0.0088791104196637,1.95661834994572,1.67983799462206,0.0158601031242832,0.0301191786657313,1,0.674410223960876,-1,-1,0.0999999999999999
1.146,2.44238155352558e-06,-0.000245958059178746,0.0330108366898253,0.00769353825094797,-0.00311143775221181,0.00449103932204364,0.0108294684917982,-0.0127719832304469,-0.013044832778181,1.17752419762961,2.64595886783241,0.0176516053304413,0.0301191786657313,0.617270588874817,0.728280425071716,-1,-1,0.0999999999999999
1.147,1.80334725137708e-05,-0.000256456053619572,0.0329968648789206,0.00803858252094951,-0.000741440166683179,0.00450648087529881,0.0205125093986902,-0.00828431907353555,-0.0148387231166275,-0.517188355732264,1.6977575571273,0.0118039279533729,0.0301191786657313,0.110452637076378,0.966570615768433,-0.954733431339264,-1,0.0999999999999999
1.148,4.2063162779127e-05,-0.000261752988215664,0.0329819992275054,0.00708295390498696,0.000265964199537256,0.0045152816717291,0.0276469550878848,-0.00227218002089439,-0.0148343694766777,-1.20039024711944,0.19680063257203,0.0054998608540551,0.0301191786657313,-0.260506242513657,1,0.131983608007431,-1,0.0999999999999999
1.149,6.8882246118331e-05,-0.000260698013332397,0.0329649693064014,0.0061067436604218,0.000983395683624345,0.00452262856445973,0.0261015336079488,0.00443046793800575,-0.0191405036244539,-0.574754034761903,1.17144980784997,0.00877229257581228,0.0301191786657313,-0.921114265918732,0.75856751203537,-0.0659997910261154,-1,0.0999999999999999
1.15,9.30647499498858e-05,-0.000253582786755538,0.0329473438832659,0.00588795298383559,0.00272021091798951,0.00453295149812005,0.0224402990554359,0.00981777316647773,-0.0160384118746528,0.158107305847222,2.03833751877331,0.0108641498078361,0.0301191786657313,-1,0.437092065811157,-0.407830595970154,-1,0.0999999999999999
1.151,0.000114951196064947,-0.000242061048656821,0.0329353617702815,0.00603083695732766,0.00422173421242223,0.00454210803298682,0.0214812175822884,0.0132352600140604,-0.00788718833499362,0.0727034106026987,0.744927613052677,0.0068365615434601,0.0301191786657313,-1,0.346556037664413,0.185676395893097,-1,0.0999999999999999
1.152,0.00013434086231445,-0.000227314815733119,0.0329300840476312,0.00587102065402481,0.00456629197542085,0.00454819579661114,0.0173687020843026,0.0162970333197992,-0.00264995359109951,-0.399812570557831,-0.0696777448233472,0.00533775651247852,0.0301191786657313,-1,0.111599273979664,1,-1,0.0999999999999999
1.153,0.000147182087566763,-0.000210050017302273,0.0329282808624343,0.00509319834356276,0.00490150847209747,0.0045557425089906,0.00837162531126432,0.0183210324251528,-0.000948686295102419,-1.05369717101531,0.710569559329675,0.00936870472473697,0.0301191786657313,-1,-0.160425946116447,0.67178338766098,-1,0.0999999999999999
1.154,0.000152242394032212,-0.000191327671666934,0.0329300693392289,0.00380211057758583,0.00548987923754282,0.00456546945442859,0.00182484960987119,0.0192467167247657,0.00449719262876119,-1.33476418527734,0.372311343945543,0.00935591654036587,0.0301191786657313,-1,0.318769246339798,0.91535484790802,-0.768068075180054,0.0999999999999999
1.155,0.00015006889234461,-0.000170501118508144,0.0329342537348049,0.0030302298175187,0.00574437674287554,0.00457287761931369,-0.00613057961010493,0.0224914824501833,0.00385492545877002,-0.123146558950437,0.0854828218907929,0.00509475694890224,0.0301191786657313,-1,-0.467133283615112,0.513141632080078,-0.130872756242752,0.0999999999999999
1.156,0.000141221231178889,-0.00015074623841286,0.0329393853916321,0.00225570971886943,0.00524831551944767,0.00457909136940593,-0.0116103084752666,0.0171220416087635,0.00638267309027523,-1.33013595747299,-1.00471478300186,0.00716946828493423,0.0301191786657313,-1,0.0967288911342621,0.983765661716461,-0.071516752243042,0.0999999999999999
1.157,0.000125142698219875,-0.000134405282587081,0.0329435438916007,0.0012027973100082,0.00444988061069224,0.00458571693204357,-0.0206004080750369,0.0156713021477572,0.00193024925107207,-0.62554082430423,-0.486207995809085,0.00578411407405194,0.0301191786657313,-1,-1,0.372127115726471,0.115260869264603,0.0999999999999999
1.158,0.000101793667490889,-0.000123352138640609,0.0329479552890601,1.93380261493235e-05,0.00380839067238485,0.0045927320184207,-0.0261747075171406,0.00656792588350314,0.00685827254370882,-1.54645317316723,-0.734856837992786,0.00779982943162703,0.0301191786657313,-0.737639367580414,-0.882121682167053,0.0826693922281265,-0.23624312877655,0.0999999999999999
1.159,7.43164034194057e-05,-0.000119584988547285,0.0329580359780063,-0.000980587751461693,0.00263515114578,0.00459960391542635,-0.0289099538761162,0.00106117891748363,0.0132352710781144,-0.283050717316083,-1.45924852315947,0.00578920496178186,0.0301191786657313,-0.311836957931519,-0.71072793006897,0.0267210081219673,0.811976194381714,0.0999999999999999
1.16,4.51587971194029e-05,-0.00012397065825866,0.0329692524286329,-0.00118739204894836,0.000851514075242598,0.00460550078129485,-0.0295848877490828,-0.00978750851994085,0.00916269591352635,-0.0832570413202277,-1.84945287471242,0.00584240701646335,0.0301191786657313,0.306890368461609,-0.400555908679962,-0.372496753931046,0.477710634469986,0.0999999999999999
1.161,1.79999982622138e-05,-0.000137176017789761,0.0329756574740569,-0.000514896645183725,-0.00144270044290831,0.00461155630238963,-0.0249531230053895,-0.0166880306071965,0.00362848064923273,1.33244122478979,-2.37910999258513,0.00633038194655479,0.0301191786657313,1,-0.748770475387573,-0.692403674125671,0.434211850166321,0.0999999999999999
1.162,-1.94193289009734e-06,-0.000158571619259614,0.0329765168753081,0.000819089752037137,-0.00407120805351734,0.00461790034945064,-0.0151887271102506,-0.0262020177287328,-0.0018881860965975,1.14129753126202,-2.44057487264805,0.00605712468908541,0.0301191786657313,1,-0.0579988732933998,-1,-0.283130198717117,0.0999999999999999
1.163,-1.17492299125458e-05,-0.000185424218283098,0.0329730171071394,0.00270760860021224,-0.00581350898178364,0.00462644631678977,-0.00458580872648164,-0.0276848921714068,-0.00508309112080587,2.34941664340721,-0.749859072531682,0.010995702075769,0.0301191786657313,1,0.106567561626434,-1,-1,0.0999999999999999
1.164,-1.12018044031309e-05,-0.000211575800113382,0.0329681960227967,0.00558179214020406,-0.00532799339822265,0.00464157896530271,0.00568131582670856,-0.024876836266237,-0.00453747073928512,2.92671621575325,1.62055494351583,0.0181581061537597,0.0301191786657313,1,0.663118958473206,-1,-1,0.0999999999999999
1.165,-1.10111138158437e-07,-0.000233885906814559,0.0329622635000515,0.00815227645398502,-0.00311473173400058,0.00466095768894492,0.0166388759690533,-0.0199790599857339,-0.00729418132880537,1.79982403963261,2.41803693859676,0.0185699157369247,0.0301191786657313,0.38241970539093,1,-1,-1,0.0999999999999999
1.166,2.05480471175541e-05,-0.000250796093008086,0.0329545693754339,0.00893678940165296,-0.000729736538386021,0.0046781234572606,0.0248525396334239,-0.0139517258109842,-0.00806196132304558,-0.323652060272336,1.96240890360004,0.0142396570896923,0.0301191786657313,0.373458474874496,1,-1,-1,0.0999999999999999
1.167,4.99506134961886e-05,-0.000261792494582138,0.0329462222897297,0.00768370978452423,0.000251436532303817,0.00468760952045821,0.0340643300035,-0.00799112562971966,-0.00860401330693216,-1.91495297697339,-0.10218668894937,0.00464621954527317,0.0301191786657313,-0.953162670135498,1,-0.0189387500286102,-1,0.0999999999999999
1.168,8.15197829237538e-05,-0.000266579552973758,0.0329385488925163,0.00580976453426199,0.00126089928682379,0.00469650285449452,0.0292123169641489,-0.00146813575375177,-0.00671223869774688,-1.466713622813,2.0137026232035,0.0122147286999277,0.0301191786657313,-0.350980460643768,0.834338188171387,-0.559093773365021,-1,0.0999999999999999
1.169,0.000112384866999159,-0.000265056789716849,0.0329331389253969,0.0051290851954066,0.00272791652937336,0.00470627603656837,0.0326715441607025,0.00454383016087264,-0.00409628648364407,0.22372485810445,0.731097613157737,0.0065005310133369,0.0301191786657313,-0.891553401947021,0.33222171664238,-0.0559236109256744,-1,0.0999999999999999
1.17,0.000143809287545036,-0.00025907871525865,0.0329321080618806,0.005712635406617,0.00352095444679746,0.00471236650923812,0.0303063827610907,0.00737904416456969,0.00202576345641812,0.81767800586262,0.786330209436736,0.00565618108557273,0.0301191786657313,-1,0.479645013809204,0.350440382957458,-1,0.0999999999999999
1.171,0.000171591432933992,-0.00024987824685893,0.032935822964711,0.00657889856025793,0.00461986349751617,0.00471895239215536,0.0254079815879099,0.0109730295392734,0.00538242926797694,0.730870597503877,1.27555147583983,0.00751559380807283,0.0301191786657313,-1,0.400016099214554,0.612723827362061,-1,0.0999999999999999
1.172,0.000194060707156312,-0.000237404250622322,0.0329422752344572,0.00679947323597449,0.00597745299047733,0.00472820165943544,0.0196881143033813,0.0139790485368254,0.00749249429837065,-0.358048940832853,1.24434998605755,0.0105944567053376,0.0301191786657313,-1,0.139532953500748,1,-1,0.0999999999999999
1.173,0.000209979253146248,-0.000222609132194049,0.0329503592442003,0.00569495466084196,0.00710672575230513,0.00474100826711465,0.0122901782256987,0.0157108199594474,0.0086380769255418,-1.67564785236295,0.847180739854202,0.0139828698723615,0.0301191786657313,-1,0.255178272724152,0.409112870693207,-1,0.0999999999999999
1.174,0.000220642976188642,-0.000205349095901832,0.0329609461533644,0.00405463288461181,0.00691696634432608,0.00475196194521965,0.00905904804443669,0.0189453690502153,0.012471290812386,-1.34361038891495,-1.15351030837645,0.0073941572593858,0.0301191786657313,-1,0.273591160774231,1,-0.699834585189819,0.0999999999999999
1.175,0.000226097683150483,-0.000185324468125605,0.0329723444123366,0.00315532896299309,0.00577438162994355,0.00475778272787597,0.00180737933782676,0.0211999037347482,0.0102783758829191,-0.343178641713052,-0.903517398705736,0.0043811562048791,0.0301191786657313,-1,-0.129696071147919,0.976147413253784,-0.106666743755341,0.0999999999999999
1.176,0.000224195928766674,-0.000165960314295324,0.0329808145799127,0.00252737463693785,0.00541961422488518,0.00476391899112283,-0.00561429899046238,0.0176242494583791,0.00663777230988836,-0.844443442452225,0.252152740819956,0.00769509810373921,0.0301191786657313,-1,-0.797741532325745,0.810859084129333,-0.372050821781158,0.0999999999999999
1.177,0.000215414887293089,-0.000151180516970488,0.0329889936335937,0.00130828062347634,0.00601050312995719,0.00477315909875742,-0.0119109821763576,0.012063745261278,0.00968002236142501,-1.40239489299574,0.796547885854744,0.0100193057234033,0.0301191786657313,-1,-0.521005868911743,0.5530104637146,-0.639632523059845,0.0999999999999999
1.178,0.000201217119146174,-0.000139900678843996,0.033000892248601,0.000624549058731745,0.0064518637888683,0.0047805533167935,-0.016472839251044,0.0105706678568563,0.0140535033412183,0.128683136119584,-0.0283261271043479,0.00438346852832691,0.0301191786657313,-1,-0.587632060050964,0.565488338470459,0.357541084289551,0.0999999999999999
1.179,0.000182309008765539,-0.000133355619075149,0.0330139738536143,0.000568217252511292,0.00590547242176913,0.0047854074107514,-0.0214176536670842,0.00254354117353848,0.0120526513946557,-0.248357489062147,-1.00992340262941,0.00535265102280848,0.0301191786657313,-1,-0.610234141349792,0.610757231712341,0.0502214767038822,0.0999999999999999
1.18,0.000158015185421249,-0.000133887844518468,0.0330257934763611,0.000441611867795622,0.00471945521631303,0.00479034674269352,-0.0272782303775609,-0.00357587418332941,0.0115331810068968,0.017666905156757,-1.2029004611842,0.0045312793356779,0.0301191786657313,-0.975526809692383,-0.911764442920685,0.295716822147369,0.0153730008751154,0.0999999999999999
1.181,0.000128541653162571,-0.000141387894752761,0.0330388721497461,0.000373778807736965,0.00348677187943532,0.0047950749295107,-0.0318098582054039,-0.0114242593492783,0.0145579956919306,-0.12257360405985,-1.10735043224091,0.00487418021100602,0.0301191786657313,-0.776386141777039,-0.616703033447266,-0.244636222720146,-0.211803138256073,0.0999999999999999
1.182,9.64309940711383e-05,-0.000155145546185432,0.0330556236360944,0.000743090284355534,0.00209372319017564,0.00479906511744765,-0.0325734677209657,-0.016137954835816,0.0188621314717896,0.824730103155143,-1.50068775486483,0.00331482772727957,0.0301191786657313,0.207704141736031,-0.213872164487839,-0.468688488006592,0.152480021119118,0.0999999999999999
1.183,6.68461487161095e-05,-0.000173704814108928,0.0330715957606405,0.00186552090198912,-0.000186808024130428,0.00480168822290761,-0.026832552834349,-0.0210763539789618,0.013037192961755,1.25657234690925,-2.71119305247994,0.00223330805802055,0.0301191786657313,0.294364035129547,0.044964462518692,-0.248180896043777,-0.240858107805252,0.0999999999999999
1.184,4.19011610470202e-05,-0.000195507866391709,0.0330810693089142,0.00348366731579097,-0.00240249863867996,0.0048047697243101,-0.0232658479728518,-0.0226804749134141,0.0058877076298551,1.73366231576885,-1.37891460389665,0.00452986509185426,0.0301191786657313,0.993336498737335,0.211013555526733,-0.954108595848083,-0.824836075305939,0.0999999999999999
1.185,2.44630050582649e-05,-0.000217034397007559,0.0330846919894632,0.00547841321974286,-0.0037976024027875,0.00480967074634453,-0.0117859502478897,-0.0205580231986645,0.00137030557996015,1.94236656353587,-1.20195456724368,0.00531395928444229,0.0301191786657313,0.989795088768005,0.695143580436707,-1,-1,0.0999999999999999
1.186,1.83038807663211e-05,-0.000234883556460491,0.033083035750655,0.00736792672922771,-0.00448442722799993,0.00481660420075025,-0.000633210907300563,-0.0153237365240163,-0.00464356965262061,1.53458567627871,-0.0668436306590689,0.00840143625459399,0.0301191786657313,0.723899960517883,0.88421219587326,-1,-1,0.0999999999999999
1.187,2.23967599685175e-05,-0.000247342870949243,0.0330756884083812,0.00825078602716598,-0.00368159917596155,0.00482717967178026,0.00885188013672676,-0.00969854344403458,-0.0100020348114411,0.104072320547837,1.52792428217617,0.0120658135984732,0.0301191786657313,0.461478054523468,1,-1,-1,0.0999999999999999
1.188,3.54514105016671e-05,-0.000253965350331732,0.033063560764906,0.00768464867112446,-0.00168725585165205,0.00484021826569814,0.0173914432812736,-0.00354151256299936,-0.0141955221437264,-1.10847207731888,2.12237012040022,0.0128943568885036,0.0301191786657313,0.453853100538254,1,-0.983232021331787,-1,0.0999999999999999
1.189,5.74771943822037e-05,-0.000254277423870869,0.0330473581034259,0.00643700908358522,-6.57432196828498e-05,0.00485103528248398,0.026785732030011,0.00298065228394225,-0.0181377104806965,-1.15429588946793,0.883189180927914,0.0080650196048415,0.0301191786657313,-0.0917458534240723,1,-0.263570785522461,-1,0.0999999999999999
1.19,8.53017048231673e-05,-0.000247811782224996,0.0330268871354216,0.00576671196604997,0.000999665558579901,0.00485962720178179,0.0289863433064555,0.00998643641681097,-0.0227043430986251,-0.0829195170300057,1.12180848169049,0.00856109105738605,0.0301191786657313,-0.96197909116745,0.540729761123657,-0.43479597568512,-1,0.0999999999999999
1.191,0.000113532769290901,-0.000235717896511123,0.0330068408884641,0.00583214391060361,0.00252132813386782,0.00486933216105845,0.0276425412135713,0.0142125040344038,-0.0173135150212163,0.169885417115079,1.7074930077365,0.0101837054385946,0.0301191786657313,-1,0.193696543574333,-0.0732108950614929,-1,0.0999999999999999
1.192,0.000139668131503527,-0.000220411962332223,0.0329924921962577,0.00567595574819547,0.00430036524279841,0.00488031186078564,0.0248093744420425,0.0164401918413453,-0.0113277399478573,-0.490311521932577,1.58512671245342,0.0110588949731303,0.0301191786657313,-1,0.647567868232727,-0.02544304728508,-1,0.0999999999999999
1.193,0.000163292507007887,-0.000201254247432137,0.0329827590703662,0.00534745083711552,0.0053005282329489,0.00488918647369552,0.0225659677544093,0.0219173544414127,-0.00810867815982524,-0.155958474002375,0.295252714783411,0.00631100444021581,0.0301191786657313,-1,-0.282095074653625,0.698659181594849,-1,0.0999999999999999
1.194,0.000182621535279551,-0.000179345796944117,0.0329770281675603,0.00449241426060383,0.00552106272018805,0.00489735641439193,0.0162721298486653,0.022002512162358,-0.00341895012120116,-1.42414672470528,0.157635852723891,0.00970818129570302,0.0301191786657313,-1,-0.125319808721542,0.959022283554077,-0.903237044811249,0.0999999999999999
1.195,0.00019502221353538,-0.000156773076251412,0.0329744018791592,0.00293602963745934,0.00587164233985173,0.00490788525556507,0.00861043798161797,0.0232899527330374,-0.00182811554615828,-1.45656028473622,0.509944785133144,0.0105114290949538,0.0301191786657313,-1,-0.65318763256073,0.53314083814621,-0.235740631818771,0.0999999999999999
1.196,0.000201256333587058,-0.00013627276494255,0.0329742135821997,0.000941559173396299,0.00603275516965585,0.00491972037604338,0.00390095399667473,0.0179105573015953,0.00144282357435659,-2.210531463436,-0.196711655740539,0.0122280264071743,0.0301191786657313,-1,-0.259164929389954,0.519759058952332,-0.18093341588974,0.0999999999999999
1.197,0.000202825250609812,-0.000119533804574447,0.0329759261870883,-0.000499128039355209,0.00556073254034545,0.00492941136268854,-0.000780156385055051,0.0157061477934061,0.00197440398355992,-0.450167148853328,-0.65249416801667,0.0065900894794865,0.0301191786657313,-1,-0.631025612354279,0.778161585330963,0.205475509166718,0.0999999999999999
1.198,0.000198777350727261,-0.000107136784752287,0.0329772797615796,-0.000530566480904642,0.00518177881124808,0.00493467704212014,-0.00732768811873195,0.00913881591704269,0.000731256859678558,0.357835850330218,-0.0473942468478939,0.00403460936247096,0.0301191786657313,-1,-0.964707016944885,-0.0649470686912537,-0.253594517707825,0.0999999999999999
1.199,0.0001908061172527,-0.000100901340570261,0.0329824923635877,0.000140925656677709,0.00469443932459865,0.00493792698583162,-0.00866205688617194,0.00331477509141909,0.00964895740222006,0.842157739578217,-0.854951947491545,0.00281734942651183,0.0301191786657313,-1,-0.854059815406799,0.525365173816681,-0.184672862291336,0.0999999999999999
1.2,0.00017942855433396,-0.000100469923406677,0.0329941167872415,0.000884240906294903,0.00425137273774917,0.0049410733441948,-0.0141294271256189,-0.0024807915187927,0.0135339346574779,0.506112227218192,0.0188774094060602,0.00386941070945399,0.0301191786657313,-0.878537476062775,-0.705881237983704,0.402868002653122,-0.21923092007637,0.0999999999999999
1.201,0.000163242734610805,-0.000105368182804079,0.0330090798883221,0.00114794116236826,0.00444917497082881,0.00494560877030947,-0.0182626241036284,-0.0073412688921738,0.0163244802249584,-0.015221779199094,0.29818710755838,0.00526019105835428,0.0301191786657313,-0.555820107460022,-0.350672781467438,0.23456484079361,-0.450170874595642,0.0999999999999999
1.202,0.000144400731355462,-0.00011333340166701,0.033025734658831,0.00140462799279781,0.0042350317347436,0.00494987587530327,-0.0194764429698828,-0.00862246867458114,0.0169111847789216,0.500799141533083,-0.734339283681157,0.0033216653750178,0.0301191786657313,-0.812884032726288,-0.390495300292969,0.107964098453522,-0.269741624593735,0.0999999999999999
1.203,0.000123687914551225,-0.000123419880679967,0.033043516666879,0.00182421063848267,0.00325261809044803,0.00495316325906403,-0.0220479984871308,-0.0115869470480468,0.0185660688375819,0.286746557317977,-1.0997971702965,0.00344245858046859,0.0301191786657313,-0.426057606935501,0.307635754346848,0.121652290225029,-0.405678868293762,0.0999999999999999
1.204,0.000101221068888218,-0.000133968591119796,0.0330596887792412,0.00266586159140223,0.00199614567071842,0.00495556635302696,-0.0230131146017702,-0.00959853839607961,0.0137292720421382,1.26215000871745,-1.23774245992321,0.00186502987771658,0.0301191786657313,0.0899334624409676,-0.139208137989044,-0.225945830345154,-0.0858918428421021,0.0999999999999999
1.205,8.01188536276243e-05,-0.000145219695522066,0.03307064525053,0.00328990678661926,0.000346869896388976,0.00495728622455038,-0.0193601644044522,-0.0129563243849188,0.00815904479563614,-0.0963334217051506,-1.80840696822438,0.00182032300237729,0.0301191786657313,0.0563890971243382,0.433960020542145,-0.417678445577621,-1,0.0999999999999999
1.206,6.26974539613753e-05,-0.000155276277043583,0.0330777747617557,0.00384750974698209,-0.00122935648027326,0.00495961562120861,-0.0156303447150733,-0.00722273940119856,0.00607568770019407,1.13118954906697,-1.09664978329117,0.00350075811174619,0.0301191786657313,-0.146611452102661,-0.0131668820977211,-0.517141163349152,-0.657742500305176,0.0999999999999999
1.207,4.83361033863613e-05,-0.000162315929002043,0.0330839839135024,0.00450425935153499,-0.00145548075471909,0.00496472550976534,-0.0131455100494276,-0.00691601641497054,0.00631647258641227,0.0824130572729588,0.643253338547035,0.00672022032311873,0.0301191786657313,0.920818686485291,0.331503093242645,-0.942750632762909,-1,0.0999999999999999
1.208,4.11150130843941e-05,-0.000166973694810916,0.0330883620656699,0.00461721615657688,-0.00151720915219666,0.00496971479154817,-0.00134913285556769,-0.00242923894863073,0.00243345644963348,0.134554194755466,-0.770038385121977,0.00322948368472345,0.0301191786657313,0.10569279640913,0.208051100373268,-0.538515865802765,-1,0.0999999999999999
1.209,4.17463928047443e-05,-0.00016758829261606,0.0330904978311703,0.00462539701229436,-0.00168188957961741,0.00497437003827716,0.00258874095929686,0.0011856865709575,0.00183115870120604,-0.117269441418376,0.468045686753281,0.00614862465046433,0.0301191786657313,0.414693295955658,0.493976026773453,-1,-1,0.0999999999999999
1.21,4.87939905926532e-05,-0.000163678252810045,0.0330915983963146,0.00466896644964353,-0.00139860163862584,0.0049801863686052,0.0115100102297944,0.00662143791219159,0.000368512608139237,0.185476622676596,0.0654446077618904,0.00537548405543057,0.0301191786657313,-0.0871349722146988,0.473914861679077,-0.124149098992348,-0.695356965065002,0.0999999999999999
1.211,6.05280337589509e-05,-0.000155331580930349,0.0330891525253662,0.00462652599558528,-0.000318721069780695,0.00498802604296378,0.0120543457694078,0.0100857258527473,-0.00523928802808762,-0.282234856489226,1.92009143422871,0.00988955676319033,0.0301191786657313,-0.291393637657166,0.0622231066226959,-0.674016833305359,-1,0.0999999999999999
1.212,7.42949736686158e-05,-0.000143769366744352,0.0330857515489172,0.00404776489157584,0.00152612394590773,0.00499779302218073,0.0156182569309667,0.0130917813215226,-0.00156440437863792,-0.794287338043975,1.46671116937625,0.00900028414741981,0.0301191786657313,-0.946331262588501,-0.197922050952911,0.137982755899429,-1,0.0999999999999999
1.213,8.74285769169143e-05,-0.000129789160375846,0.033086396784771,0.00302524931379921,0.00345355648326376,0.00500800109049049,0.0108229294575644,0.0149598683616028,0.00283800119545907,-1.09467834804917,2.06451034060195,0.010574508936112,0.0301191786657313,-1,-0.147367775440216,0.358023196458817,-0.904607772827148,0.0999999999999999
1.214,9.53703374203241e-05,-0.000113774529386017,0.0330904516005266,0.00213420189762219,0.00523127106019762,0.00501770224853448,0.00521557300940876,0.0171549326097731,0.00524895862161611,-0.564399919772018,1.18827702899157,0.00809944192849146,0.0301191786657313,-1,-0.341675639152527,0.649922788143158,-0.47698637843132,0.0999999999999999
1.215,9.70941585658993e-05,-9.7269347639006e-05,0.0330952041243146,0.00147831169846714,0.00569702775532133,0.00502533101539804,-0.00170846865903348,0.0159385348487532,0.00424122032209827,-0.667626012152005,-0.331575602237433,0.0069354504115249,0.0301191786657313,-1,-0.532828867435455,0.689273715019226,0.127370923757553,0.0999999999999999
1.216,9.17477370303022e-05,-8.42409165199206e-05,0.0330974515455592,0.000267259680251987,0.0047101256251182,0.00503348881909549,-0.00903714757391483,0.0102458584064989,0.000256514006017597,-1.56154556828202,-1.46789595127981,0.00895268744784754,0.0301191786657313,-1,-0.79703813791275,0.838585376739502,-0.0135817378759384,0.0999999999999999
1.217,7.83078774461046e-05,-7.6943778284597e-05,0.0330965031509881,-0.00126671353639175,0.0033566724073965,0.00504236144505477,-0.017930066803272,0.00448530709270557,-0.0021428443757533,-1.24495676594234,-1.02394905521677,0.00813525281652316,0.0301191786657313,-0.740095257759094,-0.655450463294983,0.331970721483231,0.220079407095909,0.0999999999999999
1.218,5.80428858180779e-05,-7.5405309582526e-05,0.0330927433633158,-0.00188868261492328,0.00226945797954289,0.00504953860084845,-0.0226986992988829,-0.00134400378335983,-0.0053508566902735,0.10580086517727,-1.00147128504472,0.00605215136948177,0.0301191786657313,-0.693747043609619,-1,0.0742113888263702,0.500245690345764,0.0999999999999999
1.219,3.36196230065298e-05,-8.16390346110816e-05,0.0330866815985428,-0.0016277101511361,0.00132726728144526,0.00505536770551673,-0.0262488681969979,-0.0111178330077157,-0.00674493984508739,0.382181464477741,-0.772801911127239,0.00556042823432895,0.0301191786657313,0.34160590171814,-1,-0.470178753137589,0.158692091703415,0.0999999999999999
1.22,1.02767460471997e-05,-9.66966063296826e-05,0.0330788197818064,-0.000911163493847886,-0.000505014688647607,0.00506160737109251,-0.0206208309319161,-0.0190618398862853,-0.00894012678485674,0.954215969004948,-2.6089406341986,0.00671958041967249,0.0301191786657313,0.569774448871613,-0.816589593887329,-0.466524600982666,-0.0812668353319168,0.0999999999999999
1.221,-7.32495126660891e-06,-0.000118658113005184,0.0330683347686109,0.000405146560613843,-0.00327927359468248,0.00506866834754671,-0.0148228882477786,-0.02497850771914,-0.0119736498646341,1.48754871427941,-2.47271625494516,0.00728265473088764,0.0301191786657313,0.455906331539154,0.143002778291702,-1,-0.473598420619965,0.0999999999999999
1.222,-1.84043181470898e-05,-0.00014273330003833,0.0330552806539789,0.00284169478781156,-0.00503146319757976,0.00507847239388104,-0.00748630650924647,-0.0233894431330286,-0.0140675604088358,2.99190935617615,-0.740552870848776,0.0122703147739582,0.0301191786657313,1,-0.0827533602714539,-1,-0.507308721542358,0.0999999999999999
1.223,-2.06952011407605e-05,-0.000166506786930219,0.0330394339199482,0.00529098856558283,-0.0050061268575648,0.00509081545040724,0.00286625338931045,-0.0243674455987383,-0.0175435590905707,1.51968803234161,0.773505374210742,0.0116352605742506,0.0301191786657313,1,0.596778273582458,-1,-1,0.0999999999999999
1.224,-1.25151474130021e-05,-0.00018807641215161,0.0330198184382007,0.00648422968952738,-0.0037383869390267,0.00510318587091563,0.0135621576406717,-0.018914890789595,-0.0215903988320945,0.704209954624733,1.54512122303891,0.012183347199963,0.0301191786657313,0.684814870357513,0.917311310768127,-1,-1,0.0999999999999999
1.225,5.74139785442795e-06,-0.000203488342687395,0.0329964214269004,0.0068226028435231,-0.00211652594531948,0.00511501417767279,0.0230657670655356,-0.0119885962569891,-0.0250944422712092,-0.0475861522770531,1.44576933653351,0.0106193832171302,0.0301191786657313,0.299562036991119,0.904878437519073,-1,-1,0.0999999999999999
1.226,3.27154611896959e-05,-0.000212135482482371,0.0329710797704134,0.00644660288834061,-0.000905423356552532,0.00512446923555032,0.0310185656118627,-0.0053023930111759,-0.025483559317399,-0.611555035136913,0.820989688525247,0.00787900778883685,0.0301191786657313,-0.4511638879776,0.692928194999695,-0.360011994838715,-1,0.0999999999999999
1.227,6.36356701075799e-05,-0.000214699313860839,0.0329466827821598,0.00564994193781384,0.000592376731134074,0.00513459053412779,0.0309890816745038,0.00021093988843236,-0.0232111672531831,-0.82614467381395,1.97305940888917,0.0116573198560801,0.0301191786657313,0.0375846922397614,0.369231671094894,-0.216400802135468,-1,0.0999999999999999
1.228,9.61855256318812e-05,-0.000212590519717252,0.032923854468365,0.00480439235043191,0.00220675684352707,0.0051452049773939,0.0342808133783485,0.0040559316639819,-0.0223522674601061,-0.712692017587028,1.04235638385141,0.00889459974749506,0.0301191786657313,-0.896793365478516,0.568108201026917,0.195402830839157,-1,0.0999999999999999
1.229,0.000128211199086507,-0.000205850996866606,0.0329032679557366,0.00462683225108212,0.00363545149509095,0.00515430140630668,0.0299513963038294,0.00943179219216071,-0.0187396330401142,0.369644168771011,1.62769522812582,0.00865749499888108,0.0301191786657313,-1,0.391997784376144,0.209331959486008,-0.740272343158722,0.0999999999999999
1.23,0.000156042746607889,-0.000195103665047305,0.0328865559462843,0.00499489440204691,0.00513411890999893,0.00516263490102897,0.0258822447666722,0.0120553898717214,-0.0146170825205154,0.271486236415101,1.16282103800733,0.00769577794658215,0.0301191786657313,-1,-0.10802111774683,0.169861704111099,-1,0.0999999999999999
1.231,0.000180381805901936,-0.000182477087706082,0.0328767062554474,0.00479385654943269,0.00563241176097061,0.00516992841068253,0.0228908974312135,0.0132370785004486,-0.00505740659066958,-0.665976549389343,-0.194835007913057,0.00685694194220528,0.0301191786657313,-1,0.248722687363625,1,-1,0.0999999999999999
1.232,0.000199245425607343,-0.000167317764560426,0.032872809256619,0.00415361868839799,0.0056556932960281,0.00517724475703218,0.0148911927576483,0.0171519658201105,-0.00272286412507541,-0.533922201363532,0.285901494389149,0.00760797154966633,0.0301191786657313,-1,0.217382058501244,0.631046712398529,-1,0.0999999999999999
1.233,0.000211422598647092,-0.000148123052658297,0.0328725429542188,0.00380117569944211,0.00585161929290257,0.00518408514143154,0.00953253897701668,0.0212809387836614,0.00216442221040764,-0.156405780906072,0.102074016732934,0.00601780744340293,0.0301191786657313,-1,0.102566629648209,0.611131548881531,-0.826990485191345,0.0999999999999999
1.234,0.000218404056699633,-0.000125539166129636,0.0328770014173805,0.00354612468609293,0.00585333657647561,0.00519021709076117,0.00446497311900641,0.0239437691133925,0.0067150633274058,-0.363072458835779,-0.0796654762590813,0.00631823839861581,0.0301191786657313,-1,-0.203910663723946,1,-0.377490878105164,0.0999999999999999
1.235,0.000219105156850593,-0.000102474638600703,0.0328842291713856,0.00243757455803652,0.00608867059594952,0.00519950388463775,-0.00303279440997811,0.0223141613765113,0.00770784465994452,-1.70228735038755,0.508265227977135,0.0116608810241116,0.0301191786657313,-1,-0.339793652296066,0.614901423454285,-0.712297558784485,0.0999999999999999
1.236,0.000213617585563698,-7.9967063090752e-05,0.0328950528293306,0.000797946929196433,0.00633448360509547,0.00521069261685669,-0.00792270194694697,0.0228588047428576,0.0138713742259372,-1.32889630834363,-0.0725524337522146,0.00989710098891283,0.0301191786657313,-1,-0.601325035095215,1,-0.00624079629778862,0.0999999999999999
1.237,0.000201950927645706,-5.95623002549298e-05,0.0329092360149093,-0.00069248766222629,0.00627835642975856,0.00522115382260901,-0.0154087540988114,0.0181160074788434,0.0144323796891032,-1.42540315617102,-0.0572250264117696,0.0102413565781672,0.0301191786657313,-1,-1,0.642499208450317,-0.0807854533195496,0.0999999999999999
1.238,0.000183854236238032,-4.45205383025715e-05,0.0329263993337607,-0.00192775606503399,0.00584981846435164,0.0052309956648533,-0.0208462238163821,0.0120934619677665,0.0198115653801585,-0.853778924838368,-0.76275907463008,0.00887619140916858,0.0301191786657313,-1,-1,0.223417699337006,0.96484100818634,0.0999999999999999
1.239,0.000161345265933532,-3.85448569934697e-05,0.032946673548518,-0.00305510630946876,0.00456449299184422,0.00524135436040263,-0.0242923993693692,-4.43418811702639e-07,0.0206461394007488,-1.20637913344048,-1.62016515752746,0.0110725708535032,0.0301191786657313,-1,-1,0.73002827167511,0.83125776052475,0.0999999999999999
1.24,0.00013333953560725,-4.39827110634132e-05,0.0329663567017904,-0.00380727938279389,0.00350630038931123,0.00525036731679451,-0.0318237184895996,-0.0107972594360604,0.0186383364217172,-0.149642797872761,-0.37437933125388,0.00641588169390995,0.0301191786657313,-0.120552890002728,-0.929700136184692,0.104058355093002,0.747197210788727,0.0999999999999999
1.241,0.000102255574456321,-5.97011169046445e-05,0.032982946460161,-0.00311704620437924,0.00249552137498095,0.00525658781592764,-0.0304823724865523,-0.0207033366814498,0.0144713045646058,1.43721379952244,-1.537290127975,0.00603600413557682,0.0301191786657313,-0.0745891928672791,-0.984601199626923,-0.446213752031326,0.849951565265656,0.0999999999999999
1.242,7.39322017518917e-05,-8.61924768549328e-05,0.0329965710803354,-0.00147574864771208,0.000297993857843385,0.00526335681197354,-0.0263888113664774,-0.0323985083549882,0.0127190666427419,1.60496039031832,-2.51963273931411,0.00715345367160496,0.0301191786657313,0.338165730237961,-0.442220985889435,-0.869592368602753,0.0146213490515947,0.0999999999999999
1.243,5.16998477288138e-05,-0.000120534247045293,0.0330092283961029,0.000872440424426526,-0.00252192730308335,0.00527090787490225,-0.018333964177071,-0.0365058153908744,0.0125441413485241,2.73736897842375,-2.65605354386049,0.00789869765735073,0.0301191786657313,1,0.23459467291832,-1,-0.420934796333313,0.0999999999999999
1.244,3.93561630488944e-05,-0.000156202874370236,0.0330191647531673,0.00418628573692897,-0.0048610541298778,0.00528021936319822,-0.00656044451106488,-0.0351326015260389,0.0073092322499522,3.36386979307786,-1.62561160712254,0.0106294247896506,0.0301191786657313,0.951807916164398,0.884005069732666,-1,-1,0.0999999999999999
1.245,3.82248120325786e-05,-0.00018750371407988,0.0330237966612422,0.00765715751279342,-0.00519989007070373,0.0052949589654383,0.0042348267709082,-0.0277947123731607,0.00196794705013225,3.01584000171708,0.994140259611741,0.0182189231057969,0.0301191786657313,1,1,-1,-1,0.0999999999999999
1.246,4.81623145944308e-05,-0.000211904851687268,0.0330225704841106,0.00940259703341324,-0.0032405878989899,0.00531443991599678,0.0157539574138783,-0.0211982378483333,-0.00439430860859769,0.226163679212642,2.57872588731501,0.0192501447578598,0.0301191786657313,0.59582644701004,1,-1,-1,0.0999999999999999
1.247,6.88944842030409e-05,-0.00023001779251633,0.033016283977632,0.00812685495305168,-0.000516526662224016,0.00533253969621494,0.0259124971551313,-0.014994627791404,-0.00815632545661447,-2.48205459336868,2.41592345932424,0.0157076429455588,0.0301191786657313,0.366672784090042,1,-0.510299921035767,-1,0.0999999999999999
1.248,9.81663759753759e-05,-0.00024161355189402,0.0330054777129436,0.00538309125273875,0.00150417071791943,0.0053467046952842,0.0328075182189582,-0.00805742374695804,-0.0134068528756854,-2.46387281311859,1.33238472500865,0.0116278298537487,0.0301191786657313,-0.48069041967392,0.869128465652466,-0.242699444293976,-1,0.0999999999999999
1.249,0.000131326944974195,-0.000246270476743385,0.0329918218358627,0.00397991881273932,0.00280287735788304,0.00535708016115199,0.0336683938096803,-0.0011932235114722,-0.0138475122113294,-0.0768409455709521,1.11102717311677,0.0081783326797948,0.0301191786657313,-1,0.455939918756485,0.203400790691376,-0.956096768379211,0.0999999999999999
1.25,0.000162741931372392,-0.00024541174884082,0.0329793200386701,0.00486535022055725,0.00433245162111443,0.00536447410927154,0.029371397632253,0.002816941896549,-0.0111205002126653,1.66409641351398,1.73583148411499,0.00627826007162798,0.0301191786657313,-1,0.0688831806182861,-0.0721191912889481,-1,0.0999999999999999
1.251,0.000191280480563358,-0.000241907193863005,0.0329718980603007,0.00641155735911922,0.00556284733735174,0.00536958501009188,0.0278562334312001,0.00409262500113081,-0.00371072004516937,1.13468757497453,0.570856450873227,0.00417616140272453,0.0301191786657313,-1,0.832833528518677,0.913148522377014,-1,0.0999999999999999
1.252,0.000215506334442561,-0.000234886495096015,0.0329665657350629,0.00740666734872466,0.00627997706483619,0.00537475379344121,0.0207183985898884,0.00987897066805417,-0.00691448107399218,0.654682769948573,0.790760360283214,0.00659023976038577,0.0301191786657313,-1,-0.00355628132820129,0.577648937702179,-1,0.0999999999999999
1.253,0.000233985065495555,-0.000224827574352194,0.0329617369955556,0.00669801211626289,0.00666081784638248,0.00538455542561822,0.0163168349535998,0.0103072423134825,-0.00273231562158364,-1.95813693636796,-0.0499869626914886,0.0126628810360012,0.0301191786657313,-1,0.674971878528595,0.265191316604614,-1,0.0999999999999999
1.254,0.000249156793337652,-0.000211848807724938,0.0329599972318328,0.00471713584469398,0.00600926130344243,0.00539532200838755,0.0140164851490869,0.0158099536434534,-0.000747564749043987,-1.66577784495386,-1.08902740616227,0.0083925453549203,0.0301191786657313,-1,0.117552727460861,0.819922566413879,-1,0.0999999999999999
1.255,0.000260206350888308,-0.000194661163349609,0.0329602574223824,0.00338435346202395,0.00542205967129876,0.00540380611976232,0.0080838476661384,0.0186828499205573,0.00125802916451592,-0.799045288341757,0.0506479029606254,0.00816014726511693,0.0301191786657313,-1,-0.229395747184753,0.903982281684875,-0.570919632911682,0.0999999999999999
1.256,0.000265081436711514,-0.000176746566733951,0.0329619397154419,0.00264116324531374,0.00621241435443047,0.00541304763583961,0.00174523303376715,0.0172388690461806,0.00210008893180014,-0.594030801237388,1.39189251815497,0.00970082016802504,0.0301191786657313,-1,-0.446909487247467,0.762184977531433,-0.752384662628174,0.0999999999999999
1.257,0.000264333030721766,-0.000160153435027537,0.0329661469396726,0.00228347984251255,0.00759665763697216,0.00542187595348187,-0.00313357187220236,0.0160120044019719,0.00628578021230664,-0.0974499468170295,1.11809154908303,0.00747375308743268,0.0301191786657313,-1,-0.512637436389923,0.508886575698853,-0.693333148956299,0.0999999999999999
1.258,0.000259727867175254,-0.000145042091400837,0.0329752662135082,0.00229667372466547,0.00781661410533201,0.00542778095113983,-0.00606433105919152,0.0142482829324799,0.0118983203969133,0.0826840011104915,-0.725218476407367,0.00444841284006367,0.0301191786657313,-1,-0.836683928966522,1,-0.602881193161011,0.0999999999999999
1.259,0.000250541768714944,-0.000132903339147657,0.0329890605602779,0.00199244519979428,0.0068025020287783,0.0054334698746108,-0.0123905991804178,0.0100808643914515,0.0156229153018312,-0.665446799919636,-1.13465055135706,0.00696702417657593,0.0301191786657313,-1,-0.293085515499115,1,-0.102839782834053,0.0999999999999999
1.26,0.000234681982879529,-0.000124618918380837,0.0330030779006267,0.0012015493609705,0.00590131337239143,0.0054410985837956,-0.0193963590185507,0.00657244824591228,0.0123612889605143,-0.791368819798488,-0.542194302014904,0.0079145847975696,0.0301191786657313,-1,-0.499219089746475,0.260167807340622,-0.0430779606103897,0.0999999999999999
1.261,0.000213908734054083,-0.000120496776148012,0.033016388397616,0.000416430256035337,0.00515929766697302,0.0054488988692567,-0.0222342484636066,0.00175219286881312,0.0141943131445035,-0.645125442584804,-0.854526160193471,0.00734815282622293,0.0301191786657313,-0.898512721061707,-0.875816702842712,0.306916922330856,0.136524826288223,0.0999999999999999
1.262,0.000190174502954628,-0.000122794879511738,0.0330314772886565,-0.000357717005911263,0.00433909577015668,0.0054565980372141,-0.0253296986052757,-0.00627207021002851,0.0159110830247907,-0.754595982356253,-0.693663984750124,0.00764673687081986,0.0301191786657313,-0.785329937934875,-0.285333007574081,0.336194545030594,-0.156330615282059,0.0999999999999999
1.263,0.000163293899406229,-0.000130207224941471,0.0330467097803341,-3.02201414270466e-05,0.00382662653764345,0.00546175368391344,-0.028516982367942,-0.00858536737131301,0.0144887478289941,1.36258001709092,-0.305830702046828,0.00287069815273343,0.0301191786657313,-0.189710393548012,-0.739580392837524,-0.166111677885056,0.222581714391708,0.0999999999999999
1.264,0.000136425135042399,-0.000142802925507836,0.0330601726160549,0.00121155506752905,0.0027437175751422,0.00546468483208873,-0.0253621767963479,-0.0166865888721903,0.0123837849797461,0.923198030437751,-1.72382053360266,0.00320133815869622,0.0301191786657313,-0.00292177498340607,-0.6058109998703,-0.219365760684013,0.237986713647842,0.0999999999999999
1.265,0.00011300038397274,-0.000163422825221759,0.0330704620141184,0.00167741073960134,0.000647801769315557,0.00546812172392785,-0.0216926359830287,-0.0245947903460346,0.00816749216757636,-0.0225413959249649,-2.13921598666231,0.00377708213331948,0.0301191786657313,0.169687420129776,0.287826329469681,-0.431783705949783,-0.828122675418854,0.0999999999999999
1.266,9.3893213570965e-05,-0.000185976200964994,0.0330771812657729,0.00298277132098768,-0.00123549541461466,0.00547219506975827,-0.0166908452844506,-0.0206493263797217,0.00524870844841529,2.44619172159318,-1.32723237369616,0.00520673801440051,0.0301191786657313,1,0.312522143125534,-1,-0.539101839065552,0.0999999999999999
1.267,8.37752698270556e-05,-0.000205936661907836,0.033079070653121,0.00559454273818308,-0.00283756850696192,0.00547697584089901,-0.00372141359643772,-0.0194922910809143,-0.00144280474598782,2.34504716262115,-1.60839481699848,0.00443665025426743,0.0301191786657313,0.726845741271973,0.883625447750092,-0.67927211523056,-1,0.0999999999999999
1.268,8.44130465551201e-05,-0.000222095728785155,0.0330738928190696,0.00784567383026481,-0.00339820490684355,0.00548492856657168,0.00493235185016205,-0.0130322674980448,-0.00885585561268375,1.78389042457954,0.582342205984962,0.0115798804052244,0.0301191786657313,0.741158366203308,0.714554607868195,-1,-1,0.0999999999999999
1.269,9.48303934358982e-05,-0.000232801777432119,0.033062892505946,0.00844910217612401,-0.00214576200209003,0.00549758307818538,0.0159699857040143,-0.00845851198624247,-0.0130859633217592,-0.651401982709882,1.71319612325671,0.0129976687844846,0.0301191786657313,0.43194916844368,1,-0.705931067466736,-1,0.0999999999999999
1.27,0.000114779319622246,-0.000238056764498184,0.0330469900150206,0.00705943615688798,3.8050814209599e-05,0.00551208222564403,0.0240945925397425,-0.00198587543526589,-0.0186469567138706,-1.8516260527004,2.30109523347634,0.0148041503548372,0.0301191786657313,-0.0777455046772957,1,-0.692448496818542,-1,0.0999999999999999
1.271,0.00014179994577937,-0.000236545776374729,0.0330272988793233,0.00539634733373392,0.00222177745476257,0.0055263742740177,0.030130187747184,0.00510135895336673,-0.020653548697568,-1.17117309986338,1.73532670292883,0.0124148624983763,0.0301191786657313,-1,0.53608500957489,-0.204932317137718,-1,0.0999999999999999
1.272,0.00017097908437504,-0.000229136573704782,0.0330087096741889,0.00468745105507423,0.00426112836405466,0.00553889262242047,0.0284319709353599,0.00976539256066246,-0.016457518811027,-0.136685895833621,2.03893156260751,0.0113931608761202,0.0301191786657313,-1,-0.100872218608856,0.587244272232056,-1,0.0999999999999999
1.273,0.000196561625122615,-0.000218915625869382,0.0329940630862189,0.00457068826371286,0.0064165297908735,0.00555052984098969,0.0229547728806306,0.0107029067667195,-0.0127796957369962,-0.0997180593579239,1.93726922768686,0.0110422898232844,0.0301191786657313,-1,0.104732692241669,-0.0278274416923523,-1,0.0999999999999999
1.274,0.000219151739388036,-0.000207038359476951,0.032984550592321,0.00465017857893633,0.00702531837776864,0.00555760622342616,0.0223184548449891,0.0130645011239464,-0.0062248666133631,0.212534332423383,-0.766548788250622,0.00313177945774436,0.0301191786657313,-1,0.12094234675169,1,-1,0.0999999999999999
1.275,0.000237958826369137,-0.000192658856197972,0.0329784739343616,0.00488244912643638,0.00616286072930223,0.00556041682289088,0.0152919685926736,0.0157044573357803,-0.00590390873139309,0.171742290518562,-0.751489494730893,0.00331273978411423,0.0301191786657313,-1,0.218788787722588,0.378874480724335,-1,0.0999999999999999
1.276,0.000251654047059297,-0.000175287489715094,0.032974400139361,0.00493602411949691,0.00530987949539267,0.00556383667997506,0.0120767654481246,0.0190666348202027,-0.00223381773370095,-0.119488444806174,-0.760973661886586,0.00419575757147637,0.0301191786657313,-1,0.154755160212517,1,-0.893494188785553,0.0999999999999999
1.277,0.000260096107599239,-0.000154936896934124,0.0329719749980351,0.00444993353195994,0.0055205850526792,0.00557163716945741,0.004858859521246,0.021704196870819,-0.00260488441033977,-0.812395153582205,1.15990927796035,0.011160092853371,0.0301191786657313,-1,-0.430820941925049,0.678209483623505,-0.528863549232483,0.0999999999999999
1.278,0.000262548557778367,-0.000134688927677533,0.0329708526909056,0.00266312802386481,0.00696108585455542,0.00558660912443809,0.000164149624854561,0.0189649632720716,0.000358960045601247,-2.47276849775507,1.4592470719941,0.0174447932282814,0.0301191786657313,-1,-0.0509767979383469,0.845384120941162,-0.716411471366882,0.0999999999999999
1.279,0.00026005509543676,-0.000114815451001172,0.0329716094752909,0.00077318922095528,0.00808389955740755,0.00560135046223431,-0.00506389692792818,0.0209445608621597,0.00115057612181099,-1.01073292213516,0.575867404189555,0.0106293147350689,0.0301191786657313,-1,-0.237181603908539,0.712381541728973,-0.324959844350815,0.0999999999999999
1.28,0.000252862940600879,-9.44027213586474e-05,0.0329728884960346,0.000400442296465813,0.00777114132912812,0.0056089022081931,-0.00934487662184188,0.019953082680696,0.00140081414325864,0.277829327302636,-1.1556463898182,0.00452325109007463,0.0301191786657313,-1,-0.931927919387817,0.697283923625946,0.2474654763937,0.0999999999999999
1.281,0.000241219143323987,-7.88669681344669e-05,0.0329747953756229,3.66712572036765e-05,0.00611428595964296,0.00561588231924448,-0.0140720667765526,0.011191468951431,0.00240081710103163,-0.977017462423712,-1.87639714619828,0.00920441188845103,0.0301191786657313,-1,-0.57865834236145,0.717365205287933,-0.427018225193024,0.0999999999999999
1.282,0.000224352756251643,-6.86140183009291e-05,0.0329786417444954,-0.000383676810940442,0.00462357749286093,0.00562335142657755,-0.0197771972326432,0.00937077951978997,0.00526105482341423,0.182064044576855,-0.87407875055323,0.00568447188571167,0.0301191786657313,-0.819967031478882,-0.959598064422607,0.43769645690918,0.225657299160957,0.0999999999999999
1.283,0.000202890854048126,-6.33798391055757e-05,0.0329846797212143,-0.000599954037216646,0.00418145882504663,0.00562989626695831,-0.0232168042773561,0.00113985891936478,0.00678549434524389,-0.586760488675685,0.0157186669835583,0.00728546774788302,0.0301191786657313,-0.98734849691391,-0.675761997699738,-0.115037120878696,0.198638468980789,0.0999999999999999
1.284,0.000179018511958964,-6.52866723846593e-05,0.0329935948101088,-0.00108924012613557,0.00419415081396998,0.00563696280813364,-0.0245789249908554,-0.00492298351165703,0.0110056394129975,-0.296465262891316,-0.0522682481482491,0.00666169915583453,0.0301191786657313,-0.421721756458282,-1,-0.235232815146446,0.246864408254623,0.0999999999999999
1.285,0.000155786413971853,-7.43842920484663e-05,0.0330060150307922,-0.00139079900733583,0.0033901783132748,0.00564413936788988,-0.021992942937906,-0.0132649177970809,0.0137786723240375,-0.22818162390038,-1.46355830845009,0.00750487190266294,0.0301191786657313,-0.527270436286926,-0.593578577041626,-0.0232390891760588,-0.0420079827308655,0.0999999999999999
1.286,0.000133745368669576,-8.96604844800533e-05,0.0330203527554365,-0.000801055379559761,0.00194933899408894,0.00565034059488756,-0.0222337430219256,-0.0173525916586221,0.0148296340425706,1.33209184696307,-1.20655935591155,0.00508262469101668,0.0301191786657313,-0.301312446594238,-0.533126771450043,-0.529515326023102,-0.0232161283493042,0.0999999999999999
1.287,0.00011337463446271,-0.000109216994571891,0.0330361454427517,0.000926313928506118,0.000650708641076079,0.00565510734242203,-0.0186490342092366,-0.0219040023357141,0.0166799329564864,1.84928906714133,-1.20400224715398,0.00470807452314886,0.0301191786657313,-0.330165505409241,0.000225454568862915,-0.298586338758469,-0.652818918228149,0.0999999999999999
1.288,9.54040574054125e-05,-0.000130146671224177,0.033053283407464,0.00336471620519727,9.44273899903866e-05,0.00566028498883231,-0.0173702383462366,-0.0201667653834587,0.0175223747865874,2.62767741493827,0.142655287217034,0.00610334647550182,0.0301191786657313,0.761018395423889,0.0566200315952301,-0.669252097606659,-0.442014187574387,0.0999999999999999
1.289,8.31590406138089e-05,-0.000150434282606726,0.0330679004182599,0.00524141651925827,-0.000457973945976388,0.00566482866683726,-0.00719638243219106,-0.020576589582326,0.0116600964837241,0.830638641857587,-1.17719887295895,0.0028321822125478,0.0301191786657313,0.0994314253330231,0.733198344707489,-0.200320780277252,-1,0.0999999999999999
1.29,7.72965602569668e-05,-0.000167623142330665,0.0330768270060713,0.00590571740660394,-0.000909394732396462,0.00566978331783341,-0.00457889813625477,-0.0139019723988544,0.00617483383567272,0.420808433981063,0.337110112350198,0.00731126310396364,0.0301191786657313,0.252594530582428,0.912793874740601,-0.999690890312195,-1,0.0999999999999999
1.291,7.702417575815e-05,-0.00017779242573718,0.033081645618706,0.00615650964088207,-0.000755415698561689,0.00567641676467234,0.00401815259820387,-0.00649696277775412,0.00345084336182815,0.0621636464588803,-0.0573990189795399,0.00585059725787109,0.0301191786657313,0.247962221503258,1,-0.963929772377014,-1,0.0999999999999999
1.292,8.52345729935956e-05,-0.00018036360955136,0.0330833286606764,0.00611670971099057,-0.000950273989243524,0.00568176112036456,0.0123927819598457,0.00133834678660505,-8.66062929161931e-05,-0.127444562211598,-0.274668232917814,0.00503579172886818,0.0301191786657313,-0.553906440734863,0.824469923973083,-0.267038613557816,-1,0.0999999999999999
1.293,9.7148734345055e-05,-0.000175634779343321,0.0330823617046347,0.00578371567338953,0.000148879047135174,0.00569125148647753,0.0115350633514955,0.00814423296305605,-0.00184264649602205,-0.487198021044068,2.29661775476882,0.013340522619508,0.0301191786657313,0.0147813558578491,0.671809196472168,-0.406748473644257,-1,0.0999999999999999
1.294,0.000110867886324882,-0.000164422935553032,0.0330787517178701,0.00514517829865779,0.00229245747778901,0.00570420720289633,0.0160586315699865,0.01432461367881,-0.00535410683591249,-0.697868643810919,1.63310558436373,0.0115153832908411,0.0301191786657313,-0.934261441230774,0.267391204833984,-0.187204629182816,-1,0.0999999999999999
1.295,0.00012589485922782,-0.000148099538175968,0.0330752652247962,0.00420212167542145,0.00392758291451128,0.00571611860762999,0.0141421456811116,0.018405267166779,-0.00161837038199778,-1.05288245347568,1.37627471791037,0.011480051217744,0.0301191786657313,-1,0.0736783295869827,-0.112617969512939,-0.923280477523804,0.0999999999999999
1.296,0.000138941366120384,-0.000128228614945253,0.0330758749692521,0.00308336396415609,0.00475624822912361,0.00572661683575593,0.0120413397276107,0.0214425825718249,0.00281742280478314,-1.02770429573594,0.16746289026015,0.0090300744741619,0.0301191786657313,-1,-0.226771295070648,0.978215873241425,-0.80246376991272,0.0999999999999999
1.297,0.000146624143090954,-0.000106275965219143,0.0330780665981507,0.00204145192855712,0.00521882281519449,0.00573612033533699,0.00340907092532549,0.0225734728899302,0.00156314026726583,-0.919402718719964,0.690459895070677,0.00945947865057556,0.0301191786657313,-1,-0.637621939182281,0.332400530576706,-0.215398028492928,0.0999999999999999
1.298,0.000147846634029095,-8.60082032787588e-05,0.0330803919269951,0.000589500984069009,0.00535074788696653,0.0057466568362905,-0.000937595109147738,0.0181180979388257,0.00307474139792187,-1.76471284097582,-0.441768982223144,0.0111139282202704,0.0301191786657313,-1,-0.566869020462036,1,-0.257399410009384,0.0999999999999999
1.299,0.000142579574038067,-6.93900531169681e-05,0.0330820508791167,-0.000863085070856262,0.00507236095103885,0.00575687858420482,-0.00959755778678738,0.015258755416548,0.00024635104346136,-0.918410163572338,-0.0767606438634135,0.00866966714586044,0.0301191786657313,-1,-1,0.446168631315231,0.0246115177869797,0.0999999999999999
1.3,0.000130306438464749,-5.75726005661509e-05,0.0330830490315787,-0.00162397260089378,0.00469257972505693,0.0057653157479276,-0.0149794840780115,0.00847898055902272,0.00174075609818872,-0.494878000488752,-0.640543164345432,0.0079362668768265,0.0301191786657313,-0.986245214939117,-1,0.12829452753067,0.545059442520142,0.0999999999999999
1.301,0.000113476997151055,-5.39940826151784e-05,0.0330848221762573,-0.00216869180078872,0.00365479824843963,0.0057737707044252,-0.0187679177726785,-0.00123653070303443,0.00179709880342914,-0.504243389522574,-1.28285953681319,0.00863679776035873,0.0301191786657313,-0.805320858955383,-1,0.159242630004883,0.213467925786972,0.0999999999999999
1.302,9.29897058302147e-05,-5.89864506186648e-05,0.0330869957606264,-0.00216936496096897,0.00235152799561709,0.0057815547497384,-0.0223255884942577,-0.00873434640182182,0.00253508885843914,0.51063854710319,-1.13543774951254,0.00680575115117239,0.0301191786657313,-0.366085112094879,-1,-0.233227953314781,0.510178685188293,0.0999999999999999
1.303,7.11775770644765e-05,-7.25242244098676e-05,0.0330887573535432,-0.00153757994838792,0.0009507072422518,0.00578852327306922,-0.0214415717682774,-0.0183720958101765,0.000983686353393462,0.668702785037888,-1.46269224988989,0.00700099523774459,0.0301191786657313,-0.100650027394295,-0.911716938018799,-0.499948382377625,0.19315630197525,0.0999999999999999
1.304,5.15048452950069e-05,-9.46671980966578e-05,0.0330896590127069,-0.000629655923536142,-0.000633367270562669,0.00579555816639354,-0.0180647247797254,-0.0259906212283354,0.000814238019165733,1.03279451455591,-1.4643952580464,0.00698423402717989,0.0301191786657313,0.434186846017838,-0.0427728891372681,-0.428843915462494,-0.189815029501915,0.0999999999999999
1.305,3.62416277757468e-05,-0.000120838200124192,0.0330869787940754,0.00138831176150978,-0.00195618351548315,0.00580313823176182,-0.0125908521827422,-0.0265404835120377,-0.00614920038582589,2.69310840377612,-0.978869780618101,0.00826613033872213,0.0301191786657313,0.857548773288727,0.237743452191353,-1,-0.387000203132629,0.0999999999999999
1.306,2.92842043195053e-05,-0.000146711027461251,0.0330776219653965,0.00436192647416814,-0.00317965495934685,0.00581144338926753,-0.00145547962047763,-0.0254621372424819,-0.0124959760718691,2.76952774145263,-1.26165816339441,0.00793262885679782,0.0301191786657313,0.886582791805267,0.898205637931824,-1,-1,0.0999999999999999
1.307,3.33003827394981e-05,-0.000168219759482314,0.0330619228639772,0.00718785844911513,-0.0040765918062845,0.00582056158933941,0.00940286300647167,-0.0178142195091368,-0.0188011982797274,2.41538792423645,-0.361684038118128,0.0101149142123889,0.0301191786657313,0.547488152980804,0.904715180397034,-1,-1,0.0999999999999999
1.308,4.70637456333412e-05,-0.000182689223289072,0.0330412248106664,0.00843619930483819,-0.00344130983215882,0.00583241477363572,0.0181784595154221,-0.011253596540914,-0.0224953094448224,-0.109042809657523,1.54493344199096,0.0131699278871628,0.0301191786657313,0.874354839324951,1,-0.965168654918671,-1,0.0999999999999999
1.309,7.08684308755364e-05,-0.000190434658121923,0.0330156769942606,0.00714558704610535,-0.00167938214944224,0.0058447246287936,0.0295889095645206,-0.00417364547274644,-0.0284961283398318,-2.20815650774686,1.71423351736379,0.0109759261131405,0.0301191786657313,-0.11034070700407,1,-0.519367933273315,-1,0.0999999999999999
1.31,0.000102109566666816,-0.000190772931655733,0.0329861591887726,0.00480606784092652,0.000770914557660396,0.00585817614092976,0.0331136525876524,0.00363370116386986,-0.0304174715712685,-2.03444066945222,2.81151729831585,0.0145501418967361,0.0301191786657313,-0.664891004562378,0.520274221897125,-0.188958525657654,-1,0.0999999999999999
1.311,0.000134819919929337,-0.000184388797428434,0.0329573102178855,0.00334900149063879,0.00388768107494723,0.00587284104691044,0.0325872594826204,0.00923482312878596,-0.0271632363067949,-0.62620558156537,2.92688517136095,0.0129714501627164,0.0301191786657313,-1,0.100074045360088,0.728185951709747,-1,0.0999999999999999
1.312,0.000163839448815795,-0.00017347604940054,0.0329316197497131,0.00336939015560202,0.00684136135439069,0.00588412206222433,0.0257399193251965,0.0126014989226234,-0.0241058200997881,0.632474043705414,2.50334173076197,0.00851188048229888,0.0301191786657313,-1,-0.331588208675385,0.540036618709564,-0.544310927391052,0.0999999999999999
1.313,0.000187306604681912,-0.000162021838473876,0.0329097992409443,0.00356898134138337,0.00797030280397321,0.00589180262224742,0.0213338800466458,0.0103241829948969,-0.0194462804652815,-0.296518143625315,-0.389802969471918,0.00687931813720459,0.0301191786657313,-1,0.441872835159302,1,-0.900326132774353,0.0999999999999999
1.314,0.000205070171199749,-0.000149143058624765,0.0328902253635183,0.00381397795785307,0.00670127217752088,0.0058947058179597,0.0141578429146571,0.0154355348073736,-0.0196179078303492,0.702625446135102,-1.86096904176976,-8.7016527342255e-05,0.0301191786657313,-1,-0.311193108558655,1,-0.477776765823364,0.0999999999999999
1.315,0.000215449504710872,-0.000134904801527265,0.0328717168232589,0.00362914952784221,0.00496393092275003,0.00589783494511531,0.00650921354346555,0.0130846550841879,-0.0173223205495722,-1.07575177386243,-1.26038026216803,0.00680244352585004,0.0301191786657313,-1,-0.255039930343628,0.842046558856964,-0.352065145969391,0.0999999999999999
1.316,0.000218435873908805,-0.000123009948520668,0.0328556448588812,0.00191507322581271,0.00452170773401825,0.00590766500409678,-0.00053942870291093,0.0108528472857116,-0.0147590100731377,-2.0592115039488,0.462230023375729,0.0119404473659077,0.0301191786657313,-1,-0.370781362056732,0.559485137462616,-0.382019340991974,0.0999999999999999
1.317,0.000215311884332076,-0.000113175619103143,0.0328436855128206,0.000105950407532631,0.00547670177326224,0.00591928211382742,-0.00563518878418069,0.00896586424042392,-0.00912123078243639,-1.24577342309564,1.25846333032273,0.010149449350572,0.0301191786657313,-1,-0.419220805168152,0.0639328956604004,-0.265675097703934,0.0999999999999999
1.318,0.000208864868779628,-0.00010542002140031,0.0328388310807741,-0.000320011878414346,0.00613275139882819,0.00592689954473169,-0.00722474202002062,0.00659820589122342,-0.000587875431050119,0.449674003810166,-0.0818415593898918,0.00487534521171772,0.0301191786657313,-1,-0.97917652130127,0.480071008205414,0.34264063835144,0.0999999999999999
1.319,0.000199481318784075,-0.000103746258620741,0.0328410561106515,-0.000188007658549896,0.00567121743798229,0.00593287654649322,-0.0115833842960952,-0.00323020357026557,0.00501192552742372,-0.213719849710423,-0.776532904131212,0.00712547901934308,0.0301191786657313,-0.820259094238281,-0.679424285888672,0.44030037522316,-0.038653165102005,0.0999999999999999
1.32,0.000186239596761572,-0.000109711545283859,0.0328486356325531,-7.16286856252059e-05,0.00460941985674562,0.00593907364787505,-0.0149924625410049,-0.00870580153418473,0.0100955924258078,0.436711564267226,-1.17929932500429,0.0053357283869813,0.0301191786657313,-0.939809083938599,-0.468876987695694,-0.0814726799726486,-0.423566102981567,0.0999999999999999
1.321,0.00017055899606022,-0.000119375435366254,0.0328637542436405,0.00107984941542499,0.00329454830907939,0.00594276101151614,-0.0164891581077659,-0.0107171120245527,0.0200482133369564,1.66983655430802,-1.24385498850205,0.00264792465181522,0.0301191786657313,-0.418699830770493,-0.274778664112091,0.293972969055176,0.211381956934929,0.0999999999999999
1.322,0.000153463240337631,-0.000132799157290095,0.0328830445445775,0.00236669285510004,0.00237559547470023,0.00594630046903344,-0.0177979248216519,-0.0162306416118001,0.0184492401514761,0.69916300473138,-0.469446006761314,0.00487564256227646,0.0301191786657313,-0.0783192217350006,0.146645337343216,-0.160736560821533,-0.724057555198669,0.0999999999999999
1.323,0.000137371322615755,-0.000147685745955364,0.0329025055869529,0.0034720006146961,0.00174162903364302,0.00595044499631125,-0.0144804517805843,-0.0136619145429139,0.0203806380585302,1.33963216951123,-0.721240205599666,0.00374202599675847,0.0301191786657313,0.53313535451889,0.495642304420471,-0.212409719824791,-0.528035640716553,0.0999999999999999
1.324,0.000126454510732735,-0.000159843893414054,0.0329201041816132,0.00478617372384649,0.000552729595455568,0.00595320200786542,-0.00748567062558552,-0.0107808180694688,0.014766919496594,1.07499429909724,-1.46092910734295,0.00224230001365568,0.0301191786657313,-0.23473784327507,0.499218553304672,-0.550836324691772,-0.982429683208466,0.0999999999999999
1.325,0.000120849527737295,-0.000168002124024036,0.0329368849801356,0.00567565789866563,-0.00035773560063456,0.00595700652097442,-0.00380575481973113,-0.00562502487432791,0.0187162069534329,0.559881201486745,-0.208459706735105,0.00586557399981245,0.0301191786657313,0.0545259118080139,0.759574174880981,-0.582616746425629,-0.839176058769226,0.0999999999999999
1.326,0.000119817106703515,-0.000170801551226886,0.0329552841809501,0.00584580120912443,-7.99710715528266e-05,0.00596434971858306,0.0017378180322756,-1.04686169965449e-05,0.0180038910229348,-0.240029224708498,0.705470683864535,0.00866613962943916,0.0301191786657313,-0.0446780435740948,0.734374225139618,-0.443814098834991,-1,0.0999999999999999
1.327,0.0001236855110796,-0.000167542571712222,0.032973208328371,0.00539754302477858,0.00102127888988764,0.00597428637283937,0.00606564845195857,0.006543880215147,0.0177640268708424,-0.577810381753145,1.30016669946136,0.0105888231813233,0.0301191786657313,-0.250994205474854,0.658154129981995,-0.443309903144836,-0.998206675052643,0.0999999999999999
1.328,0.000131498987824102,-0.000157842758040102,0.032991536652854,0.00479473247201173,0.00227173625891183,0.0059847562284765,0.00964735301361493,0.0128941396918133,0.0188055017977957,-0.538325519210248,0.990377933710064,0.00969543139658427,0.0301191786657313,-0.780541300773621,0.354523748159409,0.26698961853981,-1,0.0999999999999999
1.329,0.000139243719644825,-0.000142553797963918,0.0330110825041407,0.0041873797266405,0.0037776138218588,0.00599585059456809,0.00597405710341994,0.0177387157156171,0.0201957964150343,-0.599924015095933,1.7596214330101,0.0116930411828976,0.0301191786657313,-1,0.0338879972696304,0.852777600288391,-0.658014416694641,0.0999999999999999
1.33,0.000141142221030077,-0.000124274961667505,0.0330305419227137,0.00315281930433769,0.00591125990803742,0.00600941125083665,-0.00200037995413867,0.0189237214672783,0.018649267407324,-1.31855826676368,2.1172131995802,0.0143459241156964,0.0301191786657313,-1,-0.117879204452038,0.306659460067749,-0.303939342498779,0.0999999999999999
1.331,0.000137186101615828,-0.000106056006622391,0.0330492506893105,0.00148304274151986,0.0067920864007883,0.00602324773722263,-0.00584929472039007,0.0176703114826762,0.0186893273093118,-1.75545535970394,-0.515889917026997,0.0126049379713487,0.0301191786657313,-1,-0.252962946891785,1,-0.522977590560913,0.0999999999999999
1.332,0.000127172396139039,-8.83618459687481e-05,0.0330667292762937,0.000239530053859858,0.00563514476505579,0.00603370470179332,-0.0142455674527592,0.0178370608576615,0.0161969882824033,-0.552835279688277,-1.60214192702281,0.00802052525723366,0.0301191786657313,-1,-0.966165721416473,1,0.38302680850029,0.0999999999999999
1.333,0.000108399128718564,-7.53189542257441e-05,0.0330808430760988,-0.000920036062899989,0.00407967750664566,0.00604341075334647,-0.0234206146493936,0.00837926191147509,0.01197856891206,-1.58449554041002,-1.2677015339653,0.0106928281918061,0.0301191786657313,-1,-0.772794604301453,0.0129482746124268,0.209496468305588,0.0999999999999999
1.334,8.31336378939271e-05,-7.0252123492619e-05,0.0330935694280199,-0.00210789809166174,0.00256870383203621,0.00605351981190827,-0.0272503700518641,0.00186845638904173,0.0134131781051743,-0.590937012179439,-1.53701217480068,0.00913419551999527,0.0301191786657313,-0.482090055942535,-1,-0.0575985908508301,0.819042026996613,0.0999999999999999
1.335,5.54123737321108e-05,-7.41386853772632e-05,0.0331049246679361,-0.00262760938516415,0.000904082665531572,0.00606274224452541,-0.0283570619783555,-0.0095730930091919,0.00926355191633646,-0.345940230975106,-1.55553727985518,0.0089422685606966,0.0301191786657313,0.327517926692963,-1,-0.526097476482391,0.350550472736359,0.0999999999999999
1.336,3.01006747968591e-05,-8.79646103788186e-05,0.0331123881422574,-0.0022371164891496,-0.00124817596781922,0.00607244616104907,-0.0224773389794773,-0.018115699754471,0.00564117540693291,1.0841897021232,-2.41426195277494,0.0102467529497078,0.0301191786657313,0.309831708669662,-1,-0.439326345920563,0.365560114383698,0.0999999999999999
1.337,9.742528676958e-06,-0.000110658301513924,0.0331158831578541,-0.000764057386110589,-0.00310582044207928,0.00608257978924032,-0.0184208698852218,-0.0273816382658154,0.00134752116614317,1.64430880190348,-1.01830180360092,0.00979303818230815,0.0301191786657313,1,-0.0449645519256592,-1,-0.135145679116249,0.0999999999999999
1.338,-3.02755122554543e-06,-0.000138522309908736,0.0331132819834391,0.00188422277987164,-0.00410742905580309,0.00609426923202472,-0.0072295847595601,-0.0285791279828193,-0.00652293006519321,3.23200872795532,-0.836262236015149,0.012978325609256,0.0301191786657313,1,0.255361616611481,-1,-0.608360052108765,0.0999999999999999
1.339,-4.82015182607693e-06,-0.000165929819621616,0.0331034570953083,0.00538346455945802,-0.00452759495781606,0.00610858050381369,0.00357472076432572,-0.026533079349234,-0.0130544436132982,3.1913492796597,0.061956698112357,0.0146892153484194,0.0301191786657313,1,0.562867641448975,-1,-1,0.0999999999999999
1.34,4.19074563922093e-06,-0.000189904270726644,0.0330875818010604,0.00789161036929987,-0.00399008766720371,0.00612329838679671,0.0144684332008824,-0.0216493349534186,-0.0186045656872595,1.42752125803752,0.93170110924409,0.013800942292679,0.0301191786657313,0.881431937217712,0.997028350830078,-1,-1,0.0999999999999999
1.341,2.39774674287396e-05,-0.000208126919545856,0.0330654287483231,0.00822349037572209,-0.00281553022118973,0.00613604608079665,0.0251842612409507,-0.0148822602188316,-0.0255831726864753,-0.768962941930684,1.25090632058294,0.01117641315603,0.0301191786657313,-0.0146003663539886,1,-1,-1,0.0999999999999999
1.342,5.20621606176274e-05,-0.00021963696780379,0.033039401559956,0.00668064167357347,-0.00102704998778409,0.0061485625072959,0.0311489157103192,-0.00807465330062112,-0.0263665960478897,-1.99686341095073,2.06707225141508,0.013205726757442,0.0301191786657313,-0.155898451805115,1,-0.34316623210907,-1,0.0999999999999999
1.343,8.41746666231276e-05,-0.000224014577721963,0.0330112904138357,0.00497157748070949,0.00145170240584274,0.00616314243575067,0.033304286668663,-0.000591872977571019,-0.0297328733839437,-1.09378540788334,2.51455490104622,0.0144605602761157,0.0301191786657313,-0.498031765222549,0.783916473388672,-0.0928997546434402,-1,0.0999999999999999
1.344,0.000117276802006306,-0.000221342901119648,0.0329811525907081,0.00469035649195831,0.00379832927729877,0.00617613365000391,0.03312864021418,0.00594058003904591,-0.0304090482635014,0.572166260145089,1.82990894200641,0.0102327868583487,0.0301191786657313,-1,0.00831090658903122,0.054016038775444,-1,0.0999999999999999
1.345,0.000148775026498642,-0.000214624404780169,0.0329542940863467,0.00519886837052813,0.0051800608925356,0.0061853353679302,0.0300382584445476,0.00747284397119634,-0.0232063387626562,0.334598544295665,0.758528382345328,0.00795609445973356,0.0301191786657313,-1,-0.117630198597908,0.511028409004211,-0.931047320365906,0.0999999999999999
1.346,0.000176133286272104,-0.000207001173760935,0.0329337212226435,0.00504069833493831,0.00558890803897823,0.0061937564113177,0.0247793512270893,0.00779965282901345,-0.0178594974103219,-0.638707372912117,0.0539466324841908,0.00887954341492434,0.0301191786657313,-1,0.220026567578316,0.7657710313797,-1,0.0999999999999999
1.347,0.000197628438314724,-0.000197610661393234,0.032917135054688,0.00446448374771633,0.00561360312071379,0.00620236356205872,0.0182629944104768,0.0110380833444001,-0.0152414963182368,-0.43152723862321,0.0459044588900763,0.00821178305085755,0.0301191786657313,-1,0.111137315630913,0.0286874175071716,-0.975186228752136,0.0999999999999999
1.348,0.000215083785142206,-0.000185267919920069,0.0329059153423663,0.00415042335176106,0.00510158412559126,0.0062089019991598,0.0166530018323409,0.0136948129628596,-0.00715295140327451,-0.170373600323623,-0.928627693960905,0.0051553763015985,0.0301191786657313,-1,0.0286390762776136,0.795329868793488,-0.855786144733429,0.0999999999999999
1.349,0.000228449380226026,-0.000170749782899382,0.0329003954987907,0.00394886562571842,0.00484216885183527,0.00621562496722117,0.0101079550100646,0.0153818952698818,-0.00387148522672399,-0.23269888584189,0.488817433573779,0.0084382965263328,0.0301191786657313,-1,-0.296449542045593,0.849873185157776,-0.898392379283905,0.0999999999999999
1.35,0.000235227495742535,-0.000155296661126428,0.0328992067514935,0.00344307863215427,0.00600347894191022,0.00622623099159325,0.00357061331790128,0.015591665963913,0.00147933440191473,-0.720217984804588,1.6283874933563,0.0121850743482705,0.0301191786657313,-1,-0.161032557487488,0.277472257614136,-0.811948597431183,0.0999999999999999
1.351,0.000237602514218314,-0.00013926117884943,0.0329044372318872,0.0027300007157749,0.00704209133373991,0.00623737663501656,0.00126212853226369,0.016559817507788,0.00893426992080898,-0.612702506632082,0.266869367058976,0.00954295686224163,0.0301191786657313,-1,-0.00510230660438538,0.984504282474518,-0.722429931163788,0.0999999999999999
1.352,0.000235523056902365,-0.000121790223205968,0.0329140572148188,0.0024205050409488,0.00707739398874329,0.00624542003361661,-0.00539878607369581,0.0184339531894876,0.0102581437649425,0.00435988925540349,-0.205376067929569,0.00650104490973265,0.0301191786657313,-1,-0.494519352912903,1,-0.293067544698715,0.0999999999999999
1.353,0.0002266958318096,-0.000105222765802608,0.0329249692271237,0.00185468699845158,0.00669109956220181,0.00625387550589984,-0.0123006211666312,0.0147762612145454,0.0115169047363359,-1.07288154885713,-0.515913521752781,0.0102099345193155,0.0301191786657313,-1,-0.662261724472046,1,-0.250487595796585,0.0999999999999999
1.354,0.000210789953064354,-9.27099596129158e-05,0.0329373793200575,0.000396004559043105,0.00616962740584749,0.00626546110323645,-0.0195523062551584,0.0103921633168965,0.0132410852974832,-1.60298008877417,-0.468382234502507,0.0121163647315876,0.0301191786657313,-1,-0.720806181430817,0.795610904693604,0.164748057723045,0.0999999999999999
1.355,0.000188048039380501,-8.57108050040548e-05,0.0329508286975155,-0.00124754479962893,0.00565214045345041,0.00627772399119886,-0.0259925917528119,0.00375679241998981,0.0135982378883655,-1.39739445567957,-0.525832738811267,0.0114901024822667,0.0301191786657313,-0.590962886810303,-1,0.686154723167419,0.483769118785858,0.0999999999999999
1.356,0.000160241766854067,-8.69188069086214e-05,0.0329633351791528,-0.0024443320716074,0.00473689925585235,0.00628900000178367,-0.029729439202961,-0.00605983314154825,0.0113687623908594,-0.77409297815207,-1.2015421744844,0.0104428333856857,0.0301191786657313,-0.653555572032928,-1,0.238418370485306,0.547985255718231,0.0999999999999999
1.357,0.00012950502288491,-9.79990916651244e-05,0.0329748446654123,-0.00255354805129424,0.00318712736726974,0.00629840445008378,-0.0319079346711953,-0.0160852418648298,0.0115954435010005,0.597525791346994,-1.68642787172668,0.00816756950521678,0.0301191786657313,0.0173144787549973,-0.757970452308655,-0.313815742731094,0.369534254074097,0.0999999999999999
1.358,9.99345999408928e-05,-0.000117937429374271,0.0329857909592449,-0.00101694216160576,0.000741220876076843,0.0063062245811607,-0.0274795881365852,-0.0239059980977995,0.0102519938870252,2.23030014464456,-2.82250087111721,0.00754572977356925,0.0301191786657313,0.181348502635956,-0.771956562995911,-0.729177355766296,0.301985651254654,0.0999999999999999
1.359,7.59172245513114e-05,-0.00014606735980894,0.0329962856809582,0.00128265789577728,-0.00211560143400091,0.00631378890255174,-0.0208220494981045,-0.0325375648251969,0.0106891875172897,2.01106314431641,-2.42649953866723,0.0075103144107001,0.0301191786657313,0.931191444396973,0.331632763147354,-1,-0.292385041713715,0.0999999999999999
1.36,6.11253940082005e-05,-0.000178060688338236,0.0330040282072992,0.00393654282650853,-0.00424513916578578,0.00632266724844488,-0.00896585183208228,-0.0316986703329662,0.00478874931895568,2.88146836848363,-1.48114536126693,0.0104007943885466,0.0301191786657313,1,1,-1,-1,0.0999999999999999
1.361,5.80121248448774e-05,-0.00020562005654356,0.0330058207281011,0.00738065389018096,-0.00466636671193473,0.00633740669697103,0.00266319560003773,-0.023739557282957,-0.00117511106169842,3.4353094884601,0.696188633963574,0.01852479887355,0.0301191786657313,1,1,-1,-1,0.0999999999999999
1.362,6.65968251724749e-05,-0.000226052752623227,0.0330016858955843,0.0097228024884651,-0.00308542484440785,0.00635747976328593,0.0145929373079822,-0.0173472297977643,-0.00705510166881825,0.876370755147792,2.18571984245962,0.020165089139351,0.0301191786657313,0.651058077812195,1,-1,-1,0.0999999999999999
1.363,8.64844984056777e-05,-0.000240494298970729,0.0329928456437237,0.00890484791610792,-0.000688968475015604,0.00637669279623276,0.0253513022678822,-0.0115293877360895,-0.0105880021322175,-2.30836089472159,2.21243103743543,0.0170906896137489,0.0301191786657313,0.374602794647217,1,-0.0933617353439331,-1,0.0999999999999999
1.364,0.000113983119124367,-0.000248817450748862,0.0329785949217335,0.00597747076896499,0.00172747114288056,0.00639470741147674,0.0298532625387229,-0.00495676496966439,-0.0178428556165367,-2.97551306444994,2.24556084135674,0.017362054961689,0.0301191786657313,-0.858769655227661,0.887085974216461,-0.210840046405792,-1,0.0999999999999999
1.365,0.000143093956154056,-0.000250445429648194,0.0329619380029102,0.00390763385729088,0.00411471094966686,0.0064111746802471,0.0285931303293634,0.00181666919851676,-0.0154082611691391,-0.779477137822519,2.16209038301054,0.0135401190520458,0.0301191786657313,-1,0.12583963572979,0.274249255657196,-1,0.0999999999999999
1.366,0.000169602098785041,-0.000247454299288299,0.032949222773096,0.00401601425310095,0.00597346209851234,0.00642174188525635,0.0246197199712848,0.00415741750693619,-0.00997913851126534,0.963908001140581,1.27852735926465,0.00680847262367028,0.0301191786657313,-1,-0.12331335246563,0.302881896495819,-0.812098026275635,0.0999999999999999
1.367,0.000192506750398412,-0.00024361188526288,0.0329421661776589,0.00510335733752595,0.00636200036780716,0.00642602103796275,0.0212772864896448,0.00346517252766101,-0.0041191997749904,0.99855992525355,-0.511012796884503,0.00228273905780275,0.0301191786657313,-1,0.204925060272217,0.554712057113647,-1,0.0999999999999999
1.368,0.000211381027072307,-0.00023898868685254,0.0329398565069901,0.00609880146627334,0.00544992439453802,0.00642713053187416,0.0164587381906651,0.00572063311963836,-0.000495116982041018,0.79302369541078,-1.09367139894684,0.00118767814557885,0.0301191786657313,-1,0.694290459156036,0.781747698783875,-0.948890566825867,0.0999999999999999
1.369,0.00022461688006553,-0.000230846421645875,0.0329388102610623,0.0067752184151527,0.00484155407869937,0.00643032957976608,0.0100050999130566,0.0105326455714825,-0.00159137655810258,0.412270460450102,0.0228160638297395,0.00618392083480667,0.0301191786657313,-1,0.12776754796505,0.359555840492249,-1,0.0999999999999999
1.37,0.000232797427812614,-0.000219572149852439,0.0329399030297575,0.00626378631007093,0.00515557009373081,0.00644008321241918,0.00639786525158779,0.012074260708461,0.00376782116346002,-1.36648264495571,0.567642299051935,0.0130240495763748,0.0301191786657313,-1,0.326475620269775,0.465157598257065,-1,0.0999999999999999
1.371,0.000237161755992039,-0.000205829651600964,0.0329453797080261,0.00464171911060848,0.00590774202965439,0.00645444235341097,0.00240509841323735,0.0155369675159178,0.00714691234341804,-1.6083169733801,0.808942574533538,0.0144776887021819,0.0301191786657313,-1,0.0823918133974075,1,-1,0.0999999999999999
1.372,0.000236020321302366,-0.000188966382771974,0.032953249267997,0.00332762609290538,0.00697724976611505,0.00646849954869255,-0.00459352796432205,0.0183041779614765,0.00855385375756114,-0.819893688628671,1.12819538348641,0.0123888210089517,0.0301191786657313,-0.992735803127289,-0.186976999044418,0.471239000558853,-1,0.0999999999999999
1.373,0.000229782408779652,-0.000169897112385225,0.0329648611117479,0.00296183627082679,0.0072716013275936,0.00647768660652615,-0.00786600362855039,0.0198955218224989,0.0145992437005063,0.105339209523347,-0.603069264872007,0.00584351488498352,0.0301191786657313,-1,-0.60454922914505,1,-0.405224919319153,0.0999999999999999
1.374,0.000218469675495653,-0.000152280954644414,0.0329801115701699,0.00253907725462995,0.00641890716938764,0.00648517028743223,-0.0148351794875391,0.0154086013028696,0.0158315511615256,-0.916952432852123,-0.969599473880248,0.00913249148000401,0.0301191786657313,-1,-0.115462690591812,0.805737733840942,-0.394980370998383,0.0999999999999999
1.375,0.000200497701856079,-0.000137390765307247,0.0329954236005196,0.00179410828293015,0.00543789593683678,0.00649371509301222,-0.0211872998288334,0.0144574033999188,0.0147273859550607,-0.476002303398492,-0.855260220543542,0.00783125929948148,0.0301191786657313,-1,-0.509456038475037,0.931945621967316,-0.0889738500118256,0.0999999999999999
1.376,0.000175466970952473,-0.000125457756386388,0.0330092845020888,0.00107610290693933,0.00501917949283207,0.00650261206209146,-0.0289188386345475,0.00950662870122047,0.0129414623504325,-0.855952965215057,0.0279862959561043,0.00960548539968439,0.0301191786657313,-0.929137229919434,-0.610039472579956,0.181965708732605,0.479219734668732,0.0999999999999999
1.377,0.000145082404427782,-0.000120355432417521,0.0330217793526935,-0.000243264511999641,0.00463299240340839,0.00651333393482956,-0.0319412336688349,0.00080257699929277,0.0119958505223974,-1.54951121216715,-0.804237721870927,0.0112896931045396,0.0301191786657313,-0.357547014951706,-0.697945713996887,0.193606704473495,0.190368995070457,0.0999999999999999
1.378,0.000113111919886993,-0.000123024463584923,0.0330324963019682,-0.00131675771336446,0.00305986244670514,0.00652384161579045,-0.0321738171260268,-0.00605112603561087,0.00940131427498213,-0.398096830393359,-2.12607647268379,0.009482950488328,0.0301191786657313,-0.310451000928879,-0.836294770240784,-0.0801767706871033,0.297414541244507,0.0999999999999999
1.379,8.13313430140317e-05,-0.000133233902768385,0.0330412832273842,-0.00108871728466737,0.000684334956010666,0.0065327363350387,-0.0316172843488706,-0.014381074470634,0.00813606186643713,0.831078967584776,-2.26404124814099,0.00833505128320203,0.0301191786657313,-0.0391337275505066,-1,-0.394758522510529,0.506365597248077,0.0999999999999999
1.38,5.12979294019126e-05,-0.000153160349012916,0.0330486559241593,-0.000201310823379014,-0.0013413132773007,0.0065409731450714,-0.0286608534113277,-0.0255280205776031,0.00658116681776217,0.827921002066889,-1.49386505611314,0.00807371951416786,0.0301191786657313,0.687334656715393,-0.00194635987281799,-0.85837459564209,-0.302550435066223,0.0999999999999999
1.381,2.74395750765075e-05,-0.000178850470384533,0.0330530279825903,0.0019707613961704,-0.00295305253180774,0.00655040258984707,-0.0192272180792354,-0.0260522238021359,0.0021559535746697,3.17386738068292,-1.49460176638075,0.0108170401534742,0.0301191786657313,1,-0.0620767995715141,-1,0.004497230052948,0.0999999999999999
1.382,1.40228505296906e-05,-0.00020693480603954,0.0330516136534206,0.00485184417971251,-0.00430101704785331,0.00656091372443157,-0.00776590980850191,-0.0303529125974278,-0.00494823398322243,2.1298840936246,-0.991761161901216,0.00970258614163415,0.0301191786657313,1,0.750150322914124,-1,-1,0.0999999999999999
1.383,1.17939669865481e-05,-0.000234255584441377,0.0330438972874634,0.00720146065207894,-0.00463146403361759,0.00657320617854662,0.00324222478028606,-0.024524888587082,-0.0104221253937228,2.20350659592683,0.378570498829732,0.0144283757319371,0.0301191786657313,1,0.932449877262115,-1,-1,0.0999999999999999
1.384,2.06161032273637e-05,-0.000255775994349545,0.0330302922531693,0.00877007053644633,-0.00366039849668346,0.00658868023286452,0.0144491196615217,-0.0186863703785523,-0.0167064028754205,0.703740238721174,1.40112026976463,0.0155522362258454,0.0301191786657313,0.76056170463562,1,-1,-1,0.0999999999999999
1.385,4.0227918140345e-05,-0.000271575602113844,0.0330111462938331,0.00850790987278848,-0.00204012637354222,0.00660366251720834,0.0248895543594595,-0.0129483617032292,-0.0214936494633941,-1.13054738428996,1.58900447803796,0.0136217541700134,0.0301191786657313,-0.141381084918976,1,-1,-1,0.0999999999999999
1.386,6.79046454820122e-05,-0.00028161063332868,0.032990307183071,0.00695245884450909,-0.000138846609564341,0.00661832318811317,0.0306331752258169,-0.00705430212253612,-0.020107498484,-1.66244651421661,1.93308669446803,0.0147325944338113,0.0301191786657313,-0.428775191307068,1,-0.860704183578491,-1,0.0999999999999999
1.387,0.000100544722402791,-0.000285490379173328,0.032971572487573,0.00579964995194392,0.00167070192276391,0.0066324534680251,0.0348244333521957,-0.000654515875282594,-0.0172950264510731,-0.421276709149275,1.43649015545364,0.0124200156675479,0.0301191786657313,-0.780523061752319,1,-0.219116449356079,-1,0.0999999999999999
1.388,0.000134757356530838,-0.000282832274383358,0.0329549908017891,0.00626973204899731,0.00326255568208744,0.00664428116000071,0.0337849204747321,0.00592640499513207,-0.0157975170143805,1.26212237845753,1.53626491397842,0.0104530927953569,0.0301191786657313,-1,0.598164975643158,0.200842514634132,-1,0.0999999999999999
1.389,0.000166440980915922,-0.000275013875420949,0.0329407628293802,0.0074992596099297,0.00491720895961243,0.00665524897106673,0.0297738752705404,0.00963407469784807,-0.0125994238151073,0.95117868165294,1.54522157934376,0.0112283418572221,0.0301191786657313,-1,0.460921227931976,0.571135222911835,-1,0.0999999999999999
1.39,0.000193455298281817,-0.000264044427812244,0.0329291985077175,0.00767455177733053,0.00627501749894296,0.00666802013106782,0.0244209902609342,0.0123094015749736,-0.0104795449856295,-0.655687766829238,0.987316538292217,0.0139050469569014,0.0301191786657313,-1,0.860133409500122,0.406330913305283,-1,0.0999999999999999
1.391,0.000216008375809338,-0.000248983474603467,0.0329191897724775,0.0067083387918745,0.00652043739761682,0.00668004855177129,0.0207654837925609,0.0178873602299796,-0.00950048344159453,-1.13329636553703,-0.476791927526657,0.0098524848592143,0.0301191786657313,-1,0.514960527420044,1,-1,0.0999999999999999
1.392,0.000233136337430638,-0.000229093844711313,0.0329095066644108,0.00541753183169304,0.00610886737918264,0.00669066814246699,0.0135147831304707,0.0220122582048276,-0.00982605452239721,-1.25967794055638,-0.224468185418428,0.0111009750133458,0.0301191786657313,-1,-0.375928163528442,0.778649210929871,-1,0.0999999999999999
1.393,0.000243794824753397,-0.000207531986361625,0.0329030628243155,0.00373148798331208,0.0060129539216606,0.00670352561705956,0.00782981690607252,0.0212720983513454,-0.0030469079130625,-1.85188729746036,0.0792714713458321,0.0138137056791906,0.0301191786657313,-1,0.125666797161102,1,-1,0.0999999999999999
1.394,0.000248098158111083,-0.000184612964416193,0.032901211682409,0.00270936389330858,0.00648447974633761,0.00671524231439546,0.000842653734044032,0.0246730517152063,-0.000655560568708921,-0.0656429299725602,0.784669232591932,0.00891640351461196,0.0301191786657313,-1,-0.421206295490265,0.749949991703033,-0.12597182393074,0.0999999999999999
1.395,0.00024634596553871,-0.000162583226709242,0.0329014180303716,0.0022851770241005,0.00709502318392498,0.00672523945762027,-0.00430460884150451,0.0194687109366186,0.0010697575833302,-0.758794768052524,0.317864946541863,0.0108821559458475,0.0301191786657313,-1,-0.743669807910919,0.697355091571808,0.0837582349777222,0.0999999999999999
1.396,0.000239671060415196,-0.000147196439179112,0.0329038459850678,0.000901768445494722,0.00694071485258925,0.00673808033086454,-0.00905755151275016,0.0114551676386118,0.00377104575253249,-1.78520508884169,-0.610057670970012,0.0140506043869104,0.0301191786657313,-1,-0.39935290813446,0.938279271125793,-0.272682398557663,0.0999999999999999
1.397,0.000227328970520821,-0.000137179851469554,0.0329082599401244,-0.000108304547748743,0.00626146954393856,0.00674926847275303,-0.0156773973838989,0.00867703399684136,0.00503186365838942,-0.0790920452713462,-0.651456277148881,0.0078839829576533,0.0301191786657313,-1,-1,0.939535617828369,-0.0800663828849792,0.0999999999999999
1.398,0.000208150490588497,-0.000132333640940566,0.0329151303770091,3.76296430485489e-05,0.00578835557156714,0.00675639087730362,-0.0227293521459194,0.00104385234386315,0.00866327791789504,0.32875240118685,-0.256800383584969,0.00651991592728294,0.0301191786657313,-1,-0.691431879997253,0.360119134187698,-0.0121564567089081,0.0999999999999999
1.399,0.000183536688191239,-0.000134396110127846,0.0329261255139735,0.000640087609390676,0.0052205511547889,0.00676203404946607,-0.0265779415457834,-0.00519299471212019,0.013260607453168,0.766542870042249,-0.834143525316732,0.00509594895878639,0.0301191786657313,-0.833865880966187,-0.790085554122925,0.455562680959702,-0.0622240453958511,0.0999999999999999
1.4,0.000154984380093226,-0.000143009464562745,0.0329411744021992,0.00128194559176168,0.00422485126071077,0.00676738702278579,-0.0306413445163123,-0.01206927181142,0.0167533517252903,0.419569921326271,-1.04415380688886,0.00587959624993864,0.0301191786657313,-0.297935724258423,-0.116725832223892,0.0419405773282051,-0.147091120481491,0.0999999999999999
1.401,0.000124967288210639,-0.000156252237429868,0.032957211728216,0.00205426352319938,0.00253432474844334,0.0067720229924686,-0.0295772480137596,-0.0144845971921916,0.0152580544041139,1.00999165379132,-2.09407203156921,0.00383907117857915,0.0301191786657313,-0.0526017174124718,-0.195236638188362,-0.207282483577728,-0.538969039916992,0.0999999999999999
1.402,9.70127339499794e-05,-0.000171190505828763,0.032973047444036,0.00327757664055011,0.000192035728045713,0.00677532438956785,-0.0265627453139827,-0.0155024217284344,0.0163421290319889,1.24369435125709,-2.22702930534728,0.00347013018442739,0.0301191786657313,0.267870873212814,0.241965085268021,-0.67491340637207,-0.484843701124191,0.0999999999999999
1.403,7.39380550635342e-05,-0.00018627973541942,0.0329886767715437,0.00451618429583766,-0.00195383500958726,0.00677895861836353,-0.0198034522076046,-0.0147948679327846,0.0148609068996719,1.04044661506134,-1.72880801686855,0.00444176747894113,0.0301191786657313,0.509667456150055,0.485713183879852,-1,-0.757335960865021,0.0999999999999999
1.404,5.89154911757017e-05,-0.000199346835281268,0.0330030296241631,0.00550765483468433,-0.00325059946905444,0.00678449053805785,-0.0103984369750506,-0.0114477129086856,0.0137946186927113,0.792275010895857,-0.669374638307274,0.00701102388203482,0.0301191786657313,1,0.526140451431274,-0.836621940135956,-1,0.0999999999999999
1.405,5.40708592339986e-05,-0.0002083944624129,0.0330147442141027,0.00612604224628897,-0.00338370419574098,0.00679287708710818,0.00064350083094726,-0.00672752078281324,0.00960417366957023,0.355516483212232,0.409141061818779,0.00967335508266307,0.0301191786657313,0.687184393405914,0.780894994735718,-1,-1,0.0999999999999999
1.406,5.98287455962135e-05,-0.000212075192882832,0.0330228566022414,0.0063485259886946,-0.00244815100597051,0.00680412309572631,0.0109122726594934,-0.000676697749693432,0.00659247559490278,0.060379836320086,1.29907415640835,0.0122550836198864,0.0301191786657313,0.317606776952744,0.96682220697403,-1,-1,0.0999999999999999
1.407,7.49788105394644e-05,-0.000209165577845269,0.0330284475547877,0.0063927675758362,-0.000869376228051511,0.00681733870999546,0.0194923380017206,0.00647293628384818,0.0045670275661427,0.0149465816589731,1.60344044958196,0.0132813356679165,0.0301191786657313,0.0221699848771095,0.860672652721405,-0.472477048635483,-1,0.0999999999999999
1.408,9.65286253720293e-05,-0.000199409978923967,0.0330315458439619,0.00625508806915593,0.00101176326505487,0.00683157320367345,0.0237769318679806,0.0130651901843222,0.00161341473685153,-0.287150123776332,1.86346487841081,0.0142106783275953,0.0301191786657313,-0.692646265029907,0.438934683799744,-0.150309696793556,-1,0.0999999999999999
1.409,0.000119620349186129,-0.000184268203772306,0.0330342142716633,0.00548377931792456,0.00321588308024319,0.0068473831591449,0.022606198218296,0.0172921267772623,0.00370511478945906,-1.14547487629707,2.19473303764955,0.0162955406728904,0.0301191786657313,-0.896220445632935,0.483964145183563,0.679727613925934,-1,0.0999999999999999
1.41,0.000138856433234793,-0.000164423876592134,0.0330368630261501,0.00433069138075373,0.00564983365047535,0.00686436305657123,0.0160944041151961,0.0224963910654327,0.00159287065161777,-0.995885019659751,2.27354836418044,0.0161580110441326,0.0301191786657313,-1,-0.18308013677597,0.649251520633698,-1,0.0999999999999999
1.411,0.000151930658460514,-0.000141133194127953,0.0330398779697298,0.00314717470454362,0.00710654175815387,0.0068794282322493,0.0102013314460334,0.0242075951694698,0.00441708381426304,-1.20865253094185,0.412389724717391,0.0131571608801234,0.0301191786657313,-1,0.0331074595451355,0.508131086826324,-0.534618675708771,0.0999999999999999
1.412,0.000159756267171876,-0.000116530734653955,0.0330439454388985,0.00201123208286051,0.00626015775776038,0.00689044355714419,0.00542755369258497,0.0251229570269463,0.00370010564189983,-0.91701054231819,-1.91588319797651,0.00884464810254822,0.0301191786657313,-1,-0.837998986244202,1,-0.0393656045198441,0.0999999999999999
1.413,0.000161015987424348,-9.4952066829914e-05,0.033046851963993,0.00032094642502568,0.00439702445912304,0.00690169444491451,-0.00300399055665236,0.0182140230397228,0.00210443508391647,-2.20410035843365,-1.46061984885869,0.0128510934490822,0.0301191786657313,-1,-0.289046108722687,1,-0.230063140392303,0.0999999999999999
1.414,0.00015350992881849,-7.74376169395014e-05,0.0330470199762504,-0.00107655568248103,0.00384322971292926,0.00691259476166017,-0.0120316750638611,0.016948922240349,-0.00175687930046951,-0.3842423413657,0.431454396523599,0.00833167079179125,0.0301191786657313,-1,-1,0.510652303695679,0.683349907398224,0.0999999999999999
1.415,0.000138459152221326,-6.60500752607595e-05,0.0330441965350383,-0.00179913230069218,0.00462655486631362,0.00692143098365827,-0.0180354206685128,0.00592623601355941,-0.00386783068720431,-0.953457959064566,0.950531001702506,0.00924509867102516,0.0301191786657313,-0.621789634227753,-1,-0.109337851405144,0.189156353473663,0.0999999999999999
1.416,0.000120614801825906,-6.39186942306535e-05,0.0330415901125149,-0.00225695105331978,0.00445679424563751,0.00693066358068961,-0.0177045687394167,-0.00160795016741273,-0.00133906592451361,0.114046551786662,-1.29704762259154,0.00914175089061007,0.0301191786657313,-0.858173251152039,-0.791662096977234,0.202605456113815,0.300614595413208,0.0999999999999999
1.417,0.000101072415781949,-6.90036214309117e-05,0.0330403148166888,-0.0015149336060593,0.0028729632421163,0.0069387843944857,-0.0215149710436245,-0.00859966674477645,-0.00121199403470726,1.23883579337001,-1.62595495714626,0.00723558158956026,0.0301191786657313,-0.381428062915802,-0.972282290458679,0.344831228256226,0.496225476264954,0.0999999999999999
1.418,7.83256736037212e-05,-8.2519663339461e-05,0.033037149361593,-0.000495827897305517,0.00137997061964436,0.00694621528803996,-0.0241173906271848,-0.0184939904638084,-0.00509754337747346,0.645959132769712,-1.14522177728611,0.00765228250092562,0.0301191786657313,0.420994192361832,-0.425983548164368,-0.876246094703674,0.0385523736476898,0.0999999999999999
1.419,5.89481625996609e-05,-0.000103029695925064,0.0330311579351285,0.000506652395722514,-0.000893281003314496,0.00695385373542123,-0.0148482168722458,-0.0226305833502877,-0.00685166011782322,1.2215808155366,-3.02646117721726,0.00759181081181279,0.0301191786657313,0.446086227893829,-0.0924407690763474,-0.930993974208832,-0.38693031668663,0.0999999999999999
1.42,4.84573965553155e-05,-0.000125658737077885,0.0330239197362502,0.00228061999755467,-0.00376345132602674,0.00696212402794094,-0.00636690477473132,-0.0227957448411672,-0.00758303102941336,2.04951788563139,-2.21285590353061,0.00930568029578411,0.0301191786657313,0.936645030975342,0.174498409032822,-1,-0.565576255321503,0.0999999999999999
1.421,4.76957445483072e-05,-0.000147569735401878,0.0330144845571217,0.0043852166733128,-0.00505741532174236,0.00697309339887697,0.00471900691080713,-0.0212194804167457,-0.0112265970069932,1.82457513002025,-0.146445251176548,0.0125935571046877,0.0301191786657313,1,0.615577101707458,-1,-0.952950954437256,0.0999999999999999
1.422,5.81645790707916e-05,-0.00016578813520267,0.0330012282617186,0.00611015762357175,-0.00403073609544231,0.00698865725124254,0.0162301674734809,-0.0154131709570031,-0.0152001758608756,1.35488674871634,2.01705072001697,0.0176952351721614,0.0301191786657313,0.721823990345001,0.971559047698975,-1,-1,0.0999999999999999
1.423,7.96780579400038e-05,-0.000177336467837098,0.0329841150014135,0.00704910361190362,-0.00140553666282842,0.0070078009033101,0.026981935462891,-0.00779700940289366,-0.0189465033146244,0.384211649418086,2.79754189831777,0.0190917479891668,0.0301191786657313,0.0161727070808411,0.898182988166809,-1,-1,0.0999999999999999
1.424,0.000110419572597266,-0.000181689635864261,0.0329659414845595,0.00671234359078817,0.00132001273038056,0.00702645332137486,0.0347245574810387,-0.000917548338616828,-0.0173354715664539,-0.976148269412792,2.22658656842986,0.0169357363080354,0.0301191786657313,-0.815293192863464,0.782484114170074,-0.132144123315811,-1,0.0999999999999999
1.425,0.000144205989188851,-0.000179387662276379,0.0329498931084597,0.00534381693818985,0.0039083842980157,0.0070450963389872,0.0330986971858091,0.00559969953557874,-0.0147010805295056,-1.50733850774666,2.55531292361815,0.0187612623310967,0.0301191786657313,-1,0.635333359241486,-0.0834930986166,-1,0.0999999999999999
1.426,0.000176345747256065,-0.00017071703958897,0.0329375786571181,0.00407305652599753,0.00589615100583272,0.00706174022615258,0.0313881901080436,0.0118262511150305,-0.0098902564154678,-0.820311365863942,1.13911389681013,0.0132688289445733,0.0301191786657313,-1,0.431194722652435,0.956322550773621,-0.95470142364502,0.0999999999999999
1.427,0.000203968631657853,-0.0001563120334175,0.0329274811293571,0.0037288285907913,0.0068485492456245,0.00707298124665989,0.0240108958599001,0.0170179008808747,-0.0102554980053067,0.155513615250273,0.661150640328318,0.00884589720920589,0.0301191786657313,-1,-0.565260767936707,0.947477638721466,-0.769111156463623,0.0999999999999999
1.428,0.000224600112333413,-0.000140361038022496,0.0329196972125657,0.00321607192395148,0.00708492465512412,0.00708355425923113,0.0173224957403756,0.0149557618245804,-0.00528147826810045,-1.12400422419145,-0.17805598173922,0.0121647345492204,0.0301191786657313,-1,-0.11761599779129,0.832726895809174,-0.777925491333008,0.0999999999999999
1.429,0.000239005107130372,-0.000124747604389919,0.0329159573579955,0.00220105225760179,0.0065441405325068,0.00709474210177552,0.0114903033267629,0.0163712813188691,-0.00218791455490335,-0.7571151808168,-0.762202675339512,0.00992666453307751,0.0301191786657313,-1,-0.592352569103241,1,-1,0.0999999999999999
1.43,0.000247022385270546,-0.000108247298646981,0.0329170299301336,0.001660532714442,0.00602611839506199,0.00710417288410259,0.00454636793012404,0.0167000075018266,0.00430874606181268,-0.26720718989802,-0.157051068114596,0.00885371105056171,0.0301191786657313,-1,-0.55478310585022,0.702693045139313,-0.608355402946472,0.0999999999999999
1.431,0.000249005516290575,-9.23677446007074e-05,0.0329240963826559,0.00137840756799745,0.00605115355629731,0.00711322737361808,-0.000561244921258332,0.0151170942607671,0.00977975630540266,-0.284739309315227,0.207383525393031,0.00920596564333793,0.0301191786657313,-1,-0.408286690711975,1,0.0752434581518173,0.0999999999999999
1.432,0.000244927454475444,-7.96135111538377e-05,0.0329329513630112,0.000664119339644965,0.00664218199452119,0.00712413653545552,-0.00754176798772462,0.0104826381734611,0.00790026070069601,-1.03977954904377,0.85236949112086,0.0121830148203322,0.0301191786657313,-1,-0.604168176651001,0.632340371608734,-0.421501845121384,0.0999999999999999
1.433,0.000235172483253757,-7.02863938955872e-05,0.0329431652407424,-0.000134626922993108,0.0070891041540457,0.00713535066554583,-0.011946275098489,0.00825271701680478,0.0124699776458714,-0.434176181299204,-0.0623230143198636,0.00980860385870368,0.0301191786657313,-1,-0.910924792289734,0.22623398900032,-0.0735225453972816,0.0999999999999999
1.434,0.000222243673987979,-6.51013832457209e-05,0.0329589009504422,-0.000658818816656713,0.0061238153156603,0.00714567269320909,-0.0140014892532141,0.00217754328699583,0.0189170124219153,-0.53063426370975,-1.71510245849891,0.0105608531764476,0.0301191786657313,-1,-0.597176671028137,0.526259899139404,-0.196697026491165,0.0999999999999999
1.435,0.000205922616347016,-6.44798359889435e-05,0.0329793173494862,-0.000643896967007762,0.00446205818533146,0.00715455952514032,-0.018770353024903,-0.00092275219691076,0.0218113002687439,0.549275756336358,-1.34095846057766,0.00729623739235895,0.0301191786657313,-0.789753496646881,-0.970118284225464,0.45626175403595,0.227480098605156,0.0999999999999999
1.436,0.000185317542419798,-6.95517002405479e-05,0.0330016945273882,-0.000439383950895905,0.00358321260067004,0.00716248678753084,-0.0225303838460877,-0.00921527504321658,0.0228389921332766,-0.164308862698269,-0.309511137556514,0.00854350564900978,0.0301191786657313,-0.161381214857101,-0.505697548389435,-0.220706820487976,0.0234372206032276,0.0999999999999999
1.437,0.00016482184199605,-8.08379287599191e-05,0.0330240584745717,-0.000292680965967307,0.00271595827973951,0.00717059977729395,-0.0185734875445507,-0.0133820321491716,0.0217942207195905,0.456679703789796,-1.31372225870012,0.00769309909876461,0.0301191786657313,0.539933800697327,-0.431637346744537,-0.351537853479385,-0.53298681974411,0.0999999999999999
1.438,0.000150558932477455,-9.44491214315252e-05,0.0330447854882845,0.000918692365137489,0.00060785628177571,0.00717742743594707,-0.0101465653704257,-0.0139489295561294,0.0195792583289723,1.77022829923924,-2.54552475423614,0.00630417136675775,0.0301191786657313,0.296774178743362,0.116790473461151,-0.00100921094417572,-0.263535767793655,0.0999999999999999
1.439,0.000142288755178595,-0.000108140027621947,0.0330601693480983,0.00294657183270714,-0.00101908137560692,0.00718454278838321,-0.00653204228085917,-0.0135989063614221,0.0111523490217075,1.94205290379791,-0.437307265168193,0.00856251350649657,0.0301191786657313,0.342567175626755,0.407917737960815,-1,-0.257990121841431,0.0999999999999999
1.44,0.000140715137976177,-0.000121072982073202,0.0330690133339358,0.00443597855296576,-0.00107278869431646,0.00719358302156259,0.00334112465042125,-0.0123990054633018,0.00651699784031893,0.799080430921348,0.330438177227353,0.00947911863846719,0.0301191786657313,0.429306149482727,0.481879651546478,-1,-1,0.0999999999999999
1.441,0.000149349244381463,-0.000130518254138937,0.0330749945532067,0.0050275001862496,-0.00053552600314558,0.0072034912349328,0.0139407904764177,-0.00657278866161474,0.00542285158412638,0.302081582863786,0.664794382133558,0.0101368949229735,0.0301191786657313,0.0337884202599525,0.909419596195221,-0.702734649181366,-1,0.0999999999999999
1.442,0.000166591488914523,-0.000132930199959262,0.0330788177434152,0.00534218249678963,0.000694082484357197,0.00721521684444193,0.0206429530359895,0.00170023646158487,0.00221296496182418,0.277235157343433,1.60837368840791,0.0128170979992189,0.0301191786657313,-0.822557806968689,0.532255172729492,-0.492748111486435,-1,0.0999999999999999
1.443,0.000187612350718377,-0.000128322330806416,0.0330826283078159,0.00514695873194304,0.00313237452040705,0.00723083369445332,0.0216032803388703,0.00752937228419761,0.00538412769658108,-0.638057925692687,2.86786420425126,0.0174051269436819,0.0301191786657313,-1,0.360965073108673,0.101058483123779,-1,0.0999999999999999
1.444,0.000207837410798436,-0.000118265059662344,0.0330888143690237,0.00411141284751765,0.00621600574003052,0.00724972499451182,0.0191027944674968,0.0126577383105706,0.00695727437742532,-1.26064488757479,2.78432900818042,0.0188072322697177,0.0301191786657313,-1,0.218708366155624,0.413180351257324,-1,0.0999999999999999
1.445,0.000225269479924001,-0.000103209843035518,0.0330959761166943,0.00288624601298482,0.00810325366955277,0.00726661623047731,0.0159349775885164,0.0175484130032266,0.0073357986795611,-1.00038443958996,0.696981968866675,0.0138554852505901,0.0301191786657313,-1,0.312320917844772,1,-0.735751867294312,0.0999999999999999
1.446,0.000238001160403247,-8.3471014439594e-05,0.0331005019088678,0.0022350518302926,0.00796607390213186,0.00727773943608767,0.00957246308129139,0.0219953927897364,0.00171824840267032,-0.23573664728846,-0.904414846960825,0.0082882489012256,0.0301191786657313,-1,-0.303086936473846,1,-0.51241010427475,0.0999999999999999
1.447,0.000244336356462009,-6.17059196752727e-05,0.0331005764622022,0.00165875548747268,0.00664867278200985,0.00728697350513441,0.0030422932175256,0.0216192865632364,-0.00156331667088862,-0.86594421056656,-1.46792402382011,0.0102058542591485,0.0301191786657313,-1,-0.226652026176453,0.96052360534668,-0.470397442579269,0.0999999999999999
1.448,0.000244010421006544,-3.99233244921052e-05,0.033097120508733,0.000725639036803564,0.00552338917908658,0.00729764515670039,-0.00374830288842254,0.0220512833820544,-0.00532479367985084,-0.885765852926855,-0.57816424442316,0.0108128582135554,0.0301191786657313,-1,-0.839226961135864,0.819669961929321,0.091578520834446,0.0999999999999999
1.449,0.000237173474276058,-2.10753032862711e-05,0.033090536202027,-0.000933016624366109,0.00555306275005388,0.00731083833285684,-0.00992645378852544,0.0158070358132073,-0.00780677018077612,-2.1704259079438,0.613701875259616,0.0146194383815452,0.0301191786657313,-0.892702221870422,-0.560935139656067,0.424455434083939,0.0556514486670494,0.0999999999999999
1.45,0.000225737782111497,-6.99731162284836e-06,0.0330816807267633,-0.00266356460696106,0.00605534316651925,0.00732418439346372,-0.01292812664344,0.0125032187240919,-0.00985625365519094,-1.00987469640039,0.271782354554791,0.0113061999843754,0.0301191786657313,-1,-1,0.174765855073929,0.514217495918274,0.0999999999999999
1.451,0.000211728961704181,1.28886243959543e-06,0.0330719662800786,-0.00343738185200763,0.00581074626377106,0.00733556528350032,-0.0151314706712891,0.00415534780004899,-0.00952851474958944,-0.4167352738557,-0.748669244068999,0.0111228192323337,0.0301191786657313,-0.94513875246048,-1,0.392896711826324,0.493053138256073,0.0999999999999999
1.452,0.000194794002423638,1.42172581833762e-06,0.0330619287019775,-0.00335338708924274,0.00489068771976279,0.00734551365882297,-0.018822284909883,-0.00386589123832815,-0.010501748987467,0.564083855281258,-0.963969714692352,0.00866962592160907,0.0301191786657313,-0.90175873041153,-1,-0.240566357970238,1,0.0999999999999999
1.453,0.000175976196036361,-8.15432294298877e-06,0.0330512665741346,-0.00292303985588725,0.00353209693573742,0.00735520442847815,-0.0189418782839854,-0.0152966520813785,-0.0107790794103615,0.241485527933162,-1.54902332262192,0.0104262701960596,0.0301191786657313,-0.530708789825439,-1,-0.0619524344801903,-0.0652370452880859,0.0999999999999999
1.454,0.000157270113584324,-2.59732613837843e-05,0.0330420612692313,-0.00196708373274711,0.00207205216901264,0.00736433099412448,-0.0186094036663242,-0.0204257220850799,-0.00760617987035557,1.5316896513197,-1.15070249315037,0.00793216287353485,0.0301191786657313,-0.327244192361832,-0.865252912044525,-0.771655559539795,0.102244466543198,0.0999999999999999
1.455,0.000141404088016466,-4.94163105710793e-05,0.0330367269233558,-0.000322450319254256,0.000740473006491766,0.00737230427238078,-0.0132651654130893,-0.0265976875843428,-0.00305935432427748,1.51118378883916,-1.30807693589887,0.00805025424637247,0.0301191786657313,0.24157041311264,-0.239082098007202,-0.717451632022858,-0.470224738121033,0.0999999999999999
1.456,0.000132151209698584,-7.57206252619591e-05,0.0330338492706717,0.00169395436788922,-0.000591122351431623,0.00738027616728365,-0.00536809242186585,-0.0262032744106015,-0.00268063333596043,2.21182996893237,-1.13531042915831,0.0080969245941633,0.0301191786657313,0.768524408340454,-0.0328999012708664,-0.480585336685181,-0.978021383285522,0.0999999999999999
1.457,0.000131440460817003,-9.99550485785222e-05,0.0330299532945864,0.00407351594423816,-0.00140244811542926,0.0073889043605786,0.0038588096877735,-0.0224874378397222,-0.00507933798999567,2.16812266070659,-0.344610658169981,0.00933938564359641,0.0301191786657313,0.0721991658210754,0.454791933298111,-0.741191446781158,-1,0.0999999999999999
1.458,0.000138503341833093,-0.000119471084841798,0.0330253197787976,0.00582243253595316,-0.000784193551424761,0.00740045011989965,0.0103095869884978,-0.0167179074054385,-0.00416598145997262,1.05707221514251,1.47714327626632,0.013641279941988,0.0301191786657313,-0.0510969460010529,0.733771026134491,-0.896493017673492,-1,0.0999999999999999
1.459,0.000152409502704075,-0.000132711844987319,0.0330216729969995,0.00614298755791143,0.00105433807001844,0.00741522008634643,0.0176335052493871,-0.00983287677927646,-0.00311778152391088,-0.434516117261577,1.89340261006345,0.0151391784046272,0.0301191786657313,-0.327643424272537,0.746046900749207,-0.380353033542633,-1,0.0999999999999999
1.46,0.000171605678194809,-0.000139060243795724,0.0330183479859249,0.00516717017467261,0.00312111982504363,0.00743143846809069,0.0209294414686843,-0.00282834500438272,-0.00352126625779339,-1.31404075422647,1.90663134526834,0.0161836383870803,0.0301191786657313,-0.910723209381104,0.750930488109589,0.0224333554506302,-1,0.0999999999999999
1.461,0.000191499250824271,-0.000138181669515977,0.0330152637070696,0.00399504931366783,0.00515644800414357,0.00744764885975968,0.0190402405827429,0.0046427442145463,-0.00263731968145401,-0.814869106861216,1.84099046391407,0.0148639619331521,0.0301191786657313,-1,0.393448114395142,0.29732945561409,-1,0.0999999999999999
1.462,0.000208859913997729,-0.000130746124173301,0.0330136510749059,0.00349324807133521,0.006568209295816,0.00746065342972457,0.0158238532918331,0.0102587145557262,-0.000586377912751943,-0.115458786264451,0.769775794861546,0.0104422366757654,0.0301191786657313,-1,-0.0618063472211361,0.476692169904709,-0.952538967132568,0.0999999999999999
1.463,0.00022274222072624,-0.00011915573911775,0.0330148289088529,0.00331882867417181,0.00665176393306649,0.00747003894018627,0.0120150249472244,0.0129314988666652,0.00290114197324475,-0.229123366603741,-0.567450983992136,0.00839917979013474,0.0301191786657313,-1,0.00987935066223145,1,-1,0.0999999999999999
1.464,0.000231198533372502,-0.000104392260349718,0.0330177686698206,0.00315796288722556,0.00614714252906879,0.00747830382375314,0.00490123328556459,0.0166273912162933,0.00296372003051609,-0.101426601329561,-0.326396088315001,0.00836500359935215,0.0301191786657313,-1,-0.403694689273834,0.921275496482849,-0.607299566268921,0.0999999999999999
1.465,0.000232755717703036,-8.83491008197127e-05,0.0330210050828086,0.00237140165576191,0.00606847505120729,0.00748935547095275,-0.00177267601490919,0.0155486302608596,0.00349355534340959,-1.36312780871448,0.187818147604471,0.0133591610570733,0.0301191786657313,-1,-0.618974268436432,0.694359064102173,-0.53877454996109,0.0999999999999999
1.466,0.000228370345347262,-7.39557136479405e-05,0.0330258781268012,0.000583012244293778,0.00624991885826244,0.00750414094961993,-0.00697969359976978,0.0133945390704413,0.00622358184887175,-1.91713471427459,0.133156741910612,0.0151941583490789,0.0301191786657313,-1,-0.762390315532684,0.507225811481476,-0.451290309429169,0.0999999999999999
1.467,0.000219356768947887,-6.19959109942022e-05,0.0330341523915272,-0.00106204875440907,0.00609362026591746,0.00751842127937863,-0.011069675744538,0.0106662452462228,0.0102811122107529,-1.10027546578369,-0.435637322506561,0.0125352692004574,0.0301191786657313,-1,-0.667010903358459,1,0.475897282361984,0.0999999999999999
1.468,0.000204519562843884,-5.50567145971993e-05,0.0330416151365081,-0.00199404994719643,0.0059286092679387,0.00753019239275599,-0.0186183751905004,0.00331787266281515,0.00463531877254504,-0.611377076452098,0.0973070067165909,0.0104802202699449,0.0301191786657313,-0.694304943084717,-0.998714566230774,0.0362040102481842,0.394066452980042,0.0999999999999999
1.469,0.000186033571151297,-5.60790460585213e-05,0.0330466431063084,-0.0023110309219675,0.00505143522719972,0.00754091545866187,-0.0184530520557699,-0.00533509289220004,0.00539793733227053,0.0371920065051668,-1.73323948687446,0.0107413677168696,0.0301191786657313,-0.770978510379791,-0.953487396240234,0.241391018033028,-0.0282037258148193,0.0999999999999999
1.47,0.000166436964008712,-6.43056602165964e-05,0.0330531635531062,-0.00150921065201836,0.00321923999217689,0.00754992833903989,-0.0208971781467881,-0.0111697727506679,0.00760170625899521,1.43047504088056,-1.64143863264747,0.00750496794745543,0.0301191786657313,-0.283770263195038,-0.956324458122253,-0.0130925560370088,0.48411899805069,0.0999999999999999
1.471,0.000146250286834611,-8.02854337760233e-05,0.033059393749896,-0.000337245744074354,0.00160162438777058,0.00755779314408622,-0.0196315840618398,-0.0208659569069757,0.00483763431742991,0.738024521335354,-1.34905620490445,0.00826560278701734,0.0301191786657313,0.189916551113129,0.180803537368774,-0.409377753734589,-0.445003628730774,0.0999999999999999
1.472,0.000129647560266434,-9.97572169530994e-05,0.0330618965031865,0.0016002397203617,0.000140947468989338,0.00756531813929673,-0.0137149522968837,-0.0182533700325504,0.00016859391747345,2.82230013652079,-1.34671146277397,0.00726709932395451,0.0301191786657313,0.236980944871902,-0.0486839860677719,-0.801952958106995,-0.703378796577454,0.0999999999999999
1.473,0.000120002435698996,-0.000117140073780368,0.0330623372377021,0.00442799743587839,-0.00108566185547969,0.00757275421938219,-0.0057053802509636,-0.0167432466223589,0.000715717421601875,2.3552701125013,-0.910137013100498,0.00786942693444397,0.0301191786657313,0.215825855731964,0.294196039438248,-0.700980424880981,-0.871215760707855,0.0999999999999999
1.474,0.000117739076904964,-0.000132002414470208,0.0330625619867455,0.00601331185775752,-0.00128679087295988,0.00758208867381072,0.00113886806997742,-0.0131304342671513,-0.000259391727193495,0.566358497360611,0.531949939736453,0.0108765543845319,0.0301191786657313,0.261823296546936,0.746629774570465,-0.86766105890274,-1,0.0999999999999999
1.475,0.000123041060204593,-0.000141695975395324,0.0330612078095768,0.00592988401651111,-0.000385312502625163,0.00759384491198212,0.00950805866956701,-0.00629455228803437,-0.00243797992275474,-0.687014258675906,1.11564022092297,0.0122386695877874,0.0301191786657313,-0.11112204939127,0.771003305912018,-1,-1,0.0999999999999999
1.476,0.00013621127536362,-0.000144446926631186,0.0330592118536946,0.0049270549968618,0.00080520324866181,0.00760632052373067,0.0169162216779582,0.000833095272939215,-0.00155421497978929,-1.12294919037878,1.0807720360241,0.0121837624521297,0.0301191786657313,-0.530797600746155,0.509108901023865,0.0343087315559387,-1,0.0999999999999999
1.477,0.000152536050593893,-0.000140670351657887,0.0330570398226635,0.00384810301634063,0.00275453659003411,0.00762062295111354,0.0158996451962058,0.0067900902875486,-0.0027802796520449,-0.842703163993823,2.49757487364449,0.0152886486757828,0.0301191786657313,-0.901742696762085,0.223677515983582,-0.0719502717256546,-1,0.0999999999999999
1.478,0.000167568008510516,-0.000131621066566273,0.033056071176123,0.00325502779762466,0.00522975318519851,0.00763537219367016,0.014365945196454,0.011352099523984,0.000835658182138482,-0.255662414069,2.03643163068422,0.0131174157780377,0.0301191786657313,-1,-0.429169356822968,0.201930806040764,-1,0.0999999999999999
1.479,0.000180432680730514,-0.000119913925526759,0.0330602175671972,0.00280486635271986,0.00650648460942891,0.00764782868714864,0.0114868966105553,0.0121151550955201,0.00741719393375848,-0.587810994538567,0.321282083766177,0.0113952482619615,0.0301191786657313,-1,-0.401139587163925,0.872419536113739,-0.514706492424011,0.0999999999999999
1.48,0.000188499023705882,-0.000108684664825208,0.0330671695850402,0.0018397880159506,0.00640947274680049,0.0076600080134277,0.00468573133270204,0.0104388037184821,0.00646129794535609,-1.18949977758728,-0.470901893789062,0.0125367517350832,0.0301191786657313,-1,-0.0563487112522125,0.693696737289429,-0.980368673801422,0.0999999999999999
1.481,0.000190305312146579,-9.63043494415544e-05,0.033074033859523,0.00148711602971054,0.00559418895075027,0.00766941773363605,-0.00110655441649558,0.0143592221889618,0.00723227770168184,0.511378541785087,-1.00156028020552,0.00646470892287026,0.0301191786657313,-1,-0.486705839633942,0.740571975708008,0.245176523923874,0.0999999999999999
1.482,0.000185964563467875,-8.5153003837629e-05,0.0330788782877986,0.00118834779185486,0.0047980349845451,0.00767839355490807,-0.00762142552605004,0.00800284010369137,0.00244665222551752,-1.07937796266563,-0.454836622806574,0.0113790728183928,0.0301191786657313,-1,0.0165330469608307,0.674521207809448,-0.609901309013367,0.0999999999999999
1.483,0.00017517094119705,-7.58804892430025e-05,0.0330802341673126,0.000837176002267478,0.00474709309316144,0.00768809317744434,-0.0139698849594608,0.0105759472083353,0.000265864799712259,0.412388362781923,0.332177283327215,0.00790076803152928,0.0301191786657313,-1,-0.54879891872406,0.511343955993652,0.267954409122467,0.0999999999999999
1.484,0.000158487170270658,-6.85272060952038e-05,0.0330788904546024,0.000572456098440965,0.00513961862433133,0.00769783143583069,-0.019395407894115,0.00417816639602258,-0.0029393465972808,-0.908081685820933,0.337346370519752,0.0114842265228993,0.0301191786657313,-1,-0.535073399543762,0.457371234893799,-0.377688467502594,0.0999999999999999
1.485,0.000136510544016808,-6.53389866255835e-05,0.0330765374775379,-0.000117905585765732,0.00516020304551717,0.00770865513388186,-0.0245934533037065,0.00225469112904168,-0.00175942516314515,-0.354595115722163,-0.353631194257994,0.00986459061777496,0.0301191786657313,-0.425577253103256,-1,-0.0683988928794861,-0.0361082926392555,0.0999999999999999
1.486,0.000112588903226847,-6.65037554584772e-05,0.0330755518635095,-0.000726106399154176,0.00348132779621744,0.00771942427684191,-0.0234186814366528,-0.00452430449356108,-0.000212770862366246,-0.747172824974571,-2.74430654397363,0.0114017366131327,0.0301191786657313,-0.671527028083801,-0.85512763261795,0.171043127775192,-0.0978745222091675,0.0999999999999999
1.487,8.76975419118348e-05,-7.36903246978235e-05,0.0330758976127829,-0.00115827401086096,0.000932766525533558,0.00773029085217214,-0.0265774916893363,-0.00981993684342172,0.000895841768572974,-0.0254302737358876,-1.94764375851124,0.0101367830017985,0.0301191786657313,-0.314381659030914,-0.551526129245758,-0.269230008125305,0.0839368999004364,0.0999999999999999
1.488,6.15577804298933e-05,-8.58116785404544e-05,0.0330760548114686,-0.000614033424074184,-0.000556059844780267,0.00774005577271542,-0.0258581163503796,-0.0144836083272377,-0.000582022953384597,1.04114738026808,-0.8213675234495,0.00948741910386352,0.0301191786657313,0.655264496803284,-0.849113345146179,-0.8373664021492,0.384790301322937,0.0999999999999999
1.489,4.05925010917619e-05,-0.000104737162989775,0.0330734312854027,0.000111322284650654,-0.00188130775846928,0.00774946678922239,-0.0162331678684696,-0.0234302375938826,-0.00463985577417985,0.324567419172359,-1.6365020078415,0.00912267922676476,0.0301191786657313,0.877495586872101,-0.0331469438970089,-0.925863981246948,-0.527803003787994,0.0999999999999999
1.49,2.98112679514362e-05,-0.000127414067403281,0.0330667462059505,0.00152887088636218,-0.00361030689914592,0.00776004542120834,-0.00548407516654391,-0.0220693374979069,-0.00868787750277399,2.30008247230208,-1.52966507762765,0.012152768513994,0.0301191786657313,0.65610134601593,0.131597951054573,-0.680903434753418,-0.417025148868561,0.0999999999999999
1.491,2.79715991436511e-05,-0.000149090608131155,0.0330551911876049,0.00406614247066509,-0.00403317215230193,0.00777416497289307,0.00174958093612447,-0.021500898184364,-0.0143499320240352,2.35987886694091,0.745887311034394,0.01580834620021,0.0301191786657313,0.924515187740326,0.717931032180786,-1,-0.723484516143799,0.0999999999999999
1.492,3.52946569357206e-05,-0.000167998413827083,0.0330374847312372,0.00630801042158641,-0.00288034436612656,0.00779082543620779,0.0129548620517876,-0.0165204040996476,-0.0209640853402676,1.76014058016142,1.36069403076363,0.0164403622431337,0.0301191786657313,0.677356898784637,0.980486929416656,-1,-1,0.0999999999999999
1.493,5.33832431626151e-05,-0.000180714407498697,0.0330142801193416,0.00751597365493436,-0.00151367680644527,0.00780657859703027,0.023316936844815,-0.00904546142077808,-0.0253305545632287,0.469756101057665,1.16594193063054,0.0141952630439679,0.0301191786657313,-0.154022395610809,1,-0.955403447151184,-1,0.0999999999999999
1.494,7.94641353926375e-05,-0.000186122028300217,0.0329894551887569,0.00713260320278011,-9.13030104876083e-05,0.00782135822810126,0.0289748303909411,-0.00178224061331689,-0.0242203443929768,-1.14389798239859,1.48049254863831,0.0147904318232409,0.0301191786657313,-0.299726516008377,1,-0.376286298036575,-1,0.0999999999999999
1.495,0.000109376372725095,-0.000184092718236882,0.0329646892247797,0.00563942459789127,0.00170691232503707,0.0078373991423617,0.0310273357599068,0.0059236270495316,-0.0252074318816167,-1.56704051093736,1.85945426971015,0.0162832102898493,0.0301191786657313,-0.593524217605591,0.366968631744385,-0.164428025484085,-1,0.0999999999999999
1.496,0.000140310467981116,-0.000176024151645679,0.0329414903555844,0.0039629634282568,0.00356394620630587,0.00785380995843088,0.0310324408828875,0.0103299454502217,-0.0211052975377359,-1.49287014137177,1.59090415463164,0.015446966989927,0.0301191786657313,-1,0.155565440654755,0.185799017548561,-1,0.0999999999999999
1.497,0.000169385056674806,-0.000163851104842002,0.0329235565744383,0.00294429657171972,0.00513425197587845,0.00786814012382742,0.0272988097536298,0.0140987370242861,-0.0147037333375302,-0.388130955032717,1.33279421285602,0.0123105287287933,0.0301191786657313,-1,-0.258924186229706,0.530074238777161,-0.968411326408386,0.0999999999999999
1.498,0.000194106042547875,-0.000149107255736324,0.0329123688124164,0.0028708885281189,0.00619071593822925,0.00787906764228463,0.0222912492692489,0.0154208566245052,-0.00764938591822358,0.215921940048943,0.648716013871035,0.00936899953035839,0.0301191786657313,-1,-0.155177369713783,0.395999848842621,-0.783003747463226,0.0999999999999999
1.499,0.000214551971629891,-0.000133224058474156,0.0329078475568257,0.00316223592365363,0.00619357973469551,0.0078871483915357,0.0186530451215935,0.0163593337354809,-0.00138368633238006,0.271279048957727,-0.589285141062085,0.00717511127539479,0.0301191786657313,-1,-0.0527939647436142,1,-0.777034759521484,0.0999999999999999
1.5,0.000229493575428005,-0.000116025153178046,0.0329074159799033,0.00332678008817894,0.00584229564388953,0.00789509193362692,0.0112542076589598,0.0180612526593443,0.000518660932112039,-0.017080588740089,-0.0101006908602437,0.00913943111317277,0.0301191786657313,-1,0.0207877159118652,1,-0.322531968355179,0.0999999999999999
1.501,0.000237079480597774,-9.8227194113672e-05,0.032907193949898,0.00272253532580521,0.00623916864679733,0.00790684500465044,0.00396249682317663,0.0176148391609377,-0.000959850346601298,-1.12337868402094,0.749678895364695,0.0140503060277571,0.0301191786657313,-1,-0.474910736083984,0.85116046667099,-0.487517178058624,0.0999999999999999
1.502,0.00023802058917644,-8.1627391911069e-05,0.0329080566933548,0.00109889067623039,0.00695987758605164,0.0079226458980437,-0.00200868324995268,0.0157368091553293,0.00267101560448806,-1.85935446816958,0.562378325460839,0.0165319163333198,0.0301191786657313,-1,-0.539326965808868,0.989850163459778,-0.345865190029144,0.0999999999999999
1.503,0.000232658123257455,-6.71068189296399e-05,0.0329118500741207,-0.000595378808591803,0.00728435960453707,0.00793848289244536,-0.0086849058875007,0.0134569818279665,0.00489401598569369,-1.25177943551473,0.0165916962266519,0.0141159561084583,0.0301191786657313,-1,-0.908378183841705,1,-0.0383297838270664,0.0999999999999999
1.504,0.000220570292042093,-5.66483545234661e-05,0.0329179621813343,-0.0016161523077642,0.0069566178027291,0.00795188467708563,-0.0155374766551279,0.00755448738578806,0.00730295481146401,-0.625495940616329,-0.639575030943561,0.0121027999089165,0.0301191786657313,-1,-1,0.836079478263855,0.712635397911072,0.0999999999999999
1.505,0.000201907192776838,-5.45755665736716e-05,0.0329247991913588,-0.00238641992537542,0.00602021154233004,0.00796482898653439,-0.0218676891877574,-0.00330907684682651,0.0063438090845781,-0.777449550783469,-1.10299769545884,0.0131704337797752,0.0301191786657313,-1,-1,0.0213131010532379,0.379683881998062,0.0999999999999999
1.506,0.000179171066913736,-6.21709361995893e-05,0.0329341713297024,-0.00260357048244722,0.00431158682505728,0.00797717726591163,-0.0237629657391918,-0.011856141296534,0.0123361588086589,0.396073146088807,-2.04963796474594,0.011195075264929,0.0301191786657313,-0.499160021543503,-0.793843030929565,0.0822866261005402,0.395221143960953,0.0999999999999999
1.507,0.000155398042046268,-7.78095837954164e-05,0.0329468579645143,-0.00151103302718281,0.00215518158439234,0.00798715578779863,-0.0239792216047648,-0.0195001269250475,0.0129734850662956,1.61637889473499,-1.92308540491768,0.00891138073438858,0.0301191786657313,-0.21355964243412,-0.583974480628967,-0.185593605041504,0.349998772144318,0.0999999999999999
1.508,0.000132613277326127,-0.000100682392985288,0.0329593935820571,0.000375646607363837,0.00054282019499256,0.00799568358924541,-0.0217559482600465,-0.0263950185398089,0.0120426516052578,1.86056181600338,-1.06635927513021,0.00845817111384751,0.0301191786657313,0.156116753816605,-0.407731950283051,-0.819195926189423,-0.243591830134392,0.0999999999999999
1.509,0.000114856030177514,-0.000128545638127063,0.0329729740415148,0.00234146324226343,-0.00058811825350355,0.00800409378027256,-0.0139051438212081,-0.0295112294178183,0.0150481718320849,1.77535608956953,-1.03392139438715,0.00847872413595098,0.0301191786657313,0.261235505342484,0.521667242050171,-0.910999357700348,-1,0.0999999999999999
1.51,0.000105258837558603,-0.000154733803690393,0.0329888547130111,0.00490636422015314,-0.00140573169298943,0.00801332150162803,-0.0053972121097566,-0.0231195928239576,0.0166476997812598,2.93924087749745,-0.480539330548664,0.010194892631194,0.0301191786657313,0.546510815620422,0.827053725719452,-1,-0.890486717224121,0.0999999999999999
1.511,0.000105183034203869,-0.000174618693509392,0.0330042188540577,0.00748078264203484,-0.0017338465738251,0.00802370823976695,0.00518358349238073,-0.0168897060923623,0.0140334787482668,1.78824529173296,-0.121002315067849,0.0104633485792792,0.0301191786657313,0.403847813606262,1,-0.743452966213226,-1,0.0999999999999999
1.512,0.000114399253896694,-0.000187905048477183,0.033016274066245,0.00818588184393344,-0.00123711874606565,0.00803589847584485,0.0132851993912108,-0.00977384822165028,0.0100334883494383,-0.469145291257615,1.04163640704861,0.0136999403348809,0.0301191786657313,0.314620584249496,1,-1,-1,0.0999999999999999
1.513,0.000132489885510681,-0.00019414746582811,0.0330252647779562,0.00675282903685169,-9.8881346502402e-05,0.00804958612226736,0.0229844797043956,-0.00264516002993777,0.00790407772317698,-2.1064937804607,1.07148664398856,0.0132558974179857,0.0301191786657313,0.0704586952924728,1,-0.438089966773987,-1,0.0999999999999999
1.514,0.000158084308475698,-0.000192906834527511,0.0330310108503383,0.0047282048133836,0.00135339212554825,0.00806406800285897,0.028336240035348,0.00523938348263514,0.0035674511426948,-1.56936592960005,1.63095555329305,0.0147758229389773,0.0301191786657313,-0.660045802593231,0.600861847400665,-0.0731179863214493,-1,0.0999999999999999
1.515,0.000186068709546196,-0.000184691997275458,0.0330347754808102,0.00378653483451869,0.00367614928289874,0.00807974624794427,0.0278478331893832,0.0112559882280016,0.0039425610954034,-0.160796938167031,2.65464721228159,0.0151765281541008,0.0301191786657313,-1,0.06926329433918,0.353375911712646,-0.992754101753235,0.0999999999999999
1.516,0.000211839516646766,-0.000171999294981225,0.0330402610529255,0.00394295935023827,0.00653524550377304,0.00809454139945576,0.0239556505792424,0.0141379871347491,0.00700015891594779,0.414466703514535,2.59714781395946,0.0134652792257344,0.0301191786657313,-1,-0.152826979756355,0.921104371547699,-0.836871802806854,0.0999999999999999
1.517,0.000232624203713888,-0.000157565809714438,0.0330471826559494,0.0040882261474489,0.00858252050940114,0.00810790285924723,0.017812272937716,0.0147498308138797,0.00682147100498659,-0.182616745384462,1.17531620756451,0.0128932378219565,0.0301191786657313,-1,0.282560229301453,0.879727959632874,-0.607831120491028,0.0999999999999999
1.518,0.000247767185433764,-0.000141756856964203,0.0330518919546533,0.00376063755956189,0.00852899550509725,0.00811885186289985,0.0125356169529772,0.0169096759391793,0.00260377456779909,-0.450668328478884,-1.21564631348103,0.00910884074133852,0.0301191786657313,-1,-0.122945509850979,1,-0.532927513122559,0.0999999999999999
1.519,0.000257209539491902,-0.000125113271180918,0.0330529897495288,0.00283815197738572,0.00673276774873621,0.00812892586980762,0.00626666382408217,0.0164745162381512,-0.000409390864834316,-1.26634502012475,-2.0150671297797,0.0110826673483937,0.0301191786657313,-1,-0.509106934070587,1,-0.67252391576767,0.0999999999999999
1.52,0.000260076488767205,-0.000109354585393819,0.0330527009048139,0.00136273711092428,0.00522888328633695,0.00814134927616728,-0.000606226553577344,0.0151766651256747,-0.000171275433517253,-1.4543070193383,-0.709358565440432,0.0131435759771693,0.0301191786657313,-1,-0.189922660589218,0.654700338840485,-0.670919418334961,0.0999999999999999
1.521,0.000256952595813275,-9.35211969722216e-05,0.0330527039923441,0.000638517277800494,0.00526114147515336,0.00815283081281137,-0.00562966124906286,0.016567370880141,0.00017601415080164,0.0939785307616224,0.755683598404104,0.00946387509617207,0.0301191786657313,-1,-0.967633128166199,0.623972237110138,0.150632500648499,0.0999999999999999
1.522,0.00024896996718811,-8.11768000899624e-05,0.0330529706130224,5.68696274219328e-05,0.00642723751366423,0.00816448372274348,-0.0102705059878356,0.00819512970937545,0.000360887620289398,-1.17775384709484,1.33853420632622,0.0136424588930483,0.0301191786657313,-0.977071523666382,-1,0.334128171205521,-0.276731312274933,0.0999999999999999
1.523,0.000237527116281486,-7.57245953769806e-05,0.0330557001589217,-0.00100707638523892,0.00714229423249093,0.00817784067314209,-0.0125860198354605,0.00280856947654259,0.00507510567282634,-0.767877486453023,-0.0633118747701572,0.0125419543164001,0.0301191786657313,-1,-0.446819961071014,0.547758638858795,-0.222289100289345,0.0999999999999999
1.524,0.000222957424954578,-7.38904830672769e-05,0.0330606100979128,-0.000784242031412532,0.00647804942798073,0.00818696376543615,-0.0166216666498423,0.000852206885809901,0.00472195220368464,1.16252213962814,-1.17690375055277,0.00593566710619297,0.0301191786657313,-0.866338908672333,-1,0.037669837474823,0.0834759026765823,0.0999999999999999
1.525,0.000206083032833437,-7.68759855202067e-05,0.0330669897579368,0.000158120689781251,0.00454699538034126,0.00819380311328244,-0.0172893371178955,-0.00686667705219249,0.00799408687326645,0.554896775621259,-2.36826908286057,0.0079922089943338,0.0301191786657313,-1,-0.466010451316833,0.449416369199753,-0.150709390640259,0.0999999999999999
1.526,0.00018627539486459,-8.53316639994905e-05,0.0330747657035416,0.000828700704681827,0.00296131788311501,0.00820169664271519,-0.0224539166888555,-0.0100958127548059,0.00752156910604805,0.681051128169968,-0.568700302339802,0.00819102796658268,0.0301191786657313,-0.14384713768959,-0.572595238685608,-0.378266751766205,-0.260205715894699,0.0999999999999999
1.527,0.000166283749864937,-9.72019048846287e-05,0.0330824527095397,0.0013296156751386,0.00203929362005686,0.00820995914620459,-0.0176537491193072,-0.0136885618240882,0.00781927406652818,0.259043930075632,-1.15423288063907,0.00843116468735261,0.0301191786657313,0.143423095345497,0.0840147957205772,-0.379591047763824,-0.726451933383942,0.0999999999999999
1.528,0.000151658761337691,-0.000109285946872801,0.0330888660002625,0.0022967495500735,0.000722640264248663,0.00821762613685317,-0.0117332550048475,-0.0105796079346998,0.0049921596341485,1.52122142230682,-1.27364394031834,0.0073525081098005,0.0301191786657313,-0.0381073206663132,0.166568204760551,-0.40625187754631,-0.433936446905136,0.0999999999999999
1.529,0.000142130984153799,-0.000119253993602562,0.0330918668846747,0.00371366702892301,6.99819142903857e-06,0.00822585658540742,-0.00740509971956559,-0.00947637289140287,0.00101425659601908,1.07734929456509,-0.0570470307476312,0.00944298933437179,0.0301191786657313,0.0466149151325226,0.367937028408051,-0.636668026447296,-0.621271967887878,0.0999999999999999
1.53,0.000137809902845223,-0.000127198370794541,0.0330912975186497,0.00445887799716923,0.000315796035979173,0.00823611988113138,-0.00123611624382711,-0.00648463634106034,-0.00214353884285636,0.296721259086169,0.603760060503337,0.0109999805730547,0.0301191786657313,0.330678105354309,0.688989698886871,-0.333951860666275,-0.994497895240784,0.0999999999999999
1.531,0.000139684791377603,-0.000130087713001583,0.0330859482180076,0.00484194112193227,0.00102474283643848,0.00824735500231011,0.0050174822260879,0.000651763608867908,-0.00851132385884024,0.406523053494439,0.687137746410433,0.0111683435773087,0.0301191786657313,-0.377808660268784,0.189695924520493,-0.691725373268127,-1,0.0999999999999999
1.532,0.000146892117783571,-0.000127491383218352,0.0330792491093342,0.0046881782827193,0.00175746519971734,0.00825904736962757,0.00944733950542248,0.00454480424369339,-0.00487098723538495,-0.687639784100834,0.66144979652451,0.0119596678456905,0.0301191786657313,-0.709728300571442,0.41999763250351,-0.0607995800673962,-1,0.0999999999999999
1.533,0.000155688389330874,-0.000120146670346738,0.0330746492959641,0.0038879200721539,0.00300707923921881,0.00827255800632098,0.00825086999734801,0.0101941556800966,-0.00431223861965859,-0.781725342895183,1.6269088531251,0.0143399948501666,0.0301191786657313,-0.923713207244873,0.0439529716968536,-0.0770471170544624,-1,0.0999999999999999
1.534,0.000163018998539316,-0.000108121658241507,0.0330725624221707,0.0030206408033567,0.0046537343909718,0.00828710861383719,0.00654021011269132,0.0139266161636909,0.000131844541303056,-0.821249197505612,1.38471273583645,0.0139795999183967,0.0301191786657313,-1,0.135804399847984,0.146207138895988,-0.734977304935455,0.0999999999999999
1.535,0.000168012782240462,-9.26543846754064e-05,0.0330733560523743,0.00232245843173756,0.00559235380157503,0.00830008600302179,0.00353050788071065,0.0170768871199708,0.00144783173575377,-0.485408348337828,0.337174973322967,0.0115358256624145,0.0301191786657313,-1,-0.318232774734497,0.621860563755035,-0.378187417984009,0.0999999999999999
1.536,0.000168636207637855,-7.63588933624978e-05,0.0330742655814232,0.0014363064378039,0.00564549679615868,0.00831255014954957,-0.0022567237264159,0.0156134384749628,0.000372077048017247,-1.16195392642377,-0.235293387492623,0.0130485293600907,0.0301191786657313,-1,-0.368023931980133,0.76178240776062,-0.221550092101097,0.0999999999999999
1.537,0.000162993717444114,-6.18643983024145e-05,0.0330733209849998,0.000147854354884454,0.0053189534527679,0.00832593550810223,-0.00903813043763796,0.0134993258972322,-0.00224788622507235,-1.21442498459486,-0.369456846761948,0.0131531795293414,0.0301191786657313,-1,-0.848314642906189,0.130618155002594,-0.468919396400452,0.0999999999999999
1.538,0.000152448304923615,-4.98971410693868e-05,0.0330740093613783,-0.000846354100881939,0.00443260378559399,0.00833855327898769,-0.0121236526353024,0.0105375290144117,0.00359891329064334,-0.624388788607019,-1.26084407297072,0.0117719585507145,0.0301191786657313,-1,-0.870034098625183,0.635805428028107,0.426513314247131,0.0999999999999999
1.539,0.000136909500987718,-4.3550830549118e-05,0.0330761911511315,-0.00172376460309913,0.00363017667982767,0.00835060295564327,-0.0190146107992084,0.00225814563761196,0.000765772532739315,-0.984451903843041,-0.238341144009113,0.0118313572211013,0.0301191786657313,-0.433496356010437,-0.817644894123077,0.465594798326492,-0.0186440050601959,0.0999999999999999
1.54,0.00011660353876542,-4.3715659374093e-05,0.0330754802736375,-0.00205686979491224,0.00331425131721153,0.0083612661210517,-0.021653030314551,-0.00254980380023275,-0.0021744007103438,0.374575526936513,-0.386407414048023,0.00942275172640545,0.0301191786657313,-1,-0.911132037639618,-0.0631365329027176,0.156565129756927,0.0999999999999999
1.541,9.33242088938385e-05,-4.95765283407253e-05,0.0330750336768351,-0.00132466449445735,0.0029082954802927,0.00837008678292461,-0.0249703135459666,-0.00920942748171644,0.0012673406421291,0.966630848183768,-0.410550118606359,0.00843220738642822,0.0301191786657313,0.0224944651126862,-1,-0.0986445695161819,0.381585657596588,0.0999999999999999
1.542,6.98129445536295e-05,-6.33011560653377e-05,0.0330744405426093,-0.000685502649372245,0.00160310429168997,0.00837950787383379,-0.0221999165544517,-0.0182793729183922,-0.00243978984468976,0.229412481718997,-2.01322836230967,0.0102376287845303,0.0301191786657313,0.104915469884872,-0.248178794980049,-0.324539870023727,0.336147904396057,0.0999999999999999
1.543,4.95424634193785e-05,-8.37725279975332e-05,0.033068394217803,-0.000165093850568095,-0.000795120155518699,0.00838974127387138,-0.0185566726236747,-0.0227261122723099,-0.00959876531420084,0.762320705096264,-2.39145141221517,0.0102382220918227,0.0301191786657313,0.0842482149600983,0.0374845564365387,-1,0.0371705293655396,0.0999999999999999
1.544,3.43941378178935e-05,-0.000107142388017071,0.0330575436942992,0.00118276275440406,-0.00301497047552558,0.00840051856217361,-0.011934176256701,-0.0241523852606585,-0.0120444101318509,1.73780573223455,-1.68096953484592,0.0114815665391972,0.0301191786657313,0.826882183551788,-0.175483733415604,-0.807680726051331,-0.316568911075592,0.0999999999999999
1.545,2.71594415305672e-05,-0.000131954690864556,0.0330432584201489,0.00293731892385844,-0.00409912016874556,0.00841262978843327,-0.0026547194035512,-0.0256369695959898,-0.0164450967858808,1.50951519511435,-0.31239199546336,0.0126176910838252,0.0301191786657313,1,0.342228978872299,-1,-1,0.0999999999999999
1.546,3.0226347136682e-05,-0.00015494070571749,0.0330254273585107,0.00483679818774198,-0.00386026781311289,0.00842719348288412,0.00877397391049771,-0.0205282113096093,-0.0191268476260693,1.99339598751343,0.747720582621565,0.0159397922123629,0.0301191786657313,1,0.653294205665588,-0.982470870018005,-0.895016193389893,0.0999999999999999
1.547,4.48378426202498e-05,-0.000172683209464783,0.0330038084894907,0.00651257052809963,-0.00280803113049677,0.0084434437687384,0.0205104453634206,-0.0151251267961345,-0.0240006240667236,1.09750762533848,1.19633644988355,0.0157358643121546,0.0301191786657313,0.34654113650322,1,-1,-1,0.0999999999999999
1.548,6.95406112697354e-05,-0.00018396869113483,0.0329790017962468,0.0071072310656481,-0.00124275192935681,0.00845993267525591,0.0290215977077505,-0.00753795843032248,-0.0255032182467139,0.0154955461409632,1.70492551479667,0.0164721804125572,0.0301191786657313,0.00886845774948597,1,-0.352859348058701,-1,0.0999999999999999
1.549,0.000100135413756251,-0.000187760762087573,0.0329520491399845,0.00657728434263106,0.00100670648883055,0.00847834138564707,0.0323858908556581,-1.9040481755538e-05,-0.0282883216338902,-0.963880046931681,2.4521174112608,0.0192215323915597,0.0301191786657313,-0.546512842178345,0.867977261543274,-0.457598209381104,-1,0.0999999999999999
1.55,0.00013335145483123,-0.000184304102018735,0.0329251749786392,0.00539897271936382,0.0033423569271521,0.00849738304606884,0.0342682175966876,0.0069996067337294,-0.0253560679595048,-1.17878399616138,1.87263876803471,0.0175701973410653,0.0301191786657313,-1,0.839494466781616,0.178707659244537,-1,0.0999999999999999
1.551,0.000165603680832348,-0.000173632763676216,0.0329011306387872,0.0045801659792975,0.00520492736998832,0.00851412882373026,0.0304437551917124,0.0143983286866528,-0.0226346448158321,-0.334770241046703,1.58883431789431,0.0148026354331498,0.0301191786657313,-1,-0.433284163475037,0.569890558719635,-0.977595388889313,0.0999999999999999
1.552,0.0001933589665175,-0.000159482612660014,0.0328828070613875,0.00364544110439505,0.00643921249182619,0.00852997525763044,0.0252335593988065,0.0139975896974209,-0.0139620696082924,-1.38976966613352,0.723487959096426,0.0162573235364797,0.0301191786657313,-1,0.0952942222356796,0.578220009803772,-1,0.0999999999999999
1.553,0.000216212934446344,-0.000143638355634459,0.0328717624058597,0.00270556000512014,0.00653140818375375,0.00854350176670193,0.0205479899630918,0.0177750298887606,-0.00810076494067308,-0.359097406292934,-0.491698431568538,0.0104983396765161,0.0301191786657313,-1,0.0731158554553986,0.694987893104553,-0.726837992668152,0.0999999999999999
1.554,0.00023408970818441,-0.00012473368811503,0.0328655179519593,0.00271771664590563,0.00583259890943901,0.00855241434938048,0.0152093295974931,0.0200696805949581,-0.0043699942346039,0.329297941839544,-0.727772317976448,0.00780906272302025,0.0301191786657313,-1,-0.760011076927185,0.823589742183685,-0.445516735315323,0.0999999999999999
1.555,0.00024621158516242,-0.000106999293356586,0.0328643791298091,0.00218145084091431,0.00551318140783532,0.00856349539895973,0.00905024134224527,0.0154823634226567,0.00208746250015703,-1.34397780634763,0.180202587104733,0.0142069851629285,0.0301191786657313,-1,-0.615319311618805,1,-0.782955169677734,0.0999999999999999
1.556,0.000251684012487584,-9.19940715030396e-05,0.032869779417667,0.000842692016861784,0.00633280015718618,0.00857826973492859,0.00198805363738543,0.0146543833833719,0.0086681258554998,-1.11983461060871,1.31662229654066,0.0143898664095856,0.0301191786657313,-1,-0.158217579126358,0.973150134086609,-0.627750158309937,0.0999999999999999
1.557,0.000250401450650073,-7.65178713796334e-05,0.0328798054999273,0.000536406744070581,0.0076808057651981,0.00858964547682683,-0.0044463554676296,0.0163484142255567,0.0113360895182203,0.522159654792408,1.12455862136847,0.00803800708021372,0.0301191786657313,-1,-0.731944918632507,0.433512389659882,-0.0487663522362709,0.0999999999999999
1.558,0.000244615086887876,-6.29666784419932e-05,0.0328939873259677,0.000631991195330291,0.0076867321785596,0.00859916992148912,-0.00713223488083426,0.0107927173182186,0.0169512250546433,-0.381358287879027,-1.12170707308152,0.0112040788946011,0.0301191786657313,-1,-0.2972352206707,1,-0.39272752404213,0.0999999999999999
1.559,0.000234145320852394,-5.23599254664199e-05,0.0329115417897718,0.000526647122182934,0.00630011084061328,0.00860920482671057,-0.013899595562899,0.0104515547067923,0.0180716200888628,0.158682416410781,-1.41621937608522,0.00904370464115214,0.0301191786657313,-1,-0.712761521339417,1,-0.082917720079422,0.0999999999999999
1.56,0.000216560067093549,-4.43436055726923e-05,0.0329302880088887,0.000212351891023778,0.00528479684611566,0.00861986881804411,-0.0213658028474723,0.00562850131627174,0.0193325872155982,-0.749224773102333,-0.469023248335207,0.0120864461769825,0.0301191786657313,-0.988090038299561,-0.614693999290466,0.271097630262375,0.119696080684662,0.0999999999999999
1.561,0.000193578879748527,-4.13292266404834e-05,0.0329512991999126,-0.000828678137067145,0.00477590731700753,0.00863278020011071,-0.0246690976290748,0.000497233634535559,0.0225852432417146,-1.14584904444756,-0.509943641112694,0.0132007270695248,0.0301191786657313,-0.786529242992401,-0.356612533330917,0.0490443259477615,0.181300103664398,0.0999999999999999
1.562,0.000168365169470969,-4.25917151717153e-05,0.0329742931200212,-0.00151033649689853,0.00396555797334467,0.00864502802535894,-0.0258636266442561,-0.00296655070674412,0.0232995673262242,-0.0927692967527877,-1.02077656637812,0.0110399582242615,0.0301191786657313,-0.468289256095886,-0.730287611484528,-0.393464505672455,0.573146462440491,0.0999999999999999
1.563,0.000144008423550923,-4.96960774942181e-05,0.0329979808958441,-0.00163265100870711,0.00230721820609506,0.00865667809591519,-0.0230220039201692,-0.0112262316414311,0.0239712096700064,-0.114090442749964,-2.04609104243776,0.0119836063150638,0.0301191786657313,-0.129827588796616,-0.305778712034225,0.0810196995735168,0.225253045558929,0.0999999999999999
1.564,0.000121531711039832,-6.26505399306056e-05,0.0330192342426383,-0.000979936204538035,0.000605452868259502,0.00866767980226024,-0.0220963970890223,-0.0147498370200995,0.0184500155616474,1.32586629687456,-1.099450297847,0.0101689089865021,0.0301191786657313,0.485625147819519,-0.413396269083023,-0.67961323261261,0.538572132587433,0.0999999999999999
1.565,0.000103920449072671,-8.0766839339577e-05,0.0330344638946917,0.000260281401050195,-0.00081198036451284,0.00867794944701172,-0.0132913242143441,-0.0215790756828272,0.0119691725634004,0.970172974883786,-1.51883169926414,0.0102317911769725,0.0301191786657313,0.621850788593292,-0.0332754850387573,-0.759608566761017,-0.00489544868469238,0.0999999999999999
1.566,9.54125980055892e-05,-0.000103140272518535,0.0330434032951958,0.00152045015761896,-0.00215842830918008,0.00868845513954719,-0.00386850679152194,-0.0232936256705487,0.00589797439011294,1.37065162736736,-0.951202629803175,0.010851086816384,0.0301191786657313,0.636077702045441,0.00131930410861969,-0.909902095794678,-0.831687450408936,0.0999999999999999
1.567,9.66112245198385e-05,-0.00012492767417483,0.0330491427682318,0.00337167301156188,-0.00255263755817033,0.00870057380886902,0.00620619958285469,-0.0204609359973712,0.00556068527279723,2.04204636153562,0.231063168757735,0.0133146547940004,0.0301191786657313,0.644485056400299,0.599471211433411,-1,-1,0.0999999999999999
1.568,0.000108225903664486,-0.000141989163186257,0.0330534166575054,0.00566314940139332,-0.0018361892044858,0.0087153136519218,0.0170567058702957,-0.0138758374751623,0.00298072379096059,2.1604671826875,1.09147032908912,0.0156018518895139,0.0301191786657313,0.358719199895859,0.801646411418915,-1,-1,0.0999999999999999
1.569,0.000130080600035816,-0.00015236198909917,0.0330553515279759,0.00718538632557116,-0.000428667809989421,0.00873154202308779,0.0267577509852314,-0.00701819461677685,0.000886905810297408,0.637215956142177,1.51512318064796,0.0162130615279991,0.0301191786657313,0.53297632932663,1,-0.416402399539948,-1,0.0999999999999999
1.57,0.000160789116344567,-0.000155463895436445,0.0330521818500452,0.00693020131894881,0.00116555141558727,0.00874815091012948,0.0348009916588122,0.000796498237633922,-0.00718957631491626,-1.08267503159806,1.45757219986509,0.0163905699625913,0.0301191786657313,-0.392830103635788,0.783734202384949,-0.191738128662109,-1,0.0999999999999999
1.571,0.000196438067695047,-0.000151298842071263,0.0330439170279567,0.00519907036176671,0.00313316058213212,0.00876696520189313,0.0366974401117149,0.00763971886326276,-0.00930581444746546,-2.06383202896598,2.20547724357691,0.0200097061297845,0.0301191786657313,-1,0.832159578800201,0.278813153505325,-1,0.0999999999999999
1.572,0.000231234122746221,-0.000139714275377534,0.033033983797011,0.00353247526438104,0.00592292557456243,0.00878753104522634,0.0331647556225113,0.0156402816252947,-0.0105138369202426,-0.990741725703314,2.94738281119825,0.0190622850975004,0.0301191786657313,-1,0.101522088050842,0.500880539417267,-1,0.0999999999999999
1.573,0.000262605893919452,-0.000122086226822439,0.0330245695627118,0.00285724292746288,0.00835101378370937,0.00880450474682481,0.0298217075534615,0.0196845452165197,-0.00827760590874095,-0.27893304112266,1.54518106900938,0.0138838986751032,0.0301191786657313,-1,-0.23611007630825,0.921342611312866,-0.683087885379791,0.0999999999999999
1.574,0.000289871201249071,-0.000102260729925807,0.0330162715160709,0.00241800146299282,0.00898668630018972,0.00881783469152397,0.0248319501692093,0.0200367494654041,-0.00827973780920002,-0.566594473267908,-0.31287813907564,0.0126511064651102,0.0301191786657313,-1,-0.539702534675598,1,-0.775268375873566,0.0999999999999999
1.575,0.000312100852297188,-8.25166816079613e-05,0.0330090822651268,0.00163666232888055,0.00801525980672474,0.00883074890863034,0.0196180598782223,0.0195458614932486,-0.00607317073609618,-0.902175358680945,-1.38813208772543,0.013041632626345,0.0301191786657313,-1,-0.450474888086319,1,-0.913415193557739,0.0999999999999999
1.576,0.000329009895161973,-6.22530518837218e-05,0.0330043374952963,0.00102694335439232,0.0067919819632459,0.00884268865937488,0.0141696194880927,0.0210601351202095,-0.00340671289771057,-0.259762363550876,-0.788279842186645,0.0108266885169706,0.0301191786657313,-1,-0.631383895874023,1,-0.312240958213806,0.0999999999999999
1.577,0.00034036393907257,-4.27356583897795e-05,0.0330009626763425,0.000430913860446586,0.00679255197589041,0.00885509327830736,0.00857815472331814,0.0180642278819927,-0.0033269423460918,-0.86977295974865,0.814837330913333,0.0136780886668453,0.0301191786657313,-1,-0.830697417259216,0.211472868919373,-0.407059192657471,0.0999999999999999
1.578,0.000348801340613281,-2.62788409890485e-05,0.0330010489081401,-0.000588143365961889,0.00746742166135549,0.00886934507069315,0.00836056499355456,0.0149654451973777,0.00347482800589701,-1.01933697638692,0.434376505338299,0.0142932309086754,0.0301191786657313,-1,-0.594333291053772,0.837248742580414,-0.502592444419861,0.0999999999999999
1.579,0.000355190265066616,-1.15676175359639e-05,0.0330055638318525,-0.00103290943980785,0.00811810030864755,0.0088811273076943,0.0044897221128977,0.0145202124086982,0.00552926342566257,0.170913303117446,0.762096755796978,0.00906949354088731,0.0301191786657313,-1,-1,0.934879004955292,0.127269208431244,0.0999999999999999
1.58,0.000357565257788629,-4.60463449806839e-07,0.0330110679942293,-0.0012671509157945,0.0088406888839647,0.00889207757996102,0.000321158908658555,0.00774583694418065,0.00545856110688221,-0.621852977628564,0.555396444815428,0.012887446453882,0.0301191786657313,-1,-1,1,-0.130235522985458,0.0999999999999999
1.581,0.000355704939411551,4.83360608764618e-06,0.0330170523751214,-0.00187350992761861,0.00909199879492095,0.00890514931837583,-0.00401444714975455,0.00291080706612204,0.00648255841530932,-0.492250009909566,-0.100405436051753,0.0128469399008204,0.0301191786657313,-1,-0.869253396987915,0.541094839572906,0.133141338825226,0.0999999999999999
1.582,0.000350909854818327,5.00490556114874e-06,0.0330241289138172,-0.00220810974108575,0.00825048670148911,0.00891807827013302,-0.00563803022465938,-0.00252766408329967,0.00763443933035376,-0.117940875367894,-1.4322107595432,0.0126206624778907,0.0301191786657313,-1,-1,0.638584733009338,0.207230180501938,0.0999999999999999
1.583,0.000343912778213301,-8.82510938138322e-07,0.0330321364370112,-0.00223796826628364,0.00678644137259409,0.00893036862450147,-0.00846118391838132,-0.00923826178545632,0.0083400948162698,0.0754175970946104,-1.24228560961411,0.0115957288002479,0.0301191786657313,-1,-0.776304960250854,1,0.178920596837997,0.0999999999999999
1.584,0.00033263178410239,-1.27487967914502e-05,0.0330390152907302,-0.00182306727779084,0.0064894520312888,0.00893961289553857,-0.0141253104049021,-0.0145290330512123,0.00539536280507334,0.704842484399937,0.66710124275767,0.00713447385695358,0.0301191786657313,-0.619937181472778,-0.951371967792511,0.0442461594939232,-0.140007063746452,0.0999999999999999
1.585,0.000319900699623817,-2.96596923756232e-05,0.0330460879623124,-0.000880032580036536,0.00663612017242659,0.00894633567943837,-0.0113624529338996,-0.0193779879901038,0.00870872401009751,1.04890285741442,-0.431425371256745,0.0067384145709766,0.0301191786657313,-0.926451444625854,-0.420336663722992,0.33379790186882,-0.691855788230896,0.0999999999999999
1.586,0.000307934400356558,-4.8328859467834e-05,0.0330565490522517,0.000940620495063712,0.00623306715586131,0.00895032410796048,-0.0126197765280632,-0.0181240565911382,0.0121606988517928,2.29984892301276,-0.333279595126655,0.00232370483939315,0.0301191786657313,-0.933883190155029,-0.634826064109802,-0.0453387275338173,-0.732489168643951,0.0999999999999999
1.587,0.000295741815607508,-6.68235514589329e-05,0.0330722821214185,0.00285505215885146,0.00568174121007913,0.00895373697233204,-0.011829728768489,-0.0190307468391461,0.0192261505829208,1.22292826489401,-0.700158509357301,0.00546470382987894,0.0301191786657313,-0.668904006481171,0.0675827115774155,-0.295811355113983,-0.941592812538147,0.0999999999999999
1.588,0.000285728764481489,-8.37688872862477e-05,0.0330932303748466,0.00384175817027205,0.00457716121271705,0.00895919485963281,-0.00830697694246242,-0.0149801604773085,0.0225681536517218,0.613175506349327,-1.32885409925018,0.00605520022059454,0.0301191786657313,-1,0.324697554111481,0.0102679580450058,-1,0.0999999999999999
1.589,0.000276927629113895,-9.59278737565858e-05,0.0331167597005586,0.00421186929056267,0.00399845840237612,0.00896745167721535,-0.0093488316189546,-0.00941064437265866,0.0243831419980595,0.0919688631444196,0.249494548781243,0.0107368195307073,0.0301191786657313,-0.100523293018341,0.485987633466721,-0.107257038354874,-0.908826351165771,0.0999999999999999
1.59,0.000270179005409939,-0.000102397415312034,0.0331384706909989,0.00410646262308041,0.00409333439200602,0.00897827793395845,-0.00416996306521031,-0.00354890911392398,0.0189586942360099,-0.264580888396494,-0.0933761536939781,0.0107601267864893,0.0301191786657313,-0.403631865978241,0.635916829109192,-0.0840574949979782,-1,0.0999999999999999
1.591,0.000267545897714971,-0.000102249166688614,0.0331552298874013,0.00400100176259426,0.00410079205352717,0.00898890086182691,-0.00111162528536152,0.00382993364347532,0.0145013293641303,0.0724388920330406,0.100159540189421,0.0104235218136534,0.0301191786657313,-0.894258201122284,-0.184996411204338,0.165930181741714,-0.619425654411316,0.0999999999999999
1.592,0.000265678744680863,-9.84594590857812e-05,0.0331694742255261,0.00315951023705994,0.0048879598067484,0.00900291007943865,-0.00256605388921472,0.00381431576341601,0.0139296588941458,-1.59678779293106,1.31792005859752,0.0169213767059067,0.0301191786657313,-0.753176391124725,-0.0759408921003342,-0.0389889031648636,-1,0.0999999999999999
1.593,0.000263647953549169,-9.2877970280265e-05,0.0331839990393605,0.00176257613890301,0.00597284090024365,0.00901892036257035,-0.00143418601757215,0.00743970282338381,0.0150530596425871,-0.956230079983595,0.653865964453493,0.0141404920212535,0.0301191786657313,-0.987018227577209,-0.030753880739212,0.441840589046478,-0.634349942207336,0.0999999999999999
1.594,0.000260643349545218,-8.44101584525872e-05,0.0331974561774397,0.00127232173475116,0.00659875960120633,0.00903145676984174,-0.00453002005531751,0.00953897615850684,0.0118158321493857,0.0415681199512942,0.477946010045265,0.0105652879329892,0.0301191786657313,-1,-0.688483655452728,0.421057879924774,-0.191827729344368,0.0999999999999999
1.595,0.00025465472400861,-7.7171538820003e-05,0.033208269639725,0.000830270932101351,0.00673434977590669,0.0090435859318192,-0.00744983899266201,0.00498588870930808,0.00976681512257993,-0.862006155190893,-0.24541416793089,0.0134766096169683,0.0301191786657313,-1,-0.616716265678406,0.757454633712769,-0.536595940589905,0.0999999999999999
1.596,0.000244641566003141,-7.30199118640679e-05,0.0332167431383962,0.000182153327193262,0.00645679562268318,0.00905627669262898,-0.0125973489085879,0.00337418342946909,0.00715317796211558,-0.329037255511913,-0.282594430539645,0.0115467718806236,0.0301191786657313,-1,-0.302402049303055,0.477193117141724,-0.154497474431992,0.0999999999999999
1.597,0.000230188108303679,-7.05850321474869e-05,0.0332211828905894,0.000216460923055387,0.00596626081317138,0.00906655741330109,-0.0163574263601306,0.00150547463687178,0.00172752240799705,0.381349469946112,-0.643742306225274,0.00910293272944077,0.0301191786657313,-1,-0.702410399913788,0.310061544179916,-0.0997652262449265,0.0999999999999999
1.598,0.000212293881204375,-7.14714821959562e-05,0.0332217324239807,0.000406236599546404,0.00515851686315086,0.00907623512958056,-0.0195114364506223,-0.00327764742824176,-0.000625108745989682,-0.0341075271355852,-0.868979859819964,0.010333619845247,0.0301191786657313,-0.901766955852509,-0.872658967971802,0.482109785079956,-0.371938645839691,0.0999999999999999
1.599,0.000190752307109421,-7.68454936490119e-05,0.0332204697912322,0.000257672750199872,0.00449838796440487,0.00908691465446454,-0.0236551200728517,-0.00746581258930941,-0.0018947215810635,-0.223012116316085,-0.385279957901422,0.0109138584432838,0.0301191786657313,-0.589559853076935,-0.687302470207214,-0.0924173519015312,-0.010250598192215,0.0999999999999999
1.6,0.000167553551162927,-8.69657580156866e-05,0.0332170093699888,-7.8416409639681e-05,0.00363755456119716,0.00909806609257258,-0.0228498361211738,-0.0127618175966829,-0.00500404308074231,-0.363076082532413,-1.23502642182841,0.0112131036670511,0.0301191786657313,-0.493468344211578,-0.344989836215973,-0.422206163406372,-0.0366300046443939,0.0999999999999999
1.601,0.000146113805270156,-0.00010125311449675,0.0332102260437046,3.73440904626402e-05,0.00197141892855898,0.00910849890709331,-0.0201900069845406,-0.0158446002135446,-0.0085247288831138,0.604556089788047,-1.84488413899477,0.00976017238943009,0.0301191786657313,-0.13587349653244,-0.30487322807312,0.176794588565826,-0.279664397239685,0.0999999999999999
1.602,0.000126117110171174,-0.000117917365344749,0.0331976971021137,0.00124243381013221,0.000707673160843132,0.0091178946321544,-0.0199285466993444,-0.017594114211622,-0.0164605118839018,1.62269316555328,-0.507923736434471,0.00947091337821181,0.0301191786657313,0.184378415346146,-0.479644924402237,-0.932986557483673,-0.122071132063866,0.0999999999999999
1.603,0.000110564034636736,-0.000137778267541713,0.0331798743638831,0.0025122582471943,-0.000223749621429844,0.00912705247397216,-0.0112992615540913,-0.0222385363432926,-0.0190982693471234,0.736539795751887,-1.22297232419702,0.00886059813865405,0.0301191786657313,-0.00119674205780029,0.0594943910837173,-1,-1,0.0999999999999999
1.604,0.000102992661902379,-0.000158195371722038,0.0331615758414978,0.00378715484401473,-0.0012760317058783,0.00913635876350227,-0.00395380793465693,-0.0187367619021417,-0.0174212574008851,1.62518261660746,-0.711730466413406,0.0101043554041456,0.0301191786657313,0.835253834724426,-0.0286977589130402,-1,-0.968012154102325,0.0999999999999999
1.605,0.000105187897537212,-0.000175875479773727,0.0331427371555064,0.00518939074643357,-0.00213589806930132,0.00914593189806556,0.00825112791842981,-0.016760116003405,-0.0201612600521029,0.967307261170339,-0.845273870976131,0.00918830710556952,0.0301191786657313,0.421668529510498,0.651032328605652,-0.870941758155823,-1,0.0999999999999999
1.606,0.00011777430277165,-0.000189692009423902,0.0331203457508152,0.00608744512073927,-0.00216664039937134,0.00915750477782362,0.0169235377627055,-0.0109781862181887,-0.0245116327121192,0.698283061129748,0.815817021142525,0.0140325639485079,0.0301191786657313,0.236137747764587,0.527973473072052,-0.768117606639862,-1,0.0999999999999999
1.607,0.000138349623699071,-0.000198333193728662,0.0330945508372028,0.0062860668307873,-0.000454058724837443,0.00917414947427453,0.0243610365944554,-0.00635045507734133,-0.0269643351378153,-0.310492576257165,2.34099687376318,0.0185099847755134,0.0301191786657313,0.0524608567357063,0.618754267692566,-0.764841794967651,-1,0.0999999999999999
1.608,0.000166341323030544,-0.000202085825533604,0.0330669229736988,0.00568519341867044,0.00198483767852547,0.00919305000369208,0.0318275369805868,-0.00113378055645775,-0.0281776540182877,-0.766716569931797,2.15941822017773,0.0181040734033818,0.0301191786657313,-0.738418698310852,0.56479275226593,-0.141331478953362,-1,0.0999999999999999
1.609,0.000197999384879392,-0.00020066500649281,0.0330391933697524,0.00497963643499976,0.00449145742870245,0.00921208029083953,0.0317232782007065,0.00401120160145368,-0.0271652637912823,-0.515527975685866,2.47069439592808,0.0185419055807671,0.0301191786657313,-1,0.117655336856842,0.411685913801193,-1,0.0999999999999999
1.61,0.000227691377590543,-0.000195356477480721,0.0330133563751103,0.00442783472945841,0.0069236715912687,0.00923062847055522,0.0278991403234477,0.00664566719110511,-0.0244014383631379,-0.497120062149338,2.02245447028268,0.017341650148951,0.0301191786657313,-1,0.352625250816345,0.056407243013382,-1,0.0999999999999999
1.611,0.000255276075876163,-0.000186538192662002,0.0329909908841075,0.00433609645323464,0.00764754998201433,0.00924329553670589,0.0273808836530971,0.011000320085845,-0.0202470323286189,0.305114671481003,-0.629250300482821,0.00787166262713989,0.0301191786657313,-1,-0.227388441562653,0.277417480945587,-1,0.0999999999999999
1.612,0.000281829077183003,-0.000175155731409739,0.0329741694093493,0.0043666694492867,0.00619578101874295,0.00925031556744438,0.0256903146186649,0.0117847815479727,-0.0133390930322579,-0.280417242770865,-1.93363840641857,0.00703154684052982,0.0301191786657313,-1,0.226265147328377,1,-1,0.0999999999999999
1.613,0.000304214956517188,-0.000161420856406527,0.0329608192109706,0.00421641971667249,0.00523187306722294,0.00925918498124112,0.0190836312962858,0.0157128818037746,-0.0133050367922191,-0.0303746932153502,0.236656764179195,0.0112678880312796,0.0301191786657313,-1,0.0534418821334839,0.87546044588089,-0.767905175685883,0.0999999999999999
1.614,0.00032049114742694,-0.000144932581078343,0.0329478489601644,0.00389039209770551,0.00657088791978847,0.00927382928472342,0.0135985808188314,0.0173211488280678,-0.0125758028614091,-0.601121291536056,2.23098393235524,0.0174997044452295,0.0301191786657313,-1,-0.402170151472092,0.869550347328186,-1,0.0999999999999999
1.615,0.000331806871626024,-0.000127326286009059,0.0329379784901002,0.00294432125860477,0.00896018609344903,0.0092930431908429,0.00923527171586972,0.0179914094864179,-0.00713521574736198,-1.15383960755859,2.1315117394236,0.0196997675166756,0.0301191786657313,-1,-0.507021963596344,1,-1,0.0999999999999999
1.616,0.0003388538944127,-0.000109048691427199,0.0329336027796863,0.00181469787971173,0.0102453897615865,0.00931148174023733,0.00497607751192317,0.0186766059896506,-0.00161256379468567,-0.940298251195789,0.225408737733721,0.0162013511595413,0.0301191786657313,-1,-0.415468901395798,1,-1,0.0999999999999999
1.617,0.000341786003092266,-8.94752404970177e-05,0.0329345032967952,0.00138616834418554,0.00935405620372637,0.00932393222462258,0.000852400680808409,0.0205324861974023,0.00338254333688429,0.106718192576305,-1.82125300557212,0.00888048193984232,0.0301191786657313,-1,-0.785440862178802,1,-0.386325716972351,0.0999999999999999
1.618,0.000340301760854363,-7.10201376717339e-05,0.0329395429344429,0.00104107804495065,0.00724617220055993,0.00933475147033525,-0.00396374121153584,0.0164442184772238,0.00666637988379389,-0.782498345742427,-2.00056600743538,0.0127854307428416,0.0301191786657313,-1,-0.670968472957611,1,-0.150442540645599,0.0999999999999999
1.619,0.000333550727758291,-5.68084341428917e-05,0.0329466628053312,-9.23739475061955e-05,0.00604752187054761,0.00934910244395226,-0.00961558241387995,0.0121002079510613,0.00753802553031134,-1.30995182448774,-0.194392493901178,0.0151041455456661,0.0301191786657313,-1,-0.958063960075378,0.942552149295807,-0.382905334234238,0.0999999999999999
1.62,0.000321195049963889,-4.67899323350455e-05,0.0329563790482302,-0.00123211257487494,0.00682825573864463,0.0093633320877391,-0.0150529440910212,0.00804884031699975,0.0118409386962823,-0.782197338557749,1.57325522915909,0.0125629583404008,0.0301191786657313,-1,-0.860873103141785,0.238847196102142,-0.000200137495994568,0.0999999999999999
1.621,0.000305760675582496,-4.1492591096885e-05,0.0329708913930112,-0.0016616197166188,0.0079518759258492,0.00937486398225351,-0.0157732624335539,0.00260459147667344,0.0171073487288099,-0.0113261584534624,0.430874491378405,0.0104088711693305,0.0301191786657313,-1,-1,0.879682302474976,-0.0394585132598877,0.0999999999999999
1.622,0.000287615007924279,-4.18903808980269e-05,0.0329890639496086,-0.00134809539485032,0.00803352877914846,0.009384166661913,-0.0205451145033428,-0.00341161635992482,0.0191537778156016,0.579458392530311,-0.328154572032191,0.00848231449545906,0.0301191786657313,-1,-0.615809619426727,0.721872091293335,-0.114772140979767,0.0999999999999999
1.623,0.000265005503178499,-4.69615541422512e-05,0.0330085377629519,-0.000289975931482304,0.00717442208242805,0.0093909267340857,-0.0247652842834532,-0.00680001471216996,0.0197027625797359,1.34826683219709,-1.28519367031901,0.00573988738682598,0.0301191786657313,-1,-0.939500093460083,0.788023352622986,0.344354689121246,0.0999999999999999
1.624,0.00023758239508417,-5.81702044381754e-05,0.0330276466172965,0.000230587071470194,0.0058501292314125,0.00939971096323511,-0.0302123627691159,-0.0156489302554318,0.0184290168210564,-0.372218681480405,-1.18817581889269,0.0118648060265059,0.0301191786657313,-0.543570995330811,-0.708312749862671,0.255002111196518,-0.506657660007477,0.0999999999999999
1.625,0.000207422502859878,-7.48966276456339e-05,0.0330473505400941,9.5504946817292e-05,0.00420320248228525,0.00941086518504841,-0.0302844134818925,-0.0178261389266129,0.0208854530373108,0.164966159886172,-1.87476076974368,0.0103663169548751,0.0301191786657313,-0.173384577035904,-0.196027353405952,-0.339791715145111,-0.167419597506523,0.0999999999999999
1.626,0.000179644105665694,-9.33848139702437e-05,0.0330672043602354,0.000741141978919178,0.00177456269368153,0.0094202670120227,-0.0255116114928869,-0.0192293889653886,0.0187463139243389,1.04646930089878,-2.60137521242511,0.00878837909471065,0.0301191786657313,0.210101008415222,-0.134890794754028,-0.143941402435303,-0.304804712533951,0.0999999999999999
1.627,0.000156561176042051,-0.00011294692118685,0.033083092377228,0.00208436171360209,-0.000372299649762162,0.0094291880934545,-0.0208650394094002,-0.0200230291654372,0.0129880078408399,1.43695536838768,-1.36249298265782,0.00959978243888729,0.0301191786657313,0.458047538995743,-0.100763559341431,-1,-0.462099552154541,0.0999999999999999
1.628,0.000141143565165716,-0.000133115314931795,0.0330953169557951,0.00336920715252431,-0.00155209113725412,0.00943897905003466,-0.0101256471985149,-0.0204407199550924,0.0114209405821861,0.947572748817044,-0.823898977984404,0.0101580236976187,0.0301191786657313,0.639334738254547,0.408089637756348,-1,-0.740082621574402,0.0999999999999999
1.629,0.000136764307007431,-0.000151567632774341,0.0331045761131743,0.00443269060231982,-0.00193748234970533,0.00945014332330674,0.00128557475930117,-0.01658962681368,0.00707966325261318,1.02991785714996,0.106635598513347,0.0122324772275543,0.0301191786657313,0.673236489295959,0.859025239944458,-0.80721116065979,-1,0.0999999999999999
1.63,0.000143270104197922,-0.000164250376987014,0.0331081391886885,0.00577465292751516,-0.00122722669002138,0.00946427963345631,0.011753549683784,-0.00891719645452031,5.5707476715608e-05,1.43804088906745,1.19276740460358,0.0156180503276356,0.0301191786657313,0.629845023155212,0.802714228630066,-0.877853691577911,-1,0.0999999999999999
1.631,0.000160599755176127,-0.000169773760264855,0.0331051911259927,0.00680604924273113,6.18106871496542e-05,0.00948006335682594,0.0229877573714284,-0.00223325606445724,-0.00592054126245771,0.454664996524486,1.19052838430968,0.0153381789412157,0.0301191786657313,0.0257190316915512,0.822101414203644,-0.329628765583038,-1,0.0999999999999999
1.632,0.000185924190318842,-0.000168702640319786,0.0330964874907799,0.00655520859272134,0.0018505732455013,0.00949788599774193,0.0278234612432655,0.00438086666552932,-0.0114419570324348,-0.906836441880682,2.11929551551022,0.0194874103649502,0.0301191786657313,-0.749161064624786,0.91355162858963,-0.170138716697693,-1,0.0999999999999999
1.633,0.000213719951907451,-0.000160588269838849,0.033084082159584,0.00536559543776708,0.00450049721590484,0.00951958354234428,0.0280005056535936,0.0119208906957627,-0.0133126358333646,-1.26822114828239,2.76261187076481,0.0222058730482975,0.0301191786657313,-1,-0.0901050567626953,0.616045236587524,-1,0.0999999999999999
1.634,0.000239178237882637,-0.000147746299415928,0.0330714582486335,0.00353049200504692,0.00745535266405796,0.00954400865143024,0.0231848887946792,0.0139058369101257,-0.0118808442036294,-2.08840885165983,2.66894395992051,0.0246800914419356,0.0301191786657313,-1,0.436089158058167,0.867888271808624,-1,0.0999999999999999
1.635,0.000259697500339429,-0.000130782281849313,0.0330580421290859,0.00232011377073673,0.00925411749842765,0.00956335064383662,0.0180350991357787,0.0201177476776397,-0.0148795958648693,-0.156847556307425,0.657264657581045,0.0126956183544666,0.0301191786657313,-1,-0.886693239212036,1,-0.240701287984848,0.0999999999999999
1.636,0.000275003433643284,-0.000113930895822638,0.0330431069250009,0.00136640262398349,0.00873161983139874,0.00957877762070281,0.0125956448495003,0.0137086284412642,-0.0149242704237038,-1.61128934385949,-1.55535477114003,0.0177271865352583,0.0301191786657313,-1,-0.210645511746407,1,-1,0.0999999999999999
1.637,0.000284730730437683,-9.86090652643639e-05,0.0330286293575077,0.000827614746726024,0.00674355748496911,0.00959151404788416,0.00676191667233507,0.0169929073032762,-0.0139770059192214,0.58412282723,-2.02527077690995,0.00813825924671279,0.0301191786657313,-1,-0.881416618824005,1,-0.193631902337074,0.0999999999999999
1.638,0.000288276335188259,-8.45909983046925e-05,0.0330148003401154,0.000968701753880672,0.00542065792186628,0.00960148743423384,0.000263630702431159,0.0110766560305186,-0.013623707741818,-0.363545995415055,-0.370919384301426,0.0120447226436743,0.0301191786657313,-1,-1,0.886755585670471,-0.167325079441071,0.0999999999999999
1.639,0.000285556324989948,-7.68375488454927e-05,0.0330021382373109,4.40520877109875e-05,0.00603327815495352,0.00961558593014544,-0.00565407203979943,0.00452420135852474,-0.0116464516463983,-1.32948590717051,1.4706376290229,0.0155352591246235,0.0301191786657313,-1,-0.684359312057495,0.121750704944134,-0.894004225730896,0.0999999999999999
1.64,0.000279548762124621,-7.20915568206298e-05,0.0329952821938429,-0.000349671583927989,0.00713512769418313,0.00962786952182171,-0.00629913588705224,0.0050036094773009,-0.00205675952648874,0.600044472249945,0.515953842039236,0.00870489931749175,0.0301191786657313,-1,-0.467269241809845,0.758447408676147,0.0257790330797434,0.0999999999999999
1.641,0.000270924681887407,-6.90900851588994e-05,0.0329925202708335,0.000421153602363184,0.00743455770150052,0.00963591443181278,-0.0109335359784566,0.000965990028937772,-0.00345090939065596,0.790600377352856,0.004873515022082,0.00795057930962133,0.0301191786657313,-1,-0.366216868162155,0.497852623462677,-0.0712582767009735,0.0999999999999999
1.642,0.000258447127444899,-6.96393627025742e-05,0.032989194062614,0.00112227684025583,0.00685453688260933,0.00964402763849037,-0.0140869880697693,-0.00211332669970024,-0.00318870504558302,0.480484694736386,-1.09008347790767,0.00873754726247581,0.0301191786657313,-1,-0.0962038040161133,0.472209900617599,-0.315932482481003,0.0999999999999999
1.643,0.000242622892195863,-7.17657566054213e-05,0.0329861764721768,0.00166594524415393,0.00554334067057872,0.0096523908585926,-0.0176702093119785,-0.00218098273393939,-0.00283741624178367,0.509146406195339,-1.33044570923189,0.00846022440431499,0.0301191786657313,-1,-0.146271377801895,0.377695322036743,-0.479806333780289,0.0999999999999999
1.644,0.000223154226152155,-7.37184308268727e-05,0.0329845108650689,0.0020649043176164,0.00448526447563933,0.00966142440161422,-0.0213669850388387,-0.00175733472683505,-0.000496523710983648,0.218916807599147,-0.642631440759753,0.00993914288689324,0.0301191786657313,-1,-0.57578182220459,0.233817055821419,-0.0847300887107849,0.0999999999999999
1.645,0.000200146699365572,-7.79377875808447e-05,0.0329857315768407,0.00131467430328294,0.00425483944505069,0.00967411087975423,-0.0246887528157067,-0.00660251467545397,0.00290573105495857,-1.55382194028167,0.160444273400277,0.0149296651319729,0.0301191786657313,-0.0850242674350739,-0.0187629088759422,0.0393150597810745,-0.399205386638641,0.0999999999999999
1.646,0.000177165661339957,-8.40161168933688e-05,0.0329872206685268,0.000282490473042152,0.00369485138357494,0.00968752462015532,-0.021365558253454,-0.0054992485762816,7.05161418453015e-05,-0.303751747964897,-1.23204879147297,0.0116481685779974,0.0301191786657313,-0.856109201908112,-0.719741880893707,-0.0115475095808506,-0.487893640995026,0.0999999999999999
1.647,0.000154913994710733,-9.0874248365811e-05,0.0329909887953208,0.000295137413871355,0.00272100337950925,0.00969862863214077,-0.0232468448148663,-0.00822562742321059,0.00742647695506796,0.340306551061708,-0.592890019209874,0.0106121043626736,0.0301191786657313,0.389203608036041,-0.609770119190216,-0.181756734848022,0.0785925462841988,0.0999999999999999
1.648,0.000134946185960022,-0.000101985369212267,0.03299640857666,0.000498677399494386,0.00140148065363637,0.00970927633093854,-0.0168509462015337,-0.0140077172259608,0.00341017966030352,0.0565752492054207,-1.84627925121678,0.0106814691189881,0.0301191786657313,-0.00207938253879547,-0.0109302401542664,-0.366600543260574,-0.814447522163391,0.0999999999999999
1.649,0.00012027868053965,-0.000114279565691835,0.0330005691322911,0.00173559029396845,-0.00024609277083878,0.00971951711083952,-0.0126329362276975,-0.0106960634147177,0.00489450965138532,2.21175381472959,-1.18153677462936,0.0103969146060147,0.0301191786657313,0.416774719953537,-0.699543595314026,-0.77719920873642,-0.0492432564496994,0.0999999999999999
1.65,0.000112105926190199,-0.000128294802419573,0.0330058166211223,0.00293916973592602,-0.00133271789151283,0.00972969460898643,-0.00383429983954965,-0.0174208129776776,0.00557630713932054,0.0144779008915835,-0.814593350516309,0.0099499431278315,0.0301191786657313,0.126324862241745,0.226173967123032,-0.782623887062073,-0.805066287517548,0.0999999999999999
1.651,0.000111609148221453,-0.000143922924128806,0.0330121547020654,0.00329356898327577,-0.00136922072320169,0.00974119845239096,0.00283435217510111,-0.0138947086804062,0.00707251342551548,0.668405097898404,0.745877958505353,0.0130959402202385,0.0301191786657313,0.367225050926208,0.381004393100739,-0.777841925621033,-0.769236087799072,0.0999999999999999
1.652,0.000118634535006912,-0.000155842816318027,0.0330185235103545,0.00421980297825315,-0.000289380545324176,0.00975509013558984,0.011274060804737,-0.0100455585112834,0.00564096657491411,1.04365840263912,1.22784118805929,0.0142468553419894,0.0301191786657313,0.374917805194855,0.423564463853836,-0.609489977359772,-1,0.0999999999999999
1.653,0.000133889047636597,-0.000163307404674945,0.0330234373117239,0.00530556800816078,0.000850338961608335,0.00976911327094188,0.0193142170224757,-0.00499028216671162,0.00416952799167449,0.948470739428542,0.878728144278052,0.0133598080591692,0.0301191786657313,-0.00882479548454285,0.786241888999939,-0.360383987426758,-1,0.0999999999999999
1.654,0.000155486708082388,-0.000164807864472388,0.0330261464726073,0.00613080746746776,0.00179897730019255,0.00978277365043612,0.0239738817106439,0.00190658763801344,0.00124746587627588,0.556484068367,0.896960849206715,0.0137247937205689,0.0301191786657313,-0.560707747936249,0.657506942749023,-0.142407804727554,-1,0.0999999999999999
1.655,0.000179650557890852,-0.000159946914700068,0.0330273974646842,0.00610146976042867,0.0031056529957792,0.00979860870307192,0.0244910106503761,0.00780935152194075,0.00124824441646423,-0.615631432186874,1.53388923661559,0.0174648502265247,0.0301191786657313,-0.939302086830139,0.451232612133026,-0.00869537889957428,-1,0.0999999999999999
1.656,0.00020316370525495,-0.000149709463116441,0.0330300692240749,0.00489680773117582,0.00489033485156532,0.00981806489735915,0.0227105974230691,0.012750549782315,0.00407130361165394,-1.58902459194437,1.76619189426192,0.0203111647161757,0.0301191786657313,-1,0.0940154194831848,0.564256310462952,-1,0.0999999999999999
1.657,0.000223404561970263,-0.000135277664373975,0.0330350497781488,0.00311129427349451,0.00669248488290563,0.00983905396278351,0.0179516167850312,0.0162503865861582,0.00586298764165471,-1.68515691042798,1.56091815021168,0.0201674067028015,0.0301191786657313,-1,-0.133688867092133,0.743946552276611,-1,0.0999999999999999
1.658,0.000238771074973444,-0.000117623406595301,0.03304190901207,0.0018423504577277,0.00771570212926775,0.00985684513597951,0.0129017817118009,0.0191692264495041,0.00781988163737029,-0.665126143267346,0.343011703658951,0.01453029162744,0.0301191786657313,-1,-0.549676656723022,0.750033140182495,-0.376468509435654,0.0999999999999999
1.659,0.000249259202538608,-0.00010003564757204,0.0330499193620679,0.00102532890485875,0.00732949096863759,0.00987141133937142,0.00809293796434879,0.0161129861850454,0.00816471224108356,-0.861652612461052,-1.00743384384529,0.0143273309249925,0.0301191786657313,-1,-0.401918143033981,1,-0.6836998462677,0.0999999999999999
1.66,0.00025406910916725,-8.37946943691232e-05,0.0330579161102226,0.000731521028913938,0.0063119118937173,0.00988356042727023,0.00148916974185409,0.0164213092819228,0.00779271229078959,0.281431366015345,-0.826157484907399,0.0101254497622646,0.0301191786657313,-1,-0.431820124387741,0.914841651916504,0.161504194140434,0.0999999999999999
1.661,0.000252353296674218,-6.99034608199989e-05,0.0330631104573487,0.000659794883614581,0.00590766231291893,0.00989502784547103,-0.00493831269814159,0.0114057460093266,0.00258435667724542,-0.446728044381423,0.0867521232718529,0.0128761215956954,0.0301191786657313,-1,-0.279565721750259,0.684582352638245,-0.219915807247162,0.0999999999999999
1.662,0.000244901739775023,-5.92129829473746e-05,0.0330644874338456,0.000397501418221196,0.00622576972281073,0.00990736191650265,-0.00995009477292523,0.0100185444465912,0.000169148774654425,-0.0568094129316791,0.47081265618518,0.0116830036348714,0.0301191786657313,-1,-0.946105718612671,0.258378982543945,-0.129279345273972,0.0999999999999999
1.663,0.000233819226354071,-5.22011802275579e-05,0.0330665437802711,-0.000143245495455416,0.00625256445310326,0.00992066248450785,-0.0122324768827375,0.00407033351962937,0.00392717913092769,-0.93994172155536,-0.447201123820804,0.01467090736536,0.0301191786657313,-1,-0.784411549568176,0.372783720493317,-0.459604144096375,0.0999999999999999
1.664,0.000219964358916251,-4.94063791790011e-05,0.0330725045792946,-0.00075155053256354,0.00553011952650936,0.00993430927049088,-0.0155441567666388,0.00157398327694195,0.00795288321596276,-0.175940632282233,-0.896221042563644,0.0123399472549174,0.0301191786657313,-1,-0.445592880249023,0.341465830802917,-0.413061290979385,0.0999999999999999
1.665,0.000202621791702271,-4.8112839230384e-05,0.033081276622165,-0.000186186140373041,0.00467333226901165,0.00994451344750624,-0.0192280815784265,0.000978954049144063,0.0095474344780004,1.19369415284113,-0.703425041251578,0.0084594722721795,0.0301191786657313,-0.79330188035965,-1,0.310875684022903,0.0271333754062653,0.0999999999999999
1.666,0.000182073729575198,-5.07173872311851e-05,0.0330912921549701,0.000351457790029934,0.00406966081479319,0.0099545710139477,-0.0219430577223255,-0.00620435754403656,0.0104351981602554,-0.207041831661611,-0.446429139548857,0.0118094416890733,0.0301191786657313,-0.584945857524872,-0.652500629425049,0.0663777962327003,-0.418103158473969,0.0999999999999999
1.667,0.000159994855042617,-5.80584674424937e-05,0.0331024591067124,0.000184037934758496,0.0034371127163686,0.00996627307634412,-0.0223035034928186,-0.00847665015935688,0.0118465897966578,-0.0802133652943661,-0.75696031460907,0.0115156277170035,0.0301191786657313,-0.476204216480255,-0.518576860427856,-0.494043856859207,-0.217844873666763,0.0999999999999999
1.668,0.000139354170998037,-6.791447764732e-05,0.0331152158061641,0.000200185424705482,0.00212681296167483,0.00997758635331492,-0.0191147769137151,-0.0112533295674712,0.0136094695087754,0.131649076508421,-1.67281327967121,0.0111197653820279,0.0301191786657313,0.0307448208332062,-0.462676465511322,0.0669794827699661,-0.0136950016021729,0.0999999999999999
1.669,0.000121298877702009,-8.10922842023587e-05,0.0331254013087665,0.000327382323290057,0.00064496110616817,0.00998873783133103,-0.0171408744165507,-0.01512337494736,0.00674573001675679,0.130310801367265,-1.0669760800993,0.0112158588542951,0.0301191786657313,0.365079581737518,-0.0812816023826599,-0.340127021074295,-0.601966977119446,0.0999999999999999
1.67,0.000107189083954785,-9.52275181198929e-05,0.0331295041881991,0.00132442668135555,-0.000366847245580032,0.00999983162675511,-0.0111876829052698,-0.0132471969167918,0.00145586873602667,1.71072563155444,-0.807962690075162,0.0112074553890664,0.0301191786657313,0.560433506965637,-0.680531978607178,-0.513414978981018,-0.154242128133774,0.0999999999999999
1.671,9.99456890405949e-05,-0.000111130027695162,0.0331286542639309,0.00230716100666699,-0.00106955913567256,0.010010899495418,-0.00338960001846237,-0.018636019317876,-0.00313476080978388,0.119765580447577,-0.489637099422396,0.0109187372516747,0.0301191786657313,0.45044156908989,0.327294707298279,-1,-1,0.0999999999999999
1.672,0.000101540951850218,-0.000126830924781245,0.0331246699397728,0.00321587387458126,-0.00152966863730053,0.0100223828242392,0.006526499625559,-0.0128758700139079,-0.00480862284774794,1.56452349905442,-0.343325863652862,0.0121538749150745,0.0301191786657313,0.350232273340225,0.442969620227814,-0.738085508346558,-0.773291230201721,0.0999999999999999
1.673,0.000111876593352298,-0.000137462540826339,0.0331175050140324,0.0048660397992416,-0.00129140536219014,0.010035816703736,0.0141636540143994,-0.00853158362397184,-0.00947608123228244,1.45787306822557,0.79624366661834,0.0146145122133027,0.0301191786657313,-0.067327693104744,0.351760625839233,-0.712213635444641,-0.952521324157715,0.0999999999999999
1.674,0.0001286768805475,-0.000143833708819114,0.0331078765100884,0.00574032879617125,0.00022917496241362,0.0100522584243548,0.0195601113685887,-0.0042924875427005,-0.00974043966453174,0.151858702113658,2.00271735403279,0.0177846869344375,0.0301191786657313,0.260993152856827,0.883877098560333,-0.803581833839417,-1,0.0999999999999999
1.675,0.00015265861272116,-0.000144248818993107,0.0330958547511912,0.00564980906554749,0.00175672438979059,0.0100686687510154,0.0285246173387938,0.00344119137834352,-0.0142413827521379,-0.311157481294278,0.835762295647221,0.0144206574698643,0.0301191786657313,-0.792414784431458,0.378028064966202,-0.310207843780518,-1,0.0999999999999999
1.676,0.000181153880198105,-0.000138464017944317,0.0330828813158122,0.00476239296867187,0.00307687743811523,0.0100852103876758,0.0286140470361782,0.00818414926638581,-0.0116610730741659,-1.3085832164888,1.631273560777,0.0180126101295485,0.0301191786657313,-1,0.499343574047089,0.0787411779165268,-1,0.0999999999999999
1.677,0.000208341343612315,-0.000127272750164043,0.033071731357369,0.00355934955443811,0.00511643412922892,0.0101039602607798,0.0259617415730834,0.0142822407833302,-0.0105949365404863,-0.903023962666029,2.14199171825341,0.0182368597561899,0.0301191786657313,-1,0.164115980267525,0.682802319526672,-0.788110911846161,0.0999999999999999
1.678,0.000231559276152613,-0.000111400772388338,0.0330603007320049,0.00273808419607039,0.00727688464099188,0.0101219688602496,0.0206869270874491,0.0175385102673625,-0.012206087632137,-0.626398637084073,1.84251177551505,0.0167989570324029,0.0301191786657313,-1,-0.051058828830719,1,-0.755537629127502,0.0999999999999999
1.679,0.000249031292635577,-9.27964503669806e-05,0.033047024223112,0.00223162376577569,0.00853677468762431,0.0101374715602867,0.0144026346580157,0.0197355868984288,-0.0142773891919721,-0.339606897931638,0.494235257531389,0.0137918951582303,0.0301191786657313,-1,-0.717300415039062,1,-0.522546648979187,0.0999999999999999
1.68,0.000260483219042708,-7.46248207708506e-05,0.0330332049586871,0.0012994796214409,0.00815233562247104,0.0101531141926383,0.00852706097206673,0.0167219618507916,-0.0133051117550361,-1.39340720205196,-1.15275785886302,0.0170898444629688,0.0301191786657313,-1,-0.704232513904572,1,-0.364430248737335,0.0999999999999999
1.681,0.000265942174267647,-5.95756963969967e-05,0.0330199890298124,-0.000281230597511415,0.00667650629425037,0.0101708609903315,0.00232061034914132,0.0135210513254362,-0.0130724628426389,-1.51625411705025,-1.50742825577511,0.0174828547657176,0.0301191786657313,-1,-0.917691886425018,1,-0.518506705760956,0.0999999999999999
1.682,0.000264937682504418,-4.75355316476019e-05,0.0330083309682665,-0.00132884192541546,0.00567466439752524,0.0101865243676018,-0.00437878678947373,0.0106621156052131,-0.0102030627008573,-0.421205021136555,-0.315371801080973,0.0132150167421446,0.0301191786657313,-1,-1,0.22538697719574,0.288340449333191,0.0999999999999999
1.683,0.000259512242912766,-4.09742839216582e-05,0.0329997680115388,-0.00179195153093079,0.00545636232982489,0.0101997854342426,-0.00649016844895903,0.00253695673619044,-0.0068969861182103,-0.435851088274215,-0.0950678100060501,0.0130652711990662,0.0301191786657313,-1,-0.821169853210449,0.490443974733353,0.28633850812912,0.0999999999999999
1.684,0.000251062498017115,-4.18509247529332e-05,0.0329932403896817,-0.00190128994978176,0.00572664870404256,0.0102114855832283,-0.0103982187536267,-0.00426537120806847,-0.00613119599493954,0.23868023370931,0.561011632461441,0.0103259593130653,0.0301191786657313,-1,-0.985201954841614,0.583908081054688,0.223593696951866,0.0999999999999999
1.685,0.000238443483827036,-4.98966294752283e-05,0.0329879908449533,-0.00146382135547839,0.00641170806001431,0.0102210391141724,-0.0148089224848923,-0.0118517885595395,-0.00435035741872176,0.576166901720563,0.647853742828635,0.00911756168250475,0.0301191786657313,-1,-0.535557568073273,-0.172736138105392,-0.747571587562561,0.0999999999999999
1.686,0.000223859531462665,-6.12170765766536e-05,0.0329885642000848,0.000332987196099411,0.00604384052888813,0.010226464021954,-0.0144156397263036,-0.0109361613406699,0.00547506393101813,2.70651665606045,-1.35140810168784,0.00254046020043439,0.0301191786657313,-1,-0.581969678401947,0.635540843009949,0.0191551819443703,0.0999999999999999
1.687,0.000206800724529427,-7.47161527982764e-05,0.0329941283336287,0.00236020677853738,0.00482545315791037,0.0102311652269496,-0.0198127046706641,-0.0162209864183212,0.00562268861936038,1.00462915404514,-0.906337604623302,0.00791620122151311,0.0301191786657313,-0.858988463878632,0.0581093654036522,-0.40862911939621,-0.728203415870667,0.0999999999999999
1.688,0.000187770145052831,-8.9495949457838e-05,0.0330029054901507,0.00326018242790425,0.00340366054155002,0.0102385903822877,-0.0183899089153047,-0.0134440498504475,0.0118685462172917,0.664892607103839,-1.71977262097091,0.00745589520308847,0.0301191786657313,-0.262355238199234,0.203792870044708,-0.00290365144610405,-0.513707101345062,0.0999999999999999
1.689,0.000170316352931041,-0.000101942637502885,0.0330134675049234,0.00346380080948556,0.00175292176595829,0.0102468975603704,-0.0166726804715752,-0.0114982613308724,0.00922132416519579,-0.262261823111522,-1.32205412545352,0.00951803583136755,0.0301191786657313,-0.248701870441437,0.523652076721191,-0.524322926998138,-1,0.0999999999999999
1.69,0.000155883068384492,-0.000109973411668092,0.0330233927147674,0.00357108060759594,0.000665778266115972,0.0102565804047878,-0.0123086359984459,-0.00460538770354834,0.010585513723131,0.474039805503244,-0.688614361916549,0.0102371608518894,0.0301191786657313,-0.331963330507278,0.0306841731071472,-0.47894412279129,-0.903679490089417,0.0999999999999999
1.691,0.000145171720265175,-0.000113076074508711,0.0330359037805175,0.00375361845762923,0.000664166539404216,0.0102682933697813,-0.00914734495813866,-0.00162775411063126,0.0143716635774497,-0.132506082717286,0.653722026751553,0.0131549001578599,0.0301191786657313,0.0046980157494545,0.138769745826721,-0.741694509983063,-1,0.0999999999999999
1.692,0.000139523184902037,-0.000112565605322496,0.0330517337883643,0.00353948292033279,0.00118567771191178,0.0102812226434228,-0.00214903696431952,0.00265169239528275,0.0172106852177069,-0.255453960506567,0.279859648946413,0.0124768518449038,0.0301191786657313,-0.464060753583908,0.264545798301697,-0.370635837316513,-0.748850703239441,0.0999999999999999
1.693,0.000138264854795799,-0.000108114860129336,0.0330693304049552,0.00321576476983181,0.00184558396002751,0.0102944640763365,-0.000332996582524886,0.00627011444813722,0.0179031570187875,-0.341168139568914,0.91321450602049,0.0137168688599391,0.0301191786657313,-0.439275532960892,0.206132620573044,-0.203901648521423,-0.698632478713989,0.0999999999999999
1.694,0.000138527579029629,-0.000100280008040574,0.0330868088000504,0.00285665366944221,0.00282125877264333,0.0103083093055676,0.000918258802242428,0.00942967753681429,0.0169811232925354,-0.328610593459681,0.860704579978138,0.0136192640535382,0.0301191786657313,-0.644204199314117,-0.249379962682724,-0.0880070477724075,-0.610282957553864,0.0999999999999999
1.695,0.000139217836323748,-9.0868222903356e-05,0.0331045675851054,0.00215584500196094,0.00354882420900667,0.0103223739199509,0.000512548654354441,0.00946121791504998,0.0184546271672649,-0.963511987614464,0.465210443770976,0.0142046422706435,0.0301191786657313,-1,-0.0638144165277481,0.64687442779541,-0.742758214473724,0.0999999999999999
1.696,0.000136192755755266,-8.01911075154817e-05,0.0331222699770658,0.00149886433374299,0.00454833774510852,0.0103364762242344,-0.00647788280784995,0.0119509380640413,0.0168806411960526,-0.256851483553153,1.34025659141196,0.0134948872035763,0.0301191786657313,-0.616328358650208,-0.400206685066223,0.0625218749046326,0.10890319943428,0.0999999999999999
1.697,0.000129393054519204,-7.05906834488137e-05,0.0331371162544645,0.000650350338628267,0.00489911643907092,0.0103508651857993,-0.0071116277766301,0.00734222571754782,0.0127628337233242,-1.30393414938476,-0.711924479985804,0.0150662779894201,0.0301191786657313,-1,-0.515364646911621,0.383661568164825,-0.573919177055359,0.0999999999999999
1.698,0.000119660443112339,-6.35535712656158e-05,0.0331504104838509,-0.00020986820313929,0.00394532189537313,0.0103647823888848,-0.0124181554414447,0.00680485388701811,0.0137623504057506,-0.282399119100988,-1.04148362311992,0.0125646698835098,0.0301191786657313,-0.39101105928421,-0.881258606910706,0.733182787895203,0.145275667309761,0.0999999999999999
1.699,0.000105157265810528,-6.02971651006357e-05,0.033160390535112,-0.000788739608977273,0.00290510368053898,0.010377928178142,-0.0166721086137634,-0.000219893722407647,0.00618391129146934,-0.777494983248721,-0.883826553870032,0.0134476667299906,0.0301191786657313,-0.592638790607452,-0.487426221370697,-0.00110086798667908,0.203910261392593,0.0999999999999999
1.7,8.77669827027119e-05,-6.28827015016727e-05,0.0331641916542848,-0.00120603706559161,0.0019368176857391,0.0103909184284077,-0.0182036940580602,-0.00491340731539344,0.00141801822540732,0.021275678475733,-0.918423669765711,0.0124213726071697,0.0301191786657313,-0.170123428106308,-0.998302221298218,-0.206133008003235,0.211015120148659,0.0999999999999999
1.701,7.05136845423371e-05,-7.17768374955208e-05,0.0331640687744842,-0.00118741038793051,0.000752209786436982,0.0104035213333544,-0.0164218765882779,-0.0128810971457422,-0.00165796285170127,0.0329211437431106,-1.27548325002604,0.0126564608890132,0.0301191786657313,-0.000210250727832317,-0.788272619247437,-0.447288036346436,0.0465107932686806,0.0999999999999999
1.702,5.59736690974668e-05,-8.75534733160746e-05,0.0331609624045379,-0.000768779678551683,-0.000611754568731299,0.010416175138821,-0.0127827768467649,-0.0187291784136612,-0.00453898605452019,0.76416231988372,-1.23850251434855,0.0126237947935657,0.0301191786657313,0.291922628879547,-0.372170895338058,-0.97028785943985,-0.128462687134743,0.0999999999999999
1.703,4.72851013804881e-05,-0.000107584598311996,0.0331549966191199,0.000678268434554395,-0.00207082819877918,0.0104292530395731,-0.00472597078142071,-0.0214661730633903,-0.00735872763800354,1.9095351900729,-1.4360050154228,0.0134810597487238,0.0301191786657313,0.623740434646606,-0.260010242462158,-0.893078088760376,-0.0323837697505951,0.0999999999999999
1.704,4.71399659263151e-05,-0.000130772847190206,0.0331443730697945,0.00250759457015846,-0.00323185677895223,0.0104428339354006,0.0043289610526702,-0.0250685785796589,-0.0138196251265464,1.4717329309808,-0.678951389020644,0.013541268758526,0.0301191786657313,0.556925177574158,0.501108229160309,-0.746163725852966,-0.752404093742371,0.0999999999999999
1.705,5.52450015436229e-05,-0.000153401144501384,0.0331271429990554,0.00451784742293406,-0.00298874367539843,0.010458930717598,0.0118940476765303,-0.0203830119521698,-0.0205436717415286,2.23343622055757,1.13218865621785,0.0183480388873026,0.0301191786657313,0.414505988359451,0.326597452163696,-1,-1,0.0999999999999999
1.706,7.15139296697711e-05,-0.000171670791264762,0.0331060088934239,0.00635586960309797,-0.00140829716797974,0.0104780353050127,0.0207533623867932,-0.016329831804081,-0.0216314481213877,1.15773731851325,1.77451466082458,0.019011610586503,0.0301191786657313,0.597716629505157,0.833513259887695,-1,-1,0.0999999999999999
1.707,9.76775636153522e-05,-0.000184667302308874,0.0330819235316715,0.00695796780713477,-0.000113177921175223,0.0104950521827041,0.0316765518793306,-0.0097540334432589,-0.0264227021415448,-0.0255981788780919,0.648225259230203,0.014459133729052,0.0301191786657313,-0.320135623216629,0.777143716812134,-0.402878284454346,-1,0.0999999999999999
1.708,0.000130375439932119,-0.000191387469672488,0.0330545882006994,0.00630541505739909,0.00112460954647978,0.0105118065756873,0.0338715546405931,-0.00365803795978821,-0.0281321804106654,-1.13944071921106,1.68213639688262,0.0185387918464709,0.0301191786657313,-0.45726877450943,0.890572071075439,-0.340166807174683,-1,0.0999999999999999
1.709,0.000165158067647151,-0.000191484544153273,0.0330257858548096,0.00519595053069503,0.00300542896258654,0.0105309468086277,0.0358867159154361,0.00351817717914146,-0.029349012017077,-0.87246018283252,1.82193717331612,0.01863877224339,0.0301191786657313,-0.967349171638489,0.338461875915527,-0.28582888841629,-1,0.0999999999999999
1.71,0.000200783137107992,-0.000185951187568754,0.0329993125509248,0.00436082619340376,0.00478413611763301,0.0105493904161604,0.0355591093446173,0.00760390126500832,-0.0235024181690987,-0.656156420619092,1.49930255068569,0.0173217384068021,0.0301191786657313,-1,0.398511916399002,0.413991332054138,-1,0.0999999999999999
1.711,0.000234308604847097,-0.000175928415856159,0.0329767716291647,0.0041405920173846,0.00629761071392198,0.0105654693410062,0.0316802825274803,0.0124612408867507,-0.0214853821344575,0.229318681669334,1.33213783197746,0.0142366973096207,0.0301191786657313,-1,-0.0612884759902954,1,-1,0.0999999999999999
1.712,0.000262613312381891,-0.000162419663840538,0.0329561703861323,0.00428377717981967,0.00764606972917735,0.0105800692051874,0.0250956170114619,0.014572228825025,-0.0196252133992597,-0.00156599164877861,1.18528778053876,0.0148065596119666,0.0301191786657313,-1,-0.400702059268951,0.859466373920441,-0.72582995891571,0.0999999999999999
1.713,0.000285203073869959,-0.000148659977033023,0.0329383075050186,0.00353756762628419,0.0082469414964731,0.0105968299576515,0.0201745577080956,0.0130268841274994,-0.0160186070275264,-1.3858041495174,-0.038108763476319,0.0182906115818059,0.0301191786657313,-1,-0.0751396864652634,0.291114628314972,-1,0.0999999999999999
1.714,0.000304842001701346,-0.000134248614000069,0.032925882008369,0.0024476341824828,0.00717774472675707,0.0106120964069403,0.019074789804113,0.0158996476776925,-0.00878397724589712,-0.62881306446563,-1.84655738054532,0.01217944978082,0.0301191786657313,-1,-0.64333176612854,1,-0.677550077438354,0.0999999999999999
1.715,0.000320963963594073,-0.000119521864045115,0.0329193887553627,0.00164933115386103,0.00592787102330604,0.0106255805881723,0.0131368088239362,0.0136445009165755,-0.00418934387646077,-0.858402462210105,-0.380748259812706,0.0145699259778879,0.0301191786657313,-1,-0.237875238060951,0.394456207752228,-0.584672391414642,0.0999999999999999
1.716,0.000333008683174841,-0.000105813083170882,0.0329178401241713,0.00123787376398035,0.00608282525132837,0.010639106936122,0.0109946542113552,0.0138306471534335,0.00108651797839263,0.0752967784207177,0.690715353184829,0.0123016535605746,0.0301191786657313,-1,-0.556049823760986,0.741015136241913,-0.709273457527161,0.0999999999999999
1.717,0.000342013500630159,-9.24153358811195e-05,0.0329219005181748,0.00153993263353757,0.00742624758701958,0.0106510547952103,0.00713113131325597,0.0129761381412118,0.00701324003861922,0.440193162002966,1.76491946614964,0.0117392354192162,0.0301191786657313,-1,-0.688453257083893,0.862415850162506,-0.532062888145447,0.0999999999999999
1.718,0.000347135329781156,-8.08378009783836e-05,0.0329313005503205,0.00164160088157033,0.00913585090775197,0.0106642431363673,0.00325013985088635,0.0102063992945173,0.0117380020083816,-0.279775013950245,1.34928759395706,0.014681734536384,0.0301191786657313,-1,-0.256224453449249,0.620201885700226,-0.552201807498932,0.0999999999999999
1.719,0.000349430786014927,-7.04910981473668e-05,0.0329447354958972,0.0014268697065327,0.00945704917446892,0.0106777706824421,0.00137321289268325,0.0105232200444409,0.0150617906480167,-0.135897386373866,-0.751482248410732,0.0123036516298639,0.0301191786657313,-1,-0.163602977991104,1,-0.24440835416317,0.0999999999999999
1.72,0.000348555351129474,-6.04039895178271e-05,0.0329588662856345,0.00118291073992208,0.00825034234866172,0.0106902962207296,-0.00319297556160417,0.0096912623681615,0.0131410739522126,-0.334239019297421,-1.43474445609744,0.0128050936456804,0.0301191786657313,-1,-0.272199869155884,1,-0.633976459503174,0.0999999999999999
1.721,0.000342862986265099,-5.01356334567148e-05,0.0329724703972718,0.00106330997280995,0.00706944413722296,0.0107023237929891,-0.00826672175266561,0.0108705890486845,0.0140012893194633,0.0871901616836813,-0.722852785258864,0.0114343194744037,0.0301191786657313,-1,-0.566177129745483,0.922217190265656,-0.116157181560993,0.0999999999999999
1.722,0.000332113367293254,-4.11897972603628e-05,0.0329862605549357,0.000571005170302981,0.00695449540000082,0.0107162639675478,-0.01325881052557,0.00707832740064193,0.0135193255668182,-1.00180483446184,0.487148176029615,0.0161127880361555,0.0301191786657313,-1,-0.813244462013245,0.876864612102509,-0.694517850875854,0.0999999999999999
1.723,0.000316529598271455,-3.47799475081177e-05,0.0330021407425217,-0.000340651078056557,0.00775984291646048,0.0107320550143708,-0.0178773316896466,0.00581956103147825,0.0181612982448685,-0.667943132761938,0.934842627497656,0.0147908800064601,0.0301191786657313,-1,-0.938451051712036,0.542930126190186,0.205071151256561,0.0999999999999999
1.724,0.000297390277190262,-3.26773958340143e-05,0.0330210057549039,-0.00144043039320728,0.00812972344806504,0.0107489642697347,-0.0204121877079316,-0.00151395804409774,0.0194860048489953,-1.33061332549932,-0.305572420918743,0.0183476970876234,0.0301191786657313,-1,-0.842319369316101,0.966992080211639,-0.166162326931953,0.0999999999999999
1.725,0.000274243440548756,-3.61926197368356e-05,0.033040522716435,-0.00212932244995426,0.00753597836803493,0.0107648192948089,-0.0259531771430312,-0.00546467611029202,0.0194615709856382,0.0823140237400191,-0.826598036567838,0.0128547156343884,0.0301191786657313,-0.798377275466919,-0.88565057516098,0.499782204627991,0.111484229564667,0.0999999999999999
1.726,0.000247334246163617,-4.46695190549422e-05,0.033059782953671,-0.0015560355169792,0.00605712480874381,0.0107765088132146,-0.0280124154472079,-0.0115143334442256,0.0189730243327135,0.97100945887851,-1.91931765168674,0.0107047036268204,0.0301191786657313,-0.777872204780579,-1,0.523151516914368,0.686469495296478,0.0999999999999999
1.727,0.000217812407664073,-6.15858170247458e-05,0.0330766958364604,-0.00106907854220856,0.00423559558127909,0.0107885718669087,-0.0312027431441361,-0.0223437456830971,0.0147891344566862,-0.0436081668169277,-1.46498881154496,0.0132235650896953,0.0301191786657313,-0.229594811797142,-0.262311339378357,-0.349692046642303,-0.207997858524323,0.0999999999999999
1.728,0.000189058002630369,-8.43635936125106e-05,0.0330906463428592,-0.000116354269949121,0.00224316485390027,0.0108000956449916,-0.026503715320291,-0.0233253594165973,0.0130542575284451,1.82555392373664,-2.22456176309662,0.0101924417058082,0.0301191786657313,-0.339463412761688,-0.106408357620239,-0.263923555612564,0.281819999217987,0.0999999999999999
1.729,0.000163784094757666,-0.000109621584151039,0.0331007398788969,0.00176950626145256,0.000601200189091897,0.0108103979413321,-0.0242135128981334,-0.0273552363290266,0.00711238294466787,1.66032432519773,-0.831313077907975,0.0109385849072347,0.0301191786657313,0.564464449882507,0.00939587317407131,-0.791909992694855,-0.722821652889252,0.0999999999999999
1.73,0.000144943348850858,-0.000135900657430798,0.0331063771367643,0.00371890957197872,-0.000493263158586926,0.0108209427553967,-0.0136249185892382,-0.0253962291955753,0.00415826778437921,1.9431991892399,-1.20642474546506,0.0103559722029273,0.0301191786657313,0.209860384464264,0.436502814292908,-0.794101476669312,-0.867925882339478,0.0999999999999999
1.731,0.000135259080946799,-0.000158979689112,0.0331092996359816,0.00559812946459603,-0.00116615865062459,0.0108325534348612,-0.00583851117921626,-0.0209538947540562,0.00169143047422744,1.52847202964304,-0.0489981876641421,0.0131354904819417,0.0301191786657313,0.623177111148834,0.630416572093964,-0.946295201778412,-1,0.0999999999999999
1.732,0.000135031341489951,-0.000177048703164936,0.0331087379708653,0.00663096647178943,-0.00109090547817994,0.0108458026684572,0.00535366304535146,-0.0153087438641331,-0.00279484199578761,0.396275803183438,0.182159483578755,0.0132520433716055,0.0301191786657313,0.548565864562988,0.966110289096832,-1,-1,0.0999999999999999
1.733,0.000145990387686316,-0.000188644294165135,0.0331030898714923,0.00661946203662884,-0.000822561347243447,0.0108591604156452,0.0165487781363694,-0.00794338333601239,-0.00845006798408662,-0.382757577711881,0.332602763534884,0.0134194298975747,0.0301191786657313,0.208298310637474,1,-0.62980043888092,-1,0.0999999999999999
1.734,0.000166062234668657,-0.000192784987605714,0.0330917086625112,0.00606570889116336,0.000159181298637226,0.0108748220699035,0.0236852082933985,-0.000327612052797444,-0.014254747600423,-0.609612446437973,1.4993566813926,0.0174276208884283,0.0301191786657313,-0.297255516052246,0.742996692657471,-0.476253628730774,-1,0.0999999999999999
1.735,0.000191616470300288,-0.000190018923755064,0.0330765979667303,0.00538724197785506,0.00233651123313758,0.0108944425544619,0.0276138699194645,0.00590004574194911,-0.0159039535215163,-0.625524775245586,2.51820018853128,0.0206156501160202,0.0301191786657313,-1,0.481671094894409,0.0693640559911728,-1,0.0999999999999999
1.736,0.000217827798718903,-0.000181682142115617,0.0330614022059626,0.00478016996637234,0.00553283956387778,0.0109169315677948,0.0250852718512534,0.0108166903692414,-0.0144245125448092,-0.492563361258427,3.34866344074746,0.022622635766966,0.0301191786657313,-1,0.502625107765198,0.194202587008476,-1,0.0999999999999999
1.737,0.000241916393259271,-0.000168180961267575,0.0330474418174247,0.00455218101843916,0.00810143719037119,0.0109366468715613,0.0233203481795202,0.0162124028587298,-0.0134351767197459,0.0466094247208241,1.38245175470227,0.0156785566412019,0.0301191786657313,-1,-0.256285697221756,1,-1,0.0999999999999999
1.738,0.000262253626294345,-0.000151533642268143,0.0330345402561155,0.00412257691781775,0.00862874207704848,0.0109524782984303,0.0174372696343376,0.0171462132836509,-0.0123096867962073,-0.867384949975542,-0.373247851513736,0.0158090030894605,0.0301191786657313,-1,-0.388917058706284,1,-1,0.0999999999999999
1.739,0.000276819084429372,-0.000134120754682223,0.0330233404396901,0.0029177836748992,0.00756864662881614,0.0109684527792657,0.0116640594697316,0.0177944221393793,-0.0100492066639598,-1.36425619923634,-1.50739629552267,0.0158676334037954,0.0301191786657313,-1,0.206387251615524,1,-0.947050452232361,0.0999999999999999
1.74,0.000285392397456676,-0.000113983800274674,0.0330125065834484,0.00225651203166749,0.00620898566292356,0.0109817846300482,0.00542762961947713,0.0225512645567443,-0.011572152065798,0.104835815826299,-0.938220856986674,0.0110690699657236,0.0301191786657313,-1,-0.835394561290741,0.545127630233765,-0.317832320928574,0.0999999999999999
1.741,0.000289019909732984,-9.41963968057822e-05,0.0330029151675375,0.00152621004390814,0.00563385020989643,0.0109959921557143,0.00179864107790535,0.0171184111297936,-0.00757006704997486,-1.47990035976825,-0.0944633693484623,0.0170559342552719,0.0301191786657313,-1,-0.649909257888794,0.306857049465179,-0.333289861679077,0.0999999999999999
1.742,0.000289722649450835,-7.88621161323273e-05,0.0329976419506061,-9.59809565139761e-05,0.00585557953947576,0.0110136498748585,-0.000373195797564295,0.0136996101758788,-0.00296043021022318,-1.50016057771742,0.500103820424625,0.0173329144431551,0.0301191786657313,-1,-0.65406745672226,0.855737447738647,0.154668599367142,0.0999999999999999
1.743,0.000286567174988562,-6.81022838120332e-05,0.0329938217698706,-0.00143250863495654,0.00696192611282429,0.0110302195392706,-0.00585291827622714,0.00795211783236427,-0.00465198821495312,-0.951211096881012,1.49706112866742,0.0149654872053706,0.0301191786657313,-1,-0.931120693683624,0.296856760978699,0.116360113024712,0.0999999999999999
1.744,0.000279942236142508,-6.35831719561044e-05,0.0329910883934197,-0.00191013410031332,0.0077985664695423,0.0110439190165068,-0.00735107833916745,0.00115006781442507,-0.000811727960367666,0.0714795838168522,0.00980919350697899,0.0122789890467006,0.0301191786657313,-1,-1,0.403982371091843,-0.164452701807022,0.0999999999999999
1.745,0.000271511022688098,-6.51518018037459e-05,0.0329929896152811,-0.00113846359046479,0.00703027639993984,0.0110540536622787,-0.00958072733657012,-0.00434106145651248,0.00460084850717723,1.32962439356993,-1.425286227042,0.00844612590467238,0.0301191786657313,-1,-0.515362024307251,0.500110805034637,0.257123082876205,0.0999999999999999
1.746,0.000260204713373397,-7.22578874337987e-05,0.0329970906430582,0.000364776542586959,0.00549401112591057,0.0110619235568112,-0.0131454305762848,-0.00996879812999974,0.00358081742090829,1.41205897167691,-1.39393091716033,0.0081516985026008,0.0301191786657313,-1,-0.607338786125183,-0.155955463647842,-0.360344022512436,0.0999999999999999
1.747,0.000247081525745326,-8.36830239946129e-05,0.0330043756087097,0.00168017208685885,0.0040669362765848,0.011070325632526,-0.0132235349247684,-0.0129840230548693,0.0109279569922478,1.00237051951639,-1.2320085995719,0.00931054107402555,0.0301191786657313,-0.491303741931915,-0.171370282769203,-0.322083383798599,-0.744501709938049,0.0999999999999999
1.748,0.000235672218960497,-9.58261081336679e-05,0.0330175986968522,0.00278800662550363,0.00281920181102601,0.011079408467968,-0.00971673794424199,-0.0114092013759542,0.0154447675394133,1.03679545985307,-1.06440325892047,0.00944861353376841,0.0301191786657313,-0.375328153371811,-0.0542618408799171,-0.0878501981496811,-0.833858251571655,0.0999999999999999
1.749,0.000227105537988613,-0.000106021078291561,0.0330339716474799,0.00362440407636296,0.00237274532542533,0.0110901839772684,-0.00747395635983046,-0.00906767027772606,0.0172247845259653,0.508940850540904,0.225417252138591,0.0124509843899348,0.0301191786657313,-0.274165421724319,0.183492943644524,-0.116251200437546,-1,0.0999999999999999
1.75,0.000221129246697159,-0.00011278619182194,0.0330514580136409,0.00402432624391558,0.0030466432463491,0.011103707629541,-0.00445410892929103,-0.0045142743818862,0.0176719888806675,0.236731374894611,0.979131223927902,0.0144211322127957,0.0301191786657313,-0.421894311904907,0.261081516742706,-0.467239141464233,-1,0.0999999999999999
1.751,0.000218944748789847,-0.000114854522265733,0.0330704768550722,0.00410655120160454,0.00378091856492747,0.0111178733253241,0.000112543700500808,0.000351713618720215,0.0202746409079761,-0.078739993463873,0.350661093461885,0.0136323432392554,0.0301191786657313,-0.844219148159027,0.422421187162399,0.312453210353851,-0.93380868434906,0.0999999999999999
1.752,0.000217625062772797,-0.000111751939271604,0.0330900888230969,0.00398259327369339,0.00468024827558935,0.0111328150317616,-0.0026861749619526,0.00585099377356566,0.0188696235105065,-0.151174107582649,1.27593665245449,0.0158277225166061,0.0301191786657313,-1,-0.0618835985660553,0.229381635785103,-0.67364490032196,0.0999999999999999
1.753,0.000213491408786548,-0.00010542930074763,0.0331094754480366,0.00318474535758998,0.00593700985219784,0.0111504329666943,-0.00549852454202297,0.00685904984143162,0.0198177316058445,-1.30584576444391,0.997833341142245,0.018679904556176,0.0301191786657313,-1,-0.0395034849643707,0.589245021343231,-0.76306414604187,0.0999999999999999
1.754,0.000205595186704528,-9.74780165316758e-05,0.0331286688618376,0.00189270056953831,0.00662817000837571,0.0111686224968408,-0.010250118674045,0.00913822617845057,0.0184911411573623,-1.06027690649077,0.243925458297554,0.016825401901886,0.0301191786657313,-1,-0.0854803025722504,0.730822563171387,-0.754436135292053,0.0999999999999999
1.755,0.000192522507293668,-8.71428922703448e-05,0.0331459748026606,0.00134233024946301,0.00642051295309934,0.011183212527869,-0.0159234825310813,0.0115839931917227,0.0160504618789758,0.0316668627825099,-0.649868459951545,0.0121662564964602,0.0301191786657313,-1,-0.467214792966843,0.66841858625412,0.212816089391708,0.0999999999999999
1.756,0.000173762835876835,-7.84617095645308e-05,0.0331589527978414,0.000722204399967853,0.00542871126371579,0.0111973536160792,-0.0216986623701801,0.00584134613234369,0.00985099438916146,-1.18102258121244,-1.19600574574772,0.0158189655705652,0.0301191786657313,-1,-0.568066239356995,0.693477630615234,-0.0823466330766678,0.0999999999999999
1.757,0.000148801609324343,-7.46926277240876e-05,0.0331667389974649,-0.000478451442435005,0.00436176569103061,0.0112132501837352,-0.0283233886123527,0.00179817383025454,0.00570062877958813,-1.01264595559512,-0.804358243597446,0.0153998768965418,0.0301191786657313,-0.663257777690887,-0.735253393650055,0.0559554100036621,0.184128001332283,0.0999999999999999
1.758,0.00011989950256204,-7.61015617942538e-05,0.0331708570825457,-0.00134213253330469,0.00311742796473226,0.0112285353910537,-0.0296199236268735,-0.00454047678005864,0.00252912311961312,-0.557143840547906,-1.52497176802352,0.0148659248311321,0.0301191786657313,-0.496950626373291,-0.725193381309509,0.103573933243752,0.16204722225666,0.0999999999999999
1.759,8.96059020061669e-05,-8.36450796654386e-05,0.0331711283231746,-0.00135481824280505,0.00159633834058022,0.0112426345853738,-0.031126876022095,-0.0105437572173774,-0.00197551998197775,0.546393407931008,-1.31593832177017,0.0133049882898298,0.0301191786657313,0.00488743185997009,-0.758482754230499,-0.472414761781693,0.548997342586517,0.0999999999999999
1.76,6.06964096929968e-05,-9.86385616741427e-05,0.0331659924742419,-0.000751935555233608,-0.000146823405046914,0.0112561813524144,-0.0268847657519166,-0.0194781996503247,-0.00824767728789525,0.583496340387742,-1.9229682885767,0.0136486295356234,0.0301191786657313,0.376274973154068,-0.33210226893425,-0.666735231876373,-0.0610224828124046,0.0999999999999999
1.761,3.72587409162641e-05,-0.000119563570254441,0.0331547225815273,0.0005962968007291,-0.00221022590451273,0.0112702166149385,-0.0201890106979719,-0.0225006925113004,-0.0142279079937824,1.91134667118433,-1.88676527646846,0.014514622276908,0.0301191786657313,0.72834974527359,-0.0517451167106628,-1,-0.222440257668495,0.0999999999999999
1.762,2.21534505871118e-05,-0.000142610612312091,0.0331372376607875,0.0028977216798468,-0.0039661937520861,0.0112854332611079,-0.0101917517530247,-0.0237927129525778,-0.0206445483786267,2.32250256691217,-1.34650542758954,0.0157371828025381,0.0301191786657313,0.927943170070648,-0.0956992655992508,-1,-0.846674799919128,0.0999999999999999
1.763,1.73239616427571e-05,-0.000165731364917692,0.0331151008127194,0.00504097750045455,-0.00466177873327152,0.0113020784771396,0.000441034705394095,-0.0226430816300838,-0.0235181770900185,1.62950030520547,0.0625149431884926,0.0172246364004238,0.0301191786657313,0.943459570407867,1,-1,-1,0.0999999999999999
1.764,2.3140961141959e-05,-0.000184288067094149,0.0330874785277521,0.0067953928656299,-0.00387468374243297,0.0113218576158047,0.0112322815050056,-0.0146474205213155,-0.0315825130081021,1.60154681771815,1.37483750432643,0.0214450630475574,0.0301191786657313,0.347816705703735,0.555060207843781,-1,-1,0.0999999999999999
1.765,3.81951903175288e-05,-0.000196674549983643,0.0330554142579414,0.00736127075758493,-0.001824790122873,0.0113441511384669,0.0190194451006963,-0.010203549411448,-0.0324094594697726,-0.532366784607923,2.38122370770038,0.0221247125966564,0.0301191786657313,0.120594009757042,1,-1,-1,0.0999999999999999
1.766,6.08794961842724e-05,-0.000203266020456699,0.0330222755492822,0.00635511374053596,0.000352711147506639,0.0113652284943955,0.0265247671322128,-0.00294114094604859,-0.0337300750936459,-1.27165687221451,1.63334499332169,0.0190255182645691,0.0301191786657313,-0.416997760534286,0.869882881641388,-0.290270060300827,-1,0.0999999999999999
1.767,8.7658182279481e-05,-0.000202782825206917,0.0329881135829041,0.00516595169569352,0.00208599481422093,0.0113845243187227,0.027202992782008,0.00396944605595099,-0.0344467652431386,-0.886525208967039,1.58277704022497,0.0185738053135378,0.0301191786657313,-0.731816291809082,0.56249213218689,-0.29110586643219,-1,0.0999999999999999
1.768,0.00011462080911451,-0.000196150755670299,0.0329556398100865,0.0046020064586184,0.00336589769663398,0.0114018212518716,0.0268672157298724,0.00933058511279962,-0.0303725932126509,-0.154970913470949,0.81110674689613,0.0154073129406128,0.0301191786657313,-1,0.202795892953873,0.243207991123199,-0.962615370750427,0.0999999999999999
1.769,0.000139071942846833,-0.000185284263645101,0.0329278489533171,0.00452089528840212,0.00424545956823702,0.0114172496019798,0.0221727616261877,0.0124154539412766,-0.0251126922592588,-0.020115569026303,0.845346663808031,0.0152125789506289,0.0301191786657313,-1,-0.179955363273621,0.699560463428497,-0.792237877845764,0.0999999999999999
1.77,0.000157717124093974,-0.000172989323356023,0.0329048767208177,0.00403349121130973,0.00526465399085252,0.01143406033983,0.015230270533568,0.0122344331121512,-0.0207274141711523,-0.893106800405885,1.0490485993408,0.0179809019039926,0.0301191786657313,-1,-0.10152692347765,0.711580395698547,-1,0.0999999999999999
1.771,0.000169684359438738,-0.00015973222088532,0.0328869890529235,0.00323753609619668,0.00605749691313056,0.0114512270947547,0.00880794846354967,0.0143541498485574,-0.0149889714743669,-0.584471573265415,0.422409095123951,0.0157952157963434,0.0301191786657313,-1,-0.141345262527466,1,-0.544664859771729,0.0999999999999999
1.772,0.000174464622408737,-0.00014570532550648,0.032872810219104,0.00258432305192378,0.00625870582398907,0.0114668982095827,0.000810724882355986,0.013776403917407,-0.013312335363982,-0.635491859575206,-0.0427379420353264,0.0152456196954288,0.0301191786657313,-1,-0.348240196704865,0.582772791385651,-0.920190751552582,0.0999999999999999
1.773,0.000172622518048772,-0.000131511710374614,0.0328636521210705,0.00225570776707164,0.00561902682940606,0.0114803395035747,-0.00453132486342786,0.0146620261332389,-0.00498340020434479,0.0007009504450779,-1.11786107137213,0.0117806923343817,0.0301191786657313,-1,-0.246635407209396,0.899305760860443,-0.00035405158996582,0.0999999999999999
1.774,0.000164190354736574,-0.000118914587502525,0.0328586248587037,0.00182204592487467,0.00467959574920397,0.0114935819903361,-0.0124167306081959,0.0105885432315889,-0.00505104288152539,-0.821222581212447,-0.6042586625499,0.014657784246262,0.0301191786657313,-1,-0.284403085708618,0.188018947839737,0.0735467970371246,0.0999999999999999
1.775,0.000149909596957974,-0.000110561520436205,0.0328557013959669,0.000749057961219736,0.00394218426734817,0.0115087516738512,-0.016211754401187,0.006225727835981,-0.000800075389380102,-1.14497440737948,-0.766188179383209,0.0153209702624307,0.0301191786657313,-1,-0.482387483119965,0.519564390182495,-0.450245916843414,0.0999999999999999
1.776,0.000130537735511536,-0.000105259936692745,0.0328583198739851,0.000175596345727068,0.00362808524933368,0.0115229994404351,-0.0225739692999956,0.00443395522774346,0.00599943974434182,0.0865140523167998,0.14480985298635,0.0129835228925475,0.0301191786657313,-0.0606064200401306,-0.871964335441589,0.144903928041458,0.0188504606485367,0.0999999999999999
1.777,0.000108854655694507,-0.000104418679030405,0.0328655229584568,0.00013420992933913,0.00294666783603721,0.0115361659852287,-0.0208895230753217,-0.00273923278119199,0.00837284735733069,-0.165026785376799,-1.43369884927851,0.0133366210527931,0.0301191786657313,-0.500521421432495,-0.589998722076416,0.200605839490891,-0.250998139381409,0.0999999999999999
1.778,8.68954717049229e-05,-0.000108986734687767,0.0328762140596176,0.000386754414960617,0.00158832748431326,0.0115489446373567,-0.0231641767283775,-0.00641451671398657,0.012946868385301,0.62899527589559,-1.08496818654895,0.0123964345597023,0.0301191786657313,-0.0703674778342247,-0.439535975456238,-0.147287964820862,-0.247141718864441,0.0999999999999999
1.779,6.47568581687839e-05,-0.000116898651861805,0.0328905397365184,0.00132690072335035,0.000374265551383753,0.0115610888493958,-0.0212511818963932,-0.0094785976710352,0.0156310823886798,1.09115804194191,-1.17456890905945,0.0120967271929357,0.0301191786657313,0.292954623699188,-0.374642759561539,-0.470385819673538,0.156333804130554,0.0999999999999999
1.78,4.63370736432417e-05,-0.000129215431448021,0.0329057028083088,0.0019407942256126,-0.00104591915205239,0.0115729527955453,-0.0157455770385345,-0.0152017372528207,0.0146339830285845,0.054759458009915,-1.44819408556031,0.0116748642118318,0.0301191786657313,0.507081151008606,0.149122267961502,-0.5058753490448,-0.648117423057556,0.0999999999999999
1.781,3.38159728257135e-05,-0.000143165080219585,0.032920058721319,0.00262840576207568,-0.00230780775387863,0.0115853587587682,-0.00941930592246471,-0.0127787575059662,0.0140196926163922,1.22338546632744,-0.873149903641291,0.0134627256598055,0.0301191786657313,0.599505007266998,0.241815567016602,-0.975504219532013,-0.756327927112579,0.0999999999999999
1.782,2.91514276473971e-05,-0.00015435326839925,0.0329348821067408,0.00418700748745935,-0.00302514921554825,0.0115995570235556,-4.24240957621232e-06,-0.00973854995106578,0.015561216038956,1.63005600992503,-0.445968672945332,0.0148522735783785,0.0301191786657313,0.889140427112579,0.52119779586792,-0.821530699729919,-0.798629701137543,0.0999999999999999
1.783,3.42093677361727e-05,-0.000161849362258433,0.0329489147945589,0.00564779933588968,-0.00316252492216594,0.0116149305789786,0.0100856600522926,-0.00538370884911196,0.0124571629003985,1.04099995075967,0.203698311748824,0.0156411862317548,0.0301191786657313,0.615081310272217,0.588972270488739,-1,-1,0.0999999999999999
1.784,4.91299491008854e-05,-0.000164420897487673,0.0329615519106446,0.00615793184595319,-0.00256603823604205,0.0116309940840589,0.019792946070323,0.000181250803543798,0.0127582082025767,-0.102932006645892,0.912037144748099,0.0161980308059704,0.0301191786657313,0.00279077887535095,1,-0.630183339118958,-1,0.0999999999999999
1.785,7.09152028271699e-05,-0.000160162971774652,0.0329738074173183,0.00583955461553156,-0.000713238864933851,0.0116500985337016,0.0239357899360788,0.00834245078137057,0.0116964892356078,-0.479199311175516,2.49938088645,0.0211026973148056,0.0301191786657313,0.0153429061174393,0.698372364044189,-0.299517244100571,-1,0.0999999999999999
1.786,9.64297764190745e-05,-0.000148553098688013,0.0329846803225914,0.005075994828574,0.00195597152577261,0.0116717650100133,0.0273157361485669,0.0149343581457738,0.0100012361587256,-0.927756611516765,2.41007646275115,0.0210128546933973,0.0301191786657313,-0.710321485996246,0.61727774143219,0.330410689115524,-1,0.0999999999999999
1.787,0.000121694507317938,-0.000130342409813992,0.0329943096324266,0.00417556823221304,0.00457086612879782,0.0116932692275262,0.0234581321609636,0.0215621604058877,0.00922003492104213,-0.747151205318935,2.40094266205389,0.0206781372229525,0.0301191786657313,-1,0.0134254768490791,0.84751570224762,-0.636204838752747,0.0999999999999999
1.788,0.00014119572213383,-0.000108263915939948,0.0330030769696637,0.00291054719738641,0.00673448081685254,0.0117149974562913,0.0157609733833239,0.0227238956637256,0.00828704244954535,-1.59621337443038,1.58098676698817,0.0217829234345988,0.0301191786657313,-1,-0.469368934631348,0.968668282032013,-0.692791223526001,0.0999999999999999
1.789,0.000153092230456554,-8.59291377747966e-05,0.0330121301910057,0.00106205737035069,0.00736303567861776,0.0117366042998692,0.00812891533625086,0.0221187753943095,0.00977716594240312,-1.81283691820049,-0.396999408855394,0.0205609620034622,0.0301191786657313,-1,-0.0956110954284668,1,-0.28464275598526,0.0999999999999999
1.79,0.000157291298809948,-6.38090205833345e-05,0.0330199857853466,-0.000213471630827613,0.00615704774418121,0.011754876877919,0.000215561078237757,0.0222530236460544,0.00590594515927875,-0.563695122117346,-1.77194687295507,0.0156589329702923,0.0301191786657313,-1,-1,1,0.361477255821228,0.0999999999999999
1.791,0.000153285345161343,-4.61475823608816e-05,0.0330246640581296,-0.00132785446574,0.00444037242279732,0.0117721812897549,-0.00832764747014039,0.0132069858662587,0.00343657577486208,-1.50478108626187,-1.35104608318633,0.0181706388828415,0.0301191786657313,-1,-1,0.509012937545776,0.233272150158882,0.0999999999999999
1.792,0.000141949107006212,-3.6775804450243e-05,0.0330287483422576,-0.00265965955915556,0.00346099437566117,0.0117895927931686,-0.0144137782511102,0.00567190799346157,0.00471089404108014,-0.940596159323909,-0.455509046885078,0.0159625231461665,0.0301191786657313,-1,-1,0.584320306777954,0.69983571767807,0.0999999999999999
1.793,0.000124063932697502,-3.61527926821332e-05,0.033032346796975,-0.00330873897975951,0.00369483959960429,0.0118038945375316,-0.0213559556971974,-0.00434626095292942,0.00247927189195624,-0.240288280538018,0.83029388872272,0.0124845257139979,0.0301191786657313,0.232861310243607,-1,-0.515643835067749,0.481705456972122,0.0999999999999999
1.794,0.000106580103615785,-4.48006331030472e-05,0.0330338427673141,-0.00284680545432006,0.00270955441832414,0.0118182759146692,-0.0137330884992283,-0.01297992799618,0.00051091436949392,1.09496600933287,-2.65510595976019,0.0161207265646405,0.0301191786657313,-0.328492403030396,-0.833693206310272,0.558954000473022,0.546100258827209,0.0999999999999999
1.795,9.10591816730894e-05,-6.20116514506983e-05,0.0330310654193424,-0.00135329777236699,0.000661841446887014,0.0118331902815294,-0.017464979207086,-0.0215491422345195,-0.00603864156442285,1.65321267420527,-1.10973011893764,0.0138345783288526,0.0301191786657313,0.045862078666687,-0.48890009522438,-0.335695058107376,0.271798014640808,0.0999999999999999
1.796,7.54252527070396e-05,-8.62902958206847e-05,0.0330231748203415,0.000519143431195974,-0.000316437116836473,0.0118469350390611,-0.0139136043042458,-0.0271645765718122,-0.00969716646421829,1.80439671941196,-0.7115191438174,0.0137261427447747,0.0301191786657313,0.77021324634552,-0.110879547894001,-1,-0.236895799636841,0.0999999999999999
1.797,6.74741792337453e-05,-0.000113914049748705,0.0330119637292122,0.00252159454893443,-0.00179022927456615,0.0118602447766643,-0.00212562556707884,-0.0282755326774081,-0.0126657363024821,1.89579426661338,-1.98372780446923,0.0127277259902468,0.0301191786657313,0.136176228523254,0.140647277235985,-1,-1,0.0999999999999999
1.798,6.89605600127213e-05,-0.000140022186578767,0.0330016244057642,0.0046466368836183,-0.00306934322854508,0.0118745254272703,0.00499496547543174,-0.0241541837686624,-0.00797603996513583,2.02287280568737,-0.343817385983404,0.0161658170286704,0.0301191786657313,0.415493696928024,0.359266996383667,-1,-1,0.0999999999999999
1.799,7.83481345346873e-05,-0.000161877109836376,0.0329945449857657,0.0061690012481083,-0.00257476000648133,0.0118923055092339,0.013812682687095,-0.0197168632027904,-0.0061548092854187,0.797640782658313,1.25726739387637,0.0190904956095138,0.0301191786657313,0.43997859954834,1,-0.945236921310425,-1,0.0999999999999999
1.8,9.67370546375512e-05,-0.000177603944421343,0.0329871367730918,0.00662384483988978,-0.000899380471771278,0.0119124850901069,0.0230822005735195,-0.0118296221581948,-0.00862433087773431,0.0743378299509161,1.82658181599468,0.0204212636770388,0.0301191786657313,-0.210933193564415,1,-0.6511150598526,-1,0.0999999999999999
1.801,0.000121888505046246,-0.000185585947456,0.0329785033475602,0.00635127682402072,0.00136774288772634,0.0119344671129991,0.0274206490078677,-0.00414308924584023,-0.00860927340344917,-0.541930067840466,2.3479596608168,0.0223591688718986,0.0301191786657313,-0.124028146266937,0.595472633838654,-0.4557766020298,-1,0.0999999999999999
1.802,0.000151672514169328,-0.000187085405116346,0.0329703457116325,0.00540459552661979,0.00320651920067147,0.0119556089811725,0.0323204503658075,0.00119058539415049,-0.0076789436910636,-1.16563057411961,1.06996147687643,0.019053645630926,0.0301191786657313,-0.864553391933441,0.63499528169632,0.201455563306808,-1,0.0999999999999999
1.803,0.000182395237290678,-0.00018290995928865,0.0329634237987747,0.00446108073128404,0.00449974177721942,0.0119748193901001,0.0292871512634738,0.00721377836990331,-0.00613987135679963,-0.556400791104966,1.35590314059589,0.0184962975818876,0.0301191786657313,-1,0.507623672485352,0.55976539850235,-1,0.0999999999999999
1.804,0.000208978947043622,-0.000172926571156824,0.0329578511574552,0.00434848800927721,0.00601676688738342,0.0119924692525899,0.0240598535877823,0.0127621459779609,-0.00498161967416282,0.325955201195835,1.46342452971434,0.0161950778811267,0.0301191786657313,-1,-0.391447842121124,0.774208843708038,-1,0.0999999999999999
1.805,0.000230151014352032,-0.000160190233599952,0.0329556466384709,0.00415399193181842,0.00720951013771423,0.0120098901610612,0.0184258095646236,0.0127522914722359,0.000573644928502135,-0.705947062991414,0.754947549459767,0.0183495947160275,0.0301191786657313,-1,0.261696219444275,0.825643122196198,-0.871587693691254,0.0999999999999999
1.806,0.000245795463883896,-0.000145607245088525,0.0329564081728949,0.0035909160770245,0.00740679455374302,0.0120264850128091,0.0129329884873816,0.0164673506210289,0.000944372373648026,-0.353985561740927,-0.350335698649251,0.0146417254756721,0.0301191786657313,-1,0.0248912870883942,0.423203408718109,-0.755685448646545,0.0999999999999999
1.807,0.000257290954017818,-0.000128252950902611,0.032959126634666,0.00317967680052321,0.00633550169050543,0.0120400160663472,0.010016931068786,0.0183021713350717,0.00446979407673449,-0.438337998689626,-1.5581762856853,0.0127628940561124,0.0301191786657313,-1,-0.00280694663524628,0.999124884605408,-0.570583522319794,0.0999999999999999
1.808,0.000263836706936975,-0.000109522997587869,0.0329630300477405,0.0025953860984457,0.00540147392459401,0.0120542487137585,0.00304702211180191,0.0192335385876784,0.00332111582831958,-0.670967899250024,-0.121750549140022,0.0157129645023477,0.0301191786657313,-1,-0.199056357145309,0.71182781457901,-0.398325353860855,0.0999999999999999
1.809,0.000264275567578448,-9.07849412375082e-05,0.032966680883694,0.00165728193623498,0.0058993632255772,0.0120715300348313,-0.00212521989154464,0.0183490231555883,0.00396456176695503,-1.07572950138667,1.02517571826851,0.0182680114380965,0.0301191786657313,-1,-0.523137807846069,0.604242920875549,-0.33858534693718,0.0999999999999999
1.81,0.000260045357511301,-7.38247659073926e-05,0.0329720875160646,0.000400379632085162,0.00698860108673182,0.0120904678360394,-0.00625846510803098,0.0157019678656492,0.00681921980608353,-1.24462270341071,0.94299056978291,0.0188388155377057,0.0301191786657313,-1,-0.700602054595947,0.664479851722717,-0.77506422996521,0.0999999999999999
1.811,0.000251673532613238,-5.83408371755106e-05,0.0329820361836208,-0.000249985426148061,0.00747524712805684,0.0121069599987114,-0.0104580924245285,0.0153442167882246,0.0130159020123799,0.0221558453822046,-0.0761724105785023,0.0138432627938822,0.0301191786657313,-1,-1,0.412074089050293,0.472939252853394,0.0999999999999999
1.812,0.000239814529537276,-4.79518559764565e-05,0.0329957765525912,-0.000967004472270132,0.00660213811847075,0.0121239575863372,-0.0133443786787284,0.0055091226755074,0.0144047517303368,-1.35072443200801,-1.53411369279993,0.0196796554318679,0.0301191786657313,-1,-0.640342950820923,1,0.47120064496994,0.0999999999999999
1.813,0.000222850280017814,-4.59946050540823e-05,0.0330077842800461,-0.00219410119131036,0.00541212919406793,0.0121429470337238,-0.0206743617808655,-0.00148295467578697,0.00957466288288358,-0.885331217165507,-0.66842302569479,0.017384535454258,0.0301191786657313,-0.829874038696289,-1,0.00353384017944336,0.261052161455154,0.0999999999999999
1.814,0.000201967925793711,-5.13183749521279e-05,0.0330191405131273,-0.00256129964091748,0.00437090286115725,0.0121593977223484,-0.021203994529817,-0.00912591483284614,0.0130757821385045,0.225746698882942,-1.27072190898333,0.0152429118233129,0.0301191786657313,-0.467541337013245,-0.948209166526794,-0.165929332375526,0.305319845676422,0.0999999999999999
1.815,0.000181858842152206,-6.43184059100642e-05,0.0330328801053935,-0.00177359062499596,0.00275490863983425,0.0121739204347735,-0.0191742044151091,-0.0169235836554801,0.014335402208136,1.22798096036279,-1.71195610419173,0.0138426342443978,0.0301191786657313,-0.169452369213104,-0.659552276134491,-0.470867037773132,0.38107430934906,0.0999999999999999
1.816,0.000165216158031102,-8.47533417348949e-05,0.0330465242593583,-0.000269349248881279,0.000926093061025684,0.0121875293119027,-0.0142874316862379,-0.0240629707045622,0.0128973582371059,1.54839959527483,-1.65352652598584,0.0134975475401039,0.0301191786657313,0.160428419709206,-0.452216804027557,-0.289777785539627,-0.80424964427948,0.0999999999999999
1.817,0.000153516873710303,-0.000108386282798906,0.0330600488217183,0.00209110175144967,-0.000178761075158915,0.012200946899962,-0.0092195863532961,-0.0234106169161031,0.0140934228426603,2.79195471532333,-0.389655463552633,0.0138651134621828,0.0301191786657313,0.55386745929718,0.477496206760406,-0.628288209438324,-0.621190667152405,0.0999999999999999
1.818,0.00014897785487614,-0.000129677719559639,0.0330709235277252,0.00511446045155508,-0.000398735356098131,0.0122151287734753,8.3442956991243e-05,-0.0194343144979072,0.00764081594377979,2.75052112242279,-0.0300173430875579,0.0145630501430451,0.0301191786657313,0.203083232045174,0.6064772605896,-0.868812024593353,-1,0.0999999999999999
1.819,0.000153378331595808,-0.000146092771616449,0.0330779302828859,0.00716444609805212,-0.000157511658536351,0.0122304649239897,0.00871938137059785,-0.0135855038634503,0.00635166734858581,1.01634997493521,0.472495921946581,0.0160653408021026,0.0301191786657313,-0.16356372833252,0.844587087631226,-0.62308144569397,-1,0.0999999999999999
1.82,0.000164611165148493,-0.000156280046712907,0.0330832437295565,0.00706836127272442,0.000950949464316673,0.0122492004713979,0.0138305160284817,-0.00682062006089852,0.00425530887364092,-1.15570082531634,1.56524782313113,0.0208880717685988,0.0301191786657313,0.122746460139751,1,-0.321129739284515,-1,0.0999999999999999
1.821,0.000181251840350597,-0.000159092535649647,0.033084061750293,0.00543383794496138,0.00252878118907346,0.012270539434192,0.0195714073507817,0.00127494751891159,-0.00260970252487027,-1.79806817974184,1.34645991727548,0.0207593467114351,0.0301191786657313,-0.745191931724548,0.629327833652496,0.176595970988274,-1,0.0999999999999999
1.822,0.000199751429934778,-0.0001546416241253,0.0330803945966879,0.00376852629911827,0.00445157621776421,0.0122925740272923,0.017600017287576,0.00772716357945191,-0.00470405725410651,-1.23420491343665,2.19228755590991,0.0217566904743608,0.0301191786657313,-0.913673877716064,-0.00279185175895691,0.500294625759125,-1,0.0999999999999999
1.823,0.000215275000514875,-0.000145403232956286,0.0330761874169683,0.00281124310219905,0.00666549530733743,0.0123135736673698,0.0136411356848574,0.0108230415078906,-0.00369213901203987,-0.525493284340732,1.87017414103048,0.0190208044810153,0.0301191786657313,-1,-0.294109761714935,-0.0933887362480164,-0.586757242679596,0.0999999999999999
1.824,0.00022889933037759,-0.000135098415112106,0.0330747327076717,0.00224273062875772,0.00715669013637892,0.0123308495992895,0.0136686828035092,0.00985063907544442,0.000773137313453414,-0.531568071757573,-0.93159976550454,0.0153050246542842,0.0301191786657313,-1,-0.3431436419487,0.939918100833893,-0.544951617717743,0.0999999999999999
1.825,0.000239318386087804,-0.000125856908812482,0.0330745994283395,0.00181077599806447,0.00610447642983096,0.0123456471616854,0.00713967303230707,0.00868286407958401,-0.00103613641157968,-0.279498607389921,-0.950727197547327,0.0143569706666109,0.0301191786657313,-1,0.119378566741943,0.828767538070679,-0.505907654762268,0.0999999999999999
1.826,0.000243398642142123,-0.000116335225598047,0.0330714416944831,0.00210985749362317,0.0055289763202471,0.0123585058375317,0.0010081112156483,0.0103556073647495,-0.00525506922342146,0.792958025879684,-0.0860468907633002,0.0118220325803599,0.0301191786657313,-1,-0.927973628044128,0.435210585594177,-0.570168733596802,0.0999999999999999
1.827,0.00024259566618547,-0.000108291182946395,0.0330687819635005,0.00220317464477642,0.00560172847813318,0.012372645123782,-0.00260114912837918,0.00575613153292629,-6.58859554614663e-05,-0.639786378926547,0.214722570921388,0.0165507550642719,0.0301191786657313,-1,-0.0138768255710602,0.381822317838669,-0.632881700992584,0.0999999999999999
1.828,0.000238331414758255,-0.000101660616085702,0.0330688492885591,0.00188102495672255,0.00583570858448315,0.0123882256973267,-0.00591116162068956,0.00753537422665172,0.000199578641766102,0.0364328645115625,0.199914729392436,0.0144118499572528,0.0301191786657313,-0.897013425827026,-0.326604217290878,0.444471538066864,-0.252949714660645,0.0999999999999999
1.829,0.000230889113307993,-9.53567308840467e-05,0.0330684243439409,0.00162990140959546,0.0058738955595708,0.0124034095879204,-0.00898466850943908,0.00510476378419834,-0.00104623322818593,-0.507668752696268,-0.149087254007522,0.0158416384332128,0.0301191786657313,-1,-0.257853031158447,0.236865803599358,-0.343111217021942,0.0999999999999999
1.83,0.000220623747541007,-9.08752904241426e-05,0.0330678036429236,0.00115317293968834,0.0054499751728398,0.0124189453328767,-0.0115870889255128,0.00390368450863292,-0.000196282269024661,-0.370478155861386,-0.643457589136354,0.015060517014843,0.0301191786657313,-1,-0.535328686237335,0.460010170936584,0.226606845855713,0.0999999999999999
1.831,0.00020685951312316,-9.01493699523884e-05,0.0330664086319023,0.000265871369195895,0.00495762063876071,0.0124355689028182,-0.0159900341483273,-0.002370992784794,-0.00258020709483308,-1.23950430090401,-0.28460870904649,0.017673676387259,0.0301191786657313,-1,-0.423053801059723,0.0678785368800163,-0.517439603805542,0.0999999999999999
1.832,0.000189776013767869,-9.28099166584867e-05,0.0330658690930705,-0.000152768210147607,0.00455324910626491,0.0124510770661836,-0.0182346844676103,-0.0029269760223216,0.00149111726723295,0.479999709867139,-0.491152344316718,0.0132076989503981,0.0301191786657313,-0.894488096237183,-0.208907127380371,0.508605241775513,-0.247181832790375,0.0999999999999999
1.833,0.000169173045416738,-9.62445819655084e-05,0.0330661691480306,0.00103426418711118,0.00436132148198989,0.0124625757698391,-0.0230166064389871,-0.00402670809183476,-0.000888691593310659,1.67953495845136,0.0857113019554889,0.0103850852518491,0.0301191786657313,-0.232728138566017,-0.843521773815155,-0.0296962559223175,-0.349554896354675,0.0999999999999999
1.834,0.00014743209198394,-0.000102761136449699,0.0330659313904866,0.00217471482790731,0.00353345372214483,0.0124734761892116,-0.0205691856058726,-0.00909381838455793,0.000412986109716326,0.404577726287432,-1.6449720631963,0.0116684996455279,0.0301191786657313,-0.604782044887543,-0.377169370651245,0.144673556089401,-0.697284579277039,0.0999999999999999
1.835,0.000126016146392465,-0.000111979015503928,0.0330672970037333,0.00244613890050264,0.00201489036732552,0.0124855218352189,-0.0224029140342168,-0.00937968010515095,0.00230324723894915,0.109317434607054,-1.16871692430491,0.0127195844577145,0.0301191786657313,0.144620224833488,-0.192521840333939,-0.497675150632858,-0.560504078865051,0.0999999999999999
1.836,0.000106741838103849,-0.000121426685551144,0.033069124747532,0.00243908158536323,0.000291279616883265,0.0124976012399727,-0.0163286783437944,-0.00953613755261842,0.00135196799569823,-0.101007233384139,-2.00456776245853,0.0117565458634804,0.0301191786657313,-0.539334177970886,-0.0726937055587769,-0.520299017429352,-0.604140400886536,0.0999999999999999
1.837,9.09797456089801e-05,-0.000130586768942191,0.0330719956560422,0.00245544955426472,-0.00081497231959159,0.0125105669010064,-0.0153046451426332,-0.00880725704564969,0.00437290542304665,0.151036890479628,-0.0471637318657102,0.0144220434351009,0.0301191786657313,0.337314903736115,0.242034509778023,-0.92983067035675,-0.373745262622833,0.0999999999999999
1.838,8.00828418311407e-05,-0.000138823689206056,0.0330746415507442,0.00281332272497428,-0.00096587237975298,0.0125249356673081,-0.00653252748421884,-0.00770957736335043,0.0009135003140378,0.518893784990308,-0.255365913598481,0.0142914179647219,0.0301191786657313,-0.00432834029197693,0.183277413249016,-0.964434146881104,-0.904920279979706,0.0999999999999999
1.839,7.69211971541965e-05,-0.000144627832131849,0.0330768752820657,0.00374831635561058,-0.00101121469824282,0.0125398032050539,0.000172754150753226,-0.00398866564927367,0.00353543505238222,1.19025532903391,0.160976131621276,0.0153884535942951,0.0301191786657313,0.457333207130432,-0.0188535898923874,-0.257634609937668,-0.65432333946228,0.0999999999999999
1.84,7.96953584652906e-05,-0.000148345350254569,0.0330778517321693,0.00441837166197982,-0.000475149540723885,0.0125557907881602,0.00540268728787068,-0.00349955575523261,-0.00157187824567255,0.0402272195892611,0.815062549870898,0.0164194125531456,0.0301191786657313,0.216033339500427,0.39545950293541,-0.388940811157227,-1,0.0999999999999999
1.841,8.75278405720667e-05,-0.000149266737715659,0.0330747249170133,0.00449074043116261,0.000452753975845393,0.0125724861408538,0.0103239887419294,0.00163268680935204,-0.00465885000954702,0.0953003097063428,0.888603137139214,0.0165970243597746,0.0301191786657313,-0.376138746738434,0.353716880083084,-0.259513795375824,-1,0.0999999999999999
1.842,9.82541378226434e-05,-0.000145209481637271,0.0330701629955631,0.00453178118074142,0.00166330131690476,0.0125899037051425,0.0112294658412075,0.00647427766992938,-0.00444636543316111,-0.0281303452332161,1.33473256468243,0.0177741769667216,0.0301191786657313,-0.539885401725769,0.238993391394615,0.0334291011095047,-1,0.0999999999999999
1.843,0.000108775053739269,-0.000136626974010729,0.0330658346341836,0.00431853152675471,0.00311047672547176,0.0126081778280569,0.00993447922323462,0.0107161868007654,-0.00419160160075771,-0.37681528212221,1.31812464313773,0.018207652732115,0.0301191786657313,-1,0.340420871973038,0.0752717852592468,-0.936694085597992,0.0999999999999999
1.844,0.00011674574066308,-0.000123557897757372,0.0330626383185639,0.00389504910992678,0.00432159791128151,0.012626238342877,0.00611730966128183,0.0154618214826402,-0.00219363687255759,-0.422531388558817,0.904220042017257,0.0173916009922478,0.0301191786657313,-1,0.309034407138824,0.470892459154129,-0.56330007314682,0.0999999999999999
1.845,0.000119884895820174,-0.000106826402158333,0.0330591546825985,0.00320479712800606,0.00498261882758101,0.012643827021003,0.000232392041307261,0.0180740880976302,-0.00474869057273597,-0.870083329022996,0.307449463282006,0.0174091483304398,0.0301191786657313,-1,-0.528286099433899,0.149762451648712,-0.507119178771973,0.0999999999999999
1.846,0.000118253840698803,-9.00245178291637e-05,0.0330565905708154,0.00158570765319128,0.00454696187861618,0.0126621800749227,-0.00351720762192134,0.0156811820613361,-0.000382105658596896,-2.1069871283172,-1.09363671727899,0.0188643576641979,0.0301191786657313,-1,0.114468276500702,0.270229697227478,-0.571652114391327,0.0999999999999999
1.847,0.000112289874955784,-7.29094210989767e-05,0.033056230107529,0.000262224992067938,0.00327404361816053,0.0126791719669779,-0.00849204994091252,0.0186626984298674,-0.000341503132268789,-0.3484270784119,-1.22856425302693,0.0150204498414602,0.0301191786657313,-1,-0.983208775520325,0.660965323448181,0.275549560785294,0.0999999999999999
1.848,9.98393094414647e-05,-5.86764096415326e-05,0.0330554437738639,-0.000769110000257863,0.00282066288892992,0.0126953016538423,-0.0164482575213934,0.0099229511787372,-0.00122399967463408,-1.55742272075032,0.372402854647124,0.0167834339208545,0.0301191786657313,-0.627149164676666,-0.648961424827576,0.0245272777974606,-0.202562630176544,0.0999999999999999
1.849,8.25205914237812e-05,-5.02934925444094e-05,0.0330550501525932,-0.00165728483880074,0.0029393486593685,0.0127112009446209,-0.0182153925512226,0.00692682501221997,0.000436012365528249,-0.0795070469401132,-0.197644547088495,0.0148702488880759,0.0301191786657313,-0.299467712640762,-0.932667136192322,0.197817072272301,0.331065982580185,0.0999999999999999
1.85,6.37749233295392e-05,-4.73816796509268e-05,0.0330539348611619,-0.00163746115343519,0.00227501604526364,0.0127263549033909,-0.0193504667869153,-0.00102619017057114,-0.0026339973939617,0.104720338660078,-1.04785978812419,0.0153903159012706,0.0301191786657313,-0.224032089114189,-1,-0.0487398244440556,0.30324524641037,0.0999999999999999
1.851,4.46074439841963e-05,-5.25424017910226e-05,0.0330506139431957,-0.00151834377832803,0.000829862117641107,0.0127420843530142,-0.0191230056356911,-0.00928762088390962,-0.00399007691407482,0.121312500850229,-1.62235006488747,0.0158821765689195,0.0301191786657313,0.0404466465115547,-0.741687655448914,-0.457014381885529,0.352549642324448,0.0999999999999999
1.852,2.73549232596803e-05,-6.53857855778175e-05,0.0330454607830919,-0.00121526906178487,-0.00108177194016018,0.0127581805297527,-0.0155572905490959,-0.0164260314986125,-0.00628614081722423,0.45617720160259,-1.89113012547114,0.0161233057723897,0.0301191786657313,0.520523190498352,-0.71641218662262,-1,0.375959366559982,0.0999999999999999
1.853,1.64205384680746e-05,-8.55480310875134e-05,0.0330381347988149,-0.000691473712369903,-0.0032576228179116,0.0127745386457367,-0.00650710308582917,-0.023955499958937,-0.00832424193055632,0.540922711556932,-2.08610071857498,0.0163502210988555,0.0301191786657313,0.296214431524277,0.0632975697517395,-1,0.0741711258888245,0.0999999999999999
1.854,1.33736156776043e-05,-0.000110092225131028,0.0330281086010256,0.00072905465755076,-0.00436975351270904,0.0127925701679188,0.000321825961778793,-0.0252805847286094,-0.0116767124768167,2.09361934549308,0.053382900669599,0.0196917224942102,0.0301191786657313,1,0.343760132789612,-1,-0.672083377838135,0.0999999999999999
1.855,1.92960135130462e-05,-0.000133245387153759,0.0330141710537489,0.00377717520912651,-0.00377672914878807,0.012814968929638,0.0115658012156486,-0.0212844506797409,-0.0161310581965175,3.49272644915282,1.02951060671824,0.0240243763444558,0.0301191786657313,0.789146065711975,0.756198227405548,-1,-1,0.0999999999999999
1.856,3.60635053660311e-05,-0.000150852027452796,0.032996415770874,0.00724123579668292,-0.00244666767670675,0.0128397771321946,0.0220618457695745,-0.0142217044253732,-0.019286871202588,2.84182123120863,1.41793724164545,0.0241485753131763,0.0301191786657313,0.239196017384529,0.810704827308655,-0.865384936332703,-1,0.0999999999999999
1.857,6.15840707378883e-05,-0.000161923266566765,0.0329769069989051,0.00858086727892934,-0.000750431862600562,0.0128636660324313,0.0291254140941147,-0.0080540255127714,-0.0196450989179351,-0.368839093607113,1.72112838490853,0.0228588330448967,0.0301191786657313,0.361964672803879,1,-0.930212259292603,-1,0.0999999999999999
1.858,9.52792580653309e-05,-0.000166326895995698,0.0329565122321021,0.00683427735224967,0.000376481146681323,0.0128837239953135,0.0383927184211695,-0.000659061583633123,-0.0210650145846555,-2.77846110896211,0.416967923536384,0.0172043800884638,0.0301191786657313,-0.939548790454865,1,0.173831254243851,-1,0.0999999999999999
1.859,0.000130991236497295,-0.000162878763989325,0.0329356281777199,0.00399722107801693,0.00221290005304243,0.0129054733851142,0.0332351095684381,0.00774873489602255,-0.0206169167849031,-2.36891908548914,3.00770787469888,0.024484689292796,0.0301191786657313,-0.918444871902466,0.288230240345001,-0.138232797384262,-1,0.0999999999999999
1.86,0.000163341002315699,-0.000152734001878091,0.0329185878143037,0.00227479740618165,0.00521156699749732,0.0129287670298686,0.0317398610099278,0.0126654015192688,-0.0134120879352404,-0.779369109438766,2.51840304223631,0.0203737182938728,0.0301191786657313,-1,-0.105810321867466,0.445556432008743,-0.782922863960266,0.0999999999999999
1.861,0.000192819411540441,-0.000139301695909509,0.0329079374069221,0.00213808896298323,0.00709896522658288,0.0129463296336931,0.0274258971136209,0.0142332042999636,-0.00785752666761564,0.496145240279825,0.985346167416118,0.0142889323716866,0.0301191786657313,-1,-0.372823089361191,1,-0.711879432201385,0.0999999999999999
1.862,0.000216678570910047,-0.000125321981049077,0.03290185937493,0.00273995020069979,0.00744782099567712,0.0129594189487068,0.0203873489483296,0.013718023906158,-0.00427751898253706,0.560040967645758,-0.28962677192201,0.0124119692400366,0.0301191786657313,-1,-0.118461608886719,1,-0.593277215957642,0.0999999999999999
1.863,0.000233620445808775,-0.00011144332173342,0.0328982518223895,0.00311622401870412,0.00672030522815559,0.0129718915885819,0.013496369915303,0.0140429892758341,-0.00292486765672755,0.0848415715867221,-0.984014522707403,0.013183789971885,0.0301191786657313,-1,-0.416095405817032,0.748594582080841,-0.307013213634491,0.0999999999999999
1.864,0.000244396397326727,-9.90466090809794e-05,0.0328968233107457,0.00230081223511821,0.00566818025921308,0.0129881162031458,0.00801180027552888,0.0108349697516473,6.97568574197441e-05,-1.59522983225936,-0.891298672447377,0.0190288954993785,0.0301191786657313,-1,0.148411080241203,1,-0.743380606174469,0.0999999999999999
1.865,0.000248748100570672,-8.63336917637888e-05,0.0328972405053647,0.00129776068219712,0.0055217721877918,0.0130060820837135,0.000712068293319157,0.014674301338309,0.000759054904475453,-0.260651487149286,0.634958763860531,0.0163650821781618,0.0301191786657313,-1,-0.695046305656433,0.687772691249847,-0.138362869620323,0.0999999999999999
1.866,0.000246887130348509,-7.42084312574016e-05,0.0329000251536219,0.000549274268752832,0.00644292064823733,0.0130241643523394,-0.00435968833330638,0.00967055081831496,0.00478857876177637,-1.12191281852688,1.02999280890117,0.0193822663314625,0.0301191786657313,-1,-0.83051323890686,0.219356000423431,-0.54135936498642,0.0999999999999999
1.867,0.000241637122697575,-6.59746597042938e-05,0.0329099605592544,-0.000371365985577773,0.00678162654358962,0.0130427722391482,-0.0061246876342006,0.00688643949952056,0.015006171872158,-0.569629774705138,-0.421353070583848,0.0173894708473258,0.0301191786657313,-1,-0.685403883457184,0.899122476577759,-0.589870035648346,0.0999999999999999
1.868,0.000232384609199603,-5.97163775185017e-05,0.0329275276492885,-0.000252983793457011,0.00632361949542944,0.0130576784083023,-0.0124134136769366,0.00563952409507413,0.0200336763454898,0.762874092606372,-0.431691817650615,0.0126164156457344,0.0301191786657313,-1,-0.768074035644531,0.663640379905701,0.152782544493675,0.0999999999999999
1.869,0.000217400425173179,-5.73918059687826e-05,0.0329484795279944,0.000150515732481859,0.00580877694192418,0.013071509876557,-0.0176054493658317,-0.000990356768750453,0.0217704032497997,-0.0360284765045508,-0.539902785920946,0.0152702325904317,0.0301191786657313,-0.733256995677948,-0.488559663295746,0.684859037399292,0.0642084553837776,0.0999999999999999
1.87,0.000197783672845319,-6.054180246004e-05,0.0329693453416693,8.54930427222163e-06,0.00514483298101011,0.0130871027413177,-0.0217045555585675,-0.00529454161157292,0.0198731074017888,-0.214443041397627,-0.712643789881956,0.0158074609022008,0.0301191786657313,-0.501226723194122,-0.921129465103149,0.0777975022792816,0.171679377555847,0.0999999999999999
1.871,0.000176458485456227,-6.97017892470305e-05,0.0329901897360061,-0.000653951383972685,0.00379410899198957,0.0131041616734615,-0.0210866433345568,-0.0129805561220257,0.0217188636802233,-0.965030475753837,-1.78601600806977,0.0178840634187089,0.0301191786657313,-0.763578832149506,-0.112760439515114,0.428369104862213,-0.396001875400543,0.0999999999999999
1.872,0.000153345600263685,-8.21067526638306e-05,0.0330116125250738,-0.000336503735218244,0.00263140994482976,0.0131194744680867,-0.0252593728020758,-0.011880450459115,0.0210320391435193,1.56505399281467,-0.384946273366464,0.0130454579299104,0.0301191786657313,0.252930253744125,-0.932625651359558,-0.174930721521378,0.213736549019814,0.0999999999999999
1.873,0.000130888131162412,-9.82220953976656e-05,0.0330313122657034,0.000745365953898468,0.00163478989086763,0.0131331190259494,-0.0197918798478816,-0.0204242354351777,0.0182908652273829,0.440859335761226,-1.47933304183359,0.0142464703048143,0.0301191786657313,-0.0757181793451309,0.161334097385406,-0.451492249965668,-0.525703251361847,0.0999999999999999
1.874,0.000113329611561942,-0.000117359748328548,0.0330488729862824,0.00207280016678801,0.000124360072900184,0.013146800849138,-0.0154722669033914,-0.0179876101983048,0.0167610868738929,2.00977580523265,-1.30966359122623,0.0136116636360354,0.0301191786657313,0.562796711921692,-0.00942090153694153,-0.335698336362839,-0.549022436141968,0.0999999999999999
1.875,0.000101365945759298,-0.000134975674930835,0.0330629068895902,0.00402087770192066,-0.00105362654380056,0.0131606016352936,-0.00858535651871789,-0.0174133808084754,0.0112722096449861,1.5708453833861,-0.865894519814113,0.0142493936471275,0.0301191786657313,0.542230188846588,0.384693294763565,-0.913632690906525,-0.52558845281601,0.0999999999999999
1.876,9.77901491859735e-05,-0.000151310578856974,0.0330718833302316,0.00506912905005391,-0.00184520121392604,0.0131746685451484,0.00133485957087755,-0.0153696775570093,0.00666450581981071,0.377287589608237,-0.584223558195343,0.0140518227107679,0.0301191786657313,0.56475168466568,0.891824424266815,-0.788450181484222,-1,0.0999999999999999
1.877,0.000103678678213193,-0.000162736116480066,0.033075659287176,0.00556732381727556,-0.00192294807151568,0.0131903003111993,0.0104193101261082,-0.00756510012171416,0.000892237441481226,0.555852863848397,0.453233764116213,0.0172656202279308,0.0301191786657313,0.0061173141002655,0.712374627590179,-0.558428645133972,-1,0.0999999999999999
1.878,0.000116290187061849,-0.00016709254888841,0.033075242872918,0.00586670378455995,-0.00036790157479468,0.0132108126400716,0.0149224443171042,-0.0011929889179058,-0.00171865401972447,0.00396758944968978,2.39467391522084,0.0230324639384354,0.0301191786657313,-0.0488877519965172,0.516483068466187,-0.827192664146423,-1,0.0999999999999999
1.879,0.000134570267590207,-0.000165737005122825,0.0330738325157518,0.00541372308688886,0.00192051142363935,0.0132336367250745,0.0218274116528763,0.00393791691073058,-0.00110256033360951,-0.823201868487201,1.80439552552708,0.0215960468051446,0.0301191786657313,-0.311081200838089,0.558865785598755,-0.10437984764576,-1,0.0999999999999999
1.88,0.000157183836093718,-0.000158934780586599,0.0330715021070496,0.00453798258603241,0.00358297489293815,0.0132549101719737,0.0235515040773699,0.0097205827032041,-0.00354286583815227,-0.780439664120596,1.27602518753506,0.0200964420330693,0.0301191786657313,-0.91366183757782,0.280063152313232,0.354848921298981,-1,0.0999999999999999
1.881,0.000178614367925304,-0.00014701015009976,0.0330681362359807,0.0038376564214225,0.00506026255815192,0.0132752915806749,0.0194683385095181,0.0141845047487946,-0.00317425855426299,-0.519368697922816,1.46209855213645,0.0198927663514272,0.0301191786657313,-1,0.386024951934814,0.548108756542206,-0.726229608058929,0.0999999999999999
1.882,0.000195483438462824,-0.000130942312801986,0.0330636660607556,0.00347925811967586,0.00634142518984957,0.0132943379773707,0.0144107572517604,0.0179952024759338,-0.00573381203112223,-0.170946943485136,0.909652498198751,0.0177239470393213,0.0301191786657313,-1,-0.338257908821106,0.949706554412842,-0.738567590713501,0.0999999999999999
1.883,0.000206360148893612,-0.000113130258607918,0.0330577652521052,0.00284915201254415,0.00697877667136052,0.0133132501105986,0.00743583563753504,0.01771023248823,-0.00603835932839013,-1.013010535869,0.278434337305568,0.0197543030075089,0.0301191786657313,-1,-0.654953062534332,0.699691712856293,-0.484165847301483,0.0999999999999999
1.884,0.000211181195550005,-9.71201569036902e-05,0.0330525853640953,0.00122120822884202,0.00661811998597352,0.013334551325924,0.00221057750499274,0.014464291370036,-0.00430493987259746,-1.97841601849717,-0.911597891758516,0.0220869114191113,0.0301191786657313,-1,-0.294025301933289,1,-0.526292085647583,0.0999999999999999
1.885,0.000209697773401279,-8.26290531833084e-05,0.0330472836234843,-0.000140254497220399,0.00575859619685178,0.0133545189322124,-0.00521621160243139,0.0146373123758884,-0.00627173387440759,-0.536961895492965,-0.649734649378917,0.0172610700009314,0.0301191786657313,-1,-1,0.566911637783051,-0.225340396165848,0.0999999999999999
1.886,0.000201992638061729,-7.08940927406286e-05,0.0330426745407431,-0.00061583228412894,0.00513601599611255,0.0133715873756084,-0.0102344518310279,0.00890908040534145,-0.00293856778329668,-0.358455568373181,-0.49991709269532,0.0166900793886903,0.0301191786657313,-1,-0.898206412792206,0.371020525693893,0.00781463086605072,0.0999999999999999
1.887,0.000189702212619955,-6.51644113046952e-05,0.0330409917294599,-0.000887251519236227,0.00471584325932317,0.0133880065399232,-0.0143829507820418,0.00260778834999458,-0.000430927407440991,-0.150803747369943,-0.294517818121323,0.0160404439127185,0.0301191786657313,-0.961284816265106,-0.862301290035248,0.244219556450844,0.140198424458504,0.0999999999999999
1.888,0.000173621400821569,-6.59801704867286e-05,0.0330415614947257,-0.000960218829854932,0.00443822544743981,0.013403842040089,-0.0178169284986022,-0.00420678650668363,0.00155857064269786,0.0189490722251636,-0.250377308546192,0.0155937448720634,0.0301191786657313,-0.999776601791382,-0.959383964538574,0.0128553174436092,-0.0986078679561615,0.0999999999999999
1.889,0.000154547511660696,-7.3212110502564e-05,0.033046023625085,-0.00071690840000425,0.00404169607954982,0.0134189836594558,-0.0203672006959404,-0.0102148222082801,0.00727327135370705,0.434354144267891,-0.514508712241679,0.0147612806048381,0.0301191786657313,-0.261173605918884,-0.529975891113281,-0.339369148015976,0.382289588451385,0.0999999999999999
1.89,0.0001361237661399,-8.67135434484892e-05,0.0330519406338113,-0.000227475375260049,0.0025530184133351,0.0134339590449621,-0.0166354582899919,-0.0168213174790762,0.00454635703191246,0.48438438058826,-2.22702457939895,0.015163456862246,0.0301191786657313,-0.569263160228729,-0.176898613572121,-0.208513617515564,-0.577166497707367,0.0999999999999999
1.891,0.000119571105747146,-0.000102894822684457,0.0330575774644369,0.00128517486946673,0.000647595679954107,0.0134481064786489,-0.0166315829309404,-0.0156809112948066,0.00669920244278299,2.29354617490635,-1.2777434938502,0.0138443009836619,0.0301191786657313,0.345940232276917,-0.127932071685791,-0.560326397418976,-0.608911633491516,0.0999999999999999
1.892,0.000106612165744267,-0.000118169838326654,0.0330634238050658,0.00370364648222574,-0.000736625873440631,0.0134618106056696,-0.00943140038776933,-0.0150651980482576,0.00497988148477426,2.1329912378925,-1.27406389211891,0.0138405654268765,0.0301191786657313,0.292836725711823,0.185467541217804,-0.483916014432907,-0.57481324672699,0.0999999999999999
1.893,0.000100120921737555,-0.000132481515064307,0.03306634703518,0.00512129291911785,-0.00139755069789641,0.0134767084737017,-0.00362907195736667,-0.0136882776785822,0.000872985013513259,0.481964490095703,0.048898464394008,0.0161381308788602,0.0301191786657313,0.448363721370697,0.667783379554749,-0.904162228107452,-1,0.0999999999999999
1.894,0.000101169840252612,-0.000142822256341385,0.0330658426641817,0.00534840418350075,-0.00117741945683186,0.0134931604568171,0.00572905395466554,-0.00704107684163365,-0.00187450309973307,-0.0418751477730966,0.352117081710141,0.0166595228185849,0.0301191786657313,-0.137774899601936,0.77937126159668,-0.757410824298859,-1,0.0999999999999999
1.895,0.000109364120557953,-0.000146242741386846,0.0330636598451143,0.00518237809045833,-0.000158338077689855,0.0135117025772007,0.0107395379178752,0.000197318049503574,-0.00248346901742562,-0.247738400011428,1.51706462222545,0.0199513794022984,0.0301191786657313,-0.101924151182175,0.439593344926834,-0.583915948867798,-1,0.0999999999999999
1.896,0.000122469321400176,-0.000143437703756441,0.0330612841462133,0.0046478789081807,0.00150391735911393,0.0135321263385264,0.0155941521990422,0.00543973532203436,-0.00226248546273854,-0.723806550028314,1.53460536369787,0.0201900271459397,0.0301191786657313,-0.787007331848145,0.679591774940491,-0.184991523623466,-1,0.0999999999999999
1.897,0.000137415401183693,-0.000134480481525251,0.0330593489722883,0.00417652793041228,0.00339234575410501,0.0135528736253683,0.014458412993935,0.012501929410354,-0.00160245022972132,-0.152162368302688,1.93127822446186,0.0203616463282194,0.0301191786657313,-1,-0.0191734489053488,0.212666139006615,-1,0.0999999999999999
1.898,0.000149784779950311,-0.000120520605440386,0.0330597111696686,0.00373401333167811,0.00529320405927843,0.0135738269746235,0.0104478537974639,0.0154685688603498,0.00231416485825795,-0.67955036854684,1.55241525517701,0.0208383619460364,0.0301191786657313,-1,-0.268087089061737,0.905386209487915,-0.525958061218262,0.0999999999999999
1.899,0.000156356284302263,-0.000105635278789843,0.0330610983968714,0.00236568968955602,0.00662011022986204,0.0135964620790507,0.00282482667898169,0.0144294560686773,0.000465356043058187,-1.83430029875706,0.878558498174325,0.0235443497717369,0.0301191786657313,-1,-0.0534973591566086,0.262339413166046,-0.845632016658783,0.0999999999999999
1.9,0.000157547707690825,-8.97009124580019e-05,0.0330629648454196,0.00109420137725821,0.00619856409412736,0.0136167002918195,-0.000457623666304325,0.0175472589632808,0.00324718455233879,-0.519238890790374,-1.62779576564278,0.016666231252893,0.0301191786657313,-1,-0.265132486820221,1,-0.44318026304245,0.0999999999999999
1.901,0.000152900891203082,-7.23094395575488e-05,0.0330646741266,0.000891515358937915,0.0045776722695844,0.0136323856963365,-0.00892623328492301,0.0172853607011656,0.000169364233859422,0.100460997839927,-1.32627172837229,0.0149684112850517,0.0301191786657313,-1,-0.992860496044159,0.470916748046875,-0.450099229812622,0.0999999999999999
1.902,0.000141147903894921,-5.733804385661e-05,0.0330672081362179,0.000539231312997231,0.00349346692920555,0.0136484894068594,-0.0146729339051719,0.0127170728640129,0.00488114372271958,-0.779508276585744,-0.67000185978784,0.0171450015162358,0.0301191786657313,-0.932016789913177,-0.728998005390167,0.348868131637573,0.0370767861604691,0.0999999999999999
1.903,0.000123968777484206,-4.74314224990343e-05,0.0330721983932947,-0.000649373212320028,0.00324468966824617,0.013666420055773,-0.0197229822999399,0.00721460364106761,0.00507809478011607,-1.40195848803769,0.174786551477796,0.0182574014567185,0.0301191786657313,-0.545887649059296,-0.670732378959656,0.334908723831177,0.078237771987915,0.0999999999999999
1.904,0.000102874931048121,-4.26571219889798e-05,0.0330758268885329,-0.00179689040805088,0.00335285022300739,0.013684268449905,-0.0224989397964409,0.00242737844698923,0.00216974765876777,-0.695892192700768,-0.0288097927032502,0.017149176070592,0.0301191786657313,-0.386733531951904,-1,-0.653173983097076,0.188540980219841,0.0999999999999999
1.905,8.24583171785435e-05,-4.38665318715081e-05,0.0330797571838579,-0.002196199338152,0.0020891845725726,0.0137022870775638,-0.0184650264419765,-0.00481994010534421,0.00567432431570382,-0.028953915676119,-2.31395426196866,0.0187192707160094,0.0301191786657313,-0.451344579458237,-0.880724310874939,0.465094387531281,0.69092857837677,0.0999999999999999
1.906,6.18587207290632e-05,-5.35154672765726e-05,0.0330819054750242,-0.0021553931284697,0.000476448424105081,0.0137201074494433,-0.0228785383081983,-0.0144862725789911,-0.00137942692643534,0.123498325859978,-0.66844149682318,0.0166521862295703,0.0301191786657313,0.228766396641731,-0.698933064937592,-0.571487784385681,0.594639599323273,0.0999999999999999
1.907,4.1896455507182e-05,-7.20734212200536e-05,0.0330778113478422,-0.00168454740274061,-0.000617696984522134,0.0137372136023983,-0.0171792349364342,-0.0226750400607862,-0.00677383193538969,0.774018784204976,-1.36740255522369,0.017428983682759,0.0301191786657313,0.727081656455994,-0.132782280445099,-0.918818831443787,0.260808974504471,0.0999999999999999
1.908,2.99235718225275e-05,-9.62626211878271e-05,0.0330672053795983,1.23667890279904e-05,-0.00260415970337041,0.0137556834225214,-0.0069433821072862,-0.0258639633367557,-0.0143731061103426,2.35943946979838,-2.270477826564,0.0192609242175903,0.0301191786657313,0.574238479137421,-0.239084810018539,-1,-0.409581422805786,0.0999999999999999
1.909,2.75032446270729e-05,-0.000122461960809676,0.0330523708968045,0.00280824811589333,-0.00435366900316864,0.0137760116712622,0.00196480839522903,-0.0267763423716155,-0.0152250266063517,2.77691912334901,-0.920802153173689,0.0211598577719786,0.0301191786657313,0.765385091304779,0.443650126457214,-1,-0.626620411872864,0.0999999999999999
1.91,3.43800788901268e-05,-0.000147453226981019,0.0330348680795969,0.00550933795122893,-0.00428744785764929,0.0137990562572039,0.0117799606293989,-0.0234508102149993,-0.0196864784778124,2.1903568621798,1.04588716961431,0.0243509198842706,0.0301191786657313,0.8806072473526,0.683324337005615,-1,-1,0.0999999999999999
1.911,5.16565953191429e-05,-0.00016779182990345,0.0330132505017695,0.00706959877565488,-0.00267287964514479,0.0138240511182128,0.0228808365879465,-0.017393623842125,-0.0234442311526377,0.702450853858238,1.92256233154365,0.0246308769233301,0.0301191786657313,0.450198113918304,0.931516051292419,-1,-1,0.0999999999999999
1.912,7.91820268159914e-05,-0.000181610380705584,0.032988753780179,0.00696870597538707,-0.000634273859334874,0.0138483035817156,0.0323324156955934,-0.0102900961475156,-0.0254435559751638,-0.839891366049194,1.84753405981307,0.0230120973689971,0.0301191786657313,-0.365590572357178,1,-0.66798722743988,-1,0.0999999999999999
1.913,0.00011310591839783,-0.000188081196010299,0.032963903972233,0.00579287655159664,0.00152621757516847,0.0138724631506517,0.0357223770847708,-0.00260453066512329,-0.0241579939931994,-1.27060983975354,2.16119725656536,0.0241942324642455,0.0301191786657313,-0.687590479850769,0.561426222324371,-0.0774253606796265,-1,0.0999999999999999
1.914,0.000148185699572606,-0.000188017421660344,0.0329411887899166,0.00451004181926447,0.00390076827568531,0.013897282357918,0.0346748164732361,0.00280420415588952,-0.0211832017399735,-1.05178114621705,2.2381556546063,0.0240437393103259,0.0301191786657313,-1,0.321680516004562,0.143408134579659,-1,0.0999999999999999
1.915,0.00018120461485755,-0.000183067603943046,0.0329228037097699,0.00384225734416724,0.00584610367548155,0.0139196737947005,0.0315755418988364,0.00713875884480737,-0.0155215109560214,-0.170686135918968,1.37804778638254,0.0197241472064473,0.0301191786657313,-1,-0.0564605817198753,0.549465835094452,-1,0.0999999999999999
1.916,0.000210367459768486,-0.000174856888967007,0.0329102309361618,0.00387155037416133,0.00667542186509775,0.0139375919871401,0.026891610397788,0.00929003492343522,-0.00959078859566729,0.202709534604123,0.2047123010266,0.0160199486888672,0.0301191786657313,-1,-0.00806529447436333,0.768852889537811,-1,0.0999999999999999
1.917,0.000234424368277186,-0.000164302462539385,0.0329029011750183,0.00417820837177123,0.00650311100642784,0.0139524324726215,0.0212752338797172,0.0118163106736336,-0.00504405265690928,0.324711654780645,-0.454136634689306,0.0141628307465123,0.0301191786657313,-1,-0.00722798891365528,0.84797215461731,-0.979489088058472,0.0999999999999999
1.918,0.000252694166382628,-0.000151266516829526,0.0328998843837997,0.00433194460791562,0.0060981555683873,0.0139673068247048,0.0152906792495248,0.0142680238121699,-0.00098538554318299,-0.079581178231951,-0.23367688108296,0.0160706704846258,0.0301191786657313,-1,0.421766608953476,0.526739954948425,-0.389462172985077,0.0999999999999999
1.919,0.000266007840388846,-0.000136211315925427,0.0328986925357464,0.00384801044228213,0.00592080615995827,0.0139848492060453,0.0113600540994112,0.0159054857937129,-0.00139322575793228,-0.835706797229765,-0.052054775810682,0.0189721410443331,0.0301191786657313,-1,0.389479905366898,0.795479357242584,-1,0.0999999999999999
1.92,0.000274630529078578,-0.000117427388472637,0.0328983475418564,0.00336914587422908,0.00630176124464908,0.0140034833686191,0.00593380413269138,0.0217324582100011,0.000702370846981871,-0.0799973471798018,0.765307483988566,0.0180027950854405,0.0301191786657313,-1,-0.00615215301513672,0.644479334354401,-0.735742270946503,0.0999999999999999
1.921,0.000278480348138202,-9.47322276517167e-05,0.0329009485060411,0.00304210961238079,0.0070761076262801,0.0140224001062705,0.00183270941938869,0.0237273982149741,0.00448351405433273,-0.568395562960368,0.64937523719682,0.0196166173525736,0.0301191786657313,-1,-0.531156778335571,0.911671161651611,-0.460754632949829,0.0999999999999999
1.922,0.000277538524249193,-7.23296358767939e-05,0.0329072300498123,0.001628035066447,0.00761855642933542,0.0140452556235093,-0.00366412522620527,0.0212309360091522,0.00804196721820482,-2.04567804628947,0.336534018265354,0.0252112788765204,0.0301191786657313,-1,-0.301167190074921,0.771162748336792,-0.419787347316742,0.0999999999999999
1.923,0.000271589534280919,-5.1321124792473e-05,0.0329165501136691,-0.000269326437474209,0.00750144709837604,0.0140696392458151,-0.00824232836192198,0.0209605619008539,0.0105488299954275,-1.4501139998235,-0.555415893439472,0.0224730224868157,0.0301191786657313,-1,-0.403487145900726,0.997789084911346,-0.112514548003674,0.0999999999999999
1.924,0.000260195374476062,-3.14324790770123e-05,0.0329268859654158,-0.00121735608170956,0.00687451610107357,0.0140901411017245,-0.0145892602156767,0.0189309574745529,0.0100784873156801,-0.326842188024416,-0.607284415026232,0.0180860596048871,0.0301191786657313,-1,-1,0.435379981994629,0.940806031227112,0.0999999999999999
1.925,0.000244009021216528,-1.85803482474981e-05,0.0329368949652288,-0.00232637807983189,0.00593970589525372,0.014111326054028,-0.0178743998042873,0.00690769546426339,0.00989923963734647,-1.71568196541759,-1.12412659035245,0.0234667343865171,0.0301191786657313,-1,-0.614277601242065,0.420046776533127,-0.00737705826759338,0.0999999999999999
1.926,0.000224283784950506,-1.31673950519046e-05,0.0329484259175398,-0.0029370052373826,0.00492082752220993,0.0141312901718686,-0.0216746246648809,0.00398072085532523,0.0130992829562935,0.582424249478169,-0.773427657240703,0.0161762672812912,0.0301191786657313,-0.537955462932587,-1,0.740876078605652,0.749451637268066,0.0999999999999999
1.927,0.000200885041191493,-1.43081813037723e-05,0.0329593224398895,-0.0023715271423524,0.00445860316070253,0.014147029234699,-0.0251930272563159,-0.00627037616783189,0.00865732173243911,0.444789198050224,-0.12901148471049,0.0155586987556275,0.0301191786657313,-0.23391230404377,-0.753947019577026,-0.334892332553864,0.410267114639282,0.0999999999999999
1.928,0.000178132591053538,-2.39632559062892e-05,0.0329682892605533,-0.00167007444829275,0.00337373817954514,0.0141631615938742,-0.0204435512736511,-0.0130959377870244,0.00923552954397067,0.847631258393995,-1.89464339395718,0.0167050806066654,0.0301191786657313,-0.513053774833679,-0.801755249500275,0.0066659040749073,0.243664130568504,0.0999999999999999
1.929,0.000157716054089967,-4.03129767729736e-05,0.0329782269093301,-0.000816902701422836,0.00176602533828159,0.0141796383960049,-0.0205403213061643,-0.0196712318591421,0.0105878472811499,0.738180372695525,-1.08016478292298,0.0162944248002159,0.0301191786657313,-0.0285020247101784,-0.648453593254089,-0.2707779109478,-0.228449031710625,0.0999999999999999
1.93,0.000139244308317092,-6.15339608411619e-05,0.0329896951135154,0.000175788081908899,0.000832548069244584,0.01419569389178,-0.0165237976956262,-0.0228689742879555,0.0122909838957148,1.11271804020468,-0.665280326331194,0.015953961739631,0.0301191786657313,0.0148043632507324,-0.335244834423065,-0.838551461696625,-0.127685204148293,0.0999999999999999
1.931,0.000126455365324662,-8.56412937959893e-05,0.0330030368988646,0.00131243416476928,4.76497020705417e-05,0.0142116041905056,-0.00916700169957137,-0.0254630593335097,0.0143263150869258,1.00963857245027,-0.794136130383153,0.0159297279795287,0.0301191786657313,0.245243743062019,0.133877903223038,-0.725182414054871,-0.947960615158081,0.0999999999999999
1.932,0.000121167949167573,-0.000108635963447032,0.0330182885537984,0.0030763157941606,-0.000627010611870251,0.0142277278027492,-0.00148507757673463,-0.0207074407176348,0.0161110216533849,2.2448406273994,-0.449560996194426,0.016524863544755,0.0301191786657313,0.411117315292358,0.461706906557083,-0.998754322528839,-0.777705073356628,0.0999999999999999
1.933,0.00012482541829568,-0.000126927019668678,0.0330338945230986,0.00525803904598809,-0.00109248352470954,0.0142441970516831,0.00873829932678948,-0.0160780949265849,0.0150432094665743,1.76323578677935,-0.392546692016114,0.016455382983572,0.0301191786657313,0.18869349360466,0.785218417644501,-0.71458774805069,-1,0.0999999999999999
1.934,0.000137067887178811,-0.000139353921445443,0.0330477794605278,0.00653922255690758,-0.000801554707429729,0.0142625534667991,0.0157731471189711,-0.00890883346826075,0.0126756344355714,0.597426572618049,0.944152120826872,0.0202402364554552,0.0301191786657313,0.145557463169098,1,-0.32345849275589,-1,0.0999999999999999
1.935,0.000155202281539712,-0.0001441595041891,0.0330573868128975,0.0064840986157769,0.000926507405211897,0.0142855508352744,0.0206389453484332,-0.000724669897254447,0.00650677425723272,-0.676801304893016,2.23524553813224,0.024943645527835,0.0301191786657313,-0.231291964650154,1,-0.379779547452927,-1,0.0999999999999999
1.936,0.00017772360086283,-0.000140708780638662,0.0330620855700549,0.00543221201081164,0.00326420516871526,0.0143112068718243,0.0245922573350308,0.00767902919530749,0.0028754667584954,-1.23255814135892,2.06938785870516,0.0250581449314135,0.0301191786657313,-0.804209589958191,0.819559514522552,0.157645165920258,-1,0.0999999999999999
1.937,0.000201279787318849,-0.000129146350788943,0.0330638257216309,0.00426388792759457,0.0054293868264843,0.0143363800650254,0.0227183492498444,0.0155223915201715,0.000603968258325023,-0.913849418160346,1.92654198154034,0.0239109396583954,0.0301191786657313,-1,0.413034617900848,0.846002042293549,-0.946278691291809,0.0999999999999999
1.938,0.000220729515712961,-0.000110880925910525,0.0330628837824203,0.00345964440137824,0.0073313742235098,0.0143598739310087,0.0163735591138289,0.0210803697272402,-0.002467999995735,-0.589452735229402,1.57972168436575,0.0220661712168295,0.0301191786657313,-1,-0.267248451709747,0.496541380882263,-0.73024845123291,0.0999999999999999
1.939,0.000235389384227285,-8.96185767095134e-05,0.0330614000298583,0.00241250368401733,0.00780506570683316,0.0143820209858241,0.0130211823229589,0.0215579329643399,-0.000499952649570814,-1.36103815271695,-0.670480686442267,0.0218009220941262,0.0301191786657313,-1,-0.29013392329216,0.567983329296112,-0.495876908302307,0.0999999999999999
1.94,0.000246498911911358,-6.83052664710401e-05,0.0330609997046873,0.000881454497072749,0.00635413947579994,0.0144037340750622,0.00913329918038714,0.0212157677747636,-0.000303131858539268,-1.47547140466932,-1.92610792047521,0.0211526266099786,0.0301191786657313,-1,-0.543228507041931,1,-0.28322821855545,0.0999999999999999
1.941,0.000252084415670328,-4.83715345165076e-05,0.033059586763831,-0.000538649389648345,0.00505831676913684,0.0144248038020294,0.00198392825364899,0.0187942175207513,-0.00251104919263332,-1.15795930004776,-0.412368473202219,0.0202104891294095,0.0301191786657313,-1,-0.530534029006958,0.77175372838974,0.0112768076360226,0.0999999999999999
1.942,0.000251103910798968,-3.13830133191639e-05,0.0330557246514931,-0.0013662787408386,0.00549168883081035,0.0144436611615886,-0.00390221856235921,0.0152845673451996,-0.00518613143449687,-0.388223461603342,1.19324686093733,0.0170978142647819,0.0301191786657313,-0.915759325027466,-1,0.531404137611389,0.391621530056,0.0999999999999999
1.943,0.000245419305022502,-2.03704658953596e-05,0.0330500018469823,-0.00198489659670545,0.00672803756452195,0.0144614679659436,-0.00738596411774847,0.00683330911014119,-0.00622604551627964,-0.757881821732285,1.03787960768558,0.0184912534359942,0.0301191786657313,-1,-0.672813415527344,0.0541624128818512,0.134843200445175,0.0999999999999999
1.944,0.00023764689955698,-1.57822291927489e-05,0.0330448437093961,-0.00213900369466278,0.00681838941623064,0.0144788454191045,-0.00816629568995691,0.00238373585870788,-0.00407686357002186,0.460715734167459,-0.88371501741539,0.0162711715116265,0.0301191786657313,-1,-0.949302077293396,0.522678971290588,0.327563583850861,0.0999999999999999
1.945,0.000227466343008258,-1.71481935362671e-05,0.0330407187485087,-0.00164327799828961,0.005637795889652,0.0144953278027131,-0.0122817200024124,-0.00512962767490001,-0.00415914150838701,0.440138550123626,-1.28648238222411,0.0167749707434581,0.0301191786657313,-1,-1,0.35989111661911,0.12254786491394,0.0999999999999999
1.946,0.000213374605335388,-2.56644347443546e-05,0.0330378590210163,-0.00126164616827868,0.00448487822752854,0.0145121546674876,-0.015994713129908,-0.0119224969502785,-0.00156146302635587,0.271969275447076,-0.845216272610909,0.0168734556296561,0.0301191786657313,-1,-0.378011286258698,-0.202462628483772,-0.0162103325128555,0.0999999999999999
1.947,0.000197039550375269,-3.87098860484237e-05,0.0330378250680676,-0.000479530570374382,0.00366932671558952,0.0145278422194624,-0.0167609945267599,-0.0142416688731886,0.0014805788748653,1.17450581286669,-0.679058177644705,0.0147817591535603,0.0301191786657313,-0.600356459617615,-0.468910872936249,0.0773261338472366,0.140780210494995,0.0999999999999999
1.948,0.000180065893297422,-5.51491866468486e-05,0.0330384545666819,0.000531137870945789,0.00318867286048867,0.0145429161741331,-0.0172517047793294,-0.0187226728580489,-0.000219721691302902,0.70253728138482,-0.241384016923633,0.0156552572596134,0.0301191786657313,-0.67680811882019,-0.296210795640945,-0.686426281929016,-0.414535880088806,0.0999999999999999
1.949,0.000164609442387424,-7.40606395069999e-05,0.0330412088545562,0.00139408184367543,0.00256878959702975,0.014558145845899,-0.013752136054021,-0.0191978121062379,0.00568845545463886,0.908710943484925,-0.921478643565855,0.0149847440025539,0.0301191786657313,-0.348395466804504,0.109251208603382,-0.173195973038673,-0.845901787281036,0.0999999999999999
1.95,0.000151815994412476,-9.11023227019663e-05,0.0330472693983209,0.00284903253939589,0.00176925534493103,0.014572561581399,-0.0119209487464454,-0.0150346225251547,0.00640702859203061,1.7702506615866,-0.56758500437318,0.0143504445095169,0.0301191786657313,-0.00420232117176056,-0.177165925502777,-0.457391083240509,-1,0.0999999999999999
1.951,0.000142641074402396,-0.000104820592107338,0.0330551414272627,0.00427072730695455,0.00101964879298732,0.014586877263997,-0.00651851336685924,-0.0125352915491269,0.00929575445824843,0.847419672344672,-0.819205396584495,0.0145908169131224,0.0301191786657313,-0.0829382687807083,0.512555122375488,-0.705223083496094,-1,0.0999999999999999
1.952,0.000139184618362963,-0.000114167462086958,0.0330646762357651,0.00490475416511827,0.00023144455027912,0.0146016399423217,-0.000477200778636482,-0.00624598791247187,0.00973446675028636,0.327750713738751,-0.623068539439551,0.0152825290410039,0.0301191786657313,-0.542680740356445,0.846026539802551,-0.370265513658524,-1,0.0999999999999999
1.953,0.000139121464844337,-0.000116324627049989,0.0330739207917206,0.00513111948743493,0.000674767920972904,0.0146198531513408,0.000378514298403939,0.00189618855435331,0.0087170975661846,0.0906874183148986,1.42271393621941,0.0209621524298792,0.0301191786657313,-0.0784281566739082,0.588786840438843,-0.566029787063599,-1,0.0999999999999999
1.954,0.000142199016526677,-0.000111158067249862,0.0330819562866251,0.00482856313446916,0.00201739364263233,0.0146408586568616,0.00585709078508001,0.00845155053965237,0.00731996327436956,-0.646556364678073,1.02261422658153,0.0204540039913947,0.0301191786657313,-0.814490258693695,0.421981394290924,0.0918178558349609,-1,0.0999999999999999
1.955,0.000146631175497125,-9.9804364271847e-05,0.0330893119404793,0.00388206915278476,0.00360339511463752,0.0146631237943859,0.00313092669645625,0.0143227337967054,0.00735819726215416,-1.0942824585916,1.86764672348242,0.0231623409720888,0.0301191786657313,-0.650606453418732,0.321849644184113,0.378225803375244,-0.811541378498077,0.0999999999999999
1.956,0.000148311931316881,-8.3184911142847e-05,0.0330949110121488,0.00271290720304301,0.00523880853824685,0.0146860316721935,0.000350979980896607,0.0190135339922114,0.00382814658131718,-1.06719037548486,1.11321516274675,0.0217807483299495,0.0301191786657313,-1,-0.482785642147064,0.496508359909058,-0.698106408119202,0.0999999999999999
1.957,0.000146013762583472,-6.44226024285229e-05,0.0330998167730449,0.00123084687749109,0.00584677588211368,0.0147084760032303,-0.00489515539702506,0.0186506195470326,0.00595582602953747,-1.66765729699249,-0.0067659259509198,0.0224659915692502,0.0301191786657313,-1,-0.476971954107285,0.444698989391327,-0.0386548042297363,0.0999999999999999
1.958,0.000138613152920744,-4.7647071787549e-05,0.0331048352685711,-0.000696760277431438,0.00516945810048557,0.0147315681741169,-0.00993751638382257,0.0150866455651658,0.00407158331993659,-1.87407528903426,-1.22762223856801,0.0229707748736903,0.0301191786657313,-1,-1,0.901685416698456,0.14860101044178,0.0999999999999999
1.959,0.000124490794069868,-3.61934718903475e-05,0.0331075531577905,-0.00256564932927128,0.00417499781397599,0.014754347065471,-0.0183745280269679,0.00799293251683627,0.00136327625434301,-1.55305811095025,-0.611175469659162,0.0215904688599545,0.0301191786657313,-0.680167317390442,-1,-0.00450509786605835,0.415940672159195,0.0999999999999999
1.96,0.000105505205454743,-3.22965767916681e-05,0.0331084869514773,-0.00353620236593988,0.00301154955114721,0.0147756482495445,-0.0197102809767995,-9.84148847388666e-05,0.000505069092381753,-0.227603756073717,-1.54348354781281,0.0206145807077235,0.0301191786657313,-0.258938670158386,-1,0.323986351490021,0.916852116584778,0.0999999999999999
1.961,8.50659838808075e-05,-3.79571796916853e-05,0.0331046311388708,-0.00337497786260115,0.00145745508750711,0.014795769716764,-0.0213092043457538,-0.0112085306482521,-0.0081726597358041,0.528005516811085,-1.3314403996958,0.0193126142641641,0.0301191786657313,-0.35050642490387,-1,-0.232329398393631,0.529184877872467,0.0999999999999999
1.962,6.40841479204786e-05,-5.36685526111855e-05,0.0330954083583703,-0.00228217822374979,0.000294418390542943,0.0148144926702423,-0.0207770589280374,-0.0202845641420103,-0.0102294357167831,1.48922495556743,-0.839109599578715,0.0181078877650657,0.0301191786657313,0.603412985801697,-0.742676019668579,-0.485257625579834,0.455421954393387,0.0999999999999999
1.963,4.7099947838249e-05,-7.77955057323668e-05,0.0330814519130232,-0.000527214164786962,-0.00107722224329049,0.0148331174536005,-0.0133364526289234,-0.0281174941526537,-0.0176062293725566,1.75488169732181,-1.69668957652719,0.0188257815338027,0.0301191786657313,0.802506387233734,-0.500211179256439,-0.674718737602234,0.0684802532196045,0.0999999999999999
1.964,3.83904162998382e-05,-0.000108304038661771,0.0330607549910996,0.00129010379528068,-0.00291935257359847,0.0148520007298116,-0.0042543177063641,-0.0330691399477805,-0.0236753014638938,1.61819429984891,-1.67342001514557,0.0187104648198296,0.0301191786657313,0.863652586936951,-0.218892127275467,-1,-0.803901970386505,0.0999999999999999
1.965,3.9624169333334e-05,-0.000140682871051865,0.033037022588057,0.00328843184224957,-0.00420621635179776,0.0148718471880338,0.00660581873558951,-0.0318950686708452,-0.0236811805779191,2.08591307686015,-0.66648557763612,0.0209386495987601,0.0301191786657313,0.760116696357727,0.400988578796387,-1,-0.973485827445984,0.0999999999999999
1.966,5.12691898093478e-05,-0.000170010110736753,0.0330125558735642,0.00557526743212081,-0.00390459418803147,0.0148954305221083,0.0167051758772378,-0.0269887180596888,-0.0251384524286483,2.13739091777337,1.23291136116832,0.0257383085976634,0.0301191786657313,0.874091446399689,0.817536115646362,-1,-1,0.0999999999999999
1.967,7.36717156101518e-05,-0.00019362831473294,0.0329853984050856,0.00733978215914751,-0.00219199092239456,0.0149221507768806,0.0282236535740675,-0.0204382865803876,-0.0290473105304575,1.13240944952995,1.92624946353971,0.0265865242746435,0.0301191786657313,0.332116544246674,1,-0.953117609024048,-1,0.0999999999999999
1.968,0.000106283489800652,-0.00021053188054541,0.0329557019923374,0.00770117759622368,-8.79718092813085e-05,0.0149488922951964,0.0371786324325004,-0.0134539820098589,-0.0302186562095879,-0.423042698948499,1.97414066299055,0.0258988420488162,0.0301191786657313,-0.491580247879028,1,-0.640765130519867,-1,0.0999999999999999
1.969,0.000144880109113525,-0.000220534609184984,0.0329268618757772,0.00670514678973915,0.00222408637988704,0.0149763922914379,0.0402465873840692,-0.0065174305113503,-0.0273468541414107,-1.34966741629912,2.31903097685304,0.0278094245542871,0.0301191786657313,-0.821825265884399,0.629570364952087,-0.370485603809357,-1,0.0999999999999999
1.97,0.000185360836574633,-0.000224576260361129,0.0329026157017578,0.00518869719827269,0.00445253072675303,0.0150041626352784,0.0409489871140936,-0.00148507699099385,-0.0210608199796703,-1.38481938979962,1.83138796047482,0.0262528207514652,0.0301191786657313,-1,0.732911467552185,0.253378421068192,-1,0.0999999999999999
1.971,0.000224640337179249,-0.000222966400687626,0.0328832633075648,0.0045358549834404,0.00614633872071463,0.0150279938411169,0.0378192398541755,0.00473475946615241,-0.0175673874649241,0.195756771158329,1.34298885832255,0.0203122905983261,0.0301191786657313,-1,0.168918251991272,0.657803177833557,-1,0.0999999999999999
1.972,0.000260070542822044,-0.000216871586789345,0.0328681554508826,0.00500138013591263,0.00719698593907067,0.0150466046875519,0.0332039173559936,0.0074308074162459,-0.0125893837419475,0.633195583883977,0.65187414341296,0.0169490512142222,0.0301191786657313,-1,0.309610068798065,0.933912873268127,-1,0.0999999999999999
1.973,0.000290386440243957,-0.000207682156569143,0.0328569285010402,0.00567354845661356,0.0076226430003848,0.0150627670405461,0.0275411296876618,0.0109130567454751,-0.00981942330472762,0.562185313561208,0.19696791282719,0.0159565573080962,0.0301191786657313,-1,-0.422168374061584,0.864237487316132,-0.831713736057281,0.0999999999999999
1.974,0.000315543229412554,-0.000197934307853311,0.0328505606148929,0.00508580003280982,0.00758180143023131,0.0150828620787795,0.0228374826829446,0.00864909532424971,-0.00290477375124688,-1.64660695855354,-0.20302728943861,0.0240818997875326,0.0301191786657313,-1,0.613492250442505,1,-1,0.0999999999999999
1.975,0.000335646698700625,-0.000186291298395574,0.0328480588792865,0.00397136624750926,0.00754080775583403,0.0151051214962337,0.0174176753887323,0.0147287728899567,-0.00209162452748654,-0.405245699780296,0.183846257394436,0.0198188107118535,0.0301191786657313,-1,-0.146737650036812,1,-0.779734671115875,0.0999999999999999
1.976,0.000350495150850721,-0.000171480171529699,0.0328480639465543,0.00349292277715908,0.00796512437315815,0.0151257355261651,0.0123707411382646,0.0149572792938976,0.00207832343200076,-0.498188947436796,0.62213199130177,0.0210818410400402,0.0301191786657313,-1,-0.346665024757385,0.956685602664948,-0.611390829086304,0.0999999999999999
1.977,0.000360639678101961,-0.00015742335427509,0.032852434583527,0.00276228903395847,0.00859055714191692,0.0151478701737537,0.00800223271543263,0.0132448209360804,0.0066254295336537,-0.858596568617838,0.540285358859147,0.0225901169791025,0.0301191786657313,-1,-0.202372342348099,0.584843397140503,-0.798253953456879,0.0999999999999999
1.978,0.000367778123327937,-0.000143775885656465,0.0328625692156417,0.00229879574456568,0.00856345223309887,0.0151678296076834,0.00629461872048055,0.0141081734376764,0.0135698706743355,-0.0199501881736081,-0.563968719663672,0.0171861007534044,0.0301191786657313,-1,-0.0161854326725006,1,-0.453278988599777,0.0999999999999999
1.979,0.000371824031744185,-0.000129633359745206,0.032876502371977,0.00253550242163645,0.00807459158161868,0.0151839234120934,0.00177426011165374,0.0141916510775229,0.0142332711253718,0.410254949116425,-0.310068184774963,0.015533817994984,0.0301191786657313,-1,-0.654933333396912,1,-0.803496599197388,0.0999999999999999
1.98,0.000371356147034238,-0.00011630016330306,0.0328940428568021,0.00264218829004248,0.00804385133489606,0.0152011777989252,-0.00270225713807865,0.0125018303249636,0.0207538932926206,-0.248746656561382,0.252642872198241,0.0192132925057,0.0301191786657313,-1,0.175342977046967,0.940853774547577,-0.258967339992523,0.0999999999999999
1.981,0.000366523015376801,-0.000103634377761821,0.0329136623493239,0.00232890363537803,0.00845372385500941,0.0152208903779569,-0.00693423327851282,0.0128779843844407,0.0184075638484194,-0.350246474677484,0.47923521042912,0.019970670644502,0.0301191786657313,-1,0.0326268970966339,0.770918369293213,-0.519407153129578,0.0999999999999999
1.982,0.000358070619031099,-9.00671182141884e-05,0.0329324921982775,0.00210119726593719,0.00864408103493097,0.015239953494234,-0.0099679008473086,0.0142973577248658,0.0191675793094335,-0.0975589122698407,-0.151924260758388,0.0180677326262188,0.0301191786657313,-1,-0.558623373508453,0.898217916488647,-0.527951598167419,0.0999999999999999
1.983,0.000346146889387729,-7.68070216161775e-05,0.0329533248247261,0.00159008167986138,0.00826133813886929,0.015259727481657,-0.0139206776319029,0.0122926256785261,0.0223948881602176,-0.861417624891322,-0.56817932273984,0.0212219158010947,0.0301191786657313,-1,-0.72840404510498,0.94718873500824,-0.430746883153915,0.0999999999999999
1.984,0.000329925232362631,-6.61704366956631e-05,0.0329771648322036,0.000385840529894414,0.00768971631176149,0.0152824659333977,-0.0185791699382705,0.00909725595036853,0.0251682790354953,-1.34987322785874,-0.505347579129404,0.0233955281453307,0.0301191786657313,-1,-0.354412972927094,0.64608633518219,-0.250270396471024,0.0999999999999999
1.985,0.000309738038331018,-5.78009807769901e-05,0.0330026147075006,-0.000513793381673832,0.00708637577556029,0.0153040241120155,-0.0218685780662945,0.00772492816725652,0.0256181543860931,-0.309817441529002,-0.636282172428088,0.019215101076399,0.0301191786657313,-1,-0.760240793228149,0.781751930713654,0.557165503501892,0.0999999999999999
1.986,0.000285544282327268,-5.44818583502807e-05,0.0330264775905974,-0.00121187555589958,0.00666706147103617,0.0153246125145086,-0.0265815941767919,-0.00099742875444425,0.0220185115265858,-0.964159923674829,-0.185289419229345,0.0214436594245242,0.0301191786657313,-1,-0.878084242343903,0.248722568154335,0.115645810961723,0.0999999999999999
1.987,0.000258121700110073,-5.86920580583e-05,0.0330498419183348,-0.001831078406082,0.00617527615649965,0.015345095049133,-0.0283509652157315,-0.00736792780504736,0.0245997594504664,-0.154011418494363,-0.77184392571837,0.0191422269674943,0.0301191786657313,-0.673912763595581,-1,0.353444337844849,0.488336145877838,0.0999999999999999
1.988,0.000229296040795248,-7.07961728172356e-05,0.0330732980782845,-0.00186030440665734,0.00508037238822165,0.0153641880415281,-0.0294331220192379,-0.0168398029880286,0.0222146437298479,0.127190179957104,-1.28694172870087,0.0188351613830947,0.0301191786657313,-0.1915183365345,-0.385285049676895,-0.0368700623512268,0.0589232742786407,0.0999999999999999
1.989,0.000201690575082128,-8.92031000065826e-05,0.0330931420427862,-0.000638935503095914,0.00315230197362795,0.0153809253280772,-0.0259754013891678,-0.0200872491542472,0.0174000582238199,2.12451560578923,-2.28254049344028,0.0150791028804997,0.0301191786657313,-0.287949442863464,-0.761285185813904,0.0744353830814362,-0.216540321707726,0.0999999999999999
1.99,0.000176324233023535,-0.000111657829894739,0.0331099363940986,0.00164239555143434,0.0013464007972256,0.0153958142679378,-0.024934126882273,-0.0250031255642588,0.0161177398097053,2.07033581102112,-1.071979021288,0.0154462197031814,0.0301191786657313,0.323743730783463,-0.281224012374878,-0.982668995857239,-0.516126096248627,0.0999999999999999
1.991,0.000156807253767756,-0.00013716183247541,0.0331260084190194,0.00357285294983525,-0.000205879340321572,0.0154107195752102,-0.0142842714895945,-0.0261833023270022,0.015964186954633,1.49841130120571,-1.79953240379068,0.0146013973081121,0.0301191786657313,0.135753154754639,0.389591097831726,-0.915876567363739,-1,0.0999999999999999
1.992,0.000146704529612854,-0.000160725918195597,0.0331416008580118,0.00524077987133124,-0.0014884215465182,0.0154265567970446,-0.0060585765059876,-0.0211265950161109,0.0151655396513804,1.58738712063852,-0.565950704651621,0.0176344166392476,0.0301191786657313,0.615044236183167,1,-0.965356886386871,-1,0.0999999999999999
1.993,0.000146259009382228,-0.000177773470955792,0.0331529846813921,0.00683868276117131,-0.00162396092975044,0.0154455705782595,0.00511255696381791,-0.0131435966284437,0.00759145543424426,1.35966355911469,0.309747149151573,0.0203599645215228,0.0301191786657313,0.696890473365784,0.893658757209778,-0.889694511890411,-1,0.0999999999999999
1.994,0.000157054749422519,-0.000187536041545084,0.0331565279111334,0.00746214843815875,-0.000959026136675687,0.0154667896866147,0.0165016082334816,-0.00646833581579888,-0.000490061837191126,-0.193600490772213,0.921257111514901,0.0217587965653282,0.0301191786657313,-0.204796969890594,0.941240072250366,-0.5765460729599,-1,0.0999999999999999
1.995,0.000175699842003921,-0.000190568016847891,0.0331537147736577,0.00658866007465888,0.00102516499868031,0.0154926503057942,0.0209515668424448,0.000448500029710319,-0.00512438924248661,-1.37667403917525,2.72875848616803,0.0287848710707339,0.0301191786657313,-0.806542754173279,0.798135995864868,-0.345923036336899,-1,0.0999999999999999
1.996,0.000196805128887735,-0.000186904955333588,0.033147938147825,0.00506658867731369,0.00437920872326134,0.0155236725262395,0.0215201699874493,0.0069781376952359,-0.00640583465495529,-1.38756135754648,3.42106709966876,0.0309773269372048,0.0301191786657313,-1,0.339685082435608,0.378180593252182,-1,0.0999999999999999
1.997,0.000216411396343317,-0.000177794206614603,0.0331407618959009,0.00387844418296365,0.00759598450772112,0.0155535322468698,0.0179567876058406,0.0113291106224928,-0.00790589553556405,-0.787444078788542,2.47917687304234,0.0267357575332779,0.0301191786657313,-1,-0.0262581165879965,0.647178292274475,-1,0.0999999999999999
1.998,0.000232270983103825,-0.00016521324713361,0.0331325039408632,0.00340192871061104,0.00879872076448068,0.0155763932033994,0.0138904246421192,0.0138824193113875,-0.00856878013321177,-0.109429644488955,-0.243115071007372,0.0184538383696817,0.0301191786657313,-1,-0.271364480257034,0.938513278961182,-0.634306728839874,0.0999999999999999
1.999,0.000243298837642022,-0.000151846933845458,0.0331224023089323,0.00310509489259367,0.00751399827784245,0.0155938987319444,0.008112469275691,0.0128982426228888,-0.0115889423005874,-0.466788324220451,-2.05619690107164,0.0169455143676315,0.0301191786657313,-1,-0.612454771995544,1,-0.752472996711731,0.0999999999999999
2,0.000248083771193902,-0.000140004918260325,0.0331106491035864,0.00235699435593,0.00548840235817754,0.0156119375389672,0.00135235850639861,0.0108636404277667,-0.0118709108672404,-0.926403201769447,-1.60899499364202,0.019213976682157,0.0301191786657313,0,0,0,0,0.0999999999999999
