Time,x,y,z,alpha,beta,gamma,vx,vy,vz,valpha,vbeta,vgamma,target_z,u1,u2,u3,u4,mass_multiplier
0,0.0001,0.0001,0.0306191786657313,0,0,0,0,0,0,0,0,0,0.0301191786657313,0.0273551233112812,-0.0710817724466324,-0.0549787804484367,-0.456169635057449,1.5859375
0.001,0.00010008225222257,0.000100155539472076,0.0306168756277399,-0.000463356718453532,0.000709604367899775,3.54258844481592e-11,0.000167898600767713,0.000312881790287412,-0.00459588944126484,-0.821086683803581,1.25665138792433,2.02962099869035e-07,0.0301191786657313,-0.337477266788483,-0.174158602952957,-0.153410956263542,-0.607859015464783,1.5859375
0.002,0.000100284034359759,0.000100647083640724,0.0306101504018979,-0.00125932282780245,0.00219452899180264,-1.09384752366992e-07,0.000243160446041941,0.000673378776385507,-0.00883962927521096,-0.595009342238881,1.38087680387812,-0.000237760035475722,0.0301191786657313,0.255923062562943,-0.644173681735992,-0.0504132695496082,0.0197716057300568,1.5859375
0.003,0.000100701377448888,0.00010124096587637,0.0305989911915643,-0.00228166165344216,0.00252362761350606,1.12428206966442e-06,0.000592645996960546,0.000520067663729167,-0.0134644025349736,-1.22028760395873,-0.790889096400714,0.00267462518511413,0.0301191786657313,-1,-0.51182222366333,0.614606320858002,-0.0997136905789375,1.5859375
0.004,0.000100994387921939,0.000101760973152495,0.0305833642437309,-0.00299448480600377,0.00244704616352082,2.11591304788428e-06,-5.54533687279176e-06,0.000523726648274394,-0.0177722530744875,-0.0495003651057966,0.650925241634076,-0.000999372637283159,0.0301191786657313,-0.540706872940063,-0.849439203739166,0.0352725759148598,-0.139150112867355,1.5859375
0.005,0.000100948994708875,0.000102216434926479,0.0305635672780222,-0.00258821915690142,0.00273337812823113,1.05020763152552e-06,-8.35758351829433e-05,0.000385488775284651,-0.0218045632783701,0.767922594086083,-0.142285879803644,-0.000946833354462582,0.0301191786657313,-1,-0.688466012477875,0.137655541300774,0.698022186756134,1.5859375
0.006,0.0001006866064339,0.000102359496833596,0.0305396130809402,-0.00232223624263204,0.00266101645941592,7.51598246750973e-07,-0.000440684336703476,-9.94582003695123e-05,-0.0260819656705571,-0.291798996075851,0.011294406464223,0.000410597367625429,0.0301191786657313,-0.910942196846008,-0.302438050508499,0.253163993358612,0.613187551498413,1.5859375
0.007,0.000100059707319446,0.000102134042703682,0.0305112935521472,-0.00268485725603938,0.00277188311399674,1.13347071550862e-06,-0.000812298302789206,-0.00034931299170458,-0.0305399180537697,-0.34879650976695,0.181654862759116,0.000262197913070989,0.0301191786657313,-1,-0.750159621238708,-0.0397189408540726,-0.176140531897545,1.5859375
0.008,9.91143331877487e-05,0.000101747864347362,0.0304789362370565,-0.00258140085746473,0.00276913525556072,9.77154682058057e-07,-0.00107805422254815,-0.000423463519802525,-0.0341520582443673,0.532391243085969,-0.189979118944284,-0.000538317025174083,0.0301191786657313,-1,-1,0.139319509267807,0.00748839974403381,1.5859375
0.009,9.78563680335057e-05,0.000101174413417532,0.0304429827679647,-0.00217604267687475,0.0026041203135249,5.93808186621914e-07,-0.00143807495963013,-0.000724873918973947,-0.0377297205721785,0.191174740518141,-0.108615924388397,-0.0001431239618067,0.0301191786657313,-0.681705594062805,-0.802379071712494,0.275494605302811,0.230756551027298,1.5859375
0.01,9.62796962227256e-05,0.000100287869282117,0.0304032865909417,-0.00230197599473132,0.00245278353720801,9.45371058325151e-07,-0.00171571009798747,-0.00104694938584031,-0.04163524763498,-0.408047881530032,-0.165882333420229,0.000756370942777045,0.0301191786657313,-0.926566004753113,-0.351343423128128,0.193080946803093,-0.4637071788311,1.5859375
0.011,9.43816129108161e-05,9.93677003235869e-05,0.0303598718020398,-0.0019153487073896,0.0024495694177385,4.4251867592493e-07,-0.00208013556120686,-0.000796026025673475,-0.0451674158065048,1.09239437903776,0.151553939580487,-0.00162296664996363,0.0301191786657313,-0.360761642456055,-1,-0.229095727205276,0.370317697525024,1.5859375
0.012,9.23646581472731e-05,9.83163777742995e-05,0.0303129036334972,-0.00172392264507644,0.00191352545926367,6.30158106140755e-07,-0.00195712991059194,-0.00130716943387233,-0.0487425196030531,-0.745103361500491,-1.10492043835314,0.00182107188775376,0.0301191786657313,-0.904027283191681,-0.770789325237274,0.221594452857971,-0.167448446154594,1.5859375
0.013,9.02079707416827e-05,9.69504768968053e-05,0.0302625188256403,-0.00248157185838381,0.00145936376236706,1.75521351808428e-06,-0.002358366032241,-0.00142068390620695,-0.0519981250949473,-0.590750467370415,0.289220250462631,7.64129719304819e-05,0.0301191786657313,-0.631136536598206,-0.928834795951843,0.244706466794014,-0.198971480131149,1.5859375
0.014,8.77113192143254e-05,9.54475783136502e-05,0.0302089183802498,-0.00273820084308914,0.00216559508895539,9.32295121991444e-07,-0.0026311748694386,-0.00158374881764851,-0.055172326386008,0.142243002440798,0.948234093811339,-0.00159273020872662,0.0301191786657313,-0.515862464904785,-0.709826290607452,0.170114204287529,0.0305441692471504,1.5859375
0.015,8.50002512551053e-05,9.37777250387865e-05,0.0301520938678938,-0.00225784367201167,0.00278924559867901,-6.46289630257257e-07,-0.00278785656195014,-0.00175851826843408,-0.0584443624407607,0.712806250689681,0.144753727975935,-0.00127122641136513,0.0301191786657313,-0.623346149921417,-0.915282547473907,0.380843102931976,0.235666319727898,1.5859375
0.016,8.20546231159758e-05,9.18179080204489e-05,0.0300920496780416,-0.00191695857763346,0.00261547625572979,-9.89803443207649e-07,-0.00310456161339684,-0.00216284358969618,-0.0616120596801986,-0.100479911805884,-0.462715028314446,0.000624196483976654,0.0301191786657313,-0.671659231185913,-0.927816212177277,0.345741152763367,-0.460777699947357,1.5859375
0.017,7.87815327615086e-05,8.9625236108768e-05,0.0300291115445898,-0.00186856092511016,0.00204507706220212,-4.5000554882435e-07,-0.00344497230798382,-0.00222308186785399,-0.064231061759353,0.193818926543375,-0.556497274129265,0.000347349461964039,0.0301191786657313,-0.950224876403809,-0.455342978239059,0.317812949419022,0.469593644142151,1.5859375
0.018,7.50901203095656e-05,8.72515905114111e-05,0.0299633669015979,-0.00196225760782186,0.00191058058878939,-2.27201103264463e-07,-0.00393837616175294,-0.00252355968876646,-0.0672210552494311,-0.34733980935882,0.302225608920904,3.36286014759704e-05,0.0301191786657313,-0.38724684715271,-0.891763806343079,0.330792427062988,-0.0657519176602364,1.5859375
0.019,7.10470385219759e-05,8.4603974037216e-05,0.0298948190068886,-0.00230749886200531,0.00207994168896547,-4.39795253548425e-08,-0.00414738334982433,-0.00276996346847696,-0.0698381527384029,-0.250681437115234,-0.0180402418243986,0.000303223153478602,0.0301191786657313,-0.58371239900589,-0.680528581142426,-0.104817822575569,-0.145351320505142,1.5859375
0.02,6.68543506204344e-05,8.17883989520241e-05,0.0298238734971251,-0.00211394977302128,0.00166814459099332,2.71427979647854e-07,-0.00424114066767042,-0.0028628011038081,-0.072018550513514,0.602118809978315,-0.721325716665649,0.000280021806150319,0.0301191786657313,-0.903818249702454,-1,-0.118574023246765,0.24469555914402,1.5859375
0.021,6.24750178836054e-05,7.86856812870533e-05,0.0297509128981261,-0.00187326056423992,0.00115110560642183,6.18778437821987e-07,-0.00452073756820905,-0.00334365231379525,-0.0738639664762815,-0.162713030656248,-0.206229098271317,0.000308662654645156,0.0301191786657313,-0.713871717453003,-0.837666153907776,-0.632598221302032,0.18448032438755,1.5859375
0.022,5.79924041780002e-05,7.51579930846054e-05,0.0296762644719165,-0.0021783859010286,0.00079573136363455,1.17000763033559e-06,-0.00444747385902942,-0.0037104218225959,-0.0753950837590406,-0.3586356913042,-0.432464474143691,0.000666419778220739,0.0301191786657313,-0.579300761222839,-0.540507078170776,-0.194495469331741,-0.157095432281494,1.5859375
0.023,5.34936198386694e-05,7.14335918381565e-05,0.0296000544392514,-0.00193664832067425,0.000680801784494784,1.22419694514875e-06,-0.00455160021997732,-0.00374048944370108,-0.0769858367924185,0.794887517519432,0.214356747430458,-0.000528074542662331,0.0301191786657313,-0.0479353666305542,-0.832365870475769,-0.632274508476257,-0.197093039751053,1.5859375
0.024,4.91472024898028e-05,6.75998128884738e-05,0.0295224229445072,-0.00109663567769187,0.000396558518272688,1.12899319848481e-06,-0.00414415440745761,-0.003932437089531,-0.0782378382265221,0.693483720291774,-0.723606013677677,0.000277999970925848,0.0301191786657313,-0.5758056640625,-0.759397625923157,-0.0880155712366104,-0.266204297542572,1.5859375
0.025,4.49100417905172e-05,6.35969964754965e-05,0.0294436471222716,-0.000733181360128271,0.000312069472695878,1.13420390412955e-06,-0.00433126406634072,-0.00407585280097487,-0.079273195436829,-0.0399124913237597,0.557666961471776,-0.000221932549002623,0.0301191786657313,0.153775036334991,-0.782656013965607,0.0194926261901855,-0.185097128152847,1.5859375
0.026,4.06553017019745e-05,5.94170987390631e-05,0.0293637178538422,-0.00121182853347639,0.000796843984086496,1.06410769440402e-06,-0.00417633544315556,-0.00428218059823057,-0.0805455716853297,-0.782576495289476,0.277388139941678,0.000152505059790617,0.0301191786657313,-0.53384131193161,-0.541546106338501,-0.220180779695511,-0.55677992105484,1.5859375
0.027,3.643720291626e-05,5.52055062919494e-05,0.0292829098323315,-0.00147416721576959,0.00102677944225085,1.00045156781192e-06,-0.00425943457367382,-0.00414063383246179,-0.081029679401254,0.334907956321618,0.11096630699327,-0.000282709693360021,0.0301191786657313,-0.414103537797928,-0.847092926502228,-0.476357161998749,-0.134403690695763,1.5859375
0.028,3.22379611417217e-05,5.09318203080163e-05,0.0292017447069611,-0.00118143145315182,0.000674768750845065,1.08623921768469e-06,-0.00414212560478472,-0.00440934434565956,-0.0812596176966931,0.193060865780573,-0.738654616623739,0.000400933616024438,0.0301191786657313,-0.105104982852936,-0.450155317783356,-0.406925112009048,-0.116134785115719,1.5859375
0.029,2.82094187063162e-05,4.64856029648884e-05,0.0291202605488836,-0.000887253115442984,-0.000298357409185226,1.60828246320577e-06,-0.00392192396424844,-0.00448571658716416,-0.0816669438450331,0.336208234565389,-0.972546341558159,0.000521896496687893,0.0301191786657313,-0.525774240493774,-0.682640194892883,-0.529805481433868,0.162598893046379,1.5859375
0.03,2.43002499364027e-05,4.18124895052619e-05,0.0290386269617946,-0.000989297856341548,-0.000636120302438464,1.7098640245905e-06,-0.0038993531023614,-0.00486051735276925,-0.0815588797236402,-0.494360362194596,0.368859415080563,-0.000377490617478529,0.0301191786657313,0.13077375292778,-0.432043224573135,-0.787864446640015,-0.0848253071308136,1.5859375
0.031,2.06686732084323e-05,3.69047321506905e-05,0.0289571183108099,-0.00127159672148391,-0.000376273048210775,1.46026374370223e-06,-0.00336379255380766,-0.00495442220733499,-0.0814171160261033,0.0185017734175365,0.0769504280489268,-5.55723820234782e-05,0.0301191786657313,0.0137314349412918,-0.575075447559357,-0.358640402555466,-0.416416525840759,1.5859375
0.032,1.74201701524423e-05,3.19533306716781e-05,0.028875921533105,-0.000797103064149174,-0.000159904441800626,1.39443763957914e-06,-0.00313265894180241,-0.00495242183629163,-0.0809344689143114,0.823873697986354,0.29057083668676,-6.05226468915999e-05,0.0301191786657313,-0.184696584939957,-0.399386495351791,-0.47282862663269,0.005003422498703,1.5859375
0.033,1.43818182743951e-05,2.69187321732386e-05,0.0287952584033698,-0.000151213681278516,0.000107417983976472,1.3338487909742e-06,-0.00294344788049796,-0.00512170552190418,-0.0803510566912354,0.318555214097615,0.166337998542995,-3.83296310533916e-05,0.0301191786657313,0.135084569454193,-0.643564462661743,-0.124354898929596,-0.476866602897644,1.5859375
0.034,1.15263135302174e-05,2.17707189797306e-05,0.0287153222450741,-0.000119208828432669,9.85297360648392e-05,1.32536798780336e-06,-0.00276853555678606,-0.00517576973708352,-0.0794807234360626,-0.245220753828747,-0.189501640932701,1.97143288371839e-05,0.0301191786657313,-0.592559337615967,-0.087754413485527,-0.148021191358566,-0.529874324798584,1.5859375
0.035,8.63921349655814e-06,1.67422910714111e-05,0.0286364531578955,-9.53616696826429e-05,0.000266007327713062,1.29980938767815e-06,-0.00300523637611038,-0.00488277241879849,-0.0782171035241025,0.300441846063042,0.468374583405108,-7.41223286768073e-05,0.0301191786657313,0.0129597634077072,-0.00968417525291443,-0.581005573272705,-0.507724761962891,1.5859375
0.036,5.81946085129507e-06,1.20165796130895e-05,0.0285589002164755,0.000399045871416419,0.000113581981315516,1.17609651706374e-06,-0.0026363782885939,-0.00457328628732047,-0.0768495443241545,0.56930157009586,-0.737537987940982,-0.000203095650251765,0.0301191786657313,-0.674160361289978,-0.405865788459778,-0.00248506665229797,-0.344834208488464,1.5859375
0.037,2.98884210498587e-06,7.42505262223766e-06,0.0284829387680697,0.000430586513941307,-4.92588723718656e-05,1.11856288276257e-06,-0.00302602890928334,-0.00461113940280126,-0.0750361776623983,-0.49777894829697,0.441469131849489,8.36974894223182e-05,0.0301191786657313,-0.368170440196991,-0.0187874585390091,-0.519492626190186,-0.803199172019958,1.5859375
0.038,1.07213549915703e-08,3.04561858252783e-06,0.0284089963809598,0.000209839343032658,0.000236970331252958,1.16427420815413e-06,-0.00292940805610636,-0.00414817133933725,-0.0728124170025487,0.125415066511664,0.0458549475290641,-1.80230597926691e-05,0.0301191786657313,0.0605053901672363,-0.0573823302984238,-0.175287395715714,-0.863056778907776,1.5859375
0.039,-2.8457709412336e-06,-8.67003750170329e-07,0.028337209556125,0.000653998927591962,-5.09946831279442e-05,1.05560414320749e-06,-0.00278620501527746,-0.00368091964910629,-0.0707227758879862,0.651077205812904,-0.551424893754728,-0.000186238483597303,0.0301191786657313,-0.360971093177795,-0.238254457712173,-0.269920408725739,-0.375640958547592,1.5859375
0.04,-5.66639651195817e-06,-4.52303753256579e-06,0.0282676953337014,0.000789295589254295,-0.000404391541347507,8.95889143759376e-07,-0.00285793060627174,-0.00363309071847127,-0.0682724896344164,-0.404128926346819,-0.0693810573063056,-0.000126949697658087,0.0301191786657313,0.216161459684372,-0.419430404901505,-0.573424577713013,-0.542629361152649,1.5859375
0.041,-8.30078789890143e-06,-8.13466691738338e-06,0.0282007709237314,5.44634522436346e-05,-0.000714585267417846,6.06977723194291e-07,-0.00241403057619076,-0.00358666203887039,-0.0655429667120426,-0.851493092350969,-0.470429047540469,-0.000354336199623271,0.0301191786657313,-0.41842246055603,-0.0576296634972095,0.0381102710962296,-0.50221848487854,1.5859375
0.042,-1.08748891773011e-05,-1.15917939873953e-05,0.0281365816412955,-0.000272493537893349,-0.000358898902802457,3.93466580206336e-07,-0.0027322836777916,-0.00332683705999349,-0.0628040755651151,0.296268245388252,1.07108552443436,-0.00011003309485986,0.0301191786657313,-0.0153059586882591,-0.255380004644394,-0.605984210968018,-0.090177595615387,1.5859375
0.043,-1.3438550175345e-05,-1.49775614496731e-05,0.028075250825239,0.000149257767879961,0.000241824021719966,3.24149985075906e-07,-0.00239248146019936,-0.00344821455598709,-0.0598286661175706,0.441312085715414,-0.0406932958420794,-7.10143275466703e-05,0.0301191786657313,-0.621010661125183,-0.179543927311897,-0.297463089227676,-0.365343391895294,1.5859375
0.044,-1.59391013084122e-05,-1.83891199446683e-05,0.028017147094271,0.000617783051301824,0.00011509689286339,2.35086949018637e-07,-0.00260985522587507,-0.00337904165604182,-0.0563523700623362,0.374852333716798,-0.186056183961407,-9.58977630810999e-05,0.0301191786657313,-0.122722163796425,0.234693974256516,-0.185597449541092,-0.519155502319336,1.5859375
0.045,-1.85444208308525e-05,-2.15676457220782e-05,0.0279623678735066,0.00106545676885068,-0.000284831332972974,4.93337712903497e-08,-0.00260415610008473,-0.0029824794557797,-0.0531810631681475,0.40236362606281,-0.508931694991043,-0.000243567763320683,0.0301191786657313,0.00734259188175201,0.113629944622517,0.154043719172478,-0.530554413795471,1.5859375
0.046,-2.12195290852439e-05,-2.4392514177221e-05,0.0279107573829265,0.00116686589652273,-0.000538225943033645,-1.01871189261971e-07,-0.00274825551615787,-0.00266931079897526,-0.0500173505731018,-0.21965050967416,0.06312465946157,-3.41140038533154e-05,0.0301191786657313,-0.494565188884735,0.256098985671997,-0.360826730728149,-0.788359403610229,1.5859375
0.047,-2.40384712557608e-05,-2.67811948133582e-05,0.0278627345490563,0.00097893968735249,-0.00020846064572825,3.18327662007789e-08,-0.00288827183079975,-0.002107977714053,-0.0460047453897321,-0.0980822603313954,0.492844765733986,0.000242968805980755,0.0301191786657313,-0.134420290589333,0.410090386867523,-0.486499339342117,-0.626959562301636,1.5859375
0.048,-2.68416760957329e-05,-2.86091646917918e-05,0.0278186486720808,0.00102620211533036,-0.0001035669185347,7.69891643770393e-08,-0.00271855503726805,-0.00154959395023865,-0.0421477638499095,0.1818431366584,-0.319904137663287,-0.000179221589312364,0.0301191786657313,-0.0871903449296951,0.0988188236951828,-0.0111318863928318,-0.454476296901703,1.5859375
0.049,-2.96139365830953e-05,-3.00320488496124e-05,0.0277783841406628,0.000977253438640858,-0.000457935466272075,-1.50050843306104e-07,-0.00282896058870374,-0.00129675473397989,-0.0383657574986336,-0.261658832224796,-0.296663406043819,-0.000234312448708323,0.0301191786657313,-0.389000296592712,0.222688406705856,0.133203640580177,-0.470308393239975,1.5859375
0.05,-3.26447570955703e-05,-3.11559987386307e-05,0.0277419873371416,0.000721896559822549,-0.000306490264023374,-1.65390417805611e-07,-0.00323199369663307,-0.000950370953863473,-0.0344138468044785,-0.173686461182291,0.543480704175248,0.000175139070206212,0.0301191786657313,0.300092875957489,0.462473273277283,0.212573170661926,-0.2972771525383,1.5859375
0.051,-3.58831710775923e-05,-3.19088798707396e-05,0.0277092542456195,0.000764589997347395,-2.26488806676034e-05,-7.0731968726534e-08,-0.00324392068318714,-0.000556577157995574,-0.0310397067207066,0.246851431926222,-0.0672541927615118,-3.56668241452332e-05,0.0301191786657313,0.0154761858284473,-0.0526471734046936,0.0185543522238731,-0.140073820948601,1.5859375
0.052,-3.91643829458145e-05,-3.24830396858914e-05,0.0276802034836409,0.000708739130154467,-0.000370776695677613,-2.44898322954157e-07,-0.00332172381719258,-0.000591508247047262,-0.0270520599322447,-0.339760438180793,-0.538252759816383,-0.000288448275917528,0.0301191786657313,-0.255354911088943,0.307251036167145,0.091245248913765,-0.0913427174091339,1.5859375
0.053,-4.26435515417738e-05,-3.29903021032806e-05,0.0276551290973599,0.000440346307863127,-0.000647009863535166,-4.26810591758198e-07,-0.00363888077687843,-0.000421738756857183,-0.0230906285369256,-0.119147037913574,0.0520710425595747,-4.05467661815574e-05,0.0301191786657313,0.229096084833145,0.309803515672684,0.400404006242752,-0.121449574828148,1.5859375
0.054,-4.63892035489882e-05,-3.33141890800142e-05,0.0276338272526633,0.000553346267884029,-0.000420736453270409,-3.49782009134714e-07,-0.00385187250471428,-0.000227069704091939,-0.0195042081703321,0.31233233645888,0.321310154821601,0.000158225807552807,0.0301191786657313,-0.0914256423711777,0.374464631080627,0.0157766751945019,-0.0272251293063164,1.5859375
0.055,-5.03261409368847e-05,-3.34577257725497e-05,0.0276163159948073,0.000886283235470095,-0.000223062755033111,-2.33487122969223e-07,-0.00402160474371699,-6.258866990635e-05,-0.0155158737547912,0.257179235781572,0.00429571440084548,2.23788561657346e-05,0.0301191786657313,0.30184018611908,0.308513820171356,0.312304556369781,-0.0870270282030106,1.5859375
0.056,-5.44044670191565e-05,-3.34437339350289e-05,0.0276026491200884,0.000929776327934468,-0.000501458493739695,-3.88172531895492e-07,-0.00413820141970868,9.02782949749347e-05,-0.0118100746159437,-0.183497236762517,-0.493778263024271,-0.000312627612713807,0.0301191786657313,0.0370400995016098,0.426156789064407,-0.202842026948929,-0.0414998829364777,1.5859375
0.057,-5.85319519189578e-05,-3.32522981690289e-05,0.0275929025007839,0.000653626452569572,-0.00110412223444884,-7.86297583932338e-07,-0.00412207933796564,0.000294077696209943,-0.0076863653174351,-0.289115629382718,-0.549795718176524,-0.000382425695951957,0.0301191786657313,0.0731122493743896,0.414067536592484,0.153824985027313,0.0758710876107216,1.5859375
0.058,-6.27595178881964e-05,-3.28922515268067e-05,0.0275871435562448,0.000431273724681314,-0.00116864654833605,-9.74745635318186e-07,-0.00433429313849485,0.000427310369945537,-0.00383710602301151,-0.0928410713846757,0.422695018506601,2.89600569877795e-05,0.0301191786657313,0.648843884468079,0.516231715679169,-0.106636337935925,-0.156532198190689,1.5859375
0.059,-6.69331827870411e-05,-3.22895712451869e-05,0.0275851870522847,0.000696608487426487,-0.00096724916891399,-7.94811755522318e-07,-0.00401348423624201,0.000775879218883739,-8.09101841550639e-05,0.542627845760796,-0.0923710540778897,0.000240306131911404,0.0301191786657313,0.496826857328415,0.303796291351318,-0.0234814584255219,0.259753406047821,1.5859375
0.06,-7.08640637091812e-05,-3.15457367160291e-05,0.0275869466102867,0.000885434418106215,-0.00120069778479466,-8.16978189099871e-07,-0.00385139136199707,0.000710883895375813,0.00359131751282656,-0.220985446454058,-0.319477317656385,-0.000311876239792602,0.0301191786657313,0.48013311624527,0.563439249992371,-0.0369959324598312,-0.305284708738327,1.5859375
0.061,-7.46433544880015e-05,-3.06027313705563e-05,0.0275924764347861,0.000814606233936958,-0.00145977395192244,-9.9420436905362e-07,-0.00371042646866047,0.00117472998612952,0.00745559336200917,0.0961380140765999,-0.1371033419814,3.86033388598933e-06,0.0301191786657313,0.504150986671448,0.528172612190247,0.0799971073865891,0.276205092668533,1.5859375
0.062,-7.83173640417402e-05,-2.93915067843236e-05,0.0276016473052625,0.000687354319306267,-0.0013798806438198,-1.0736862945393e-06,-0.00363829895920758,0.00124881253342893,0.010874351050435,-0.316666653682241,0.259710824013963,-0.000153243071766586,0.0301191786657313,0.579497158527374,0.810991108417511,0.120105087757111,0.00407876074314117,1.5859375
0.063,-8.19077442662797e-05,-2.79242721840848e-05,0.0276141806906569,0.000644385133504799,-0.00112104660509429,-1.0343088465703e-06,-0.00354200389283356,0.00168542945605683,0.0141780647563665,0.237452575445334,0.170110578317172,0.00019362822838676,0.0301191786657313,0.762459456920624,0.543664932250977,0.211900159716606,0.201958447694778,1.5859375
0.064,-8.53725049592295e-05,-2.61689867572395e-05,0.0276299299731863,0.0007731533701499,-0.00120728986577101,-1.00616833886846e-06,-0.00338943710936713,0.00182452664602635,0.0173052359420606,-0.0225342213621499,-0.329258296611478,-0.000166260957491888,0.0301191786657313,0.452822297811508,0.972292721271515,0.206773698329926,0.0280826594680548,1.5859375
0.065,-8.87884648928631e-05,-2.408322003837e-05,0.0276487938544128,0.000934753887393707,-0.0014565125097924,-1.00588107576627e-06,-0.00344503198435413,0.00234537269383678,0.0204049305116524,0.291735756328273,-0.109462423612631,0.000164553792144477,0.0301191786657313,0.700194239616394,0.660229563713074,0.368400454521179,0.177423685789108,1.5859375
0.066,-9.2239135616112e-05,-2.16250026173596e-05,0.0276706467048159,0.00093603624195348,-0.00144775972409446,-1.01171976485404e-06,-0.00345721501823437,0.00257125320045456,0.0232815916571682,-0.295841327022059,0.111070860999577,-0.000189410921723733,0.0301191786657313,0.292063981294632,0.541394531726837,0.271962076425552,0.157728105783463,1.5859375
0.067,-9.58021580369506e-05,-1.89667179638366e-05,0.0276955262750746,0.000425254658488387,-0.00112915903600686,-1.2714405999148e-06,-0.00366732539610902,0.00274921288036268,0.026457472723934,-0.585638155188896,0.420558471010171,-0.000275965885142879,0.0301191786657313,0.415455043315887,0.494335621595383,0.396057486534119,0.0846865475177765,1.5859375
0.068,-9.95714685374183e-05,-1.6109366913578e-05,0.0277234968636297,6.71241747186962e-05,-0.000853429317079568,-1.44203880481086e-06,-0.00387000602840417,0.00296815092137957,0.0294603516694042,-0.0383262247930336,0.039329585777937,-2.84359314644014e-05,0.0301191786657313,0.306882351636887,0.442651003599167,0.300032764673233,0.0741503238677979,1.5859375
0.069,-0.000103548250169723,-1.30409189136219e-05,0.0277544955697452,0.000328497302481305,-0.00108359721520524,-1.34140121366144e-06,-0.00408595225789664,0.00316767579886319,0.0325158131484501,0.475150858481328,-0.446776399369342,0.000189420759717544,0.0301191786657313,0.386453628540039,0.205550238490105,0.31190624833107,0.379741609096527,1.5859375
0.07,-0.000107729928275866,-9.94727772098662e-06,0.0277884458152007,0.000446057374876817,-0.00158285327499865,-1.40998852904417e-06,-0.00428134187808108,0.00302015641578101,0.0353581272726224,-0.282232578401943,-0.42423223322324,-0.000360492622520993,0.0301191786657313,0.321155995130539,0.702111005783081,0.505458950996399,0.196578249335289,1.5859375
0.071,-0.000112198822619969,-6.78360975984666e-06,0.0278250437058726,0.000279068916471001,-0.0015982126245079,-1.58355148016653e-06,-0.00465659608246232,0.00330830914458143,0.03780962647352,-0.0147237934192244,0.379569676676108,3.2357675434669e-05,0.0301191786657313,0.694902658462524,0.543285012245178,0.413875639438629,0.145907893776894,1.5859375
0.072,-0.000116897444857268,-3.36179511319434e-06,0.0278640048323356,0.000343515776009906,-0.00132174253758866,-1.50310330626624e-06,-0.00473996104861994,0.00353554025208176,0.0400874009971821,0.1141597256701,0.0768945816755867,8.42542197664749e-05,0.0301191786657313,0.586469352245331,0.437520116567612,0.448278069496155,0.254592448472977,1.5859375
0.073,-0.000121724720570646,2.21903824611508e-07,0.0279051942808878,0.000304560962805596,-0.00143045407453039,-1.5663361270235e-06,-0.00491628425598539,0.00363296475375115,0.042264550026746,-0.192243400049452,-0.280486233455883,-0.000209976838848853,0.0301191786657313,0.405132591724396,0.784810900688171,0.397913575172424,0.113410621881485,1.5859375
0.074,-0.000126776352695192,4.05934917683872e-06,0.0279484956503801,0.000321022195180742,-0.00168949694894352,-1.5991856656683e-06,-0.00518910167409862,0.00404152391665562,0.0443073732705195,0.207581802654242,-0.182850661456716,0.000147172951299593,0.0301191786657313,0.394508898258209,0.54853630065918,0.0933805853128433,0.644301116466522,1.5859375
0.075,-0.00013201746569973,8.06969971753206e-06,0.0279937692957526,0.000139968262931311,-0.00190202982698166,-1.83125806163531e-06,-0.00529563324077443,0.00398167005855124,0.0462103419226351,-0.530831523271743,-0.201713171437216,-0.00058063149827399,0.0301191786657313,0.578999996185303,0.658601224422455,0.306515008211136,0.403357952833176,1.5859375
0.076,-0.000137381892130545,1.21386769151493e-05,0.0280407884886386,-0.000287622108517671,-0.00202100809247945,-2.30195056305504e-06,-0.00543492897348223,0.00415962112446586,0.0477971855169786,-0.219233561076402,-0.0235929641871259,-0.000251495473210561,0.0301191786657313,0.779932081699371,0.688030183315277,0.377168118953705,0.27520740032196,1.5859375
0.077,-0.000142851099887727,1.64418871006118e-05,0.0280892620507729,-0.00011803744990625,-0.00206000407352332,-2.11918671988442e-06,-0.00550502557689513,0.00444635608573104,0.0491209807316257,0.495913299745661,-0.0643816354419769,0.000550346936749512,0.0301191786657313,0.413205862045288,0.349888443946838,0.00244846940040588,0.520268201828003,1.5859375
0.078,-0.000148393793884805,2.08515485861765e-05,0.0281392194662292,7.75470311981512e-05,-0.0021348706906609,-1.91183451869748e-06,-0.00558203392315958,0.00437314238401339,0.0507619773537465,-0.172417890243498,-0.0853576398026072,-0.000217895308457109,0.0301191786657313,0.678622901439667,0.493343532085419,0.397086024284363,0.371957987546921,1.5859375
0.079,-0.000154058010466888,2.52805742967182e-05,0.0281905418284975,-0.000227145716043075,-0.00216997177583344,-2.28535429380727e-06,-0.00574741116768646,0.00448762181016085,0.0518507292330067,-0.366747308126317,0.00324509397054836,-0.00044877284592022,0.0301191786657313,0.919608354568481,0.311182081699371,0.114203169941902,0.349895775318146,1.5859375
0.08,-0.000159735070913083,2.97855600214056e-05,0.0282429384080062,-0.000597946565709401,-0.00248752940411901,-2.67616220694933e-06,-0.0056103081890344,0.00452591287241473,0.0529131668794421,-0.287775334368136,-0.572964606707331,-0.000217179331939295,0.0301191786657313,0.653339803218842,0.265865713357925,0.244146525859833,0.393123030662537,1.5859375
0.081,-0.00016540684551224,3.4311808608942e-05,0.0282963481665207,-0.000742615750013858,-0.00282080789867786,-2.77464825559903e-06,-0.00573631148141367,0.00452869199461163,0.053874358444699,0.0210361651240753,-0.0260724562652073,3.01343425684241e-05,0.0301191786657313,0.962223529815674,0.228005781769753,0.0530534982681274,0.76903223991394,1.5859375
0.082,-0.000171061373040673,3.87221451615554e-05,0.0283505027061963,-0.000856009888850673,-0.0028851788411812,-2.93707046461478e-06,-0.0055747545893748,0.00429419269409707,0.0544049017355542,-0.233323501891172,-0.108173972037852,-0.000330593326204414,0.0301191786657313,1,0.562284708023071,-0.209168121218681,0.603787362575531,1.5859375
0.083,-0.000176471053697638,4.30534016199039e-05,0.028405116211337,-0.000810024151219835,-0.00320690139901326,-2.71194708556521e-06,-0.0052491091761832,0.004368877165788,0.054791587377019,0.29559705568542,-0.469503235386011,0.000714090023869777,0.0301191786657313,1,0.1554174721241,0.195597797632217,0.669987082481384,1.5859375
0.084,-0.000181687494810258,4.73191988856178e-05,0.0284600076055323,-0.000735174226192366,-0.00339087612078872,-2.51574703558077e-06,-0.0051863311813707,0.00416393589471673,0.0549616492771678,-0.180725009795728,0.128007892810504,-0.0003995543149918,0.0301191786657313,0.74115127325058,-0.0240759551525116,-0.0320903658866882,0.605121076107025,1.5859375
0.085,-0.000186854784990863,5.1352306175896e-05,0.0285151864113741,-0.00118169093945114,-0.00301075882228743,-3.51044134383471e-06,-0.00514715577442198,0.00390667598142954,0.0553657754020122,-0.606558070784697,0.507811266009545,-0.00134030590420991,0.0301191786657313,0.469342440366745,0.429753422737122,0.0370337404310703,0.428417861461639,1.5859375
0.086,-0.000192077256359273,5.53256471293761e-05,0.0285706560094594,-0.00127658381544815,-0.00243460362537424,-4.10967947495067e-06,-0.00529497476759718,0.0040411845055074,0.0555436401486661,0.425306108755309,0.470869902820849,0.000224162391816121,0.0301191786657313,1,0.0884275361895561,-0.194443941116333,0.415130943059921,1.5859375
0.087,-0.000197221693878443,5.93364995871194e-05,0.0286262354322969,-0.000772110747699867,-0.00283858307407658,-3.24997690048789e-06,-0.00499841345839368,0.00397856841328337,0.0555858498078526,0.434130585957215,-1.18823271570816,0.00116183187144435,0.0301191786657313,0.53662121295929,0.145449459552765,0.209005534648895,0.542301118373871,1.5859375
0.088,-0.000202339599885776,6.32597015550798e-05,0.0286817292141541,-0.000691508180624646,-0.00370777481318169,-2.82772379911478e-06,-0.00524315919141892,0.00386861901779578,0.0553733952370529,-0.306479171054553,-0.342320387718256,-0.000507459697272768,0.0301191786657313,1,0.372905492782593,0.215705648064613,0.59600955247879,1.5859375
0.089,-0.000207582018095496,6.71285123723737e-05,0.0287367184743035,-0.00115439111390397,-0.00371833945078954,-3.80702218594209e-06,-0.0052428846758045,0.00387275152395076,0.0545793418064739,-0.510381543477428,0.300248225546937,-0.00124374504424159,0.0301191786657313,0.750448822975159,0.439501017332077,-0.117321200668812,0.391735315322876,1.5859375
0.09,-0.000212801169238938,7.10909817987994e-05,0.0287910279617775,-0.00131017167800547,-0.00331830995517693,-4.42208865347737e-06,-0.00519425165982657,0.00405358290236522,0.0540129144297159,0.224240492785382,0.373530850715361,0.00012330579498879,0.0301191786657313,0.960232615470886,0.0177409946918488,-0.0262990221381187,0.57495641708374,1.5859375
0.091,-0.000217935621674363,7.50626411542098e-05,0.0288446724795706,-0.00124019189911272,-0.00327743658973861,-4.34378968749982e-06,-0.00507585052941381,0.00389071521081847,0.0532505922119048,-0.116493788155551,-0.321423993550521,-6.89197630403367e-06,0.0301191786657313,0.880059480667114,0.121609762310982,0.472998678684235,0.861657440662384,1.5859375
0.092,-0.000223121410223206,7.88230133178102e-05,0.028897248238674,-0.00164555415845961,-0.0034791146457817,-4.97000037258388e-06,-0.00529725225594091,0.003634290245645,0.0518787413373129,-0.601623523081975,-0.050148568913236,-0.00111654685199181,0.0301191786657313,0.827494204044342,0.185009315609932,0.306081771850586,0.742886662483215,1.5859375
0.093,-0.00022850130191281,8.23909996420353e-05,0.0289484495585794,-0.00206062273388103,-0.00345755165312104,-5.80174960829183e-06,-0.00546301848686722,0.00350541761174291,0.0505017933293784,-0.135775358989338,0.0666229552036356,-0.000348533597734628,0.0301191786657313,1,0.267359673976898,0.34939569234848,0.836081922054291,1.5859375
0.094,-0.000234012181507856,8.58335990580606e-05,0.0289980944023396,-0.00188928118200311,-0.00351488781005681,-5.43079023085369e-06,-0.00556006621064546,0.00337975094517568,0.0487655000322199,0.419713202245454,-0.18739840234072,0.000984337072834249,0.0301191786657313,1,-0.0838294178247452,0.358755052089691,0.658207774162292,1.5859375
0.095,-0.000239630583415142,8.90989524633236e-05,0.0290460698881144,-0.00155229874762974,-0.00377133224036651,-4.54380249781394e-06,-0.00567910027719507,0.00315038289521029,0.0471658830813324,0.156273661529242,-0.280928294190275,0.000544303143746519,0.0301191786657313,0.834769189357758,-0.137380987405777,0.592742264270782,0.701998174190521,1.5859375
0.096,-0.000245487210701123,9.21067560668371e-05,0.0290923578402736,-0.00173984864688505,-0.00371264802761741,-5.00515561618897e-06,-0.00603414990809036,0.00286770059576623,0.0453907637689088,-0.493867626664047,0.360289239164658,-0.00136307792916762,0.0301191786657313,0.982847213745117,-0.106887876987457,-0.00114838778972626,0.59943675994873,1.5859375
0.097,-0.000251492584480076,9.4878401369066e-05,0.0291369472946506,-0.00223598483386879,-0.00374982812859115,-5.95541333048288e-06,-0.00597825272279807,0.00267964343626662,0.0437700844090715,-0.383401524712177,-0.445851534534249,-0.000257486156677129,0.0301191786657313,1,-0.058908972889185,0.11971690505743,0.969859957695007,1.5859375
0.098,-0.000257478142233039,9.73818002013508e-05,0.0291797031042258,-0.00258102669796739,-0.00437840443936114,-5.89373114667779e-06,-0.00599777341366418,0.00233093612390231,0.0417271456006739,-0.230602546551632,-0.673778685129388,0.00038306521607558,0.0301191786657313,1,0.310689628124237,0.206048801541328,1,1.5859375
0.099,-0.000263520184667274,9.96366700039271e-05,0.0292202249372554,-0.00237855789781347,-0.004775955991487,-4.82018114267291e-06,-0.00608963210349781,0.00217855237250909,0.0393037078319491,0.572111506363992,-0.0449884719434897,0.00153823679901762,0.0301191786657313,1,-0.255615442991257,-0.313010603189468,1,1.5859375
0.1,-0.000269520784628645,0.000101578883031239,0.0292585605009472,-0.00210182809119012,-0.00482046524816089,-4.05749935872279e-06,-0.00591361757398123,0.00170609129831586,0.0373540482992153,-0.0951142247927225,-0.0556912829202358,-0.000202249145282451,0.0301191786657313,1,0.130312964320183,-0.227697968482971,0.603748559951782,1.5859375
0.101,-0.000275373659144997,0.000103263736869021,0.029294868567148,-0.00198826924968045,-0.00484689261910433,-3.741654030609e-06,-0.00579394109451641,0.00166344016997155,0.0352513117120941,0.285426310212563,-0.0128763936654124,0.000755555002439358,0.0301191786657313,1,0.000497501343488693,-0.200033321976662,0.819793403148651,1.5859375
0.102,-0.000281118388775294,0.000104809214410781,0.0293289968351736,-0.00191998259445523,-0.00486313632233386,-3.55908275340155e-06,-0.00569689614464027,0.00142765177583723,0.0329903286043929,-0.172216724342668,-0.037010374181538,-0.00043479047237308,0.0301191786657313,1,0.342965871095657,-0.322276949882507,0.763797044754028,1.5859375
0.103,-0.000286735869634002,0.000106229865650036,0.0293607719434947,-0.0019870774810695,-0.0050270926099184,-3.5758400582786e-06,-0.00554054859305522,0.00141435599277441,0.0305497122580254,0.0487000537099024,-0.270388951866542,0.000412568441791879,0.0301191786657313,1,0.0645539909601212,-0.254865288734436,0.73046338558197,1.5859375
0.104,-0.000292224245409272,0.000107571489723174,0.0293901273041481,-0.00202393186098057,-0.00526978440021463,-3.43293078497453e-06,-0.00543898078907935,0.00126969178211841,0.0281516492446979,-0.118425079495445,-0.174890749563971,-0.000163200809547156,0.0301191786657313,1,-0.265633046627045,-0.372256457805634,0.789426982402802,1.5859375
0.105,-0.000297587447207032,0.000108665762101795,0.0294171472684282,-0.00245231510375193,-0.00540752434937219,-4.54146829120816e-06,-0.00528982860594906,0.000922669077694394,0.0258821931796755,-0.634973230752251,-0.0863098135963576,-0.00177851640423684,0.0301191786657313,1,0.0824889615178108,-0.454371243715286,0.356713265180588,1.5859375
0.106,-0.000302785081776824,0.000109634071073593,0.0294419028052408,-0.00245222645193635,-0.00549157746163568,-4.43395716676065e-06,-0.00510754303921246,0.00101385917689266,0.023623173010879,0.627484967260497,-0.0799871909515895,0.00197733169814812,0.0301191786657313,1,-0.0874391794204712,-0.400081068277359,0.792845368385315,1.5859375
0.107,-0.000307818642184618,0.000110524116865718,0.0294642836711515,-0.00192932219696626,-0.00553339734478102,-2.81996110818028e-06,-0.00496128855975236,0.000764121399790674,0.0211346820221336,0.28622667299142,-0.0117390340473821,0.000863545226092312,0.0301191786657313,1,-0.391463875770569,-0.78614753484726,0.929335236549377,1.5859375
0.108,-0.000312607210760623,0.000111041887519026,0.0294842973162984,-0.0023279468760421,-0.00579591143250067,-3.77968574394316e-06,-0.00461864960176691,0.000274214935126717,0.0188846120678019,-0.986668459943568,-0.46528834938597,-0.00255179287095538,0.0301191786657313,1,0.0954411178827286,-0.557355225086212,0.599089860916138,1.5859375
0.109,-0.000317123043544386,0.000111301413398537,0.0295019269639892,-0.00287449548392163,-0.0061344608722481,-5.08107908592237e-06,-0.00441646504568337,0.000248077118270435,0.0163732183287575,0.0235871044220291,-0.145613446106255,0.0002930204469847,0.0301191786657313,1,-0.279730021953583,-0.38333386182785,0.78447413444519,1.5859375
0.11,-0.000321490762882174,0.000111387391837396,0.0295170275553134,-0.00269545785071728,-0.00593109610923164,-4.80950393422219e-06,-0.00431892018464491,-7.65087313705528e-05,0.0138254522349553,0.288409066686999,0.485334115391813,0.000205032390707583,0.0301191786657313,1,-0.446288526058197,-0.921247363090515,0.912247121334076,1.5859375
0.111,-0.000325614035314943,0.00011106696792435,0.0295297150575586,-0.00263796767527689,-0.00576685843170963,-4.87653753244999e-06,-0.00392859720577011,-0.000563486657179567,0.0115491999823242,-0.186196200358246,-0.2096048008167,-0.000300043503158317,0.0301191786657313,1,0.00870451331138611,-0.881893634796143,0.674783229827881,1.5859375
0.112,-0.000329360479010682,0.000110446080176937,0.0295400405316999,-0.00248511491052886,-0.00625932345146188,-3.67483298191473e-06,-0.00356880598414399,-0.000679039452665044,0.00910289846536327,0.453968736467215,-0.665643271856388,0.00244515415007104,0.0301191786657313,1,-0.514773905277252,-0.609094381332397,0.936296164989471,1.5859375
0.113,-0.000332833540792581,0.000109493346735002,0.0295479037092884,-0.00249677332440183,-0.00663589535811567,-3.25179157067979e-06,-0.00338072175063219,-0.00122510112246733,0.00662637284944589,-0.469336155227978,-0.00873328464724919,-0.0017074767041297,0.0301191786657313,1,0.0182096362113953,-0.619906425476074,0.299441337585449,1.5859375
0.114,-0.000336120891434995,0.000108311087495632,0.0295533088884891,-0.00235678394376308,-0.00629811913308206,-3.25084957397692e-06,-0.00319288441005138,-0.00114054810520491,0.00418272509577281,0.717749379631034,0.589577222673092,0.00169774865790814,0.0301191786657313,1,-0.290644824504852,-0.944501936435699,0.719709694385529,1.5859375
0.115,-0.000339127319925068,0.000107010303492748,0.0295563220396017,-0.00190800042734043,-0.00595895828181011,-2.16161682686788e-06,-0.0028196896181218,-0.00146304571516385,0.00184797473088635,0.0755868092917439,-0.00226357607759844,0.000233344053372659,0.0301191786657313,1,-0.190666332840919,-0.874327063560486,0.570828318595886,1.5859375
0.116,-0.000341779253880249,0.000105448755610455,0.0295569874217144,-0.00205142216098134,-0.00627212208700017,-2.32209498385316e-06,-0.00248818107003285,-0.00165863138162897,-0.000506027084136402,-0.32006129197727,-0.552326836566493,-0.000494032249774245,0.0301191786657313,1,-0.317525774240494,-0.74255907535553,0.639372587203979,1.5859375
0.117,-0.000344144824829139,0.000103642565648383,0.029555282490284,-0.0025370464080953,-0.00674234743628389,-3.49859850734546e-06,-0.00224676956238588,-0.00195067717523173,-0.00289700927780265,-0.525753902296844,-0.280648932136551,-0.00156590330820152,0.0301191786657313,1,-0.196906924247742,-1,0.495202571153641,1.5859375
0.118,-0.000346207693392388,0.000101622314396202,0.0295512648337366,-0.00266114936454732,-0.00688951492895045,-3.75972501753807e-06,-0.00188118071286515,-0.0020892393584984,-0.00513081985527678,0.312186675514685,0.0156895043523533,0.00113821333073259,0.0301191786657313,1,-0.350499033927917,-0.89586740732193,0.741148471832275,1.5859375
0.119,-0.000347934512990619,9.93529205827753e-05,0.029544971157595,-0.00233140186147499,-0.00665948742858909,-2.85494501284234e-06,-0.00157186611749439,-0.00245161352248912,-0.00745134205318456,0.273421179526678,0.382681345113425,0.000492404214024465,0.0301191786657313,1,-0.451335906982422,-1,0.494430154561996,1.5859375
0.12,-0.000349321711535707,9.67534428532476e-05,0.0295364819716486,-0.00211034582318693,-0.00636646048243981,-2.44013703731838e-06,-0.0012021499722925,-0.00274844406209075,-0.0095178767556624,0.123558877793921,0.129316086043814,0.000265338937287335,0.0301191786657313,1,-0.0615391731262207,-1,0.77513974905014,1.5859375
0.121,-0.000350333520000433,9.38818048470293e-05,0.0295257655855213,-0.00205590318706821,-0.00647572464895492,-2.14389169927998e-06,-0.000823179080587744,-0.00299526837392536,-0.0119045021175967,-0.0181741830285058,-0.321584564537584,0.000281562690695201,0.0301191786657313,1,0.118500456213951,-0.759397566318512,0.449862122535706,1.5859375
0.122,-0.000351036163602049,9.08958575496557e-05,0.0295126518675611,-0.00175309605578226,-0.00670613153838631,-8.0791437362393e-07,-0.000583775311338183,-0.00297904914541143,-0.0143151872573559,0.558369686552401,-0.0828640790663271,0.00211258246275282,0.0301191786657313,1,-0.57056736946106,-0.817009270191193,0.560553252696991,1.5859375
0.123,-0.000351489655401469,8.77023634823433e-05,0.0294973123954684,-0.00174204875633316,-0.0066319788970143,-8.46213148886221e-07,-0.000323535380391276,-0.00340778395786367,-0.0163517293727684,-0.525563771675598,0.212647791934328,-0.00212547396337469,0.0301191786657313,1,-0.175219267606735,-1,0.269959092140198,1.5859375
0.124,-0.000351630943434221,8.42672333827842e-05,0.029479979240589,-0.00205240748955527,-0.00649656979051541,-2.11831182506117e-06,4.07808497910385e-05,-0.00346136084188249,-0.0183016341363925,-0.00887407718220681,0.0272428791264496,-7.78019088369228e-05,0.0301191786657313,1,-0.0671570897102356,-0.58522093296051,0.493566393852234,1.5859375
0.125,-0.000351516501739719,8.07464760397671e-05,0.0294605258808247,-0.00182385011762551,-0.00631915383933653,-1.52243245121753e-06,0.000189038586004362,-0.00358225415431193,-0.0205952654539008,0.42104553903463,0.28611070305828,0.0011546114905347,0.0301191786657313,1,-0.184846177697182,-1,0.433019995689392,1.5859375
0.126,-0.000351139149791567,7.7081481001311e-05,0.0294389633310081,-0.001416065283682,-0.0063166354215344,-1.52805642805731e-07,0.000564735879357332,-0.00375049604569722,-0.0225145076465056,0.30627227380856,-0.276069133910756,0.00125640720388809,0.0301191786657313,1,-0.438011348247528,-0.491256833076477,0.240049779415131,1.5859375
0.127,-0.000350528068543905,7.32231117233093e-05,0.0294154915630208,-0.00136619156731225,-0.00639884789317006,6.50757137066194e-08,0.000656771409458351,-0.00396691734772712,-0.0244132297454861,-0.204652050563668,0.135509794078029,-0.000833891335143877,0.0301191786657313,1,-0.264457166194916,-1,0.401275336742401,1.5859375
0.128,-0.000349684791195488,6.91511854544502e-05,0.0293902067240652,-0.00170277667717167,-0.00643414977933882,-1.09296926842362e-06,0.0010290101029476,-0.00417556794680381,-0.0261408780263476,-0.37062678721556,-0.190602574864152,-0.00114315288256583,0.0301191786657313,1,-0.138846933841705,-0.860810101032257,0.214793115854263,1.5859375
0.129,-0.000348508693507083,6.49576355750218e-05,0.029363208523171,-0.00168993543694789,-0.0065898955040123,-9.06706351333497e-07,0.00132185766555888,-0.00421249672760361,-0.0278387604101975,0.405247650394729,-0.0751767991121138,0.00151495962468868,0.0301191786657313,1,-0.415778070688248,-0.804948627948761,0.443392395973206,1.5859375
0.13,-0.000347056081877411,6.05825377467216e-05,0.0293345509836009,-0.00140986407725865,-0.00649879231169263,1.43390845863678e-08,0.00158373422454053,-0.0045398862879312,-0.0294598408690716,0.100360726039285,0.242358113347006,0.000154252677596502,0.0301191786657313,1,-0.300668478012085,-0.897333204746246,-0.163393676280975,1.5859375
0.131,-0.000345314898269351,5.60702486033887e-05,0.0293044666589534,-0.000988651852538004,-0.0062507404842042,1.29028628537142e-06,0.00189962393858318,-0.00448828969808728,-0.0306909980364818,0.649520794181548,0.200997636668038,0.00209684148456483,0.0301191786657313,0.951521515846252,-0.423817932605743,-0.996115803718567,0.270622193813324,1.5859375
0.132,-0.000343237544252684,5.1445054456083e-05,0.0292731539284696,-0.000778340093624154,-0.00620192233197932,1.96533675067556e-06,0.00225485534510153,-0.00476373604566978,-0.031915951542204,-0.263434531264924,-0.104042153952045,-0.000865560021378844,0.0301191786657313,0.663695275783539,0.131864055991173,-0.89063686132431,-0.0748440623283386,1.5859375
0.133,-0.000340910791392386,4.67889828336526e-05,0.0292406502862974,-0.000732908209328349,-0.0061054111578216,2.05842260525557e-06,0.00239940770159842,-0.00455006319185833,-0.0330733878263001,0.356514015629236,0.283294534690916,0.00106141959721918,0.0301191786657313,1,0.0464149117469788,-0.836051166057587,0.436631619930267,1.5859375
0.134,-0.00033835455490992,4.21752989679106e-05,0.0292068242439661,-0.000627070830140269,-0.00597458096813197,2.34671066801084e-06,0.00271344755854582,-0.00467867104729227,-0.0345579208445057,-0.154523179209172,-0.0411045541611427,-0.000506942576671829,0.0301191786657313,1,-0.159946322441101,-0.607455372810364,-0.170022934675217,1.5859375
0.135,-0.000335549424402897,3.75405922054728e-05,0.0291717170519464,-0.000656847664998589,-0.00598708118212725,2.23789503062122e-06,0.0028970847616637,-0.00459174135511452,-0.0356378447017638,0.11689673056812,0.0323090260174221,0.000355426165380669,0.0301191786657313,1,-0.166704133152962,-0.991751849651337,-0.135368078947067,1.5859375
0.136,-0.000332452445940497,3.29773047173336e-05,0.0291356813101395,-0.000448665460678199,-0.00614368253470768,2.95601421029801e-06,0.00329608251021076,-0.00453721988209007,-0.0364144180191199,0.260780428949841,-0.290256324555157,0.000931941245508478,0.0301191786657313,0.858289003372192,-0.122950226068497,-0.812667906284332,0.275196969509125,1.5859375
0.137,-0.000329044277055174,2.83595642743676e-05,0.0290987890271888,-0.000487481182037663,-0.00619211471299583,2.81670980317728e-06,0.00352024971905441,-0.00469888090445586,-0.0373498776375861,-0.311912645484869,0.220218587794539,-0.00113153193960556,0.0301191786657313,1,0.183091416954994,-1,-0.52054351568222,1.5859375
0.138,-0.000325318621013675,2.38862280970685e-05,0.029061162783453,-0.000134463601444744,-0.00599247972958067,3.91701477431283e-06,0.00393238079933255,-0.00425162208844771,-0.0378826548140103,0.938442826886425,0.145108267573636,0.00305002157779605,0.0301191786657313,0.982896089553833,0.0568315833806992,-1,-0.126829862594604,1.5859375
0.139,-0.000321178226512547,1.97004324823397e-05,0.0290229939163353,0.000615565703302873,-0.00592872661962716,6.34693642931339e-06,0.00434873236585798,-0.00412568339515632,-0.0384344978505884,0.38431411995786,-0.0150814111406621,0.00122522448141778,0.0301191786657313,1,-0.00259284675121307,-0.334084749221802,-0.335817843675613,1.5859375
0.14,-0.000316800653151713,1.56706846007034e-05,0.0289842135427383,0.000580248902622126,-0.00557528529790958,6.36033884093834e-06,0.00440946778264724,-0.00393456284611283,-0.0391064943226749,-0.433863702725432,0.648979866289043,-0.00113385055640768,0.0301191786657313,1,0.329892754554749,-0.903466939926147,-0.436282992362976,1.5859375
0.141,-0.00031218931834359,1.19560596054789e-05,0.0289449166086899,0.000267315864335274,-0.00525795282726195,5.50195847059953e-06,0.00481535982902236,-0.00349450156542723,-0.0394668045744936,-0.101870012300751,-0.0745606064587366,-0.000320241438088266,0.0301191786657313,0.880301117897034,0.312710404396057,-0.998193740844727,-0.513797521591187,1.5859375
0.142,-0.000307175032944712,8.69926314968596e-06,0.0289054033827564,0.000484217852541102,-0.00562157682961823,6.06770037903104e-06,0.00521187331323962,-0.00302149622646615,-0.039539092668964,0.487712810013622,-0.536472932579539,0.00134182083041159,0.0301191786657313,0.655889809131622,0.234117031097412,-0.632779836654663,-0.431623190641403,1.5859375
0.143,-0.000301934556845243,5.86204284118115e-06,0.0288658344981266,0.000918660848919021,-0.00564811931944819,7.42422051303038e-06,0.00526996811886511,-0.00265687784488455,-0.0395781732055227,0.27660347389685,0.509091477629103,0.00109519506064826,0.0301191786657313,1,0.0969581380486488,-1,-0.409255027770996,1.5859375
0.144,-0.00029642556826711,3.33715677793716e-06,0.0288263328610536,0.000811477296587965,-0.00527929312027725,7.29252460862639e-06,0.00575049103488426,-0.0023934296725823,-0.0394051502642545,-0.454317738032092,0.156187410234671,-0.00125806761610778,0.0301191786657313,0.830244719982147,0.315174460411072,-0.396889269351959,-0.465853840112686,1.5859375
0.145,-0.000290646433987039,1.1580850602756e-06,0.0287868954287461,0.000420537353869841,-0.00487838431553617,6.3017186304748e-06,0.00581142357011725,-0.00196364084929615,-0.0394492917154166,-0.220253170949713,0.562522400534718,-0.000473865874227387,0.0301191786657313,0.786643326282501,0.0451932102441788,-0.907733082771301,-0.367011308670044,1.5859375
0.146,-0.000284661091157369,-6.92670978994429e-07,0.0287476791571468,0.00023930434421179,-0.0046560384431127,5.86352594256212e-06,0.00616134102084305,-0.00173767152763061,-0.0389639222299887,-0.0900614247014599,-0.150523171372522,-0.000264436279808131,0.0301191786657313,0.927464127540588,0.184197247028351,-0.897761106491089,-0.332767486572266,1.5859375
0.147,-0.000278282988436631,-2.2865080878091e-06,0.028708922036409,0.000361850431634982,-0.00516206207267599,6.10716759341656e-06,0.00659287718264243,-0.00145142291182807,-0.0385303349616002,0.306465045216612,-0.701416014977942,0.000711539896188228,0.0301191786657313,0.650759041309357,-0.10472533851862,-0.500092685222626,0.0206482857465744,1.5859375
0.148,-0.000271672216093136,-3.78365555880212e-06,0.02867060298913,0.000288759980789937,-0.00523835169474499,5.85560594457135e-06,0.00662970641855424,-0.00154266868052735,-0.0380884379177465,-0.426914887537455,0.591837290176416,-0.00114548251615731,0.0301191786657313,0.829252600669861,0.0926903337240219,-0.937533617019653,-0.690330624580383,1.5859375
0.149,-0.000264838122931711,-5.10596937313537e-06,0.0286330069490174,0.000317085101991246,-0.00459784060333699,5.96649218254086e-06,0.00704329781320172,-0.00110330096530372,-0.037086044417209,0.476804526306196,0.546239566294528,0.00127809998876135,0.0301191786657313,0.990913689136505,0.159302353858948,-0.240968316793442,-0.24006450176239,1.5859375
0.15,-0.000257726682911389,-6.1057027724247e-06,0.0285960860840189,0.000767732092075717,-0.00406524041560145,7.17896132451656e-06,0.00718429812881788,-0.000899571417404773,-0.0367371825000335,0.308251185471151,0.405247172921313,0.000839802006915401,0.0301191786657313,0.710110247135162,0.196621626615524,-0.559767663478851,-0.351468324661255,1.5859375
0.151,-0.000250450345734824,-6.86515805386508e-06,0.0285597614767696,0.000883624436945312,-0.00392575578407783,7.47867477368658e-06,0.00737063487683034,-0.000620817348835519,-0.0358947295278322,-0.10497467848747,-0.13484767953712,-0.000306763817361741,0.0301191786657313,0.693373084068298,0.349912941455841,-0.473740041255951,-0.437173187732697,1.5859375
0.152,-0.000243012164796124,-7.27603859138557e-06,0.0285242984283038,0.000763908606738244,-0.00415857798812554,7.09415615629538e-06,0.00750600821855959,-0.000200693573408187,-0.0350133978993337,-0.102571987448465,-0.240433494015501,-0.00034996338595056,0.0301191786657313,0.417598605155945,0.196147903800011,-0.452490746974945,-0.368225365877151,1.5859375
0.153,-0.00023552400367217,-7.32955101808428e-06,0.0284898670668578,0.000583324177550749,-0.00403420938943892,6.70781088318861e-06,0.00747301858725205,9.44070341727485e-05,-0.0338325689205205,-0.210780161033974,0.481880451614362,-0.000327641865921055,0.0301191786657313,1,0.120931580662727,-0.675521731376648,-0.391644060611725,1.5859375
0.154,-0.000227820771229702,-7.0989995106081e-06,0.0284566060261782,0.00040966135646869,-0.00391177663755439,6.35815733085465e-06,0.00793520490136653,0.00036725630400805,-0.0326744413784034,-0.0919648030485128,-0.238963179277492,-0.000266442054353261,0.0301191786657313,0.375319719314575,0.2524274289608,-0.436481565237045,-0.110016599297523,1.5859375
0.155,-0.00021990308756825,-6.63719185827226e-06,0.0284245423887038,0.000345447133617952,-0.00377835311839082,6.22912637870954e-06,0.00790307147032818,0.000556635982409124,-0.0314374068444345,-0.0213546040580238,0.496943621376343,3.36932748973434e-05,0.0301191786657313,0.762733936309814,0.294151067733765,-0.579210162162781,-0.23748242855072,1.5859375
0.156,-0.000211848662131669,-5.93464698000373e-06,0.0283937275657643,0.000480424390187652,-0.00345602433280069,6.53923372428977e-06,0.00820932345990367,0.000847247128975337,-0.030178232571956,0.250778323946098,0.0905360625237058,0.000481728915192763,0.0301191786657313,0.570954561233521,0.360420614480972,-0.538328766822815,-0.176197230815887,1.5859375
0.157,-0.000203546407468166,-4.94271278941284e-06,0.0283642273477069,0.00072053864758839,-0.00343535092731682,6.97989670195298e-06,0.00839714270746078,0.00113486139055002,-0.0288089630498316,0.160251574160231,-0.0247113678467385,0.000275164711852213,0.0301191786657313,0.505160748958588,0.349234580993652,0.140866249799728,-0.256994694471359,1.5859375
0.158,-0.000195270283827944,-3.64474197117242e-06,0.0283359904097045,0.00075780387502281,-0.00299734191650422,7.22032560052099e-06,0.00816006562351085,0.00146121527760527,-0.0276496824026835,-0.101233893447547,0.809975376145982,0.000153530923682664,0.0301191786657313,0.447441428899765,0.332350432872772,-0.336700111627579,-0.279175400733948,1.5859375
0.159,-0.000187088521512956,-2.01602766599309e-06,0.0283091270536413,0.000560440202313308,-0.00240315029164461,7.14581680583137e-06,0.00820926689650785,0.00179716404913841,-0.0260662480066671,-0.24553421938898,0.246352967843465,-0.000263307368035674,0.0301191786657313,0.390362620353699,0.460144966840744,-0.11478840559721,-0.160037323832512,1.5859375
0.16,-0.000178926512976038,-4.28762719888911e-08,0.0282837720379829,0.000381151619289871,-0.00241035082296496,6.90029577343765e-06,0.00811707883674244,0.00215003356981164,-0.0246333816446589,-0.0718485845764285,-0.229218566027037,-0.000158434644638291,0.0301191786657313,0.338095486164093,0.352512061595917,0.0668930858373642,-0.373293936252594,1.5859375
0.161,-0.000170923444378485,2.31865599799751e-06,0.028259944388834,0.000504046851860856,-0.00255537941065097,7.0240460705584e-06,0.00789055227320778,0.00257243112350641,-0.0230108881000849,0.274680833841646,0.00649720199046542,0.000370044208665593,0.0301191786657313,-0.185323387384415,0.251282572746277,0.0958918631076813,0.12152723968029,1.5859375
0.162,-0.000163305355481319,4.92281896286843e-06,0.0282378033360286,0.000408572916555571,-0.00199410817127704,7.05955350888132e-06,0.00735116492330513,0.00263724573518734,-0.0212589180655647,-0.448357400263569,0.986875248123111,-0.00028438634835884,0.0301191786657313,0.594549536705017,0.216572761535645,0.0903411656618118,-0.335730105638504,1.5859375
0.163,-0.00015597192242483,7.72683822528244e-06,0.0282173763178656,7.5734869367408e-05,-0.00153780333074349,6.80626736571099e-06,0.00732067568940253,0.00297287619424731,-0.019588102292519,-0.136764984031453,-0.171005041706911,-0.00013761369866497,0.0301191786657313,0.0570628866553307,0.210587933659554,0.298424452543259,-0.224257752299309,1.5859375
0.164,-0.000148885697319412,1.08375247198228e-05,0.0281987137814438,0.000112678177810355,-0.00173809685938543,6.82009011443441e-06,0.00685307157409696,0.00324876364964728,-0.0177293940579487,0.18929949138047,-0.15057502322831,0.0001553510758577,0.0301191786657313,-0.0201742053031921,0.265476047992706,0.306879252195358,-0.0473508276045322,1.5859375
0.165,-0.00014228986685974,1.41879743749719e-05,0.0281818936826979,0.000264728537477498,-0.00166887226220328,6.9609736521592e-06,0.00634159263613999,0.00345181545019564,-0.0159043226472794,0.061561008959149,0.291184219381552,8.30823638645494e-05,0.0301191786657313,0.490007340908051,0.310960650444031,0.0448567643761635,-0.0625291168689728,1.5859375
0.166,-0.000135963850537114,1.77611125265726e-05,0.028166849537019,0.000220595571411844,-0.00174214854333125,6.8960604577839e-06,0.00631174790463512,0.00369543691050971,-0.0141780468402555,-0.149515709363314,-0.394583074880652,-0.00020545158380903,0.0301191786657313,0.072418250143528,0.179510205984116,0.0824637413024902,-0.27022710442543,1.5859375
0.167,-0.000129805656609127,2.16064731324613e-05,0.0281537627144992,6.59116369876975e-05,-0.0019308385873392,6.70365783728144e-06,0.00600574344352671,0.00399677442892475,-0.0119927594941539,-0.130154822869967,0.0888140701006057,-0.000149718052144865,0.0301191786657313,0.163269862532616,-0.0807378888130188,0.227432325482368,-0.0329373329877853,1.5859375
0.168,-0.000123965061117221,2.56089277282387e-05,0.0281428221813875,-0.000301436707874828,-0.00154551759930466,6.31042517618141e-06,0.00568055974759469,0.00401156917001903,-0.00988871624755523,-0.51442891126737,0.592728926430147,-0.000548259310005525,0.0301191786657313,0.242184281349182,0.307483851909637,0.470963209867477,-0.120950683951378,1.5859375
0.169,-0.000118484353161452,2.97818363031971e-05,0.0281338215030841,-0.000442931691459462,-0.000918378373039082,6.02612697075955e-06,0.00528740462666122,0.00433549914125948,-0.00811221147013774,0.254365598679165,0.506792081728615,-1.1205996608878e-05,0.0301191786657313,-0.0110984295606613,-0.0780776739120483,0.186827704310417,0.403374135494232,1.5859375
0.17,-0.000113373038765735,3.40053559626012e-05,0.0281267279269922,-0.000497202458589452,-0.000758631424386524,5.95709245310161e-06,0.00493836677321688,0.00411353261796372,-0.00607505916359879,-0.360373242396968,-0.213073252212775,-0.000107654728319358,0.0301191786657313,-0.0530106872320175,0.0385661870241165,0.447358727455139,0.389350295066833,1.5859375
0.171,-0.000108699188337771,3.80544794260687e-05,0.0281215882657414,-0.000929362429088861,-0.00103124988761028,5.83596571868128e-06,0.00440985569026178,0.0039888186646367,-0.00420484304135087,-0.398518045555471,-0.241895198859951,-0.000118020509470706,0.0301191786657313,0.0680529773235321,-0.0205981731414795,0.614079892635345,0.319922983646393,1.5859375
0.172,-0.000104568580065037,4.19926196029872e-05,0.0281182805497966,-0.00111104550153655,-0.00107318559813127,5.73312766372069e-06,0.00385337042984439,0.00388992489306404,-0.00241236120483993,0.0713564531172021,0.182526450244551,-8.53066363149011e-05,0.0301191786657313,-0.0660641193389893,0.234429329633713,0.433895289897919,0.217224895954132,1.5859375
0.173,-0.000100974984108486,4.59441418779391e-05,0.0281168159288976,-0.000629435300333184,-0.000754610597015935,5.79449050919223e-06,0.00333754932588671,0.00401097762993553,-0.000518446666619669,0.743301466934629,0.377537927365035,0.000160550167636477,0.0301191786657313,0.367622554302216,0.259503692388535,0.273203641176224,0.276819169521332,1.5859375
0.174,-9.77076877697227e-05,4.99977997103357e-05,0.0281171457425433,-4.41829147305436e-05,-0.000853684269060713,5.99708034787483e-06,0.00319762813401546,0.00409353161959781,0.00117419556344628,0.251818300929441,-0.534927419715258,0.000113468513947733,0.0301191786657313,-0.10605039447546,0.165546327829361,0.40911740064621,0.315755873918533,1.5859375
0.175,-9.47692010557471e-05,5.40908878439876e-05,0.0281192785747222,-0.000356599333670919,-0.00116079223861964,5.79338447126432e-06,0.00267916615127029,0.00409581951331804,0.00308677001962468,-0.801335409873634,0.0151314524576905,-0.000529493882405344,0.0301191786657313,-0.01362045109272,0.402472794055939,0.211077451705933,0.11701126396656,1.5859375
0.176,-9.226051486985e-05,5.83331773287937e-05,0.0281233389212823,-0.00100689348478297,-0.000988065345185374,5.30395216458146e-06,0.00234067136171312,0.0043936096465963,0.00502802193561578,-0.332908093573586,0.290024170046667,-0.000357593587936489,0.0301191786657313,0.11174713820219,0.14439269900322,0.0563591867685318,0.268129050731659,1.5859375
0.177,-8.99991599463866e-05,6.27612842438959e-05,0.0281293743412232,-0.00112807329522943,-0.000880648682787206,5.16135182060395e-06,0.00218379717388651,0.00446442972574913,0.00703407336919987,0.107918596620914,-0.0963593894789016,9.36440562029889e-05,0.0301191786657313,0.107480995357037,0.00577380880713463,0.846994996070862,0.3005351126194,1.5859375
0.178,-8.81331701596241e-05,6.72109415032319e-05,0.0281372042572452,-0.000976124013108588,-0.000654262711033581,5.08508554109e-06,0.00155115357486409,0.00443519601698906,0.00861914404305702,0.13846889272367,0.49168845119923,-0.000230801715444903,0.0301191786657313,0.327515929937363,0.254373729228973,0.307278633117676,0.188495576381683,1.5859375
0.179,-8.66613707968253e-05,7.17419252331399e-05,0.0281466595155098,-0.000729937327417739,-0.000588587013842998,5.09877142151893e-06,0.00139358423486072,0.00462610524864005,0.0102832105285347,0.27002777227034,-0.372173256868594,0.000217626374849303,0.0301191786657313,-0.156877741217613,0.441277027130127,0.394243985414505,0.736961126327515,1.5859375
0.18,-8.55214380141977e-05,7.63540258032428e-05,0.028157663533598,-0.000830690749135267,-0.000851200114434742,5.13177783556529e-06,0.000886040916742279,0.00460008806337478,0.0117157581454238,-0.457979697222512,-0.0769470068203299,-0.000196555756876913,0.0301191786657313,0.168055236339569,0.0833782255649567,0.582862019538879,0.111540958285332,1.5859375
0.181,-8.4850502286542e-05,8.10303908779619e-05,0.0281702160055991,-0.00126692610910994,-0.00078812893654394,4.86964447876659e-06,0.000457360945017118,0.00475638438842626,0.0133788306699368,-0.309559748777457,0.187392557877136,-0.00028175552529851,0.0301191786657313,0.283177852630615,0.270671129226685,0.657140970230103,0.40921026468277,1.5859375
0.182,-8.45919392643598e-05,8.58397243186424e-05,0.0281842152855615,-0.00140132459255149,-0.000597419965166373,4.6548349024178e-06,6.21546112263364e-05,0.0048641512403105,0.0146088593607288,0.0602469489039572,0.142599497182208,-0.000108090488823855,0.0301191786657313,-0.054030105471611,0.312995672225952,0.461266070604324,0.422777354717255,1.5859375
0.183,-8.47676818267991e-05,9.07703299537105e-05,0.0281995565491054,-0.00118763003853312,-0.0004765207339574,4.6092402921083e-06,-0.000412244472137914,0.00499685492910882,0.0160633691616931,0.290617052233836,0.0654737294092945,1.47525571603204e-05,0.0301191786657313,0.0365531891584396,-0.0619876869022846,0.503363072872162,0.551812648773193,1.5859375
0.184,-8.54020477988765e-05,9.56814668980554e-05,0.0282163602513204,-0.0013006291385359,-0.000532843916035163,4.59606562142056e-06,-0.000856066438105719,0.0048278402982818,0.0175318678240245,-0.500961788666541,-0.163947983752559,-4.78785501923589e-05,0.0301191786657313,0.542952716350555,0.281067848205566,0.483809649944305,0.40394988656044,1.5859375
0.185,-8.63244999661735e-05,0.000100580763216291,0.0282344071296228,-0.00167529547148969,-0.00106167932904968,4.8832705261681e-06,-0.000992128509266418,0.00497408725603523,0.0185495254112564,-0.16281865526152,-0.749530659133033,0.000574494460224304,0.0301191786657313,-0.0252441614866257,0.216845408082008,0.416638135910034,0.66208952665329,1.5859375
0.186,-8.75458114804394e-05,0.00010553902251515,0.0282535674196749,-0.00177662683868659,-0.00134507957766626,5.06012433376668e-06,-0.0014513121569047,0.00494449080038601,0.0197574123341668,-0.0298986193097442,0.253460806130427,-0.000286478526917596,0.0301191786657313,0.342606484889984,0.14699724316597,0.283224999904633,0.825676083564758,1.5859375
0.187,-8.90756390121783e-05,0.000110402565784185,0.028273810750913,-0.00189960287418731,-0.00100326409275199,4.62398316836143e-06,-0.00160621029125192,0.0047850374971057,0.0207162258551599,-0.199404294856533,0.330555775085671,-0.000471066557244384,0.0301191786657313,0.483915120363235,-0.0808488801121712,0.496830582618713,0.533011317253113,1.5859375
0.188,-9.07777362855787e-05,0.000115132577921242,0.0282950258239569,-0.00205653867256994,-0.000818649959497273,4.33118404608024e-06,-0.00179673373931299,0.00467750341491502,0.0216999819896488,-0.0887823620639136,-0.016749069336207,-3.88899473194117e-05,0.0301191786657313,0.642304420471191,0.00135698169469833,0.398812025785446,0.478364765644073,1.5859375
0.189,-9.25941470313662e-05,0.000119801620826227,0.0283171644943353,-0.00197896217169013,-0.00120171645082535,4.78508010370859e-06,-0.00183884485346732,0.00466138155042754,0.0225619746836855,0.20479011611644,-0.648189346716023,0.00081868717125503,0.0301191786657313,0.176546990871429,-0.392666876316071,0.599040269851685,0.628664255142212,1.5859375
0.19,-9.46624044368264e-05,0.000124294293752669,0.0283402725984256,-0.00210986973125515,-0.00138498839624131,4.85592262577939e-06,-0.00229836609690491,0.00432669700502494,0.0236395090521199,-0.445992403119567,0.322919471269812,-0.000728830370391743,0.0301191786657313,0.259543389081955,0.0168634969741106,0.198329925537109,0.668447732925415,1.5859375
0.191,-9.70448159780986e-05,0.000128572349159891,0.0283643819604712,-0.00245847881703115,-0.00102779611147259,4.15305083878437e-06,-0.00246440273990012,0.00423293613216453,0.0245640951354801,-0.173649260845838,0.287311212050611,-0.000502229154128614,0.0301191786657313,0.818680882453918,-0.0568507164716721,0.292051166296005,0.730848252773285,1.5859375
0.192,-9.94514460324982e-05,0.000132722557308886,0.0283891954869498,-0.00248853155858574,-0.00127550358246791,4.46073259086077e-06,-0.00235131524750775,0.00406911837800515,0.0250485556920837,0.105585708493022,-0.721918861048855,0.00103866712115346,0.0301191786657313,0.51715350151062,-0.249148979783058,0.374017715454102,0.967939794063568,1.5859375
0.193,-0.000101870081239163,0.000136585074369268,0.0284145030052417,-0.00259784860549558,-0.00188646302135042,5.16989979848503e-06,-0.00249017087763848,0.00365838217218931,0.0255520271967511,-0.308812505803379,-0.343069501231945,0.000150666518479363,0.0301191786657313,0.18269744515419,0.00424615293741226,0.295985490083694,0.741008281707764,1.5859375
0.194,-0.000104512766297642,0.000140186849860114,0.028440378804372,-0.00267390727867032,-0.0016377358338459,4.70019225229379e-06,-0.00279345177020084,0.00354686835354245,0.0261840146739708,0.162362722783973,0.760829378516692,-0.000986131799789686,0.0301191786657313,0.878517508506775,-0.136169716715813,-0.240007102489471,0.790686130523682,1.5859375
0.195,-0.000107088190221933,0.000143622409286876,0.0284668294821063,-0.00249631655597505,-0.00154150729301296,4.67665751502366e-06,-0.00235844539834403,0.00332450727467128,0.0267021034354764,0.131771044789109,-0.601556967569968,0.000914016339043552,0.0301191786657313,0.366522341966629,-0.291232794523239,0.523504734039307,0.473073571920395,1.5859375
0.196,-0.000109612124621708,0.000146882991332764,0.0284938120284231,-0.0023811574739888,-0.00175343543939714,5.05224373625879e-06,-0.0026905979306626,0.0031970440438082,0.0272474391937511,0.0555402382453523,0.22402316634943,-0.000257286965246003,0.0301191786657313,0.671501338481903,0.029152974486351,0.190714552998543,0.89482843875885,1.5859375
0.197,-0.000112280650544448,0.000149987625076383,0.0285210980104769,-0.00252296739069451,-0.00163120030143446,4.74596638122549e-06,-0.00264641080479649,0.00301416321823927,0.0273099521058475,-0.312610101589138,-0.0222314383309084,-0.000266975702980522,0.0301191786657313,0.661964952945709,0.193848803639412,0.0413918346166611,0.79144811630249,1.5859375
0.198,-0.000114865609819262,0.000152994874401972,0.0285484294422933,-0.00270384662863574,-0.00189167524360172,4.94023017072465e-06,-0.00252609691393038,0.00300222813805878,0.0273383939549609,-0.0128586203504454,-0.437439799038279,0.000615395884726568,0.0301191786657313,0.58580094575882,0.144099369645119,0.0761010050773621,0.91925036907196,1.5859375
0.199,-0.000117371039967808,0.000155942149133833,0.0285757361820461,-0.00268031253095953,-0.0022397357449796,5.46352562880159e-06,-0.00248758308267128,0.00289302030505384,0.0272607598878842,0.041909653066353,-0.175081030353109,0.000289688386571458,0.0301191786657313,0.164143592119217,0.0367725715041161,0.0714530497789383,1,1.5859375
0.2,-0.000119965116274899,0.000158728380721342,0.0286030476235012,-0.00277901295062537,-0.00189282075463293,4.81543592201206e-06,-0.00269873774030732,0.0026810479331903,0.0273475739578828,-0.223783484675324,0.76564188824579,-0.00141438817209144,0.0301191786657313,0.596435964107513,-0.110288634896278,0.0690793842077255,0.832108378410339,1.5859375
0.201,-0.000122635994036898,0.000161312872318914,0.028630371937038,-0.00301842993051485,-0.00138855854243446,3.79666083594188e-06,-0.00264071558560213,0.00249054525631531,0.027286933784609,-0.202116954019544,0.101198208362527,-0.000338875414843205,0.0301191786657313,0.703616619110107,-0.0657637789845467,0.268927067518234,0.885990023612976,1.5859375
0.202,-0.000125273115326894,0.000163709155185154,0.0286574797559607,-0.00311611104850141,-0.0017059620986901,4.24244697327936e-06,-0.0026361379931712,0.00230353358840353,0.0269151797963014,0.0224433636419326,-0.659789888928081,0.00112781608302684,0.0301191786657313,0.363753765821457,-0.207776486873627,0.194069892168045,1,1.5859375
0.203,-0.000127993506874471,0.000165848079942645,0.0286842967581041,-0.00316555778024268,-0.00222358898923407,5.05186470478591e-06,-0.00280824953470973,0.00197555083722055,0.0267050529986841,-0.117402110290072,-0.248070477873379,0.000268720760445186,0.0301191786657313,0.359658509492874,-0.401947855949402,0.247913882136345,1,1.5859375
0.204,-0.000130911027117525,0.000167606160016134,0.0287109023226043,-0.00343222721080017,-0.00206298065151301,4.41515637472634e-06,-0.00302584066480141,0.00154393222400614,0.0264928428476592,-0.352877111638929,0.514088556736164,-0.00138211852142798,0.0301191786657313,0.675562381744385,0.0188644975423813,0.174620807170868,0.897667527198792,1.5859375
0.205,-0.000133928799861112,0.000169089323627603,0.0287370979968064,-0.00338321836300579,-0.0017265718882461,3.7925519640325e-06,-0.00300839715754742,0.00142272208204061,0.0258864430871262,0.429025320279275,0.0601482788215938,0.00027520590826818,0.0301191786657313,0.550362110137939,-0.565299272537231,0.541516661643982,0.592128157615662,1.5859375
0.206,-0.00013707129705318,0.000170366955476302,0.0287628250197477,-0.00294729529093438,-0.00166691281154181,4.07462881968357e-06,-0.00327645048749711,0.00113076332189509,0.0255548937648938,0.323486358394434,0.0328914188406298,0.00022319239973943,0.0301191786657313,0.621925473213196,-0.407478988170624,0.423737496137619,0.581618249416351,1.5859375
0.207,-0.000140428752204047,0.00017139576331629,0.0287881527832774,-0.00279394194716601,-0.00182273048325384,4.43606122457751e-06,-0.00344001314710485,0.000926379918060065,0.0250879960283506,-0.0619801722776766,-0.314844135345934,0.000400641242715768,0.0301191786657313,0.899117648601532,-0.140150338411331,0.37107902765274,0.88561999797821,1.5859375
0.208,-0.00014386128490201,0.000172209305151148,0.0288127575400874,-0.00309698101790371,-0.00239890105538317,4.98437499496518e-06,-0.00342945013173636,0.000703336896007648,0.0241116364530523,-0.46784182706847,-0.697379214771955,0.000548624255967355,0.0301191786657313,0.900786161422729,0.119543768465519,0.355139076709747,0.653898119926453,1.5859375
0.209,-0.000147292037669334,0.000172947335275615,0.0288363426823512,-0.00318664605552368,-0.00291991511796883,5.76550819531008e-06,-0.00343602420589057,0.000773173868378018,0.0230496366472019,0.305778856423052,-0.222697784545268,0.000858370793133658,0.0301191786657313,0.86011129617691,-0.151364058256149,-0.194019258022308,0.75763875246048,1.5859375
0.21,-0.000150593579277071,0.000173648005783914,0.0288590422238713,-0.00287780533843602,-0.00308378547906895,6.52938775402845e-06,-0.00316956333943233,0.000626823071923835,0.0223397198292732,0.228031140287619,-0.0753083011544101,0.000484919633130596,0.0301191786657313,0.745773732662201,-0.119503691792488,0.0246664695441723,1,1.5859375
0.211,-0.000153726785977103,0.000174138435924348,0.0288808939832236,-0.00299772611253873,-0.00283716686074375,5.92971647961349e-06,-0.00309624030090274,0.000355433181184031,0.0213546359542419,-0.438342806838706,0.491160812674506,-0.00150439514898309,0.0301191786657313,0.793490409851074,-0.123911961913109,-0.140879258513451,0.460070252418518,1.5859375
0.212,-0.000156723082742967,0.000174515327711524,0.0289019060717399,-0.00317066565370088,-0.00249075623773027,5.06199112626504e-06,-0.00289550332649408,0.000399299152620905,0.0206605921533335,0.133236216292255,0.101921003873832,-1.37213219929234e-05,0.0301191786657313,0.534663915634155,-0.204343169927597,-0.15178208053112,0.939898133277893,1.5859375
0.213,-0.00015958683328815,0.000174778287378095,0.0289221592578937,-0.00318904145329224,-0.00252796961729563,5.08246011410307e-06,-0.00283302345606471,0.00012734931180446,0.0198371949713221,-0.167013451272756,-0.176445097398278,5.83762387695206e-05,0.0301191786657313,0.776260495185852,-0.215192958712578,0.179396763443947,1,1.5859375
0.214,-0.000162417296414523,0.000174749733124973,0.0289413896588225,-0.00348433523707494,-0.00273731307885251,5.01776553285538e-06,-0.00282982834225208,-0.000181869243886386,0.0186172089172382,-0.348092827161685,-0.198194725192284,-0.000162033384038313,0.0301191786657313,0.665898025035858,-0.171501204371452,-0.03488689661026,0.749205470085144,1.5859375
0.215,-0.000165221398451503,0.000174501392727579,0.0289595149339014,-0.00351296951090415,-0.00290804057422552,5.29220312550649e-06,-0.00278018729833394,-0.000314376865158238,0.0176268927340878,0.295784562497515,-0.109591489363957,0.000662924058538249,0.0301191786657313,0.512431979179382,-0.343036323785782,0.176349639892578,1,1.5859375
0.216,-0.000168082340272537,0.000173998434938167,0.0289765867349706,-0.00332270819074404,-0.00267685814690686,5.14927338191029e-06,-0.00294058634900735,-0.00069197402617535,0.0165104678945403,0.0360960099276087,0.500572494369936,-0.000875344695671959,0.0301191786657313,0.926446199417114,-0.191801905632019,0.103624001145363,1,1.5859375
0.217,-0.000170961719540623,0.000173157442793346,0.0289923855388659,-0.0033611871222129,-0.00250566151881287,4.76846958763488e-06,-0.00281808547039193,-0.000989332329204255,0.015082334362832,-0.101316040113612,-0.211327794227639,0.000231654925460966,0.0301191786657313,0.588562607765198,-0.136577501893044,0.103985458612442,0.422823786735535,1.5859375
0.218,-0.000173818241170156,0.000172197935728246,0.0290069601088639,-0.00302063600342625,-0.00277172911248945,5.7253256140477e-06,-0.00289706719150122,-0.000932112738162235,0.0140614203681281,0.69508298922525,-0.261814057070469,0.00146896269445677,0.0301191786657313,0.817187309265137,-0.252087235450745,-0.193443566560745,0.945541143417358,1.5859375
0.219,-0.000176611997907555,0.000171106756564194,0.0290204072810277,-0.00274305040615842,-0.00328664926096084,6.92425444759337e-06,-0.00269465910046102,-0.00125144109598816,0.0128290326753833,-0.20662774206572,-0.64463675235706,0.000577314597369979,0.0301191786657313,0.603518724441528,-0.393136352300644,-0.00946464389562607,0.620739161968231,1.5859375
0.22,-0.000179327980782185,0.000169747575407944,0.0290327329704742,-0.00319001792325665,-0.00349894051353355,6.37374375100919e-06,-0.00273910569915072,-0.00146411213064025,0.0118185974187494,-0.568064081120021,0.262953437691016,-0.00156575224546407,0.0301191786657313,0.650661706924438,-0.0942562371492386,-0.200293108820915,0.77532970905304,1.5859375
0.221,-0.000182021011934591,0.000168224105856256,0.0290439477352783,-0.00352147019121438,-0.00306299558757323,4.92807786756089e-06,-0.00264521110985618,-0.00158097515002087,0.0106080402493888,-0.00694521617454124,0.487161790207428,-0.000969943529779711,0.0301191786657313,0.855072140693665,-0.230040937662125,0.155266344547272,0.916684806346893,1.5859375
0.222,-0.000184656209069864,0.000166505990527599,0.029053785651813,-0.00338789320879831,-0.00268454037048064,4.38978061279016e-06,-0.00262352642560464,-0.00185628641307913,0.00906386968951975,0.244335987068663,0.163069672692606,3.69355312993493e-05,0.0301191786657313,0.875966608524323,-0.340333521366119,0.0574355870485306,0.812678098678589,1.5859375
0.223,-0.000187235124645263,0.000164506101047164,0.0290621433581021,-0.00313406120697831,-0.00290677079142742,5.13638252996884e-06,-0.00253642317617951,-0.00214492181025805,0.00765011605021209,0.204038775667308,-0.557853517245891,0.00126125304706965,0.0301191786657313,0.195926070213318,-0.280009239912033,0.267263740301132,0.931754589080811,1.5859375
0.224,-0.000189984314942296,0.000162196599476149,0.0290691464622738,-0.00310621068100459,-0.00292502273625953,5.19434585655176e-06,-0.00296034845866319,-0.00247300524192172,0.00635964234366707,-0.14639530304444,0.510401145204306,-0.00112156597324649,0.0301191786657313,0.942078590393066,-0.313089042901993,-0.153153672814369,0.76133781671524,1.5859375
0.225,-0.00019282911508846,0.000159596633663473,0.0290748246878338,-0.00324738547905629,-0.00295480552121669,5.01422983489874e-06,-0.00273063929818765,-0.00272615064819311,0.00499709044589407,-0.0920829983313807,-0.569315349720478,0.000843101757174378,0.0301191786657313,0.828484117984772,-0.494731187820435,0.0176381319761276,0.547395706176758,1.5859375
0.226,-0.000195533000694185,0.000156752248553671,0.0290792218359301,-0.00319817796191536,-0.00361822685464044,6.27066201808191e-06,-0.00268186845248033,-0.00296313445106601,0.003797434630234,0.186104439083235,-0.596238009519382,0.00139239662981736,0.0301191786657313,0.606957256793976,-0.250061213970184,-0.475113153457642,0.94451493024826,1.5859375
0.227,-0.000198123223524386,0.000153625684495429,0.0290824350026271,-0.00306392469015783,-0.0040517958600133,7.27589766347236e-06,-0.00250223794175556,-0.00329064917586722,0.00263055895465283,0.0583758479925599,-0.170325183975154,0.000395573472865128,0.0301191786657313,0.95292866230011,-0.246255084872246,-0.0968713164329529,0.736717700958252,1.5859375
0.228,-0.000200549652320624,0.000150224818539067,0.0290843363695466,-0.00294305092897559,-0.00389673674286157,7.26993773936258e-06,-0.00235069203464625,-0.00351201671854047,0.00117520402670868,0.162903762395516,0.430777766669546,-0.000365645404659115,0.0301191786657313,1,-0.462434589862823,-0.682197570800781,0.456503331661224,1.5859375
0.229,-0.000202646588093453,0.000146616719983248,0.0290850614041403,-0.00273110200811477,-0.00381574202216875,7.55683047559685e-06,-0.00184446823682353,-0.00370582969399083,0.000276680375339405,0.218265468277074,-0.294229628825048,0.000875835946227934,0.0301191786657313,0.601892650127411,-0.145184904336929,-0.43685394525528,0.548879504203796,1.5859375
0.23,-0.000204419010925663,0.000142871211616612,0.0290848129915609,-0.00244175579184784,-0.00391308500107243,8.29913813493732e-06,-0.00170177678050764,-0.00378758669994802,-0.000770475526354412,0.298463456885391,0.117465498579191,0.000462767875343431,0.0301191786657313,1,-0.137518554925919,-0.512287080287933,0.497905492782593,1.5859375
0.231,-0.000205917865357388,0.000139051776031677,0.0290834466215923,-0.00221143048003253,-0.00398436231719808,8.85887769186411e-06,-0.00129756751601211,-0.00385344436366438,-0.00195909209488675,0.115931259884786,-0.24565354857001,0.000530532732540759,0.0301191786657313,0.829334020614624,-0.0701543390750885,-0.516758620738983,0.328511536121368,1.5859375
0.232,-0.000207063073900479,0.000135227216578009,0.0290809661645666,-0.00207380677526247,-0.00417444680318334,9.37191228800316e-06,-0.000995072262797711,-0.00379756123118507,-0.00299771607169267,0.136532552269738,-0.0900854666405972,0.000394679225407528,0.0301191786657313,1,-0.152189329266548,-0.307824969291687,0.492780864238739,1.5859375
0.233,-0.000207919010414838,0.000131384055775092,0.0290773283522537,-0.00215454622065664,-0.00411694086255168,9.10289228972516e-06,-0.000717391892393129,-0.00388897345823472,-0.00427276825583353,-0.263695115862598,0.187152292800397,-0.000834022065938055,0.0301191786657313,1,-0.237429708242416,-0.429814755916595,0.185160681605339,1.5859375
0.234,-0.000208462895214802,0.000127512133571994,0.0290725597046412,-0.0022913002873165,-0.00396593099109506,8.59451637236219e-06,-0.000370392439202898,-0.00385508134395377,-0.00525994818412281,0.0366879255672258,0.0753447874271552,-3.42851413108995e-05,0.0301191786657313,0.894666910171509,-0.191726863384247,-0.298076599836349,0.453143179416656,1.5859375
0.235,-0.00020872325634973,0.000123609643118605,0.0290667194531343,-0.00223645738684947,-0.00384358844703649,8.54061398936068e-06,-0.000150193918096699,-0.00395094222129089,-0.00641492461140966,0.0716487540761823,0.137544327528948,-3.70718843518519e-05,0.0301191786657313,0.92726081609726,-0.29376757144928,-0.789200782775879,0.480073511600494,1.5859375
0.236,-0.000208615888629376,0.000119572267157829,0.029059880819415,-0.00224234034496425,-0.0040968517008092,8.81578081868284e-06,0.000362358865686161,-0.00412439832455431,-0.00725702990152566,-0.0682975394436927,-0.576325363108167,0.000534516929935912,0.0301191786657313,0.637029886245728,-0.220998361706734,-0.316591203212738,0.246528297662735,1.5859375
0.237,-0.000208216505590714,0.000115444089350223,0.0290521991863927,-0.00210276030987889,-0.00420457813809123,9.25831930942422e-06,0.000435746296133629,-0.00413377988166401,-0.00810125048431406,0.324576329054867,0.38928555864248,0.000279468651579701,0.0301191786657313,0.928926825523376,-0.261207848787308,-0.302925437688828,0.290589570999146,1.5859375
0.238,-0.000207662133810236,0.000111275009841089,0.0290436036968288,-0.00177995826534828,-0.00370015995725519,9.40799787230162e-06,0.000675521882787509,-0.00420710121644528,-0.00908302680455665,0.252379451807178,0.492738252551282,1.18118228177449e-05,0.0301191786657313,0.89233922958374,-0.0414681658148766,-0.524321794509888,0.0145128965377808,1.5859375
0.239,-0.000206807766704245,0.000107163713363136,0.0290341236254047,-0.00134732057920934,-0.00356018308299575,1.00939568836722e-05,0.00103336733679311,-0.00401949532957933,-0.00987040937303605,0.514614592007578,-0.243124953286654,0.00116188772274445,0.0301191786657313,1,-0.0485780313611031,-0.369606077671051,0.201842591166496,1.5859375
0.24,-0.000205609111351061,0.000103174132123887,0.0290237522529467,-0.00110608105678193,-0.00404599149395533,1.08659725195359e-05,0.00136060295989259,-0.00396217803751585,-0.0108648425938879,-0.0797151470311195,-0.597893047765322,0.000165083383642086,0.0301191786657313,0.875732123851776,0.143581122159958,-0.21957591176033,0.217806085944176,1.5859375
0.241,-0.000204167657008342,9.92874806664232e-05,0.0290123378498827,-0.00133010471626902,-0.00428163976493022,1.04702108747468e-05,0.0015209924205804,-0.00381092890787145,-0.0119565917036875,-0.297592481790264,0.191912716633748,-0.000857312311129821,0.0301191786657313,1,0.16763237118721,-0.184092283248901,-0.0364278480410576,1.5859375
0.242,-0.000202539870467458,9.56316022924923e-05,0.0289998678109718,-0.00134473833255238,-0.00380544573323511,1.00415001820231e-05,0.00173740707283559,-0.00350221017783145,-0.0129752305478838,0.282680955407799,0.643082129170535,9.46342342725429e-05,0.0301191786657313,1,-0.196893975138664,-0.497666209936142,0.219117194414139,1.5859375
0.243,-0.000200596905609572,9.2105757207716e-05,0.0289865158150699,-0.00129714829543648,-0.00348583502405631,9.89592845845877e-06,0.00214984924485811,-0.00355049120390489,-0.0137201830624439,-0.186753966460093,-0.0763618947499247,-0.000322625063551649,0.0301191786657313,0.728515863418579,-0.0616921372711658,-0.499281823635101,0.310594230890274,1.5859375
0.244,-0.000198313906541074,8.85433321549592e-05,0.0289724504246231,-0.00158318346236046,-0.00371557471203182,9.49691325269342e-06,0.00241490091941041,-0.00357348009073709,-0.0144022952706824,-0.299299908888369,-0.314770719927635,-0.000356397429475105,0.0301191786657313,0.797980725765228,0.0512715727090836,-0.282057166099548,0.103715166449547,1.5859375
0.245,-0.000195810484772095,8.50496220085964e-05,0.028957670623539,-0.00151490082507697,-0.00386062888778436,9.753602382645e-06,0.00259128943018248,-0.0034155210453618,-0.015148166659898,0.428035045878609,0.0705402528927526,0.000825296252576504,0.0301191786657313,0.904208660125732,-0.189575538039207,-0.446953803300858,0.211460381746292,1.5859375
0.246,-0.000193052905411522,8.16083424101403e-05,0.0289422222969176,-0.00114238553942575,-0.00377079631660691,1.04482493021862e-05,0.00292418404141755,-0.00346992840101987,-0.0157391329834737,0.233528807806017,0.0962520395870373,0.000401322762765774,0.0301191786657313,0.851015865802765,-0.0307776629924774,-0.711037218570709,0.197118252515793,1.5859375
0.247,-0.000189898694334334,7.81544420598011e-05,0.0289262545803282,-0.00102098969959704,-0.00382634945983043,1.07085307763377e-05,0.00338348890540509,-0.00343952775987972,-0.0161869426133004,-0.010121374144718,-0.180379900931356,5.9157830539588e-05,0.0301191786657313,0.816683650016785,0.0648303925991058,-0.469260573387146,0.0869029834866524,1.5859375
0.248,-0.000186363006353578,7.47854209291096e-05,0.028909809730415,-0.000998335168776458,-0.00384465989962994,1.07466173102644e-05,0.00368851105921639,-0.0032995275688294,-0.0166940946157378,0.0605542768546836,0.161347552248926,1.88393159293427e-05,0.0301191786657313,0.847354233264923,0.145771086215973,-0.767017304897308,0.228467702865601,1.5859375
0.249,-0.000182423704209704,7.15365072687373e-05,0.0288928968478751,-0.000952394101870702,-0.00376995238539524,1.07814793333105e-05,0.00418981222585023,-0.00319970537387252,-0.0171216030442063,0.0302322808191922,-0.0162081097655731,5.03823745370396e-05,0.0301191786657313,0.75738126039505,0.136280626058578,-0.25593039393425,0.00117410719394684,1.5859375
0.25,-0.000178150621040442,6.84453716430241e-05,0.0288755288990561,-0.000783671544959064,-0.00344900227197858,1.09441464921645e-05,0.00435930474609061,-0.00298438826146956,-0.0176052371147608,0.273164318606755,0.589389138925891,0.000242365545503449,0.0301191786657313,0.529592216014862,-0.0780282318592072,-0.56449818611145,-0.107863746583462,1.5859375
0.251,-0.000173674131958543,6.55344557200525e-05,0.0288579388539632,-0.000582777828194822,-0.0028753777345502,1.10640814092733e-05,0.00459758837964457,-0.00283972821963699,-0.0175660218686026,0.0865285314017812,0.425485774988579,-1.9842907514768e-05,0.0301191786657313,0.721035063266754,0.120290569961071,-0.496304839849472,0.0335095375776291,1.5859375
0.252,-0.000168911606779285,6.2779785652762e-05,0.0288402520873092,-0.00060250641624526,-0.00286598653309943,1.10115219258411e-05,0.00492785805202296,-0.00267059517514614,-0.0177977961563485,-0.111352084409409,-0.390055607264658,-6.63119116319938e-05,0.0301191786657313,0.292860984802246,0.257937729358673,-0.0569146424531937,-0.220841884613037,1.5859375
0.253,-0.000164066052432637,6.03049712682076e-05,0.028822384652822,-0.000472498740368516,-0.0028573282292861,1.12020835283388e-05,0.00476475355407732,-0.00228104400026587,-0.0179275602314363,0.344258366558596,0.420156482747792,0.000409426759020536,0.0301191786657313,0.801817774772644,0.392542988061905,-0.417621433734894,0.169816881418228,1.5859375
0.254,-0.000159126343401371,5.81405996987329e-05,0.0288042359735701,-0.000243200888861532,-0.00278648478856762,1.15084630087914e-05,0.00511542354794036,-0.00205018757665775,-0.0183593673447258,0.0623021616094963,-0.27747227145529,0.000111513456428486,0.0301191786657313,0.529283404350281,0.10275287181139,0.261900961399078,-0.172783151268959,1.5859375
0.255,-0.000154107569800916,5.62184183893168e-05,0.0287857407442855,-0.000323606248888364,-0.00262084897263761,1.13407999196014e-05,0.00492468335660169,-0.00179456032120895,-0.0186210487392221,-0.195519205861351,0.580881888728024,-0.000403644607589637,0.0301191786657313,0.996869206428528,-0.0245687961578369,-0.542425751686096,-0.117265105247498,1.5859375
0.256,-0.000148905481329924,5.45014530640032e-05,0.0287671315427389,-0.000651471673701202,-0.00270690624320386,1.09050576608816e-05,0.00547919416469741,-0.00163811946844223,-0.018587768398896,-0.368279381038376,-0.708882867317477,-0.000312684227008372,0.0301191786657313,0.389993637800217,0.321267545223236,-0.382798165082932,-0.146377041935921,1.5859375
0.257,-0.000143371210802405,5.30534278344385e-05,0.0287486164943124,-0.000628245769902323,-0.00314527248720668,1.11106238613878e-05,0.00558785852969642,-0.00125921860591529,-0.0184329679262277,0.411210112834983,-0.0354314029358587,0.00070045519738553,0.0301191786657313,0.322892904281616,-0.0139056034386158,-0.11059957742691,-0.0858433693647385,1.5859375
0.258,-0.000137824826939807,5.18654554109415e-05,0.0287303037626131,-0.000277704962620363,-0.00250317826271095,1.15276785064289e-05,0.00551050797339098,-0.00111960474859073,-0.0181837820509687,0.201957886378136,1.16443092775647,8.14272607426607e-05,0.0301191786657313,0.731748938560486,0.376494586467743,-0.531697392463684,-0.288476198911667,1.5859375
0.259,-0.000132095914677915,5.09821482341197e-05,0.0287122232522408,7.57443384184619e-05,-0.00188801731203787,1.18449687165345e-05,0.0059515141295875,-0.000650438203952432,-0.0179684039352323,0.413628938206644,-0.0731661077246977,0.000405164512115522,0.0301191786657313,0.384829014539719,0.218191027641296,0.118846297264099,-0.259742438793182,1.5859375
0.26,-0.000126205063735971,5.05069594779379e-05,0.0286943344470796,0.000232409402937683,-0.00192779522999428,1.19853081526067e-05,0.00583157159127801,-0.0003013838627708,-0.0178000352178843,-0.139739777193009,0.0237717848742596,-0.000163460664241435,0.0301191786657313,0.0402910262346268,0.18042166531086,0.102694228291512,-0.148551627993584,1.5859375
0.261,-0.000120524022806371,5.03387851303892e-05,0.0286767205173052,-0.000234802866420936,-0.0015908409988011,1.15083581029296e-05,0.00553428606865594,-3.23598354095108e-05,-0.0174189125810642,-0.669851649687801,0.57890940368885,-0.000676562864374428,0.0301191786657313,-0.0637991428375244,0.422236502170563,0.0498891249299049,-0.428631126880646,1.5859375
0.262,-0.000115142685626086,5.0601010521149e-05,0.0286595691154281,-0.000442021310650716,-0.000977471300419468,1.11734776369055e-05,0.00523418431350562,0.000556800086207106,-0.0168761848990486,0.306115416395053,0.503697325143619,2.18784042490136e-05,0.0301191786657313,0.00334662199020386,0.153483808040619,0.187867045402527,-0.0650134310126305,1.5859375
0.263,-0.00011006833353082,5.12682006752606e-05,0.0286429052160183,-0.000188785942879461,-0.000754435493732669,1.12238702127954e-05,0.00491788705080107,0.00077573514203002,-0.0164438449007092,0.131667139764628,-0.0985641278043249,4.43613295173632e-05,0.0301191786657313,-0.278420984745026,-0.105243526399136,0.278059124946594,-0.283714354038239,1.5859375
0.264,-0.000105414603744069,5.21407538861644e-05,0.0286268846553729,-0.000267433471385085,-0.000849154618042644,1.11769135977546e-05,0.0043909241103653,0.000969831698706051,-0.015590015840015,-0.270298979531291,-0.0508841491723957,-0.000138350436962509,0.0301191786657313,0.0650349259376526,0.381977051496506,0.208623945713043,-0.266818523406982,1.5859375
0.265,-0.000101165236092695,5.33475067536525e-05,0.0286115275269905,-0.000304722643462829,-0.00108423983579103,1.11855803162086e-05,0.00410771516874389,0.00144380319859054,-0.0151165968696501,0.200934945704797,-0.342272962977817,0.000156131529696824,0.0301191786657313,0.351251840591431,-0.218791887164116,0.446500957012177,-0.0144815938547254,1.5859375
0.266,-9.71877447545414e-05,5.47801753131849e-05,0.0285966209466108,-0.00052430966334496,-0.001385417739875,1.10586447212846e-05,0.00384686560876205,0.00142330299027311,-0.0146894415945104,-0.584394644398435,-0.1663880382089,-0.000415706242366865,0.0301191786657313,0.16196882724762,0.233601838350296,0.132904246449471,-0.016189306974411,1.5859375
0.267,-9.34352577571629e-05,5.63335818433242e-05,0.0285821794875288,-0.000908776248926757,-0.00138547858769883,1.07339843387066e-05,0.0036594198999718,0.00168581353433533,-0.0141868353208329,-0.0884022781824641,0.178028496042853,-0.000176158638725306,0.0301191786657313,0.37665456533432,0.063312254846096,0.0353136993944645,0.214004963636398,1.5859375
0.268,-8.97744821262707e-05,5.80378584191207e-05,0.0285682161190463,-0.000928435868526525,-0.00129823146444509,1.06542863909098e-05,0.00366359944481199,0.00172321349457699,-0.0137338879991112,0.0485309585055769,-0.0137275818535302,2.08102286761777e-05,0.0301191786657313,0.0112305581569672,-0.171971082687378,0.0644602999091148,0.0069139301776886,1.5859375
0.269,-8.62216366170321e-05,5.97727048787645e-05,0.0285549434962649,-0.000856514309808196,-0.00112047023398002,1.05964848966522e-05,0.00344419992209207,0.00174650774385658,-0.0128046149219632,0.0705949043179015,0.333110922641945,-0.000133460081110248,0.0301191786657313,0.141312211751938,-0.0643203034996986,-0.0529442131519318,0.0833136588335037,1.5859375
0.27,-8.28084296391941e-05,6.15401885606731e-05,0.0285425676383893,-0.000813575790384245,-0.00093396720629135,1.05146805839951e-05,0.00338436515453969,0.00178860115138751,-0.0119422186351685,-0.00152828476008272,0.00217990061269352,-2.23755928969745e-05,0.0301191786657313,0.245186224579811,0.0166744459420443,0.32698529958725,0.318465501070023,1.5859375
0.271,-7.95309506862988e-05,6.33055643579012e-05,0.028530848965485,-0.000973977791569816,-0.000928956070209669,1.04097217104027e-05,0.00317147022489024,0.00174361936730667,-0.0114889243161284,-0.281895009547004,0.0173878387452288,-0.000173183549590606,0.0301191786657313,0.384374916553497,-0.0279684588313103,0.495790898799896,-0.0128245875239372,1.5859375
0.272,-7.64728939155991e-05,6.51149444596521e-05,0.0285196210909753,-0.00106136004220194,-0.000873464841814231,1.03123541590477e-05,0.00294618451773241,0.00187593835225257,-0.0109618026538493,0.12403314742052,0.0887843779454492,-1.29442983301733e-05,0.0301191786657313,0.0746885389089584,0.197562456130981,-0.110299825668335,0.18740713596344,1.5859375
0.273,-7.35495634767956e-05,6.70657318682444e-05,0.028509076365391,-0.000783618168685888,-0.000953477404413526,1.04644203759996e-05,0.00290083131940104,0.00202417611362775,-0.0101235278291793,0.349836184166821,-0.216964800589739,0.000254797433076422,0.0301191786657313,0.235601365566254,0.139426171779633,-0.19960717856884,-0.0537354350090027,1.5859375
0.274,-7.05993141026738e-05,6.92143749437388e-05,0.0284994509057228,-0.000421973458782408,-0.00134542596285096,1.07891027307794e-05,0.00299783705544601,0.00227098862884576,-0.00912416806951288,0.269372615454655,-0.451173500142629,0.000281594079469278,0.0301191786657313,0.231532067060471,0.0328021608293056,-0.138715818524361,0.540429294109344,1.5859375
0.275,-6.7575518269061e-05,7.14010903032297e-05,0.0284906883335567,-0.000847251912642007,-0.00157888151749849,1.04591094816087e-05,0.00304901296916157,0.00210601569397216,-0.00839760887463221,-1.00961360714217,0.0564372671135072,-0.000919794998724798,0.0301191786657313,0.266296714544296,0.386891782283783,0.0658392906188965,-0.0386048853397369,1.5859375
0.276,-6.45488731996697e-05,7.37119430604401e-05,0.0284826597585765,-0.00136119509572852,-0.00113472700988423,9.70660633070608e-06,0.00300794133482825,0.00251868797783179,-0.00765685790020751,0.110411583811711,0.720670453755508,-0.000490618323199958,0.0301191786657313,0.180270314216614,-0.359277844429016,0.0462758019566536,0.152747675776482,1.5859375
0.277,-6.15699967405077e-05,7.6164831739381e-05,0.0284755725755225,-0.00128532720942688,-0.000425253347826731,9.2080696023622e-06,0.00295511171922257,0.00238754919832042,-0.00651602281379973,0.0136276080910435,0.518561463259675,-0.000383837943153103,0.0301191786657313,0.109161682426929,0.358561456203461,0.148042857646942,0.179738119244576,1.5859375
0.278,-5.86811687325859e-05,7.86903418765219e-05,0.0284694163023765,-0.000925110536294009,-0.000225046476880907,9.09376387703276e-06,0.00282464854695687,0.00266172493999568,-0.0057936862205223,0.600585830745798,-0.162446190999094,0.00013375331566163,0.0301191786657313,-0.407254338264465,0.197435736656189,0.369729936122894,0.147807076573372,1.5859375
0.279,-5.61381743189145e-05,8.14458839639108e-05,0.0284641291172351,-0.000471713570967116,-0.000178276433465741,9.12361550176044e-06,0.00226343728972121,0.00284690511929151,-0.00477988628154842,0.17578131415156,0.25059817123282,-6.97033967193901e-05,0.0301191786657313,-0.00480417534708977,-0.0486579760909081,0.337901949882507,0.246288269758224,1.5859375
0.28,-5.40238243119367e-05,8.42825792728434e-05,0.0284598024144958,-0.000895272081389752,-0.000114492258870764,9.06600969097227e-06,0.00196672656947392,0.00282993350057434,-0.00387271178994228,-0.915629177736534,-0.132733483197514,-1.43039975645872e-05,0.0301191786657313,0.00804224610328674,0.378759205341339,0.262489169836044,-0.190802499651909,1.5859375
0.281,-5.21798200613314e-05,8.7371749866755e-05,0.028456407782962,-0.00132103081539922,-0.000422909451799216,9.21167024481306e-06,0.0017203190854875,0.00335090718477855,-0.00291665122349321,0.166788333731252,-0.394192501393228,0.000302054811485709,0.0301191786657313,-0.0424340888857841,0.0352693870663643,0.39329332113266,0.146749436855316,1.5859375
0.282,-5.06404618666472e-05,9.07851799456794e-05,0.0284539548145902,-0.00109684814358737,-0.000585559253625089,9.3715077631451e-06,0.00135849952932279,0.00347523981699448,-0.00198980710972111,0.209915214644327,0.116734295309133,-2.4126156448257e-05,0.0301191786657313,0.341832399368286,-0.225088641047478,0.334443598985672,0.449776589870453,1.5859375
0.283,-4.93311187337656e-05,9.41559807781635e-05,0.0284523306399341,-0.00138571482577016,-0.000524154832827188,9.22968637162569e-06,0.00126110274881895,0.00326944638551348,-0.00125897372084552,-0.718802391950559,-0.00595568263285349,-0.000222869762113144,0.0301191786657313,-0.0120708048343658,0.199120312929153,0.366331845521927,0.321565538644791,1.5859375
0.284,-4.82313727256119e-05,9.74966379302692e-05,0.0284514455146033,-0.00185488985824076,-0.000337999269925187,8.90629923544495e-06,0.000941131939302464,0.00341513194299385,-0.000513770108759588,-0.106178818987688,0.33003219115078,-0.000376457763077882,0.0301191786657313,0.255796521902084,-0.127601847052574,0.368906706571579,0.288586646318436,1.5859375
0.285,-4.73677748017849e-05,0.000100902992726405,0.0284513325640583,-0.00174682862224992,-0.000190662042146497,8.74510714199417e-06,0.000787568907998066,0.00339785937485178,0.000286144800579083,0.280912546878744,-0.0715372724749888,7.56782874608465e-05,0.0301191786657313,-0.114966496825218,-0.491520822048187,0.675856113433838,0.567250370979309,1.5859375
0.286,-4.68562048104428e-05,0.000104102288046707,0.0284520624425068,-0.00185760421746405,-8.79510003897363e-06,8.54626992374818e-06,0.000237849110431062,0.00300299641590119,0.00117169030232286,-0.48161234904322,0.386810487880564,-0.000417387913105163,0.0301191786657313,0.0838646441698074,-0.228293374180794,0.116344466805458,0.236473888158798,1.5859375
0.287,-4.66658337337474e-05,0.000107090637476101,0.0284537963202267,-0.00211099735979869,-8.38669225593807e-05,8.6252736375414e-06,0.000142704970325503,0.00297614898153574,0.00229241663669301,0.0320790593459326,-0.513643678491345,0.000573220697126877,0.0301191786657313,-0.255683451890945,-0.422784030437469,0.337833315134048,0.316806674003601,1.5859375
0.288,-4.6741558096291e-05,0.000109975358582254,0.028456712432791,-0.00199832985072517,-0.000426137551125725,9.01302778366642e-06,-0.000295809638245325,0.00279358324708316,0.00353677871060316,0.15306733525716,-0.0788323876012993,0.000100408384751307,0.0301191786657313,0.264309167861938,-0.396439850330353,0.60662841796875,0.428187727928162,1.5859375
0.289,-4.71850403033585e-05,0.000112650891229239,0.0284606072580131,-0.00195808339292182,-0.000373298919376922,8.94540741835925e-06,-0.000590359337539451,0.00255840293487696,0.00424940764996163,-0.0919536114582975,0.168262084113856,-0.000220504349390433,0.0301191786657313,0.365807056427002,-0.037390798330307,0.298082202672958,0.563314437866211,1.5859375
0.29,-4.78004699725873e-05,0.000115160248769587,0.0284651268724371,-0.00202114173439598,-0.000435637211719398,8.98095142431998e-06,-0.000640935710312203,0.0024615941395167,0.0047861728880031,-0.025841780437039,-0.277094907180196,0.000278861095916704,0.0301191786657313,0.177258253097534,-0.185486972332001,0.731320977210999,0.62102472782135,1.5859375
0.291,-4.86531327823653e-05,0.000117514609745132,0.0284701320375148,-0.0021428203610958,-0.000401660684384309,8.88637683527094e-06,-0.00106342528850301,0.00224899374451139,0.00522051456440091,-0.192356677520049,0.331664583727586,-0.000452628603528609,0.0301191786657313,0.30116680264473,-0.0264178961515427,0.283105731010437,0.331094890832901,1.5859375
0.292,-4.97572368887145e-05,0.000119793655314672,0.0284756904748116,-0.00203397440782917,-0.000302028499405923,8.76127181070885e-06,-0.00114426496690785,0.00230888017701164,0.00589186119217565,0.371570720626139,-0.161892752684493,0.000219941240947225,0.0301191786657313,0.228114426136017,-0.10769134759903,0.220575302839279,0.120294272899628,1.5859375
0.293,-5.09476564570255e-05,0.000122167891837588,0.0284820306132144,-0.00150355717758817,-0.000644743329825091,9.20018061822958e-06,-0.00123882495865525,0.00243664559388015,0.0067830220934042,0.538073098893063,-0.434438133222469,0.000525476147756037,0.0301191786657313,-0.0141439437866211,-0.125338047742844,0.116142854094505,0.527902185916901,1.5859375
0.294,-5.22808288701568e-05,0.000124538325951199,0.0284892402671242,-0.0015158761257927,-0.00087528287336008,9.33855140239359e-06,-0.00142882504721554,0.00230525160847556,0.00763037197934186,-0.564602883544063,0.0296793615408531,-0.000317132699924475,0.0301191786657313,0.27618145942688,0.190605878829956,0.0896844416856766,0.142448574304581,1.5859375
0.295,-5.37133474242867e-05,0.000126990662879498,0.028497227847834,-0.00192314579140452,-0.000813728313773328,9.06617373486185e-06,-0.0014361931343856,0.00260212251733989,0.00833938930144328,-0.149044620027972,0.0719119995202501,-0.000164179907750855,0.0301191786657313,0.544864654541016,-0.265926033258438,0.0580492466688156,0.296256601810455,1.5859375
0.296,-5.50655615528662e-05,0.000129567037401939,0.0285059326199647,-0.002141686001476,-0.000970161610310569,9.11880435872092e-06,-0.00126987726246433,0.00255274139127543,0.0090642513241683,-0.237820685146684,-0.346560319804634,0.000257784001066736,0.0301191786657313,0.611175298690796,-0.0588335767388344,0.544024884700775,0.453571319580078,1.5859375
0.297,-5.63798631853395e-05,0.000132113362479567,0.028515089544001,-0.00228048857809428,-0.00108403275655339,9.15238958532072e-06,-0.00135953186443999,0.00254144037144474,0.00924428690591481,-0.012147987789158,0.143372885579331,-0.000208250028990993,0.0301191786657313,0.354516863822937,-0.176382526755333,0.28864523768425,0.757304668426514,1.5859375
0.298,-5.77841036508792e-05,0.000134529465108065,0.0285245048665957,-0.00244892201719684,-0.000754483228472693,8.62341567753333e-06,-0.0014471278505696,0.0022927822997314,0.00958092272905022,-0.287640234968303,0.421744443364156,-0.00070597381956051,0.0301191786657313,0.546963930130005,-0.258951485157013,0.0874078348278999,0.651731729507446,1.5859375
0.299,-5.91554436349428e-05,0.000136709791554287,0.0285342975888121,-0.00271052445876163,-0.000707556996919609,8.44931287158346e-06,-0.00129600272519601,0.00207060648104688,0.00999834471133536,-0.173780892466955,-0.343165713859941,0.000419829181724521,0.0301191786657313,0.622124493122101,-0.342291593551636,0.305392682552338,0.639167070388794,1.5859375
0.3,-6.04221204982578e-05,0.00013865190109492,0.0285444366762319,-0.00277035418599091,-0.00119430535759258,9.13828922533e-06,-0.00124087200183415,0.00181515174346902,0.0102737889031704,0.0623362005993863,-0.504023658959491,0.000783087074411102,0.0301191786657313,0.471531331539154,-0.580925524234772,0.184878036379814,0.784834146499634,1.5859375
0.301,-6.16523480189855e-05,0.000140228581022458,0.0285549384263062,-0.00287171423104865,-0.0014558334758758,9.43373491413269e-06,-0.00122157110632822,0.00134006439422611,0.0107234151485172,-0.243472402409283,0.0459530308312087,-0.000287914208567164,0.0301191786657313,0.390076875686646,-0.201306819915771,-0.059156209230423,0.571603953838348,1.5859375
0.302,-6.28178391537848e-05,0.000141508174123959,0.0285659146863338,-0.00276811635810226,-0.00123387623655727,9.13442743799564e-06,-0.00110853480340642,0.00121900983618248,0.0112223765472729,0.416778387633841,0.333689440187,-0.000245892017664037,0.0301191786657313,0.460865706205368,-0.302900105714798,-0.11558772623539,0.654103577136993,1.5859375
0.303,-6.38290559003525e-05,0.00014260870631849,0.0285773744316514,-0.00236755564219185,-0.00104001262371668,9.07903069036209e-06,-0.00091346486276476,0.000980467657035008,0.0116898200290056,0.273748511298971,-0.000375984886382752,0.000134238169917054,0.0301191786657313,0.425857096910477,-0.163669466972351,0.453197062015533,0.65073573589325,1.5859375
0.304,-6.48200054499647e-05,0.000143506351271416,0.0285890938381339,-0.00227544391170848,-0.000856792103295088,8.88179467173345e-06,-0.0010674788921544,0.000814516119427864,0.0117427663584802,-0.117915321061792,0.314189404807738,-0.00046847949781186,0.0301191786657313,0.542635440826416,0.343180894851685,0.443464666604996,0.417616754770279,1.5859375
0.305,-6.59240826916377e-05,0.000144453801819285,0.0286007381409067,-0.00208025491042105,-0.000655001249573881,8.68354512162384e-06,-0.00113953119329294,0.00107881235629361,0.0115401264044819,0.451345634743325,0.032099049105832,0.000102999726088422,0.0301191786657313,0.131364330649376,-0.255103468894958,0.0864838361740112,0.843360900878906,1.5859375
0.306,-6.71155305085437e-05,0.000145364883471173,0.028612428111956,-0.00225411288717092,-0.000768418002068837,8.71936245827598e-06,-0.0012441967929097,0.000745181693422888,0.0118332093325657,-0.754532581684523,-0.232224500809164,-5.31243667195182e-05,0.0301191786657313,0.324974089860916,0.028519781306386,0.204437345266342,0.401576191186905,1.5859375
0.307,-6.8394071795374e-05,0.000146162021376463,0.0286243466094235,-0.0027549370384093,-0.00106823115918267,8.87768765922559e-06,-0.00131486354920246,0.00085205982513577,0.0119971387303976,-0.119193022114919,-0.292050759520113,0.000348603461369373,0.0301191786657313,0.287110567092896,-0.0994234085083008,0.0602409988641739,0.863953292369843,1.5859375
0.308,-6.97182399552807e-05,0.000146900447371745,0.02863637082424,-0.00283465852487181,-0.00128760244345472,9.14032924859143e-06,-0.00133508502190428,0.000626086670713805,0.0120448943382953,-0.0226981703263875,-0.0938277033500678,0.000107584294781333,0.0301191786657313,0.255501985549927,-0.286079287528992,0.0557075440883636,0.903146505355835,1.5859375
0.309,-7.10740392216101e-05,0.000147349001576979,0.0286484758681931,-0.00293764188359211,-0.00119995113553047,8.90770619710324e-06,-0.00137619718311615,0.000272743994115686,0.0121585252205526,-0.157882041662844,0.240090486535304,-0.000511551763112206,0.0301191786657313,0.851072788238525,0.0195230543613434,0.165688827633858,0.63892525434494,1.5859375
0.31,-7.2328369956998e-05,0.000147609871019311,0.0286604662804756,-0.00271083132701818,-0.00126042795417501,9.1230092538197e-06,-0.0011336842052484,0.000247687986532877,0.0118167368610027,0.548075879014424,-0.348355130290898,0.000872590454929467,0.0301191786657313,0.364734888076782,-0.256053656339645,-0.137173354625702,0.600274980068207,1.5859375
0.311,-7.33988652325581e-05,0.000147771901597952,0.0286724028669583,-0.00224810570658225,-0.00160336271027722,9.92328297400036e-06,-0.00100998556037707,7.40277220906614e-05,0.0120495793542807,0.255080828766725,-0.251423547295983,0.000510860295052691,0.0301191786657313,0.486025720834732,-0.353822559118271,0.119818851351738,0.332440823316574,1.5859375
0.312,-7.43909844566122e-05,0.000147802936391226,0.0286845484938448,-0.00220505710858858,-0.00156389283060401,9.89436751241968e-06,-0.000974343823773886,-1.20155085586356e-05,0.0122348377106461,-0.179945706737166,0.314712708500278,-0.000555804772702037,0.0301191786657313,0.572649598121643,0.0888609662652016,0.0339422002434731,0.481547296047211,1.5859375
0.313,-7.52940073494042e-05,0.00014783397502006,0.0286966950262609,-0.00234810993122763,-0.00124723997965024,9.36553309127675e-06,-0.000830361634260455,7.47163800065157e-05,0.012052378302202,-0.0694795634669069,0.232201240940643,-0.000367895415314094,0.0301191786657313,0.132410526275635,-0.0694451108574867,-0.175367325544357,0.549503564834595,1.5859375
0.314,-7.61158800347053e-05,0.000147889830350619,0.0287088451967821,-0.00245379113180855,-0.00105407111500692,9.02527922708174e-06,-0.000812456660914734,3.7721429106171e-05,0.0122411599430457,-0.114678817338495,0.100608250133503,-0.000223339072293372,0.0301191786657313,0.291124045848846,-0.0296331867575645,-0.232171058654785,0.780317783355713,1.5859375
0.315,-7.68559364272783e-05,0.000147855432762959,0.0287210634173346,-0.00265916729592636,-0.00124478276596269,9.14901714121896e-06,-0.000669292458864733,-0.00010498378966232,0.012189038481863,-0.241970056202976,-0.433298556947884,0.000443598512566957,0.0301191786657313,0.146651074290276,-0.28158313035965,0.185517251491547,0.462986052036285,1.5859375
0.316,-7.76213950584943e-05,0.000147700376120482,0.0287332904019522,-0.00276395021710144,-0.00134848129180421,9.20257379677381e-06,-0.000861908683831347,-0.000204293808557294,0.0122584081148842,0.0588018172411772,0.248544145655928,-0.000354579215121678,0.0301191786657313,0.285145223140717,-0.0537720918655396,0.289822280406952,0.670477032661438,1.5859375
0.317,-7.8567409001125e-05,0.000147450978847683,0.0287453805618271,-0.0025708209217973,-0.000899228828114547,8.63933155681451e-06,-0.00102720532179241,-0.000295566034097761,0.0119163821364427,0.276071075809832,0.527486967663237,-0.00062829066465141,0.0301191786657313,0.4598129093647,0.0225916504859924,-0.246177405118942,0.309885442256927,1.5859375
0.318,-7.94676992011535e-05,0.000147231869155621,0.028757287279825,-0.00204191163413345,-0.00101668171643821,8.98220318257259e-06,-0.000774938559160351,-0.0001463420360764,0.0118909106837878,0.641702563675891,-0.731600019682813,0.00115134816662318,0.0301191786657313,0.477333962917328,0.268566370010376,0.21317121386528,0.837195098400116,1.5859375
0.319,-8.02506202086005e-05,0.000147069402256065,0.0287688061973798,-0.00180740449475744,-0.00173617134865751,9.83722534586562e-06,-0.000795403271122187,-0.000180015874842006,0.0111427245434838,-0.231953161951493,-0.522504812975127,0.000272628793817863,0.0301191786657313,0.213013485074043,-0.120375923812389,-0.0615854263305664,0.263954699039459,1.5859375
0.32,-8.10630518949165e-05,0.000146928579770751,0.028779971462636,-0.00223981970163486,-0.00181154899336188,9.43703137545882e-06,-0.000830022281422888,-9.9272525794062e-05,0.0111819354328583,-0.518599097941972,0.386209988702647,-0.00101165530048384,0.0301191786657313,0.794378936290741,0.125863522291183,-0.0590730682015419,0.639364719390869,1.5859375
0.321,-8.17406989979406e-05,0.000146838208475256,0.0287908295621748,-0.00270661250691711,-0.0015507146566285,8.63923767902008e-06,-0.000524651966572341,-7.87348796916559e-05,0.0105303718179248,-0.293858120501588,0.0654170586636823,-0.000370381092950121,0.0301191786657313,0.547887921333313,-0.1449935734272,0.348073840141296,0.453415274620056,1.5859375
0.322,-8.2298289829456e-05,0.000146749770415268,0.0288010997906786,-0.00273180737122127,-0.00128078557185592,8.17894170301869e-06,-0.000588857794805408,-9.7994965312075e-05,0.0100058722123414,0.24864393398964,0.400636690820155,-0.000448932418005564,0.0301191786657313,0.653810501098633,-0.457399606704712,0.0213753506541252,0.662190556526184,1.5859375
0.323,-8.27912335197402e-05,0.000146491339341043,0.0288109223319287,-0.00267153269700737,-0.00122909819452944,8.11738624850733e-06,-0.000397336190507725,-0.00041847095536826,0.00963509919335725,-0.142608342451977,-0.310737682114475,0.000333931663698772,0.0301191786657313,0.265594899654388,-0.282590866088867,0.358460366725922,0.574481129646301,1.5859375
0.324,-8.33026331924337e-05,0.0001459882924208,0.0288203460791236,-0.00277494586304502,-0.0012721903476708,8.08142574326709e-06,-0.000625236950774196,-0.000586706000958674,0.00920866733361805,-0.0365527042713607,0.232498963757894,-0.000402907498011843,0.0301191786657313,0.136877000331879,-0.498538911342621,0.2566197514534,0.687357783317566,1.5859375
0.325,-8.40477177825318e-05,0.000145224689466565,0.0288294220394305,-0.00294050723703452,-0.00085534417769004,7.31328519032459e-06,-0.000862068597636939,-0.000938964628502036,0.00893915501291376,-0.248985753788838,0.488867716010533,-0.000927475244906798,0.0301191786657313,0.387679517269135,-0.093064658343792,-0.149463430047035,0.452758491039276,1.5859375
0.326,-8.48353356832302e-05,0.00014429423491909,0.0288382088222122,-0.00272485346245996,-0.000970397134740444,7.56006336866122e-06,-0.000714401394203495,-0.000923551888111098,0.00863056405267811,0.624240059267984,-0.688864208655824,0.00133389318881101,0.0301191786657313,0.321135938167572,-0.234417229890823,0.779516339302063,0.803692638874054,1.5859375
0.327,-8.5766561929994e-05,0.00014322821849397,0.0288463800836995,-0.00232588294274594,-0.00125887681773401,8.19574642507703e-06,-0.00114885200250379,-0.00121038632599036,0.00771014488028619,0.0745307953875594,0.181469354896595,-0.000203904676748296,0.0301191786657313,0.567547559738159,-0.105254217982292,-0.141379535198212,0.241476744413376,1.5859375
0.328,-8.68019549012444e-05,0.000142069291910834,0.0288539214817825,-0.00212376216409844,-0.00147042593288931,8.56976982888114e-06,-0.000923968268291895,-0.00110922052901004,0.0073695130097296,0.27988391015879,-0.551281997359089,0.000841358122501,0.0301191786657313,0.258079558610916,-0.288072466850281,0.0928390175104141,0.380635857582092,1.5859375
0.329,-8.77749409301026e-05,0.000140915121318185,0.0288611431038187,-0.00210749490107109,-0.00173902186665325,8.85779654469232e-06,-0.00102358975124338,-0.00119927999123765,0.0070708224016299,-0.246684826373586,0.0788280009583906,-0.000350253671517579,0.0301191786657313,0.270589411258698,-0.0970477387309074,-0.169448390603065,0.405172377824783,1.5859375
0.33,-8.87708019003376e-05,0.000139720282818379,0.0288680645535089,-0.00238705570096701,-0.00153730299625276,8.32921213422821e-06,-0.000967279934803033,-0.00118904654870829,0.00676914671453136,-0.235948659766911,0.268151235744863,-0.000573388566438711,0.0301191786657313,0.484321743249893,-0.292328745126724,0.0441436544060707,0.242616698145866,1.5859375
0.331,-8.97073509765763e-05,0.000138528801515428,0.0288746549271127,-0.00247607533211424,-0.00134201208731273,7.97022932097491e-06,-0.000905024677178008,-0.00119369065402587,0.00640913020756831,0.0835800237002904,0.0690539699619348,-5.69401487775972e-05,0.0301191786657313,0.292217552661896,-0.165399119257927,-0.130566447973251,0.5881387591362,1.5859375
0.332,-9.05847435031688e-05,0.000137270186361058,0.0288808475432126,-0.00241077371520761,-0.00142140049088767,8.09884385555293e-06,-0.000850564022908333,-0.00132399973429829,0.0059737959663756,0.0338217089590686,-0.209572837215602,0.00027796023553859,0.0301191786657313,0.143093675374985,-0.139552280306816,0.0603538453578949,0.669512867927551,1.5859375
0.333,-9.15071769005731e-05,0.000135863624351018,0.0288865541377469,-0.00245799850839967,-0.0014391089098968,8.05867191777665e-06,-0.000994293894110721,-0.00148881668685521,0.00543771014021712,-0.111345096759697,0.174763091148779,-0.000347525849542053,0.0301191786657313,0.427572220563889,-0.374777317047119,-0.00399919040501118,0.399895846843719,1.5859375
0.334,-9.2474243179989e-05,0.000134301944290152,0.0288917945523294,-0.00253724673356834,-0.00139789420838872,7.91783987574846e-06,-0.000939956395832359,-0.00163413199416209,0.0050413734617086,-0.0221963866070076,-0.105584694245895,0.000104815437447959,0.0301191786657313,0.478554874658585,-0.296897649765015,0.106187842786312,0.47340452671051,1.5859375
0.335,-9.3405110781796e-05,0.000132595347370041,0.0288965458400218,-0.00248491187016827,-0.00157025586544565,8.17423974197595e-06,-0.000923076767121519,-0.00177961984994316,0.00445953259575717,0.118291403359674,-0.197236314786705,0.00034502776647581,0.0301191786657313,0.524497628211975,-0.343862146139145,0.152754470705986,0.375283420085907,1.5859375
0.336,-9.43234002501754e-05,0.000130754475719417,0.0289007219804753,-0.00230877389823989,-0.00170543564821538,8.48823894461503e-06,-0.000914567552594884,-0.00190330782370433,0.00389212404548737,0.193836928039909,-0.041625570571712,0.000208747698606301,0.0301191786657313,0.364067435264587,-0.328171193599701,0.109963022172451,0.67102587223053,1.5859375
0.337,-9.526799153394e-05,0.000128706273227058,0.0289042953969285,-0.00237480472130494,-0.00155694974528314,8.21931001837584e-06,-0.000973684438518877,-0.00219194412538602,0.00325566821368369,-0.299919626582634,0.295110076448626,-0.000663539383337429,0.0301191786657313,0.434901714324951,0.0753080993890762,0.411117315292358,0.166775017976761,1.5859375
0.338,-9.63333177802049e-05,0.000126627398300578,0.0289071497030029,-0.0021404838823126,-0.00111048820471748,7.77457790279712e-06,-0.00115411284070765,-0.00196823128393958,0.00245324125214179,0.711970490065826,0.477539800366467,-0.000151757599981414,0.0301191786657313,0.66334193944931,-0.135471105575562,-0.144483551383018,0.362956583499908,1.5859375
0.339,-9.7350654534271e-05,0.000124647231282678,0.028909294337099,-0.00154792895935264,-0.00135884030166549,8.31160771630479e-06,-0.000882958991527102,-0.0019960996550994,0.00183636696046186,0.326257028322318,-0.909602995076491,0.000986672017178073,0.0301191786657313,0.506455063819885,-0.0872768461704254,-0.0244515091180801,0.0038381814956665,1.5859375
0.34,-9.81878048007352e-05,0.000122745751073243,0.0289109114044616,-0.00134634951300006,-0.00231634480542701,9.2216769691511e-06,-0.000797522413870679,-0.00180898627696293,0.00139808656727277,0.0316566748305444,-0.760930998824257,0.000574043141190359,0.0301191786657313,0.579873740673065,0.273724317550659,0.251537501811981,0.367582768201828,1.5859375
0.341,-9.90102905676716e-05,0.000121026641414628,0.0289117956568475,-0.00151181871470009,-0.00239847667878429,9.02105426670019e-06,-0.000848041949356645,-0.00162904611162797,0.00037217151435702,-0.313090539662312,0.612315124736712,-0.000944318116637018,0.0301191786657313,0.857165634632111,0.0684226676821709,-0.340376347303391,0.0668163299560547,1.5859375
0.342,-9.96330898521834e-05,0.000119518397659411,0.0289118786539102,-0.00173639633737743,-0.00196560287661715,8.34156935747288e-06,-0.000396218750082148,-0.00138707511961749,-0.000204883484554773,-0.0740521192250043,0.141035902938813,-0.000240578819857659,0.0301191786657313,0.238521337509155,-0.161684960126877,-0.438909113407135,0.595298051834106,1.5859375
0.343,-9.99467528242747e-05,0.000118040318327967,0.0289114996793202,-0.00213384888350174,-0.00182112879606278,7.75864082624977e-06,-0.00023062831649056,-0.00156671870728365,-0.000552208876770689,-0.611511738663927,0.109443179084332,-0.000763965528397744,0.0301191786657313,0.44007083773613,0.329724311828613,-0.374311625957489,0.265195906162262,1.5859375
0.344,-0.000100053973149164,0.000116621879950921,0.0289106552738178,-0.00211031576973701,-0.00189848950428053,7.85425562765951e-06,1.51417166584425e-05,-0.0012713260533472,-0.00113483535408823,0.654065141916607,-0.243520030635595,0.000933879318399045,0.0301191786657313,0.358026057481766,-0.0993550270795822,-0.149694293737411,0.486705839633942,1.5859375
0.345,-0.000100005470044732,0.000115306522436462,0.028909248883835,-0.00156293981871185,-0.0019874650184151,8.51345386898572e-06,8.1177034510692e-05,-0.00136276529586169,-0.0016758788386942,0.304464732249381,0.0878371597140006,0.000229480306693596,0.0301191786657313,0.779838442802429,-0.0931348875164986,-0.281734496355057,0.303184777498245,1.5859375
0.346,-9.97343538511896e-05,0.000113945195192572,0.0289072745229618,-0.00150650990034566,-0.00214327471022293,8.67153373418361e-06,0.000459369591101098,-0.0013605713110903,-0.00227053125822828,-0.200718495129208,-0.356841417600887,3.21314479740337e-05,0.0301191786657313,0.509541213512421,0.068757638335228,0.176035240292549,0.334536820650101,1.5859375
0.347,-9.9294860259202e-05,0.000112623358507422,0.0289046024602552,-0.00177888268914495,-0.00204158030639475,8.21880245505113e-06,0.000420430359592241,-0.00128196754330725,-0.00307040002555761,-0.26878829329327,0.533156724243933,-0.00084612544192719,0.0301191786657313,0.877991020679474,0.273206949234009,-0.417968988418579,0.333661615848541,1.5859375
0.348,-9.86152400942106e-05,0.000111442129771585,0.0289011433522632,-0.00177408123621517,-0.00197326608663399,8.12670275296412e-06,0.000938141269613621,-0.00108129050469854,-0.00384419862191062,0.279602542401512,-0.409281536290274,0.000672164148611496,0.0301191786657313,0.434069693088531,-0.290345370769501,-0.0119712147861719,0.519100487232208,1.5859375
0.349,-9.76621349913092e-05,0.00011024611362506,0.0288970291779972,-0.00184256093390323,-0.00208427749865366,8.12206626887857e-06,0.00096756633967574,-0.00131008581216718,-0.0043807591151705,-0.392991393703773,0.217757862819128,-0.000694884254972321,0.0301191786657313,0.581126630306244,-0.130115404725075,-0.311093151569366,0.391328155994415,1.5859375
0.35,-9.65509164214867e-05,0.000108906724782576,0.0288924180653683,-0.00217202990581189,-0.00193299600511615,7.5688524394657e-06,0.00125535205516053,-0.0013669104245395,-0.00483798943602336,-0.176787322142196,0.0499438017551689,-0.00027348024739218,0.0301191786657313,0.603479862213135,-0.0521001741290092,0.205919295549393,0.495780974626541,1.5859375
0.351,-9.52890900944586e-05,0.00010750492195689,0.0288871591920798,-0.00212839861947629,-0.00167716869588478,7.2745665447016e-06,0.00127013871356672,-0.00143716280677986,-0.00567540851268889,0.256573209370087,0.398563068653092,-0.000255953098941163,0.0301191786657313,0.448874622583389,-0.166134402155876,-0.26955235004425,0.1065873503685,1.5859375
0.352,-9.39156078972128e-05,0.000106107714831411,0.028881379766769,-0.00157108540638288,-0.00151869764286772,7.53930450159146e-06,0.00147762796528715,-0.00136111817715242,-0.00588001633291625,0.716603759867236,-0.11686969482193,0.000668173961454455,0.0301191786657313,0.304832994937897,-0.244177833199501,0.297870248556137,0.53150737285614,1.5859375
0.353,-9.25346375300729e-05,0.000104631178454659,0.0288751944509177,-0.00137423544965167,-0.00137641943456651,7.57689620201063e-06,0.00128587947995981,-0.0015930629383617,-0.00648629138142871,-0.366973996167496,0.367914266347776,-0.000580501283058252,0.0301191786657313,0.292988866567612,0.0146073289215565,0.00705479085445404,0.422199189662933,1.5859375
0.354,-9.12603948038739e-05,0.000103029032048788,0.028868453942615,-0.0018756228362471,-0.00113195628725047,7.00601071557116e-06,0.00126443356230051,-0.00160856176916264,-0.0069900778394438,-0.499772153254536,0.0625636662894122,-0.000400979299945623,0.0301191786657313,0.150983601808548,0.0738349631428719,0.267186880111694,0.232148826122284,1.5859375
0.355,-9.01186373309574e-05,0.000101489154775456,0.0288612218763907,-0.00195711005176544,-0.00100434983502907,6.78592942637835e-06,0.00102066927159279,-0.00147138406695014,-0.00746924615877928,0.361134950409029,0.162906920613291,-3.37979919652392e-06,0.0301191786657313,-0.0564487278461456,-0.472211837768555,0.0963416770100594,0.52966034412384,1.5859375
0.356,-8.92282631464324e-05,9.98432041294967e-05,0.0288536958318124,-0.00187549950050501,-0.000844549597188629,6.64080308920845e-06,0.000761919541519769,-0.00182050965053071,-0.00757869858192673,-0.21173665296922,0.118222994767085,-0.000246415655327249,0.0301191786657313,0.205187916755676,-0.237970292568207,-0.126323103904724,0.303969085216522,1.5859375
0.357,-8.84563346227878e-05,9.79790724346255e-05,0.0288460589045763,-0.00196072255115434,-0.00114621501075509,6.89822328014955e-06,0.000780266117542604,-0.00190754972591051,-0.00769097995192607,0.0694275306527564,-0.638505363403186,0.0007014440334623,0.0301191786657313,0.496844410896301,0.0538205653429031,0.211569756269455,0.375355660915375,1.5859375
0.358,-8.76868182503643e-05,9.60876946974188e-05,0.0288380495745859,-0.00161956168710292,-0.00179620175246468,7.81628513157884e-06,0.000755036337364146,-0.00187779952785823,-0.00832220458362419,0.529035815165504,-0.488847505318948,0.000926466738278049,0.0301191786657313,0.518741607666016,-0.319749891757965,0.352210372686386,0.276582419872284,1.5859375
0.359,-8.69858093180766e-05,9.41384802737261e-05,0.0288295067912397,-0.0013177150413557,-0.00180783306270666,8.12400539507152e-06,0.00064733870907093,-0.0020225613662519,-0.00875794097379564,0.00414269353074316,0.468556385525692,-0.00035995639339834,0.0301191786657313,0.650855541229248,-0.0909754186868668,-0.0312811136245728,-0.0743092447519302,1.5859375
0.36,-8.62405917860214e-05,9.22062584426183e-05,0.0288206438406911,-0.00120946430326255,-0.00141658707817451,7.91312400538757e-06,0.00084560609119667,-0.00184307808978278,-0.00896331581450083,0.190259214912206,0.213991373008942,-2.03908767232113e-05,0.0301191786657313,0.330946236848831,0.00168240442872047,-0.0734513625502586,0.051094077527523,1.5859375
0.361,-8.53702697972826e-05,9.04407565184567e-05,0.0288116279305663,-0.00104136746665229,-0.00128464458847452,7.92772611024617e-06,0.000895915260266595,-0.00168976227456682,-0.00906360014877059,0.108179874912304,0.0191483284711964,3.88439295056639e-05,0.0301191786657313,0.198554992675781,0.0971817225217819,0.322448670864105,0.0653625130653381,1.5859375
0.362,-8.45982998693327e-05,8.88478579187573e-05,0.0288024218916764,-0.000983364920506512,-0.00103348960978225,7.80400948752202e-06,0.000650352074694581,-0.00149725405634811,-0.00934298680680662,-0.0018596576280725,0.41867487480309,-0.000252527912100251,0.0301191786657313,0.218342110514641,-0.273575246334076,-0.0320339538156986,0.0915207117795944,1.5859375
0.363,-8.39590879125092e-05,8.73334484184682e-05,0.0287931391600536,-0.00129294491228522,-0.000884545721810981,7.54735044772303e-06,0.000629139026171038,-0.00153007168836083,-0.00921764258608002,-0.530788999588019,-0.157821951111694,-0.00017146020181521,0.0301191786657313,0.302873313426971,0.461271852254868,0.234719634056091,0.261000275611877,1.5859375
0.364,-8.33922085239331e-05,8.5953398637036e-05,0.0287836498547473,-0.00142292333809081,-0.00115765108414863,7.67564697357059e-06,0.000503362006333955,-0.00123022262019964,-0.0097548759725759,0.307512864765919,-0.314454194783159,0.00041372542346289,0.0301191786657313,0.0890270918607712,-0.173853024840355,0.0952234119176865,0.316091060638428,1.5859375
0.365,-8.29780376518068e-05,8.46731738100691e-05,0.0287738963738992,-0.00126461269611635,-0.00130258462742115,7.86396203311668e-06,0.00032462201736209,-0.00133125675812168,-0.00974707294007645,-0.0269167944391191,0.0629178370981089,-8.85760178137876e-05,0.0301191786657313,0.164785027503967,-0.0882698446512222,0.139555796980858,0.1818538159132,1.5859375
0.366,-8.27335899606256e-05,8.33529008739421e-05,0.0287641458144424,-0.00130932304301773,-0.00108185232577067,7.65279123138285e-06,0.000165880552332719,-0.00130937372356419,-0.00974896442995864,-0.0461943675709179,0.320984014581899,-0.000283159485886649,0.0301191786657313,0.119301736354828,-0.167483478784561,-0.0723366215825081,0.519093453884125,1.5859375
0.367,-8.25951007176355e-05,8.19355395363587e-05,0.0287544100331619,-0.00160726124460303,-0.000919498823355282,7.35118774697341e-06,0.000112186005839717,-0.0015235619617687,-0.00971754477135472,-0.465375413965086,-0.037892460383482,-0.000226520833563055,0.0301191786657313,0.160444557666779,-0.03840022534132,-0.0530334934592247,0.104071006178856,1.5859375
0.368,-8.25038258038218e-05,8.04653928631924e-05,0.0287447816667731,-0.00164234199221296,-0.00115337496475805,7.53441544265598e-06,6.9031014117342e-05,-0.00141709435080933,-0.00953451328703938,0.407649240741441,-0.366973043762229,0.000561569853167548,0.0301191786657313,0.259181618690491,-0.046542763710022,0.389994144439697,0.413367927074432,1.5859375
0.369,-8.25593958436704e-05,7.90045955564071e-05,0.0287351191414689,-0.00119525954314503,-0.00125966676166912,7.91007006872846e-06,-0.000180246529417685,-0.00150735463414233,-0.00978496078389758,0.374482540301249,0.180692151974678,0.00011484994830459,0.0301191786657313,0.458651542663574,0.233672380447388,0.0786035805940628,0.233062744140625,1.5859375
0.37,-8.27164429018938e-05,7.75777378294371e-05,0.0287252248380748,-0.000759723443612024,-0.00121537907316322,8.14413758609689e-06,-0.000133743431243905,-0.00134973957002085,-0.00999799703934152,0.387001324996916,-0.103210136082082,0.000274984690976841,0.0301191786657313,0.444516241550446,-0.044597864151001,-0.051351509988308,0.114970356225967,1.5859375
0.371,-8.27953214943971e-05,7.625486367192e-05,0.0287152829689113,-0.00069744377019408,-0.00148999534074476,8.25524085001916e-06,-2.59658455653013e-05,-0.00129683007559394,-0.00988078564171871,-0.272919867878642,-0.372727124347732,-0.000105800262341176,0.0301191786657313,0.465968161821365,0.482169181108475,0.0941654890775681,-0.055398378521204,1.5859375
0.372,-8.28074291557708e-05,7.5186618623575e-05,0.0287053275557224,-0.000713358792753759,-0.00170411849182325,8.30868350165659e-06,3.6533310858133e-07,-0.000840864905980733,-0.0100245108890049,0.247247150085741,0.000222989902878925,0.00020507595583927,0.0301191786657313,0.865836441516876,0.124861612915993,0.00290035456418991,0.253383219242096,1.5859375
0.373,-8.2653521096016e-05,7.4379210884733e-05,0.028695175278788,-0.000755685078139735,-0.00181757277249923,8.28274306119425e-06,0.000306450455330053,-0.000773957749448292,-0.0102744412843583,-0.317290006630158,-0.195708745362137,-0.000260033115030966,0.0301191786657313,0.52895587682724,0.216740921139717,0.189941078424454,0.172541379928589,1.5859375
0.374,-8.23467529353145e-05,7.36918705127792e-05,0.0286848255337998,-0.00107697548668363,-0.00165099818808083,7.84646249085696e-06,0.000308179457483356,-0.000599277076761722,-0.010419344143243,-0.237952545599579,0.484492804519174,-0.000526150313738682,0.0301191786657313,0.760817885398865,0.232706651091576,-0.402103006839752,0.227834284305573,1.5859375
0.375,-8.17940887759252e-05,7.31725548421562e-05,0.0286744295863321,-0.00113937468597203,-0.00161458781056435,7.74712382911602e-06,0.000796369688174807,-0.000439464478628406,-0.0103672597105655,0.130484145565663,-0.416428704241919,0.000349240138052969,0.0301191786657313,-0.000275611877441406,0.00733812898397446,-0.399456828832626,-0.110557034611702,1.5859375
0.376,-8.09780150434941e-05,7.28452774553203e-05,0.0286644661873158,-0.000789884744547343,-0.00176218670819716,8.14680688376868e-06,0.000835004668407459,-0.000217768985158729,-0.00955599961661042,0.476094154138361,0.162017199888883,0.000363710200644223,0.0301191786657313,0.397160798311234,0.0985605269670486,-0.0585056319832802,-0.0360590219497681,1.5859375
0.377,-8.01051803163794e-05,7.27361252514915e-05,0.0286550791096311,-0.000408431837413547,-0.00141235469887706,8.3584679755333e-06,0.000912864297906622,-3.35595918402984e-06,-0.00921401084418656,0.186719047273135,0.447306471788212,1.93028203723755e-05,0.0301191786657313,0.540949821472168,-0.188757419586182,-0.234863489866257,-0.0199976228177547,1.5859375
0.378,-7.90545060781068e-05,7.27495746418302e-05,0.0286461344948984,-0.000701111761844086,-0.00128501525788758,8.10857992572522e-06,0.00118898055112616,3.19855165021843e-05,-0.00867163490226372,-0.69227558703879,-0.221252937709125,-0.000426525226483866,0.0301191786657313,0.0660434812307358,0.111384607851505,0.300505101680756,-0.0082026794552803,1.5859375
0.379,-7.80200272146419e-05,7.28910976691241e-05,0.0286376396273654,-0.00127684353403211,-0.00108159798415169,7.54906909650188e-06,0.000882112745040592,0.000254199399541673,-0.0083143529084932,-0.307016367214849,0.575570732229924,-0.000609095442465257,0.0301191786657313,0.320611000061035,0.0130733586847782,-0.133321195840836,0.15905450284481,1.5859375
0.38,-7.70848968458159e-05,7.31854651298838e-05,0.0286295485285698,-0.00134256296376312,-0.000852939403491488,7.31885811688926e-06,0.000989516977940527,0.000334825960956015,-0.00786472637598948,0.190835031956033,-0.173465186107046,0.000191095055852608,0.0301191786657313,0.0416749939322472,0.152368396520615,0.491416215896606,0.255862951278687,1.5859375
0.381,-7.63033652233381e-05,7.35708671359788e-05,0.0286217556036542,-0.000965111642547411,-0.000755917779122543,7.41471592569098e-06,0.000575207003430807,0.000433551667424293,-0.00771732720732067,0.461678263775127,0.342969930769599,-1.53361421076333e-05,0.0301191786657313,0.247249916195869,0.250311523675919,-0.0911266803741455,0.0501072555780411,1.5859375
0.382,-7.570327342111e-05,7.41363718092954e-05,0.0286142584964516,-0.000443144307765686,-0.000836505161637749,7.60616996497987e-06,0.000624513694356066,0.000693801672530341,-0.00727394385496994,0.441462285307168,-0.478492104637885,0.000292285478723382,0.0301191786657313,0.127867698669434,0.0900376513600349,-0.182810768485069,0.299190700054169,1.5859375
0.383,-7.50672158809014e-05,7.48361236525554e-05,0.0286072514768953,-0.000567377682995652,-0.00145751233089548,7.60929024412604e-06,0.000643915272119209,0.000706641454192982,-0.00673760421770947,-0.656259795915086,-0.595663757139521,-0.000365158282827517,0.0301191786657313,0.170150324702263,0.0108257383108139,0.588715791702271,0.225176021456718,1.5859375
0.384,-7.46334064089929e-05,7.55550579742426e-05,0.0286006059047606,-0.00144688390919022,-0.00127317186978109,6.69899465055579e-06,0.000225910221338487,0.000736758546516697,-0.0065504359968434,-0.870068005734851,0.912818779889261,-0.00135724962908317,0.0301191786657313,0.171899110078812,0.217052474617958,-0.161521136760712,0.113233409821987,1.5859375
0.385,-7.43877726526927e-05,7.64131965413098e-05,0.0285943415554156,-0.0016831053045301,-0.000548575892491219,5.8519444841032e-06,0.000269729849880907,0.000980606118558164,-0.00597642095385091,0.454065328314195,0.346609814580561,-0.000212633322696908,0.0301191786657313,0.177272528409958,-0.214459583163261,-0.0642248690128326,0.710071086883545,1.5859375
0.386,-7.41163204897844e-05,7.72135498952137e-05,0.0285885886577042,-0.00143373977952222,-0.000689281055959737,5.99750369900676e-06,0.000272364616605863,0.000619574363745061,-0.00552737684861116,-0.0231624062146012,-0.587225499345113,0.000421797534199194,0.0301191786657313,0.0610518530011177,-0.193942710757256,0.46480268239975,0.174873113632202,1.5859375
0.387,-7.40373877041203e-05,7.78130561802938e-05,0.0285833191781008,-0.00135390104269683,-0.00102406627436017,6.27063132307981e-06,-0.000115858074354652,0.000579187072234096,-0.0050097858453087,0.159320362289243,0.00655858121699795,5.44024566056003e-05,0.0301191786657313,0.431864440441132,-0.0204686224460602,0.125271454453468,0.325522184371948,1.5859375
0.388,-7.4142020723664e-05,7.8376949482719e-05,0.0285784778333479,-0.0011857447777803,-0.00114254816937964,6.41872702233925e-06,-9.42161781113628e-05,0.000547764968016217,-0.0046709089058982,0.130246735757867,-0.211586150910704,0.000188648746037737,0.0301191786657313,0.0366866141557693,0.108171425759792,0.0822253748774529,0.333773970603943,1.5859375
0.389,-7.43305287756429e-05,7.89429228575048e-05,0.0285740660594761,-0.00108214367243971,-0.00111030468450941,6.43759679475053e-06,-0.00028222350438011,0.000583612873928831,-0.00415151504608553,0.0477182470863894,0.265700489223714,-0.00015830579327728,0.0301191786657313,0.325333744287491,-0.0286597702652216,0.0582629069685936,0.215318575501442,1.5859375
0.39,-7.46134249024624e-05,7.95384271575838e-05,0.0285701785695086,-0.00112533803008144,-0.000946960882140886,6.28842102390337e-06,-0.000282632310475399,0.000607779221963927,-0.00362245357877108,-0.124038726583301,0.0168332454710677,-0.000104565962247594,0.0301191786657313,0.392155140638351,-0.0713384002447128,-0.0330891311168671,0.380162954330444,1.5859375
0.391,-7.48496315885583e-05,8.00999146438302e-05,0.0285667996678993,-0.00141033171516963,-0.00118907567238428,6.26659901303839e-06,-0.000191500236933762,0.000517264932098132,-0.00313431306096535,-0.370768332032174,-0.435993753356744,6.53444731631767e-05,0.0301191786657313,0.180384457111359,0.182734817266464,0.128240212798119,0.215122029185295,1.5859375
0.392,-7.51097743971551e-05,8.06993035151889e-05,0.0285639015517094,-0.00142005047371531,-0.00136655382223457,6.37927920754677e-06,-0.000329607215225303,0.000681325411829991,-0.00266156738807613,0.350032821498309,0.126002954521815,0.000134138901514843,0.0301191786657313,0.297709226608276,-0.234665393829346,0.107019931077957,0.383143842220306,1.5859375
0.393,-7.54679167462401e-05,8.12888649519862e-05,0.028561525282492,-0.00125815207706935,-0.00108966250963629,6.27036809053294e-06,-0.000384932990822889,0.000497364260818855,-0.00209100056239206,-0.0704050453449911,0.351996980757426,-0.000313780634427214,0.0301191786657313,0.478443294763565,-0.0395667925477028,0.234196469187737,0.266187995672226,1.5859375
0.394,-7.58602523845542e-05,8.17851331339941e-05,0.0285596144576361,-0.00133036113294543,-0.000875374015001826,6.05235330874976e-06,-0.000398480803936443,0.000495751704148461,-0.00173053702812233,-0.0563978695529668,0.0191013493125494,-7.03735480577264e-05,0.0301191786657313,0.27384215593338,0.159552693367004,0.1920415610075,-0.0666085779666901,1.5859375
0.395,-7.63125616118606e-05,8.24368391916967e-05,0.0285581720355615,-0.000998407852416567,-0.000954051150491069,6.23871711891155e-06,-0.00050631367221274,0.00080452190346551,-0.0011558771307298,0.626074473275229,-0.156015528072168,0.000382581440087843,0.0301191786657313,0.14934167265892,-0.0253138206899166,-0.1130111515522,0.57476669549942,1.5859375
0.396,-7.68222125767823e-05,8.31483376027677e-05,0.0285573008026401,-0.000926566615800467,-0.00122623037019751,6.36452716618052e-06,-0.000514777729726969,0.000618652764255613,-0.000587443330268201,-0.501139307701652,-0.31685878494968,-0.000205494747808065,0.0301191786657313,0.348840147256851,0.0569465607404709,0.0532459318637848,0.368163019418716,1.5859375
0.397,-7.73363959905275e-05,8.37634563461145e-05,0.0285569310149465,-0.00157341011618948,-0.00146412212037039,6.00461164301791e-06,-0.000515178033105491,0.000615717155923852,-0.000152976792462647,-0.623200420834968,-0.0983283873719312,-0.000444756131762552,0.0301191786657313,0.156103670597076,-0.0143981799483299,0.128048405051231,0.126284003257751,1.5859375
0.398,-7.79323078887389e-05,8.44369784410417e-05,0.0285571154265224,-0.00175752959493872,-0.00120125284235925,5.56556780173523e-06,-0.00067484574327326,0.000732410274058561,0.000520340837565007,0.30030151308809,0.550137232171216,-0.000362217604266885,0.0301191786657313,0.314285963773727,-0.319428741931915,0.174251407384872,0.720707058906555,1.5859375
0.399,-7.86475674226417e-05,8.49631701254382e-05,0.02855783738554,-0.00171014602767928,-0.000711546782221791,5.11880119136165e-06,-0.000752643577222715,0.000320829421844952,0.000922200578511684,-0.218520018926947,0.297083125616546,-0.000393263058856562,0.0301191786657313,0.558261036872864,-0.309824228286743,0.0136014372110367,0.187321856617928,1.5859375
0.4,-7.93176098769247e-05,8.52383881173239e-05,0.0285590823122706,-0.00173103742619691,-0.00101806925634131,5.3813906388811e-06,-0.000589894177075582,0.000230003019001884,0.00156562454562421,0.180507570743117,-0.827468973921712,0.000854252955267817,0.0301191786657313,0.351759493350983,-0.163018688559532,0.510021567344666,0.515745103359222,1.5859375
0.401,-8.0040793282607e-05,8.53676991958923e-05,0.0285607531603927,-0.00156509882431638,-0.00152082382415793,5.9289585543354e-06,-0.000859112555094897,2.81373909781074e-05,0.00177463735504708,0.106899500961631,-0.0485229551674652,0.000100613391848918,0.0301191786657313,0.532333612442017,-0.240725219249725,0.157741978764534,0.400512397289276,1.5859375
0.402,-8.08825917701284e-05,8.53042305090544e-05,0.0285627334251299,-0.00154108724647965,-0.00143677083161877,5.84902790468078e-06,-0.000824251121296574,-0.000154860977162919,0.00218398313133194,-0.0648379482899667,0.190669305181778,-0.000241614456487554,0.0301191786657313,0.496575236320496,-0.141847103834152,-0.0910998731851578,0.564313113689423,1.5859375
0.403,-8.16251597511654e-05,8.50397295436141e-05,0.0285651265312911,-0.00170830697352277,-0.00137097497919675,5.63761085370373e-06,-0.000661028664709752,-0.000372698476072151,0.00260006835135644,-0.223703583856645,-0.0786258913321065,-0.000124117196292438,0.0301191786657313,0.304998725652695,-0.0672579035162926,-0.0709650591015816,0.497504770755768,1.5859375
0.404,-8.22671810310853e-05,8.46020663147617e-05,0.028567976530538,-0.00178599875492264,-0.00142013720914006,5.59644781805702e-06,-0.000623575399292616,-0.000501943623881967,0.00309719379505101,0.089466280484476,-0.00898433148109519,4.85137199517153e-05,0.0301191786657313,0.172035276889801,0.144491076469421,0.157680481672287,0.355417311191559,1.5859375
0.405,-8.29777664590848e-05,8.4137068000703e-05,0.0285712704628508,-0.00134166509348547,-0.00115579070276208,5.65879321445806e-06,-0.000795764835456725,-0.000431104815823282,0.00348806418556646,0.680048214391433,0.463306287844508,6.02328846437079e-05,0.0301191786657313,0.768946766853333,-0.174471765756607,0.134476616978645,0.371912688016891,1.5859375
0.406,-8.3674139373036e-05,8.3633773476582e-05,0.0285748764929803,-0.000966879305119371,-0.00113377411514945,5.81908399199804e-06,-0.000597524172356521,-0.000577547070832059,0.00372148592543548,-0.0268621654103921,-0.425159719722339,0.000178062267191932,0.0301191786657313,0.233013495802879,0.0346292480826378,0.523195505142212,0.175820589065552,1.5859375
0.407,-8.44463353673469e-05,8.30996420167085e-05,0.0285787439016785,-0.00111689153276848,-0.00120259509919165,5.72030722123529e-06,-0.000946865338533463,-0.000490094861964678,0.00401076289397382,-0.230954585692936,0.302105498119051,-0.000366902894870019,0.0301191786657313,0.582224667072296,0.0942715108394623,-0.259167283773422,0.0674305707216263,1.5859375
0.408,-8.52368299648639e-05,8.27055053583687e-05,0.0285830314584367,-0.00120287256017817,-0.00140765498154349,5.77297573123303e-06,-0.00063630540117903,-0.000298193518150161,0.00456087483244156,0.0824862368505963,-0.657892188242573,0.000466396852860498,0.0301191786657313,0.198890715837479,0.0940917879343033,-0.115461632609367,0.327504903078079,1.5859375
0.409,-8.58788500355233e-05,8.24271901935686e-05,0.0285878556686726,-0.00116270270769974,-0.00185911319487105,6.06884173670608e-06,-0.00065061906394397,-0.000258866929687618,0.00508367664151034,-0.0117629706141511,-0.128835669703112,3.9838065222636e-05,0.0301191786657313,0.745963335037231,0.0928571224212646,0.128408789634705,0.156199887394905,1.5859375
0.41,-8.6452108003285e-05,8.22361661609344e-05,0.0285930225039736,-0.0011088024373591,-0.00181657715410242,6.06767810884534e-06,-0.000496026310626613,-0.000123791848428612,0.0052469952007214,0.105485008248581,0.199807277848062,-4.65192221191277e-05,0.0301191786657313,0.596377909183502,0.159202203154564,-0.042648047208786,0.189032584428787,1.5859375
0.411,-8.68622299519101e-05,8.2188720952161e-05,0.0285984060756377,-0.000981127591299889,-0.00156863586151656,6.01411247025396e-06,-0.000323226873456563,2.77310923141358e-05,0.00551666363032831,0.116347029166132,0.229180211864541,-5.33179774330201e-05,0.0301191786657313,0.697445571422577,-0.102365098893642,-0.306517690420151,0.426743805408478,1.5859375
0.412,-8.69899701881643e-05,8.2146000189049e-05,0.0286041048471849,-0.00125694766423601,-0.00170629247105914,5.83027909994982e-06,6.60482211064616e-05,-0.000111190543477781,0.00587716182987628,-0.592709167124166,-0.466912316555659,-0.000262282640309056,0.0301191786657313,0.329099476337433,0.025816410779953,0.350617647171021,0.0979323461651802,1.5859375
0.413,-8.70322992969956e-05,8.2104821920901e-05,0.0286101261477333,-0.00158014195255868,-0.00161370019116225,5.39496879436996e-06,-0.000149583938718436,3.04368672249148e-05,0.00616156329695612,0.0307590612514317,0.624195540870314,-0.000543140288122087,0.0301191786657313,0.676469743251801,-0.225750118494034,-0.205813392996788,0.158204019069672,1.5859375
0.414,-8.70209598760949e-05,8.21167379286926e-05,0.0286165369722212,-0.00140935151468868,-0.00134420603339697,5.26311765058907e-06,0.00017324696817845,-7.57523547694062e-06,0.0066555908550468,0.264488898271093,-0.155825580132041,0.000283825483060093,0.0301191786657313,0.528609931468964,0.0149487797170877,0.34398564696312,0.257223606109619,1.5859375
0.415,-8.68883919091124e-05,8.21270756838232e-05,0.0286232224498533,-0.00109405291249464,-0.00140366796220757,5.51649596314263e-06,9.17758019894851e-05,2.62318502783583e-05,0.00671171449772854,0.282349611513349,0.0523946039647952,0.000154721524581626,0.0301191786657313,0.378303408622742,0.0618765614926815,0.123363763093948,0.412377685308456,1.5859375
0.416,-8.68163397152863e-05,8.21352314115029e-05,0.0286300008369422,-0.00105428198196996,-0.00130410937720023,5.46172141513424e-06,5.30662836252513e-05,-1.00828090378763e-05,0.00684118368917825,-0.212342980090312,0.120131057476391,-0.000251510454357062,0.0301191786657313,-0.0582943558692932,0.224131509661674,0.401916861534119,0.250170171260834,1.5859375
0.417,-8.69879066399521e-05,8.2203286559895e-05,0.0286369389586039,-0.00120434854702188,-0.000750673193054612,4.98547224259127e-06,-0.000391805703950058,0.000146770865726318,0.00703102322520022,-0.0484899960013154,0.837122134697288,-0.000602488268079725,0.0301191786657313,0.696472764015198,-0.0368195995688438,0.100112527608871,0.175697043538094,1.5859375
0.418,-8.72863696475434e-05,8.23752286216897e-05,0.0286440263952561,-0.00124672633443637,-0.000733907249403687,4.93279557955972e-06,-0.00020557785083378,0.000197274662475895,0.00713986319877797,-0.0258344096349644,-0.80465675649122,0.000507684926215414,0.0301191786657313,0.0472226031124592,0.324177801609039,0.584072828292847,0.471797823905945,1.5859375
0.419,-8.77344567135556e-05,8.26171646092663e-05,0.0286510716987647,-0.00121328997703618,-0.00123271702202414,5.26330156258581e-06,-0.00069267353258714,0.000286240376210794,0.00694743002055218,0.0826104703493053,-0.063293539603601,6.70003172090587e-05,0.0301191786657313,0.526050806045532,0.175889804959297,0.312427580356598,0.58118724822998,1.5859375
0.42,-8.84569843165243e-05,8.28724084577182e-05,0.0286578695751203,-0.00129228325829486,-0.00132942502537135,5.24099007170875e-06,-0.000753023511931621,0.000224931286792411,0.00664543317273733,-0.219929493243023,-0.106817925157137,-0.000115216707482046,0.0301191786657313,0.38352957367897,0.159944534301758,0.0571909993886948,0.504402458667755,1.5859375
0.421,-8.9209892495183e-05,8.30876061592287e-05,0.0286644911404218,-0.00150585664856042,-0.00146570641959256,5.15266681100357e-06,-0.000753800293146302,0.000206858998972084,0.00659442210020133,-0.152373459731604,-0.132624755886609,-4.36642623514117e-05,0.0301191786657313,0.520346224308014,0.0477002859115601,0.261106193065643,0.455999344587326,1.5859375
0.422,-8.99860057397837e-05,8.32690057631621e-05,0.0286710013638065,-0.00156545703905197,-0.00149728171126298,5.09955550676011e-06,-0.000798689883790399,0.000156475852511863,0.00642309365785014,0.0475114710786892,0.0744924479364387,-5.5629929968249e-05,0.0301191786657313,0.0480586290359497,-0.0199586655944586,-0.011971078813076,0.501832008361816,1.5859375
0.423,-9.0864524699142e-05,8.33683187555184e-05,0.0286775424196496,-0.00150593790041056,-0.00121217144110047,4.87512406843749e-06,-0.000956499489955648,4.20358593852709e-05,0.00665510210674338,0.0551161930266723,0.416410077774277,-0.000337283380612898,0.0301191786657313,0.491669207811356,-0.120911315083504,0.0558626279234886,0.190132826566696,1.5859375
0.424,-9.17873597078126e-05,8.34123116850619e-05,0.0286842780821251,-0.00133866562948348,-0.00112564076070358,4.87143044880511e-06,-0.000889022831665236,4.49246385701273e-05,0.00681232436748022,0.234348768049721,-0.267948177236327,0.000309704770745089,0.0301191786657313,0.391117811203003,0.0179244037717581,0.18077677488327,0.316280722618103,1.5859375
0.425,-9.27104631529473e-05,8.34591504460193e-05,0.0286910794110954,-0.00114676327146133,-0.00147799945670063,5.21068886039089e-06,-0.000959373041706979,4.75908786665603e-05,0.00678688409470898,0.0993881150199029,-0.347563095447385,0.000267458397680032,0.0301191786657313,0.228224352002144,0.0748211666941643,0.0983749777078629,0.393190860748291,1.5859375
0.426,-9.37336477547576e-05,8.35009394210235e-05,0.0286978752736466,-0.0012033127749919,-0.00160239138579098,5.20584459362539e-06,-0.00108770420221441,3.6364247826964e-05,0.00680125433450933,-0.197080648987803,0.127051579120871,-0.00028752080095989,0.0301191786657313,0.451544404029846,-0.0230566188693047,-0.116109982132912,0.54053008556366,1.5859375
0.427,-9.4759284300952e-05,8.34635243114305e-05,0.0287046606869237,-0.0016097894673341,-0.00158040364660768,4.81321721013117e-06,-0.000963966188043877,-0.000108392363736582,0.00676614110551901,-0.507810552003961,-0.0920116917312145,-0.000389034965559123,0.0301191786657313,0.630843937397003,0.237669408321381,0.436531007289886,0.189876660704613,1.5859375
0.428,-9.5770194573136e-05,8.34641663571314e-05,0.0287112201165382,-0.0015731545980121,-0.00151617521828164,4.751656002e-06,-0.00105748259724058,0.000108925822051064,0.00635026825596754,0.568647360070633,0.199202728365684,0.000269235297847486,0.0301191786657313,0.661759555339813,-0.253005385398865,0.050648532807827,0.575545132160187,1.5859375
0.429,-9.67532478183526e-05,8.34242644991743e-05,0.028717484369253,-0.00132090556599154,-0.00155185278896004,4.94686578944581e-06,-0.000909450347165186,-0.000189555197108869,0.00617536793378234,-0.12909655851056,-0.263423299395358,4.95296296192977e-05,0.0301191786657313,0.400839656591415,-0.247497871518135,0.060871884226799,0.357801228761673,1.5859375
0.43,-9.76704368579045e-05,8.31502290959285e-05,0.0287236903511006,-0.00161726286410623,-0.00173774220308823,4.78798117509172e-06,-0.000926257008608522,-0.000356393256912049,0.00623325733599725,-0.38416764299813,-0.062930557367355,-0.000340963957424296,0.0301191786657313,0.569028198719025,0.186545878648758,0.107321575284004,0.43277782201767,1.5859375
0.431,-9.85711701921395e-05,8.28178978236983e-05,0.0287297441786809,-0.00167576496070033,-0.00174053432774788,4.70294100773927e-06,-0.000875578044805145,-0.000308134524855497,0.00587219197888318,0.281580701743044,0.0545675985264436,0.000186743926025772,0.0301191786657313,0.449757516384125,-0.0735014528036118,0.0469577684998512,0.330126762390137,1.5859375
0.432,-9.94388383330305e-05,8.2485883007639e-05,0.0287355775356647,-0.00128389585194908,-0.00161584670488429,4.93294675862899e-06,-0.000859240754910807,-0.000358275314829877,0.00579161120539659,0.399445185218861,0.158635788284866,0.000210362014031828,0.0301191786657313,0.467026770114899,-0.203161329030991,0.0773556306958199,0.646803855895996,1.5859375
0.433,-0.000100291747248535,8.1968556811885e-05,0.0287412575347004,-0.00136541885296104,-0.00149775452516314,4.75822707590723e-06,-0.000846095751664929,-0.000675252987834826,0.00556597093098937,-0.537186531461306,0.0437236901348728,-0.000504081316746589,0.0301191786657313,0.484381765127182,-0.0997366309165955,-0.146110698580742,0.0705372989177704,1.5859375
0.434,-0.000101062619488865,8.13354805213373e-05,0.0287468893331826,-0.00163837966814012,-0.00170833961293909,4.68504809214565e-06,-0.00069778370668103,-0.000589790629679411,0.00569415829196739,0.0624180931686751,-0.409864967966588,0.000395204762487601,0.0301191786657313,0.18611977994442,0.220850929617882,0.174641937017441,0.49058324098587,1.5859375
0.435,-0.000101867802965704,8.0759627074182e-05,0.0287524284007876,-0.00134478438464219,-0.00172004204253168,4.96243862802004e-06,-0.000912349797090331,-0.000563938911844402,0.00538180042848253,0.44809716348765,0.384921334392041,0.000108236005200592,0.0301191786657313,0.457171559333801,0.0253170877695084,-0.101180113852024,0.431375861167908,1.5859375
0.436,-0.000102727828422422,8.0163362475196e-05,0.0287577201331107,-0.00103937812176255,-0.00148946758520709,5.04707632265067e-06,-0.000806785705524906,-0.000630434820260076,0.00519935527949415,0.0854872935225497,0.0138640386428316,3.14791517275486e-05,0.0301191786657313,0.556540071964264,0.135119140148163,0.243467018008232,0.0941491723060608,1.5859375
0.437,-0.000103551829292369,7.96246147134977e-05,0.0287627599127043,-0.000912146589219317,-0.00155005403384241,5.15355350172442e-06,-0.000841749510635239,-0.000448207174986828,0.00487797972954248,0.137057861666093,-0.121736450241165,0.000146683600205669,0.0301191786657313,0.567143440246582,0.179260894656181,0.43382465839386,0.279057055711746,1.5859375
0.438,-0.00010446443342437,7.92250925041364e-05,0.028767350803049,-0.000926736452083933,-0.00156559717622218,5.11787287971188e-06,-0.000982886709468219,-0.000351459082875936,0.00430502034236534,-0.159085724372083,0.0901242058555166,-0.000212318306574668,0.0301191786657313,0.210930660367012,0.252704679965973,0.448567599058151,0.484338819980621,1.5859375
0.439,-0.000105623289071805,7.88863259161344e-05,0.0287713795182155,-0.00124461423686144,-0.00116519272131976,4.60550173642105e-06,-0.00133195368478156,-0.000324271035516026,0.0037514526649326,-0.391404930730637,0.600333756645011,-0.000688779053186845,0.0301191786657313,0.80638325214386,0.0605745539069176,-0.135007932782173,0.229856759309769,1.5859375
0.44,-0.000106786840194426,7.85986483229511e-05,0.0287749717336732,-0.00147248669329272,-0.0014426815192693,4.66634355067441e-06,-0.000997944215596722,-0.000249954751368864,0.00343191188340403,-0.00450019174939399,-1.08196972172094,0.000838410936046464,0.0301191786657313,-0.0279601067304611,-0.200910910964012,0.592396855354309,0.38459175825119,1.5859375
0.441,-0.00010807717648409,7.82677599841225e-05,0.0287782937863218,-0.00152503981712311,-0.00177775395602023,4.8544281394669e-06,-0.0015842632572837,-0.000411357750711915,0.00321074342465398,-0.0857137054501409,0.493818384578727,-0.000525261817035698,0.0301191786657313,0.813935279846191,-0.0211187172681093,-0.476148694753647,0.112869173288345,1.5859375
0.442,-0.000109406333428492,7.79056478237503e-05,0.0287814824475265,-0.00129756449171238,-0.00196728801832157,5.1853674918334e-06,-0.0010765695030255,-0.00031454150553489,0.00316504879570488,0.480693917478545,-0.824780921670623,0.00107294367657588,0.0301191786657313,0.258989930152893,-0.181361451745033,0.420163035392761,0.4799824655056,1.5859375
0.443,-0.000110653038249829,7.7482299025666e-05,0.0287844660130999,-0.00114678958427177,-0.00208273920333259,5.41290393440974e-06,-0.00141696216270996,-0.000532606349081188,0.00280145876432289,-0.21530268390468,0.615852280963667,-0.000661613659768048,0.0301191786657313,0.674148559570312,0.0891679748892784,-0.108832657337189,0.333089262247086,1.5859375
0.444,-0.000111965173846338,7.69613247769349e-05,0.0287870812438052,-0.00134664819680835,-0.00166378980154662,4.89884256227313e-06,-0.00120563045461516,-0.000508330567989238,0.00242855545164246,-0.13082633111642,0.109558263178383,-0.000229557142446399,0.0301191786657313,0.372808933258057,-0.0173170082271099,-0.0958942919969559,0.420043647289276,1.5859375
0.445,-0.000113153043804532,7.64120231460365e-05,0.0287894036120316,-0.00147072786285342,-0.00170752323773441,4.79216885240774e-06,-0.00117075282504978,-0.000589481040214189,0.0022154557730043,-0.0831466439507347,-0.188798799092073,4.45603705225101e-05,0.0301191786657313,0.605105757713318,0.039732463657856,0.0284974575042725,0.315730929374695,1.5859375
0.446,-0.000114278532310697,7.58283806650641e-05,0.0287914245019289,-0.00136281988234203,-0.00203894237542663,5.13926867951042e-06,-0.00108272190133077,-0.000578634002624972,0.00182611150023375,0.27169880680555,-0.390217434211319,0.000564509133995836,0.0301191786657313,0.430426955223083,-0.375963389873505,0.196021392941475,0.249454870820045,1.5859375
0.447,-0.00011542176767177,7.51518009738421e-05,0.0287931868925502,-0.00127894921632768,-0.00207751647722224,5.23631510152001e-06,-0.00120395209731541,-0.000774685838527512,0.00169808270225382,-0.122628858333258,0.317358714029188,-0.000390982254746369,0.0301191786657313,0.584930539131165,0.0698690041899681,-0.175254285335541,0.411581933498383,1.5859375
0.448,-0.000116532711257514,7.43606165524227e-05,0.0287947125045519,-0.00136488381482023,-0.00191107896917515,4.99398093145587e-06,-0.00101766113721278,-0.000807286538547947,0.00135317717876158,-0.0245412243513578,-0.0306897847020328,-3.22305536720401e-05,0.0301191786657313,0.365689545869827,0.0286763571202755,-0.154860630631447,0.442940831184387,1.5859375
0.449,-0.000117525959523485,7.35165574235538e-05,0.028795947616126,-0.00135906510259817,-0.00196608069171081,5.01195948343636e-06,-0.000969509059945437,-0.000880948843179291,0.00111684469521855,0.0372387671969982,-0.0680848125151179,6.12040659371077e-05,0.0301191786657313,0.469268947839737,0.301996350288391,-0.13971321284771,0.360108882188797,1.5859375
0.45,-0.000118447263443646,7.26991137279797e-05,0.0287968591421237,-0.00106818676295571,-0.00208364955961546,5.38572991848341e-06,-0.000874293404423266,-0.000756256398492947,0.000706809605075131,0.469494109654524,-0.139013917771354,0.000587069165035491,0.0301191786657313,0.660204231739044,0.0537292994558811,0.0959445536136627,0.345000714063644,1.5859375
0.451,-0.000119289504711875,7.19317891446903e-05,0.0287973150193796,-0.000792005522997165,-0.00216218064258545,5.71730512577417e-06,-0.000811043495770365,-0.000780188761538599,0.000206011211065677,0.0145948665009212,-0.000706776836525356,-1.18645410499028e-05,0.0301191786657313,0.281434178352356,-0.164118394255638,-0.0396562591195107,0.18574595451355,1.5859375
0.452,-0.00012013977175808,7.11220873821301e-05,0.0287975134264407,-0.00107400188460611,-0.00191217055332528,5.24659459832932e-06,-0.000888064956462949,-0.000837624178561874,0.000190720945097941,-0.50100907737283,0.431489462617246,-0.000807173266387638,0.0301191786657313,0.651955664157867,-0.077902227640152,-0.0949575453996658,0.094450868666172,1.5859375
0.453,-0.000120939964480198,7.03117659609426e-05,0.0287976123642927,-0.00143316806385336,-0.00180195482939633,4.79603801428752e-06,-0.000712297734560122,-0.000781213402120624,7.56337834613624e-06,-0.122131608573278,-0.240613076811204,3.91324557224363e-05,0.0301191786657313,0.497432827949524,-0.0801587700843811,-0.141772419214249,0.427221566438675,1.5859375
0.454,-0.000121597129516977,6.94654006773906e-05,0.0287974931224241,-0.00148270557492115,-0.00220869958260006,5.04444745397237e-06,-0.00060491266940381,-0.000911138337400047,-0.000245370772074822,0.0383946038130481,-0.467940754354095,0.000396995093234077,0.0301191786657313,0.526846289634705,-0.228613331913948,0.0469496883451939,0.439648151397705,1.5859375
0.455,-0.000122200722285219,6.84421138942354e-05,0.0287970985478346,-0.00147544987957299,-0.002416807914253,5.19217573202724e-06,-0.000603691483822137,-0.00113516236591243,-0.000542798036783444,-0.0222844037577505,0.102487228830287,-0.00014124416099265,0.0301191786657313,0.547461032867432,0.0304341502487659,-0.135998696088791,0.337730348110199,1.5859375
0.456,-0.000122745202944295,6.72972790238512e-05,0.0287964084648769,-0.00127016028068745,-0.0021880557569867,5.244730598708e-06,-0.000484528086651509,-0.00115596400246863,-0.000835779993965946,0.380748758733058,0.292245342124485,0.000223560142848179,0.0301191786657313,0.727777123451233,-0.164121001958847,0.171895131468773,0.345913827419281,1.5859375
0.457,-0.000123203067064553,6.60669316886384e-05,0.0287953438759113,-0.00102203868214796,-0.00189990367976537,5.31942237058658e-06,-0.000429692724605763,-0.00130615375579079,-0.00129175397379205,0.0556912915812982,0.207536333331697,-8.72337085731035e-05,0.0301191786657313,0.601098775863647,0.247168242931366,-0.203973188996315,0.181498467922211,1.5859375
0.458,-0.000123530942033915,6.48480247092617e-05,0.0287938950967744,-0.000795285290955061,-0.0020296536050939,5.58818699714081e-06,-0.000227376642755853,-0.00113372987811777,-0.001604346821622,0.341520106618949,-0.43245231663358,0.000538241810870555,0.0301191786657313,0.457407116889954,0.195379614830017,-0.0631249472498894,0.111797049641609,1.5859375
0.459,-0.000123743696304625,6.38006424727221e-05,0.0287921691507688,-0.00048127451854645,-0.00236953320000456,6.05951485432854e-06,-0.000200309243978314,-0.000963620925871785,-0.00184600487425592,0.208492979285609,-0.160158275196621,0.000283349310844371,0.0301191786657313,0.471628487110138,0.303544640541077,-0.17832887172699,0.0424580052495003,1.5859375
0.46,-0.000123896364947146,6.29691604436601e-05,0.0287902217270392,-0.00035413062499325,-0.00235817506229606,6.1966181434947e-06,-0.000105241018228826,-0.00070098928426753,-0.00204731403498056,0.0157077840203645,0.178574194083065,-4.33993051618625e-05,0.0301191786657313,0.289896845817566,0.0620620548725128,-0.327674120664597,-0.0662341639399529,1.5859375
0.461,-0.00012396205276909,6.2361277076584e-05,0.0287882631889112,-0.00053659738527945,-0.00206530035650545,5.88249356603399e-06,-2.45327796563208e-05,-0.000514184877366285,-0.00186912084018473,-0.329940484253114,0.32964351462807,-0.000498611083170216,0.0301191786657313,0.51181423664093,0.582806766033173,-0.33355587720871,-0.0341108962893486,1.5859375
0.462,-0.000123875437116721,6.20837337551312e-05,0.0287862746951499,-0.000536025801838507,-0.00201637466768838,5.8366279653832e-06,0.000197524893053135,-4.2145361991724e-05,-0.00210625454949054,0.329995953978344,-0.242630197940287,0.000406199844507135,0.0301191786657313,0.334563881158829,0.342984199523926,-0.0251785218715668,0.103911891579628,1.5859375
0.463,-0.000123707862156997,6.21665208192966e-05,0.0287840430233652,-0.00028403552480441,-0.00211315549525456,6.11966888008908e-06,0.000137230677590745,0.000205596961551132,-0.00235529441304915,0.10847416536747,0.0740997437785986,8.49601788364567e-05,0.0301191786657313,0.479191482067108,0.2235087454319,-0.0248275697231293,-0.137393832206726,1.5859375
0.464,-0.000123559743222619,6.2529259310056e-05,0.028781625594963,-0.000286534693361676,-0.00199986578484424,6.07265629692932e-06,0.000159678361749626,0.000519252438293567,-0.00247803040574472,-0.113439127147716,0.123226543696421,-0.00017235602363046,0.0301191786657313,0.452996581792831,0.0956148058176041,-0.123459950089455,0.064095139503479,1.5859375
0.465,-0.000123366204468335,6.31133371784971e-05,0.0287791041553407,-0.000680627211094864,-0.00196984399925204,5.61651569119803e-06,0.000227473163292753,0.00065115240961864,-0.00256335787826579,-0.571944044601247,-0.0698737951370389,-0.00061921577340461,0.0301191786657313,0.208647698163986,0.359313130378723,-0.115595154464245,0.217186629772186,1.5859375
0.466,-0.000123176563601144,6.38703018475408e-05,0.0287764506039051,-0.0010932149795913,-0.00193316595990984,5.11973256589471e-06,0.000152242848303951,0.000865025552905423,-0.00274197834983048,-0.148030041050998,0.133814595091119,-0.000265536881859243,0.0301191786657313,0.745602130889893,-0.10094641149044,0.175690963864326,0.218368887901306,1.5859375
0.467,-0.000122990860913055,6.47133106123587e-05,0.0287735230771625,-0.00121476149379272,-0.00194697798690159,4.9740389922448e-06,0.000218951017147924,0.000822048936615967,-0.00311062753370414,-0.0660780885252367,-0.156278968263808,4.61525135400488e-06,0.0301191786657313,0.883938193321228,-0.159763172268867,0.0610907673835754,0.602333247661591,1.5859375
0.468,-0.000122667221187595,6.53888762645988e-05,0.0287701378533556,-0.00149779309089028,-0.00234081158127078,4.90177505652056e-06,0.000425534932847249,0.000531599615432077,-0.00365680867431702,-0.426745994256224,-0.525487578802969,-0.00014483425558326,0.0301191786657313,0.453867942094803,0.0302516780793667,0.0113302748650312,0.232603713870049,1.5859375
0.469,-0.000122254091926041,6.59414000071348e-05,0.028766390634904,-0.00149130720536944,-0.0024783051568274,5.00588644092304e-06,0.000400051285847762,0.000573446699202066,-0.00383523673212026,0.433986290300895,0.285873306175661,0.000326505579977235,0.0301191786657313,0.677634835243225,-0.158580049872398,-0.0842412114143372,0.819221913814545,1.5859375
0.47,-0.000121771628533656,6.6309417224747e-05,0.0287623292848284,-0.0013606773399821,-0.00212004963250323,4.88493144157331e-06,0.000566763828113276,0.000162890974845402,-0.00428432758047702,-0.20622133993405,0.338463933167142,-0.000519573338031452,0.0301191786657313,0.837094306945801,0.173547729849815,-0.444912552833557,0.180786982178688,1.5859375
0.471,-0.00012096794851841,6.65464540914698e-05,0.0287579648037419,-0.00115642987115867,-0.00229844669074924,5.22010983772248e-06,0.00103866370763297,0.000309675735296787,-0.00444198288561506,0.558333066731966,-0.642934999435093,0.00108052003526863,0.0301191786657313,0.440451502799988,-0.133393421769142,-0.0717854499816895,0.406672388315201,1.5859375
0.472,-0.000119920251049113,6.67706060363746e-05,0.0287534765081734,-0.000864712873279901,-0.00258027185578818,5.74277218312602e-06,0.00105524363004384,0.000137347133150675,-0.00453205868157905,-0.0502164582362886,0.154556200366008,-0.000172378992295374,0.0301191786657313,0.564960241317749,-0.0459237620234489,-0.105979576706886,0.388927847146988,1.5859375
0.473,-0.000118809563345892,6.68513806660304e-05,0.0287488615836351,-0.00116584070061925,-0.00216318906221992,5.09677618154569e-06,0.00116871954606055,2.63077529382137e-05,-0.00469505987317915,-0.471757420048348,0.572453997874811,-0.000951828686438736,0.0301191786657313,0.2971510887146,-0.0544906854629517,-0.161944285035133,0.330504447221756,1.5859375
0.474,-0.00011763642592841,6.6842855451157e-05,0.0287441975848591,-0.00154773052971741,-0.00155286025819333,4.21354528734597e-06,0.00118149923786509,-4.0878113986529e-05,-0.00463069887759891,-0.192762408389517,0.492849757026393,-0.000609665990649972,0.0301191786657313,0.245666518807411,-0.097216933965683,-0.0285135321319103,0.422917425632477,1.5859375
0.475,-0.000116493338630745,6.67327377983957e-05,0.0287395685950471,-0.00154862704808514,-0.00128602008236774,3.94841059581097e-06,0.00110676082486477,-0.000179038546487144,-0.00462489583393646,0.190690129415627,-0.023996853156161,0.000125840952135408,0.0301191786657313,0.0489497780799866,-0.056970376521349,0.0112693682312965,0.353290259838104,1.5859375
0.476,-0.000115490618535822,6.65139304362101e-05,0.0287350028565408,-0.00118177090326911,-0.00142257203001783,4.29039605176484e-06,0.000898387334939094,-0.000260763549703336,-0.00450438717564475,0.446546954765435,-0.20946007308774,0.000454317922767886,0.0301191786657313,0.207659870386124,-0.0616659224033356,-0.108080834150314,0.254822045564651,1.5859375
0.477,-0.000114619263379606,6.6232815965175e-05,0.028730583138478,-0.000803976209213808,-0.00178404926903061,4.77370206697358e-06,0.000842466689136786,-0.000303739680706025,-0.00433313023995384,0.211111300123263,-0.414872068475364,0.000359664148544624,0.0301191786657313,0.181690275669098,-0.0812604278326035,0.0405016019940376,-0.0207306891679764,1.5859375
0.478,-0.000113860594412411,6.59772440178105e-05,0.0287263880446862,-0.000685590444670854,-0.00193452200116104,4.92994439094119e-06,0.000674555494612661,-0.000208410575836249,-0.00405554958766524,-0.00395215760301465,0.154466818127214,-9.09844976364443e-05,0.0301191786657313,0.602107167243958,0.00946848094463348,-0.446430236101151,0.17776583135128,1.5859375
0.479,-0.000113007732582526,6.57852304325168e-05,0.0287224190660069,-0.000884389279161363,-0.00214453525328613,4.77547737265382e-06,0.00102966267291998,-0.000174485923247156,-0.00388051256748747,-0.33989415366013,-0.515012226496092,-0.000178433248515252,0.0301191786657313,0.517947435379028,0.420914381742477,0.177420973777771,0.373262226581573,1.5859375
0.48,-0.000112007852117178,6.56933713028553e-05,0.0287183118696059,-0.00106859531597126,-0.00225906872258497,4.5750382140497e-06,0.00096979544239124,-8.52872705141692e-06,-0.00433064451796813,0.0192661182547918,0.317245112513761,-0.000190655015119553,0.0301191786657313,0.350315093994141,-0.143779039382935,-0.0173233151435852,0.111201234161854,1.5859375
0.481,-0.000111058042409279,6.56819501150008e-05,0.028714090264781,-0.00104207396158302,-0.00166004602639771,4.22920686959927e-06,0.000933820439172298,-1.44594948324147e-05,-0.00411092015199432,0.0268923515739998,0.72488320740115,-0.000417853467875614,0.0301191786657313,0.0959377586841583,0.140657275915146,-0.167462095618248,0.100121729075909,1.5859375
0.482,-0.000110161320235032,6.57494379033936e-05,0.0287101300599714,-0.000834615434923509,-0.00107342638418003,4.02825325718226e-06,0.000863571030760529,0.000147839549305533,-0.00380807116830015,0.332210036251718,0.297062617725402,3.0160995243807e-05,0.0301191786657313,0.6794193983078,0.275671273469925,-0.0861128866672516,0.193483546376228,1.5859375
0.483,-0.000109182356702491,6.59856104635331e-05,0.0287062336395938,-0.000514996511554614,-0.00155202607407115,4.35620862404562e-06,0.0010911826341085,0.000322250006129171,-0.00398232019353417,0.221801999670398,-1.12089468442859,0.000474289106575671,0.0301191786657313,0.268331468105316,0.244690075516701,0.394019275903702,0.201501041650772,1.5859375
0.484,-0.000108246693197861,6.6380799491277e-05,0.0287021535404953,-0.000524799140706349,-0.00218480734657682,4.46686954891362e-06,0.000777258657396666,0.000467943529253729,-0.00417528836080568,-0.238864215643345,0.0223846658492858,-0.000322328524633447,0.0301191786657313,0.597585082054138,0.317959904670715,-0.225310444831848,0.104272790253162,1.5859375
0.485,-0.000107355175110968,6.69741578049942e-05,0.0286979769704539,-0.000767860296762534,-0.0021309748431622,4.12899732626926e-06,0.00100579686013387,0.000719833078932208,-0.00417569312907888,-0.185082162473576,0.0740742885380904,-0.000277299505958085,0.0301191786657313,0.215523600578308,0.059541929513216,-0.240828096866608,0.243705794215202,1.5859375
0.486,-0.000106338901078844,6.77095190461001e-05,0.0286939488561367,-0.00106987184820941,-0.00181468962255244,3.6065754156489e-06,0.00102888663252804,0.000752869648389706,-0.00387911381244619,-0.340836434304119,0.477233403287562,-0.000648258002285091,0.0301191786657313,0.612141072750092,0.264753639698029,-0.302271753549576,0.371798038482666,1.5859375
0.487,-0.000105158977455086,6.85059965938008e-05,0.0286900399786547,-0.00124529119654735,-0.00170961044194166,3.34966306425599e-06,0.00133112592424207,0.000841145489052249,-0.00393647850774594,0.0326342916538748,-0.288539043600674,0.000196798858112569,0.0301191786657313,0.67948043346405,0.248664617538452,0.493588298559189,0.383838623762131,1.5859375
0.488,-0.000103887977907349,6.93830141696902e-05,0.0286858398839254,-0.00104578183317992,-0.00178512602012503,3.5681468526505e-06,0.00121091804146859,0.000911777999226492,-0.00446065366470078,0.310179657501101,0.161195208801061,0.000180504853482159,0.0301191786657313,0.446723133325577,0.076961986720562,0.0131100118160248,0.283522188663483,1.5859375
0.489,-0.000102664172272001,7.03070333164748e-05,0.0286813960258064,-0.000819931500595117,-0.00160341745469029,3.65855801387482e-06,0.00123804555660023,0.000935074785240747,-0.00442485770573455,0.0798557808724422,0.158586626487665,-3.12407600957716e-05,0.0301191786657313,0.288978159427643,0.456442087888718,0.188888192176819,0.0956344455480576,1.5859375
0.49,-0.000101505144818443,7.1416217735219e-05,0.0286769345610074,-0.000559956268684121,-0.00131841785888981,3.72527113468024e-06,0.0010823542746665,0.00128131984282374,-0.00449558738831741,0.366844688191607,0.339332059489451,0.000130477137669528,0.0301191786657313,0.434044778347015,0.326776444911957,-0.0259882789105177,-0.0193609893321991,1.5859375
0.491,-0.000100392119206187,7.28630205289785e-05,0.0286724977643854,-0.00027575342624895,-0.00131512222644866,3.88068825563082e-06,0.00114384929532714,0.00161015131400203,-0.00437596326116922,0.122405739808429,-0.328074013323454,0.000107113223682699,0.0301191786657313,0.13204151391983,0.195504277944565,0.189146310091019,0.120726771652699,1.5859375
0.492,-9.93694457304766e-05,7.45586506134149e-05,0.028668208068473,-0.000562290583460532,-0.00146909160958081,3.64528986596113e-06,0.000901234030872847,0.00178301891379173,-0.00420149740496883,-0.623519802530942,0.0637950452159719,-0.000551508096443126,0.0301191786657313,0.132350742816925,0.133860975503922,0.0772854536771774,-0.132677778601646,1.5859375
0.493,-9.85571591254038e-05,7.64929369737636e-05,0.0286642177485772,-0.0011024445894332,-0.0012824809903578,3.10714589879524e-06,0.000725095623666943,0.00208867017607245,-0.00377805576900779,-0.320494351070077,0.262115464958688,-0.000413907176896107,0.0301191786657313,0.67519736289978,-0.0802162736654282,0.108426839113235,0.0869310423731804,1.5859375
0.494,-9.77685149591049e-05,7.86155381471739e-05,0.0286604988629032,-0.00134803877286823,-0.00141453164738813,3.00400702446524e-06,0.000851272316087721,0.00215842243262148,-0.00365803654316161,-0.112816505531666,-0.486452490604468,0.000240868784129602,0.0301191786657313,0.184337764978409,-0.0265984535217285,0.264757633209229,0.173225983977318,1.5859375
0.495,-9.7046020045843e-05,8.08033512104669e-05,0.0286569579129593,-0.00130873283790307,-0.00158555182302711,3.13734004553368e-06,0.000593429162912716,0.0022174057036335,-0.00342254421765342,0.173271475035191,0.190630200176267,-1.66935055047255e-05,0.0301191786657313,0.551310122013092,-0.0360567942261696,0.509478092193604,0.650418281555176,1.5859375
0.496,-9.65436168202611e-05,8.29083632648582e-05,0.0286533601424915,-0.00142701043390295,-0.00121557409213931,2.75628564683217e-06,0.00041416307471849,0.00199433880932818,-0.00377039720054563,-0.38401964710191,0.452073071849722,-0.000638691563154316,0.0301191786657313,0.670988917350769,-0.26896196603775,-0.126954063773155,0.197783768177032,1.5859375
0.497,-9.59955960944608e-05,8.48611640004267e-05,0.0286497557629185,-0.00174603188115711,-0.00137850092766705,2.68082181342777e-06,0.000680377977569288,0.00191391186948255,-0.00343721390355072,-0.176047547490264,-0.729639245303303,0.000534540170804849,0.0301191786657313,0.350059777498245,-0.510467410087585,0.286118000745773,0.202404841780663,1.5859375
0.498,-9.540254616744e-05,8.66676986903611e-05,0.0286465289757573,-0.001862660095675,-0.00183975086669062,3.00276919862341e-06,0.000503457540210465,0.00170085972031526,-0.00301568849216474,-0.032426590954022,-0.070549268072507,9.49773994065988e-06,0.0301191786657313,0.507022678852081,-0.558015108108521,-0.233387649059296,0.562724709510803,1.5859375
0.499,-9.47936891598873e-05,8.81463639591046e-05,0.0286437458681266,-0.00207583763225538,-0.00191866215028058,2.83634212960848e-06,0.000713517130792799,0.00125903047363494,-0.00254991468946661,-0.341155372728158,-0.0641250846177224,-0.000315103666094659,0.0301191786657313,0.363015323877335,0.0269464403390884,-0.291699826717377,0.59801185131073,1.5859375
0.5,-9.39991737261277e-05,8.93485572508878e-05,0.0286413148163867,-0.00203817384424628,-0.00187550999457213,2.79475236597548e-06,0.000875652416275243,0.00114567016056497,-0.00231140785717529,0.40100531607862,0.141217675231775,0.000224207504710377,0.0301191786657313,0.456187546253204,-0.283448696136475,0.252695173025131,0.566663682460785,1.5859375
0.501,-9.31709404234261e-05,9.03518972515624e-05,0.028639043170554,-0.00165244580585151,-0.00141417283676212,2.67179820889751e-06,0.000784089737398913,0.000859519030016269,-0.00223092926048042,0.264989603987065,0.66019271957566,-0.000421355583093143,0.0301191786657313,0.755915284156799,0.276509404182434,-0.184455394744873,0.416877835988998,1.5859375
0.502,-9.22096467929447e-05,9.12698892661222e-05,0.0286367796455303,-0.00118380236449087,-0.00134924153601921,2.88976803952679e-06,0.00113834134395558,0.000973551321864745,-0.00229481478484853,0.544109432894427,-0.541400350626274,0.000722099908304455,0.0301191786657313,0.119694165885448,-0.270298719406128,0.132237747311592,0.182518497109413,1.5859375
0.503,-9.11758223293866e-05,9.22040121352875e-05,0.0286347598718678,-0.00101965522439267,-0.00159737507364949,3.1324317086856e-06,0.000928570312539511,0.000894142914938181,-0.0017450283697312,-0.26000539955399,0.112443799352249,-0.000320376881578966,0.0301191786657313,0.523686408996582,0.200890213251114,-0.240821450948715,0.269634217023849,1.5859375
0.504,-9.01255605108308e-05,9.31722973116217e-05,0.0286331302675575,-0.00134500451446157,-0.00168317076929511,2.87679132826568e-06,0.00117113608512033,0.00104435091185343,-0.0015138534667215,-0.307005621353653,-0.256752320029532,-0.000124028417176585,0.0301191786657313,0.0600876212120056,-0.0899439603090286,0.00475972145795822,0.495319277048111,1.5859375
0.505,-8.90405501699946e-05,9.41479706414693e-05,0.0286318124485668,-0.00182729784222553,-0.00151236154707912,2.24247115898635e-06,0.00100058733541147,0.000910530244167554,-0.0011218991541243,-0.531699939301723,0.554610283781141,-0.00102516617891012,0.0301191786657313,0.454413533210754,-0.0185983385890722,0.15390308201313,0.2032450735569,1.5859375
0.506,-8.80472869709135e-05,9.51038286548065e-05,0.0286307984356032,-0.00191821395809,-0.00100459875720657,1.58642382475094e-06,0.000989357090762967,0.00100175232948595,-0.000906162679647713,0.368289462775575,0.330273858278238,-0.000175562202839707,0.0301191786657313,0.111672565340996,-0.14809438586235,-0.119157657027245,0.331479907035828,1.5859375
0.507,-8.70779935549443e-05,9.60745194984549e-05,0.0286301738161822,-0.00143870517123362,-0.000948367481361484,1.73307799311573e-06,0.000949919720468425,0.000937097473021535,-0.000344130876264039,0.460201659507264,-0.228133438547244,0.00038664367096514,0.0301191786657313,0.276531219482422,0.0770022049546242,0.270419538021088,0.434439539909363,1.5859375
0.508,-8.62140053923238e-05,9.70076341723198e-05,0.0286298654503646,-0.00115472004040293,-0.00121055228234375,2.04423870986403e-06,0.000777085074636551,0.000927655289158382,-0.000272624931539716,0.0306362353894927,-0.223971654821489,0.000129899055328295,0.0301191786657313,-0.0172736644744873,-0.0097721591591835,0.127632647752762,0.470129072666168,1.5859375
0.509,-8.5570498200356e-05,9.78951491725913e-05,0.0286297649804003,-0.00147598283392424,-0.00117607032782324,1.76392321060703e-06,0.000511527565874449,0.000849962369746066,7.01973829228384e-05,-0.587218084332743,0.283267562629764,-0.000638924501854866,0.0301191786657313,0.231084480881691,-0.109504781663418,0.113394998013973,0.326756030321121,1.5859375
0.51,-8.51126916100944e-05,9.87266500449163e-05,0.028630010136551,-0.00201944498972921,-0.000951804223123767,1.20510516099515e-06,0.000405846949093014,0.000816655261358861,0.000419132470242718,-0.359546225850908,0.108002506704854,-0.000338806546623819,0.0301191786657313,0.397460043430328,-0.010657574981451,0.0986620858311653,0.476757168769836,1.5859375
0.511,-8.47048261026895e-05,9.951777107267e-05,0.0286304929680065,-0.00206506691148995,-0.00113232966603551,1.36203779677047e-06,0.000408866214563472,0.000766183375366555,0.00054601315896337,0.276440540856466,-0.41836320558039,0.000611928682741479,0.0301191786657313,0.442894458770752,-0.592183828353882,0.334354102611542,0.434271275997162,1.5859375
0.512,-8.43553208779505e-05,0.000100099731158995,0.0286311985656742,-0.0019449391771379,-0.00146288047755697,1.76987372446646e-06,0.000288485116436533,0.000398071792931209,0.000864015700357151,-0.0689265688054684,-0.154679769291421,7.72594367175055e-05,0.0301191786657313,0.258927166461945,-0.110674150288105,-0.145377457141876,0.477308720350266,1.5859375
0.513,-8.40434690749687e-05,0.000100442026764806,0.0286322588448099,-0.0018936056743116,-0.00154852344694842,1.87260147876955e-06,0.000334673060300241,0.000286539516005508,0.00125511124988804,0.156210916047821,0.00680608634263969,9.31612605953882e-05,0.0301191786657313,0.149918913841248,-0.371943950653076,0.0538852140307426,0.395194709300995,1.5859375
0.514,-8.37752705034629e-05,0.000100619034597528,0.0286337783401541,-0.00181982953322756,-0.0012490880705179,1.60169763896434e-06,0.000203912669575009,6.75112487828608e-05,0.0017819980005731,-0.02861862755179,0.511971148345194,-0.00056138132295733,0.0301191786657313,0.435980141162872,-0.340532779693604,0.171161904931068,0.444809973239899,1.5859375
0.515,-8.35810259909785e-05,0.000100570996436642,0.0286356879134426,-0.0019533004925062,-0.00088786489646599,1.12997152434957e-06,0.000186911061995604,-0.000162275881810989,0.00203558973232168,-0.202337928031747,0.115648049274287,-0.000253790375009044,0.0301191786657313,0.436953604221344,-0.0217680968344212,0.165467768907547,0.240281909704208,1.5859375
0.516,-8.33980053615063e-05,0.00010044750951107,0.028637815702066,-0.00178636134366946,-0.00107753865464078,1.38559911011527e-06,0.000178021143107963,-8.59235495112672e-05,0.00221847791940281,0.49054836498923,-0.442604398803834,0.000689975088225025,0.0301191786657313,0.478420615196228,-0.252415239810944,0.102399066090584,0.515899896621704,1.5859375
0.517,-8.31996071722209e-05,0.000100247367748951,0.0286401183776131,-0.00153985143427328,-0.00162691007688706,2.00497713409575e-06,0.000215350180719798,-0.000315341871741924,0.00238525274318006,-0.0607401259699013,-0.50983107220324,0.000343162339993812,0.0301191786657313,0.235562860965729,0.125308617949486,-0.0985437780618668,0.36076608300209,1.5859375
0.518,-8.29846257614697e-05,9.9971568727597e-05,0.028642643734163,-0.00153160362498758,-0.00181605520435337,2.14241366647272e-06,0.00021352253314693,-0.000236573654291007,0.00266348106039242,0.0755313182964232,0.180566347769262,-0.000108540224167839,0.0301191786657313,0.223786383867264,0.00779269775375724,-0.00709695462137461,0.601737856864929,1.5859375
0.519,-8.28000861291997e-05,9.96696312301212e-05,0.0286453875567638,-0.00166152132163663,-0.00128498832091996,1.54822902942442e-06,0.00015899103156856,-0.000366299020957525,0.00282236878531402,-0.299013529397714,0.739382259395944,-0.000914534240396225,0.0301191786657313,0.839165925979614,-0.226010382175446,0.36252960562706,0.142532095313072,1.5859375
0.52,-8.25880748541194e-05,9.93054596252905e-05,0.0286482046261114,-0.00182639122126284,-0.000868110041355756,1.02062944495884e-06,0.000267412534418316,-0.000361162997519292,0.00281031624425009,0.0129892843127672,-0.0133894689613865,-1.25849621939797e-05,0.0301191786657313,0.500577211380005,0.0446207523345947,0.282973855733871,0.49173977971077,1.5859375
0.521,-8.23391555711275e-05,9.89248906235754e-05,0.0286509488341497,-0.00170160570685746,-0.00113006838198666,1.30925608088361e-06,0.000228933929700338,-0.000400779326750957,0.0026768876809944,0.204157441132867,-0.439170233002777,0.000502981689022258,0.0301191786657313,0.463947355747223,0.0850630402565002,0.296669006347656,0.571599781513214,1.5859375
0.522,-8.21494886711073e-05,9.8489936562729e-05,0.0286535282525511,-0.00154238111965282,-0.00150060619966446,1.71949888860823e-06,0.000148383601964074,-0.000470042368727482,0.00248110228528446,0.0740076145702682,-0.204274332452269,0.000201005213013667,0.0301191786657313,0.168910786509514,-0.0415791906416416,0.116493791341782,0.269354671239853,1.5859375
0.523,-8.20785868312701e-05,9.80351293936678e-05,0.028656157975568,-0.00146067812836472,-0.0013537161975014,1.63577323197828e-06,-5.29782140987821e-06,-0.000440266396116986,0.00277628142193545,0.0690916168477802,0.457582772299018,-0.00034661056218667,0.0301191786657313,0.416304588317871,0.195631220936775,0.0884049162268639,0.269584834575653,1.5859375
0.524,-8.2075389379034e-05,9.76764712382462e-05,0.0286589517744893,-0.00128545915118621,-0.000990655885364308,1.43261104224024e-06,1.38897497283355e-05,-0.000278603459526073,0.00280975935177992,0.235539427584435,0.172733827883235,-2.60423617901659e-05,0.0301191786657313,0.315257161855698,0.166018113493919,0.0356780290603638,0.430389523506165,1.5859375
0.525,-8.20626502518144e-05,9.74207224111843e-05,0.0286617813067819,-0.00122830494101248,-0.00105773210196295,1.47358442781353e-06,1.1189113951577e-05,-0.000233426413047527,0.0028477322529091,-0.134710457199953,-0.28794197706624,8.32614446623507e-05,0.0301191786657313,0.183987021446228,0.280311346054077,-0.159189268946648,0.210111692547798,1.5859375
0.526,-8.20380769352279e-05,9.73082125765814e-05,0.0286647633409208,-0.00126590126903155,-0.0014640050049784,1.70110421215952e-06,3.5436670862821e-05,8.01211247863532e-06,0.00311414702264834,0.0692752718990602,-0.416874347598787,0.00031206798995105,0.0301191786657313,0.49211585521698,-0.0114932395517826,0.317955374717712,0.245454788208008,1.5859375
0.527,-8.20453728304889e-05,9.73409618662492e-05,0.0286678608606882,-0.0013358288790768,-0.00159234353186969,1.69445870845664e-06,-5.06286017170018e-05,5.78062081454271e-05,0.00307935168010564,-0.190122588744787,0.192862789668645,-0.000338873236998121,0.0301191786657313,0.689018964767456,0.257225692272186,-0.141398176550865,0.33768892288208,1.5859375
0.528,-8.19475632164662e-05,9.74773236482808e-05,0.0286708926823191,-0.00144581353580159,-0.00159924205427435,1.57577569970258e-06,0.000245479700761994,0.000215222557044297,0.00298295406558739,-0.00176537825951314,-0.203580625387876,0.000127307258715301,0.0301191786657313,0.474396526813507,-0.174652740359306,0.407081961631775,0.260861098766327,1.5859375
0.529,-8.1776592229487e-05,9.76690905912126e-05,0.0286738708481878,-0.00156403851068221,-0.0014028114289602,1.28003091814932e-06,9.80454045693446e-05,0.000169174528910834,0.00297184299383799,-0.203569225071177,0.543006462293783,-0.000653192208926855,0.0301191786657313,0.536921501159668,0.18204739689827,-0.0417483933269978,0.526932835578918,1.5859375
0.53,-8.15973856279679e-05,9.78445647316359e-05,0.0286767687401331,-0.00170786048355551,-0.00110548490301489,8.86362293783804e-07,0.000261808767387901,0.000182661882070464,0.00282279836467539,-0.0472356474766147,-0.0246913377470416,-3.76987734566246e-05,0.0301191786657313,0.541604459285736,-0.125581026077271,0.363630622625351,0.34656348824501,1.5859375
0.531,-8.13687610328067e-05,9.79977900298091e-05,0.028679534102024,-0.00171246658115919,-0.00118161059457302,9.23180797585132e-07,0.00019516799374935,0.000123973172580217,0.00270671955063217,0.0384568123383234,-0.106464218861886,9.2425690872775e-05,0.0301191786657313,0.287169903516769,0.0614571571350098,0.0412136912345886,0.347788423299789,1.5859375
0.532,-8.11885418069628e-05,9.81464685188529e-05,0.0286822862540768,-0.0015291412797762,-0.00130174044526834,1.12495634096987e-06,0.00016464859796789,0.000172186272716303,0.00279594859811669,0.278433032013673,-0.101404615434602,0.000251000256568528,0.0301191786657313,0.336665064096451,0.0480108857154846,0.273982226848602,0.711734533309937,1.5859375
0.533,-8.109284207539e-05,9.82299971597188e-05,0.0286849487522091,-0.00154729379366045,-0.00122032430686294,1.01578252698076e-06,2.75924590899752e-05,-4.59684631519759e-06,0.00252826188547451,-0.308928290244601,0.242094616367219,-0.000443335621906942,0.0301191786657313,0.497238516807556,0.0518977418541908,-0.0407443046569824,0.254024416208267,1.5859375
0.534,-8.09946514748852e-05,9.82736325372281e-05,0.0286875076024374,-0.00168524777405806,-0.00124210309335757,9.17776323827724e-07,0.00016832440493269,9.24701431610103e-05,0.00258795748629897,0.0682514019989246,-0.27825490342756,0.000270974721470337,0.0301191786657313,0.0782791674137115,-0.434062123298645,0.0996474549174309,0.0518959164619446,1.5859375
0.535,-8.09209212171654e-05,9.83332642857613e-05,0.0286903891144088,-0.00161541166627572,-0.00126726423150718,9.59890844143274e-07,-2.0515292717019e-05,2.65494821803625e-05,0.00317208787417475,0.0527652444082733,0.233367540557027,-0.000201615043692776,0.0301191786657313,0.55038046836853,-0.251970916986465,-0.245536953210831,0.230110436677933,1.5859375
0.536,-8.07977474657819e-05,9.83268576079311e-05,0.0286937170775954,-0.00161089785051302,-0.00142909895890203,1.07227072376759e-06,0.000265241769589564,-3.92449631152632e-05,0.00348140230853735,-0.0448023416842922,-0.512087059924966,0.000384366396971639,0.0301191786657313,0.198394507169724,-0.0737597569823265,0.115428619086742,0.306666404008865,1.5859375
0.537,-8.06002202651733e-05,9.82842851358425e-05,0.0286972737984678,-0.0016218272480572,-0.00157612928491773,1.16155165796883e-06,0.000129325845046767,-4.58335278104132e-05,0.00362981243743176,0.0256443791636799,0.255176717035345,-0.000236281210891471,0.0301191786657313,0.468223601579666,-0.130585536360741,0.0165279265493155,0.238452225923538,1.5859375
0.538,-8.04305501465245e-05,9.82378780245904e-05,0.0287009614753923,-0.00156249245455,-0.00128506557867725,9.2099425463843e-07,0.00021165910863706,-4.73571151607133e-05,0.00374332229794681,0.0772383051104917,0.250354743754454,-0.000191701839845615,0.0301191786657313,0.415703296661377,0.0506588481366634,0.198544338345528,0.224588453769684,1.5859375
0.539,-8.02410059051036e-05,9.82445422539629e-05,0.0287046734162298,-0.00137954189471455,-0.00104257329349649,8.05114897861614e-07,0.000169077919025881,5.9310971384772e-05,0.00367876328777903,0.239792976175667,0.171199004753985,-2.44834881732197e-05,0.0301191786657313,0.259551346302032,-0.00875487551093102,0.597693145275116,0.551356434822083,1.5859375
0.54,-8.02497156438809e-05,9.8242606417579e-05,0.0287081737595483,-0.00145978703862874,-0.000662514451294961,4.60718881267752e-07,-0.000183315273090344,-6.24080528667251e-05,0.00332096991236137,-0.377662147588184,0.48755751031698,-0.000558092216802735,0.0301191786657313,0.372137486934662,-0.0602510496973991,0.301178365945816,0.354914754629135,1.5859375
0.541,-8.04858552534263e-05,9.81656336947597e-05,0.0287114309344945,-0.00185237682635089,-0.000568201767667321,2.4157216760301e-07,-0.000288179660093473,-8.91126874284854e-05,0.00319204421434003,-0.304464954912687,-0.32224585070351,0.000200664408104689,0.0301191786657313,0.377848088741302,-0.0451055094599724,0.646409392356873,0.346318334341049,1.5859375
0.542,-8.09275384682932e-05,9.80738683320295e-05,0.0287144545594564,-0.00190841646829463,-0.000937011553627058,5.84946927784102e-07,-0.000596780977807109,-9.409721200065e-05,0.00285448032882528,0.205854249793432,-0.319658819904797,0.000408329689750372,0.0301191786657313,0.273436456918716,0.0154308080673218,0.246811330318451,0.508751034736633,1.5859375
0.543,-8.15991071840203e-05,9.7946611452263e-05,0.0287172146974242,-0.00160778668349492,-0.00124475051214024,1.03570848564161e-06,-0.000748028623191325,-0.000162122285987194,0.00266480562031111,0.316220478088184,-0.217252052377469,0.000375581821320382,0.0301191786657313,0.406144052743912,0.103869423270226,0.0697914585471153,0.452501654624939,1.5859375
0.544,-8.23377712012014e-05,9.77874635381004e-05,0.0287197845615664,-0.0013316945698932,-0.00147570554896074,1.39342248361984e-06,-0.000730928256594438,-0.000157905250599098,0.00247408273129097,0.164626162182033,-0.186823308232898,0.000238101951629532,0.0301191786657313,0.29912805557251,-0.288056045770645,0.362953931093216,0.38317084312439,1.5859375
0.545,-8.3179458281654e-05,9.75356216175554e-05,0.0287222355032691,-0.00156290656401843,-0.00126859142211729,1.02315679662013e-06,-0.000949717740173526,-0.000343031332814997,0.0024268980919589,-0.559214757571705,0.537385641119927,-0.000878734265895333,0.0301191786657313,0.649867296218872,0.17225755751133,-0.0760056301951408,0.177679225802422,1.5859375
0.546,-8.40057192041667e-05,9.72977542735528e-05,0.0287245896049228,-0.00174765601902576,-0.00118321351656341,8.00907192566314e-07,-0.000703117929745556,-0.000132181436092702,0.00228044678581981,0.236742087668918,-0.3892853060706,0.000494643030349031,0.0301191786657313,0.00761574506759644,0.021417573094368,0.400745987892151,0.413525462150574,1.5859375
0.547,-8.49109473311988e-05,9.71582931194095e-05,0.0287268141262807,-0.00145784189608907,-0.00112305967346843,9.24662169055068e-07,-0.00110618407116125,-0.000148511774103192,0.00216770073099246,0.266760191194446,0.488419949670219,-0.000256176462642507,0.0301191786657313,0.164611637592316,-0.0661866515874863,-0.186631202697754,0.553348183631897,1.5859375
0.548,-8.60006268034403e-05,9.69330480152605e-05,0.0287290294249977,-0.00149085163613568,-0.000931071179801115,7.33800059826706e-07,-0.00107237711444259,-0.000301457607414646,0.00226150572020848,-0.32187507026717,-0.156852160627136,-6.63358000079805e-05,0.0301191786657313,-0.102117985486984,0.0427792407572269,0.26279890537262,0.378975510597229,1.5859375
0.549,-8.72634576866189e-05,9.66394591487539e-05,0.0287312999137111,-0.00175824229379148,-0.000897537956743216,5.29800023407745e-07,-0.00145247383360862,-0.000284203763015772,0.00227825528170966,-0.141905473734866,0.210024624084362,-0.00030219644072107,0.0301191786657313,0.348814904689789,0.0118181928992271,-0.0690192878246307,0.408398449420929,1.5859375
0.55,-8.86803331113526e-05,9.63485891066743e-05,0.0287335534066782,-0.00174560625971243,-0.00114056632953022,7.45508732524769e-07,-0.00138327188168562,-0.000297664704658015,0.00222767181648054,0.164041871354088,-0.634727298499606,0.00067822639856802,0.0301191786657313,0.100650027394295,0.0494493320584297,0.0438224524259567,0.298593103885651,1.5859375
0.551,-9.01413072006939e-05,9.60846074095057e-05,0.0287358085619622,-0.00140709960425497,-0.00163013484714493,1.41988209190202e-06,-0.00154164252261657,-0.000232598587487964,0.0022813206872997,0.42387330257208,-0.221260082817156,0.000518399545511754,0.0301191786657313,0.405018240213394,0.0309117883443832,-0.148813933134079,0.33580619096756,1.5859375
0.552,-9.16246806783778e-05,9.5862539917681e-05,0.0287380794634656,-0.00113710696231107,-0.00181754529645414,1.77104480281187e-06,-0.00142691525942503,-0.000213287226660173,0.00225936966113398,0.0469988579360307,-0.109617317190595,8.48578929907803e-05,0.0301191786657313,0.585038185119629,-0.194080904126167,-0.266923516988754,0.162600606679916,1.5859375
0.553,-9.29115343856588e-05,9.56426157882735e-05,0.0287404189321647,-0.0013620245689302,-0.00200230020045694,1.62587123053726e-06,-0.00114984126056757,-0.000225180472906968,0.00241748308393199,-0.43380656184106,-0.214728548921193,-0.00034554741906394,0.0301191786657313,0.728539347648621,0.0451645478606224,-0.0703310444951057,0.0359907299280167,1.5859375
0.554,-9.39412796266148e-05,9.55211159309605e-05,0.0287427865478016,-0.00155864380324178,-0.00212338890120402,1.47244968529137e-06,-0.000911263637052822,-1.72051980491466e-05,0.00231679790931217,0.0909710073147427,0.000246985279320221,7.52100990907312e-05,0.0301191786657313,0.301382839679718,0.356057494878769,0.0372624434530735,0.374247133731842,1.5859375
0.555,-9.48861665970144e-05,9.56002399040291e-05,0.0287449572913555,-0.00125225930961914,-0.00164929418524999,1.40207392496094e-06,-0.000975668642257611,0.000173034606119413,0.00202436712900138,0.439448351334282,0.817136678028008,-0.00019344727844561,0.0301191786657313,0.688216209411621,-0.013960488140583,-0.448300004005432,0.624996840953827,1.5859375
0.556,-9.56344847822901e-05,9.56851885049281e-05,0.0287468968794596,-0.00129973003207886,-0.00146104695464545,1.22369901234265e-06,-0.000521157958948627,-2.38427981672103e-06,0.00185420333360712,-0.519674855661858,-0.48917995241,-9.73306936218573e-05,0.0301191786657313,-0.0143322050571442,-0.072772815823555,0.400143980979919,0.0222750753164291,1.5859375
0.557,-9.63784375028358e-05,9.57565682974911e-05,0.0287487990581396,-0.00167047515390912,-0.00136884834058305,7.87668623658533e-07,-0.000965260514321106,0.000147029318291168,0.00194893301910358,-0.125583450606416,0.643798043293364,-0.000712940884700463,0.0301191786657313,0.462924659252167,-0.326062262058258,-0.160477817058563,0.401757955551147,1.5859375
0.558,-9.72619768987757e-05,9.57999345481848e-05,0.0287507862663828,-0.00191380867822679,-0.00117375933775181,4.22321214887944e-07,-0.000801242948414677,-5.83278936311855e-05,0.00202428542090401,-0.296897280417447,-0.305563537100761,9.92044204515956e-05,0.0301191786657313,0.225288167595863,-0.137137591838837,0.411975771188736,0.259429484605789,1.5859375
0.559,-9.82162080934934e-05,9.57369843407823e-05,0.0287527371969081,-0.00190492206883536,-0.00130874985470758,5.47566261221988e-07,-0.00110750477520506,-6.7624822455019e-05,0.00187692757845471,0.310784063284189,0.0669024250027079,0.000122854741600848,0.0301191786657313,0.166975408792496,-0.270122915506363,-0.0202817991375923,0.739374339580536,1.5859375
0.56,-9.93700848070685e-05,9.54864937562788e-05,0.0287545804124128,-0.00185123752529001,-0.00131779836787503,5.64239253542098e-07,-0.00120039343863137,-0.000432947558382442,0.00180868314686291,-0.21559983442515,-0.0860361225051686,-9.82873900539505e-05,0.0301191786657313,0.253357619047165,0.123722448945045,0.281070053577423,0.253833621740341,1.5859375
0.561,-0.000100680339645198,9.51235522653302e-05,0.028756267560086,-0.00164684081860092,-0.00131184765185602,6.78640736051506e-07,-0.00141992254189582,-0.0002945912815482,0.00156526592733176,0.569777564273302,0.0916353204162625,0.000296464503023815,0.0301191786657313,0.19624038040638,-0.0128247886896133,0.372417032718658,0.499430894851685,1.5859375
0.562,-0.000102252400799275,9.47816997759472e-05,0.0287576700591777,-0.00123768304536413,-0.00108920360502716,7.58839344250362e-07,-0.00172263352014999,-0.000391508490368954,0.00123962084064067,0.142730451703176,0.289442964505948,-0.00014069345065686,0.0301191786657313,-0.0793854296207428,-0.0389022827148438,0.0325346849858761,0.213292211294174,1.5859375
0.563,-0.000104106310158496,9.44139915266934e-05,0.0287589995221799,-0.00124595865704043,-0.000909117733752918,6.07656077900032e-07,-0.00198394607197785,-0.000344067948173179,0.00141818303062025,-0.155182624938168,0.0182183200843112,-0.000119276674188298,0.0301191786657313,0.308806329965591,-0.0448921695351601,0.246637895703316,0.102781921625137,1.5859375
0.564,-0.000106172024148439,9.4124331512053e-05,0.0287603718121058,-0.0014029320198928,-0.00120264672269131,7.0953837427723e-07,-0.00214914506977729,-0.000234824264620575,0.0013260507431249,-0.116671579837051,-0.53215769359025,0.000302288451378147,0.0301191786657313,0.246264934539795,-0.116806507110596,0.136633306741714,0.244948953390121,1.5859375
0.565,-0.000108398577276206,9.3884836966876e-05,0.028761678865285,-0.00156533009642277,-0.00176086188336648,9.97769098010082e-07,-0.00230754472080535,-0.000243224542102667,0.0012874766330262,-0.164687698725117,-0.44527743660322,0.000193212260070045,0.0301191786657313,0.357709258794785,-0.0727158859372139,0.137429371476173,0.30887445807457,1.5859375
0.566,-0.000110761803135822,9.36336825586576e-05,0.0287628851810904,-0.00166810764251816,-0.00197063991079107,1.04683301449526e-06,-0.00242049799185201,-0.00025849090108815,0.00112494797463593,-0.0136216510161933,0.0715228725468188,-0.000109482032584305,0.0301191786657313,0.83944034576416,-0.051473930478096,-0.0264566391706467,0.532176971435547,1.5859375
0.567,-0.000113055260588009,9.3309560882493e-05,0.028763775662181,-0.00172493521876686,-0.00210356526433663,1.07856437248088e-06,-0.00216822024271536,-0.000389281959016988,0.000656319164689057,-0.0839137685199333,-0.309319382305617,0.000165850347466444,0.0301191786657313,0.514813899993896,0.197884514927864,0.242589056491852,0.265252709388733,1.5859375
0.568,-0.000115272170401045,9.30033084692733e-05,0.0287642126454552,-0.00144944663705726,-0.00205840268532443,1.33898427856494e-06,-0.00226570159636766,-0.000225298180569504,0.00021824214309815,0.561935809401257,0.379043836804405,0.000302943492203716,0.0301191786657313,0.630931794643402,0.219817578792572,-0.116365328431129,0.540514826774597,1.5859375
0.569,-0.00011744743313357,9.27807916217865e-05,0.0287641985126346,-0.00104103642295666,-0.00185157099650939,1.59784086939396e-06,-0.0020845577783478,-0.000222290142607425,-0.000245421971863377,0.149744716537277,-0.0255270228761898,0.000136782427886277,0.0301191786657313,0.744537472724915,0.0371464751660824,0.271257191896439,0.493690013885498,1.5859375
0.57,-0.000119520910045705,9.25172705926364e-05,0.0287636441437567,-0.00130980104234365,-0.00193912989762312,1.34230653703327e-06,-0.00206361280348534,-0.000302610589627875,-0.000858768191009136,-0.60977059643283,-0.132530911893966,-0.000581610062631269,0.0301191786657313,0.630597710609436,0.411863833665848,0.0903106331825256,0.306738048791885,1.5859375
0.571,-0.000121557655605725,9.23428941995279e-05,0.0287625071005193,-0.00159908013590513,-0.00210424348465461,1.13633825993276e-06,-0.00201153308236411,-4.50752982526164e-05,-0.00141332472550927,0.105555723747998,-0.16100980035251,0.00023298263567392,0.0301191786657313,0.457938849925995,-0.202239900827408,0.0299331396818161,0.45206356048584,1.5859375
0.572,-0.000123579826516965,9.22097206859647e-05,0.0287610125266584,-0.0016428678227722,-0.0021129279527287,1.06260283594395e-06,-0.0020333326742007,-0.000220620084028543,-0.00157466235402464,-0.18038412055715,0.138625795829044,-0.000362595812715183,0.0301191786657313,0.540497422218323,-0.0335502848029137,-0.0199666023254395,0.589225649833679,1.5859375
0.573,-0.000125585396083891,9.19120774064718e-05,0.0287592663849602,-0.00185719520323123,-0.00199567012397311,6.81768043353514e-07,-0.0019777313794093,-0.000373117044292944,-0.00191597694919976,-0.191556001770424,0.05925633307148,-0.00029878478580965,0.0301191786657313,0.627612590789795,0.21931616961956,-0.0582316294312477,0.202595442533493,1.5859375
0.574,-0.000127499985940194,9.1647924958937e-05,0.0287572037985599,-0.00150446741274169,-0.00211842827754817,1.16251209103524e-06,-0.00185288930397204,-0.000157739494539202,-0.0022076601841973,0.803304691616574,-0.278029953048247,0.00113057982103448,0.0301191786657313,0.646099269390106,-0.341121643781662,-0.149616867303848,0.726434946060181,1.5859375
0.575,-0.000129263699592344,9.12778595587877e-05,0.0287548866118325,-0.00135213621949996,-0.00250064617120864,1.57307851589295e-06,-0.00167769363787172,-0.000582506739495144,-0.00242502924429372,-0.534218172051995,-0.39144633597318,-0.000471404288382815,0.0301191786657313,0.558246374130249,0.340470612049103,0.204645961523056,0.287462621927261,1.5859375
0.576,-0.000130986220201672,9.08079289188094e-05,0.028752210558275,-0.00157661819852847,-0.00243874182280631,1.16670774108485e-06,-0.00176719366553227,-0.000356644750607151,-0.00292449417795578,0.144109939402479,0.491096423092269,-0.000261765791926097,0.0301191786657313,0.654017746448517,0.0540235489606857,-0.127857267856598,0.418053090572357,1.5859375
0.577,-0.000132671513806011,9.04442884743314e-05,0.0287491505825203,-0.00140319336291142,-0.00204009259999809,1.01827089382667e-06,-0.00160182000878679,-0.000371732995381178,-0.00319329652085054,0.158920087216942,0.198203922699842,-5.29983240223373e-06,0.0301191786657313,1,0.0310460925102234,-0.275316804647446,0.320269197225571,1.5859375
0.578,-0.000134047076971787,9.00836309172723e-05,0.0287458071635728,-0.00128139782290207,-0.00247980386409724,1.44316195571648e-06,-0.00115321896031001,-0.000350452058638778,-0.0034911526898215,0.0539856504779955,-0.96342161007041,0.000718007124845587,0.0301191786657313,0.0932974219322205,0.0864998772740364,-0.063012421131134,0.499965012073517,1.5859375
0.579,-0.000135308444168862,8.97080140638938e-05,0.0287422933264982,-0.00140288541947698,-0.00275355943553139,1.41414736809509e-06,-0.00137106582559862,-0.000400023041889534,-0.00353458680011014,-0.262819508581385,0.481211272428138,-0.000796368011035146,0.0301191786657313,0.731393337249756,-0.00970420613884926,-0.286743015050888,0.33390811085701,1.5859375
0.58,-0.000136538636706979,8.93056715278763e-05,0.0287387034027006,-0.00162932242216981,-0.00233586809107968,7.21221236066327e-07,-0.00108779574077579,-0.000403385278074946,-0.00364319713155961,-0.1299280609418,0.242054636652892,-0.00041287102076224,0.0301191786657313,0.470627278089523,-0.131946906447411,-0.304660201072693,0.280404329299927,1.5859375
0.581,-0.000137551308690466,8.88831873789383e-05,0.0287351348339806,-0.00163877328316229,-0.0022220590802669,5.74219772175866e-07,-0.000937486072718655,-0.00044154046834865,-0.00349245900324526,0.114348766631594,-0.0466324713023606,0.00014977962061967,0.0301191786657313,0.643744647502899,0.148233681917191,0.0837874114513397,0.140386253595352,1.5859375
0.582,-0.000138475563231827,8.85406584430319e-05,0.0287315268418527,-0.00117855828414575,-0.00228664691949925,1.16319370180307e-06,-0.000911725800903605,-0.000246849633399865,-0.00372111655037869,0.684399740198391,-0.0682970665314722,0.00086930269094101,0.0301191786657313,0.414835661649704,0.0512419790029526,0.133784383535385,0.455922931432724,1.5859375
0.583,-0.000139455504466918,8.82641017330759e-05,0.0287276849152618,-0.000871870557784302,-0.00214263101238847,1.44602374829716e-06,-0.00104725690421347,-0.000308087402534714,-0.00396026668492238,-0.149423584430335,0.314335471671385,-0.000355874209863224,0.0301191786657313,0.607057929039001,0.00926924496889114,0.160704761743546,0.0275740474462509,1.5859375
0.584,-0.000140521014659063,8.80366088899898e-05,0.0287236789060883,-0.00114042016307609,-0.0019270485448081,1.00778962108805e-06,-0.00108263997352123,-0.000145689843420492,-0.00404948208752069,-0.315785048885182,0.0572114307055185,-0.000399264193925486,0.0301191786657313,0.45532900094986,0.266675025224686,-0.193566754460335,0.151530921459198,1.5859375
0.585,-0.00014156204122728,8.80153827653968e-05,0.0287196249163161,-0.00126849585284019,-0.00218352557671084,1.01925652851165e-06,-0.00100138892807977,0.000103643318058332,-0.00405634685409199,0.0930489604825318,-0.504526051054582,0.000430887958151476,0.0301191786657313,0.551846206188202,0.403664886951447,-0.10772268474102,0.105352088809013,1.5859375
0.586,-0.00014252646619856,8.82957319411511e-05,0.0287154946955777,-0.000880484682615955,-0.00271336923289118,1.84827194393833e-06,-0.000931117225179869,0.000454004489129321,-0.00420155526957384,0.57830895515009,-0.418144354685557,0.00102993196216074,0.0301191786657313,0.698271811008453,-0.14481058716774,0.00428561866283417,0.44938650727272,1.5859375
0.587,-0.000143419862076825,8.86613601428681e-05,0.0287112135745554,-0.000978195195546272,-0.00285340389692412,1.71704591700461e-06,-0.000856937899466059,0.000278340157955524,-0.00435808723826947,-0.745753312341411,0.170966926857847,-0.00128623088245292,0.0301191786657313,0.778670907020569,0.0658022314310074,-0.0981170386075974,-0.01596999168396,1.5859375
0.588,-0.0001441867948003,8.90548139954714e-05,0.0287068582556454,-0.00156587015318323,-0.00257579339152985,6.0006295354853e-07,-0.000675829893427182,0.000511715701343718,-0.00435034827237457,-0.277054368952079,0.308371893127586,-0.000685368964968738,0.0301191786657313,0.362877070903778,0.0344207622110844,-0.19068206846714,0.420924305915833,1.5859375
0.589,-0.000144860077223704,8.95547627236686e-05,0.0287025456835615,-0.00171628463432573,-0.0021624933063085,-9.8464005837684e-09,-0.000668424135476216,0.000489289957611875,-0.00427276229519057,0.0136386638417306,0.407149242339704,-0.000397092801152055,0.0301191786657313,0.535908877849579,-0.0860562846064568,-0.389857411384583,0.466617107391357,1.5859375
0.59,-0.000145412707741245,8.99857552529492e-05,0.0286983474425333,-0.00165553634394985,-0.00220440848140202,6.55917880010293e-08,-0.000437610039278726,0.000372623605012748,-0.00412176072870577,0.0903969799204238,-0.479995431263776,0.000512895217675574,0.0301191786657313,0.652266025543213,0.0666073188185692,0.0439289771020412,0.512310743331909,1.5859375
0.591,-0.000145831118751795,9.03288897303016e-05,0.028694098086188,-0.00151626841546306,-0.00270343712996571,6.58821388999087e-07,-0.000402476328535356,0.000313022377366833,-0.00437412635806672,0.15025221649589,-0.387628006251288,0.000512964780414833,0.0301191786657313,0.703780293464661,0.0291701182723045,-0.1976438164711,0.690684676170349,1.5859375
0.592,-0.00014613746804103,9.05483073877666e-05,0.0286896189316386,-0.00157280896514093,-0.00298375288068235,7.64467741554142e-07,-0.000212463774691741,0.000126651276193333,-0.00458132047658749,-0.247899653919451,-0.100178357434384,-0.000349553973472999,0.0301191786657313,0.589119017124176,-0.104343362152576,0.0227520018815994,0.234430134296417,1.5859375
0.593,-0.000146354746705174,9.06774295763078e-05,0.028685071099866,-0.00167061647791491,-0.00263414076725323,2.54254965970091e-07,-0.000219979967782794,0.000132220537131554,-0.00451211956725241,0.0773378627444968,0.704365769908236,-0.000563646800117459,0.0301191786657313,0.513832211494446,-0.118502736091614,0.0707667171955109,0.416921317577362,1.5859375
0.594,-0.000146604765056705,9.07553341011747e-05,0.0286805604545141,-0.00158821373745026,-0.00183420327173571,-3.88706169474062e-07,-0.00027512545908453,2.33801488148075e-05,-0.00450690759891137,0.0658619498521858,0.685499953752583,-0.000560850384612251,0.0301191786657313,0.504536092281342,-0.176501542329788,-0.0656570866703987,0.401972264051437,1.5859375
0.595,-0.000146861231150998,9.07110198606898e-05,0.0286761232672702,-0.00159679641494719,-0.00167351724738423,-5.65015554787607e-07,-0.000236993202991243,-0.000111636411841024,-0.00436549855006631,-0.0800442157415987,-0.404457724497962,0.000248875463128472,0.0301191786657313,0.444260716438293,-0.331722289323807,0.217740774154663,0.0388542115688324,1.5859375
0.596,-0.000147183539540946,9.05922256286887e-05,0.02867191406962,-0.00156347492944907,-0.00222873967860656,-6.93769326431948e-08,-0.000410773320183484,-0.000126145525378286,-0.00405139879575957,0.137861917148428,-0.55904469537164,0.00061531197606168,0.0301191786657313,0.146806478500366,0.0799045413732529,-0.200784981250763,0.463467985391617,1.5859375
0.597,-0.000147653012161936,9.04543109785844e-05,0.0286679928606625,-0.00140751186052638,-0.00258787415264605,4.04299560941013e-07,-0.000530177234989767,-0.000150611710431302,-0.00378962175735849,0.133473766026341,-0.0672767837838533,0.000209872233577568,0.0301191786657313,0.616081953048706,0.00544087588787079,-0.0699634924530983,0.260002166032791,1.5859375
0.598,-0.000148148147306618,9.03257612667594e-05,0.0286642514622511,-0.00127220391273546,-0.00257172976725882,5.54684746134626e-07,-0.000460297887087861,-0.000107447053806059,-0.00369145971063436,0.101881166713187,0.0934504521094981,4.74085825696144e-05,0.0301191786657313,0.654482364654541,-0.159245684742928,0.196751564741135,0.143303737044334,1.5859375
0.599,-0.000148639146427821,9.02241131169805e-05,0.0286606064816532,-0.00127927610691197,-0.00230578271943329,3.34070031637879e-07,-0.000520055543960987,-9.58515039096396e-05,-0.00359681056416305,-0.113249359396083,0.365652950627077,-0.000429654126462486,0.0301191786657313,0.505563139915466,-0.289990067481995,-0.29602587223053,0.31737294793129,1.5859375
0.6,-0.000149085441727738,9.0048252139653e-05,0.0286572303356776,-0.00164202694283356,-0.00222486823248322,-1.8711384353054e-07,-0.000372484377427586,-0.000253348724225359,-0.00315464560455096,-0.514274440013584,-0.225226341707431,-0.000454217896803423,0.0301191786657313,0.658560872077942,-0.0904649645090103,0.0293381437659264,0.562754213809967,1.5859375
0.601,-0.000149435046225905,8.97086278240471e-05,0.028654044822794,-0.00209923360764677,-0.00255506997559506,-4.64509919861911e-07,-0.000328964579178756,-0.000422776562440616,-0.00321449233283185,-0.278411663815427,-0.348345901845133,-1.944151697648e-05,0.0301191786657313,0.471137464046478,-0.122757598757744,0.140358120203018,0.394443184137344,1.5859375
0.602,-0.000149834080702963,8.92445568605627e-05,0.0286508796691569,-0.0019683821902804,-0.0025559953833371,-3.02009639518985e-07,-0.000468901652227055,-0.000506099241241403,-0.00311439600407776,0.505049769233728,0.343851771397215,0.000305783711771005,0.0301191786657313,0.581673741340637,-0.234799861907959,0.0115047991275787,0.389210850000381,1.5859375
0.603,-0.000150300701428308,8.86594627729361e-05,0.0286478586180995,-0.0013970025943466,-0.00219103477380801,7.12773204902817e-08,-0.000462256120093098,-0.000667290051163085,-0.00292669031526579,0.490214326808064,0.289200904932548,0.000336358092044083,0.0301191786657313,0.432068586349487,-0.222351908683777,-0.494199901819229,0.216701179742813,1.5859375
0.604,-0.00015065331967307,8.79582032169445e-05,0.0286452573404748,-0.00109381934286184,-0.00233134198842556,4.81472059554733e-07,-0.000244439148048491,-0.000737112585910116,-0.00227598140541451,0.0389246040189596,-0.531444569637737,0.000337026913041591,0.0301191786657313,0.530040204524994,0.130895182490349,-0.205831184983253,0.366684377193451,1.5859375
0.605,-0.00015084881374891,8.72423194964987e-05,0.0286430621304431,-0.00121166752794365,-0.00289115504791409,6.19321678385631e-07,-0.000150241894140888,-0.000694191640710356,-0.00211353077049583,-0.240208036945844,-0.439600312613747,-0.000119421142836702,0.0301191786657313,0.529339015483856,0.414682477712631,-0.205274671316147,0.612779200077057,1.5859375
0.606,-0.000150957574003924,8.65830399621261e-05,0.0286408857187298,-0.0014393790114463,-0.00300263662153509,2.87925596698102e-07,-6.81867247885456e-05,-0.000623293611401716,-0.0022378338484648,-0.152905875614808,0.244074366382843,-0.000474520520550579,0.0301191786657313,0.773649513721466,0.27212318778038,0.049466535449028,0.303832560777664,1.5859375
0.607,-0.000150986411284818,8.60447533318564e-05,0.0286385747451909,-0.0013245406274864,-0.00252509238604591,4.97698615653519e-08,1.32919730561605e-05,-0.000454489159002665,-0.00238264374466874,0.352665908837353,0.5830362117432,3.3364858418576e-05,0.0301191786657313,0.776243925094604,0.0296235643327236,-0.230289056897163,0.308130115270615,1.5859375
0.608,-0.000150843237916352,8.55993180655536e-05,0.0286362678108217,-0.00105703660002604,-0.00229135316263337,2.04335809161904e-07,0.000273870386131,-0.000438170394742459,-0.00223044431097907,0.113744580577393,-0.174731748617947,0.000212099896059749,0.0301191786657313,0.592531859874725,0.0943241715431213,-0.193321228027344,0.552613019943237,1.5859375
0.609,-0.000150502984588524,8.5115070953523e-05,0.0286340708706221,-0.0012724253843975,-0.0026428024544814,9.10258961539512e-08,0.000404286935998269,-0.000528924909810866,-0.00216236296735264,-0.484124513445447,-0.432666527833596,-0.000430566236589727,0.0301191786657313,0.553315699100494,0.435651242733002,-0.244451880455017,0.0934725701808929,1.5859375
0.61,-0.00015003584506807,8.47782183480254e-05,0.0286320013927522,-0.00126308137220557,-0.00294961311042797,3.16037489955789e-07,0.00052792666257426,-0.000145865694297461,-0.00197592250543464,0.498788356560793,-0.0988128144513028,0.00084199343967144,0.0301191786657313,0.535066425800323,-0.087380088865757,-0.463537901639938,0.256795883178711,1.5859375
0.611,-0.000149390485454976,8.46203813374764e-05,0.0286302904946743,-0.000954666727441294,-0.00291028072512188,7.65062369456615e-07,0.000762678569272861,-0.000171688022627639,-0.00144617697864968,0.0375816476153687,0.16860113172363,-5.93832905413462e-05,0.0301191786657313,0.846367955207825,0.0107277259230614,-0.100127890706062,0.142033070325851,1.5859375
0.612,-0.000148522696644288,8.44949805247282e-05,0.0286289279053224,-0.00106841105742464,-0.00267535971915004,4.35433092693671e-07,0.00097415423109015,-7.86374668363877e-05,-0.00127866496348089,-0.233719051220877,0.241265276820249,-0.000514260466945265,0.0301191786657313,0.397792875766754,-0.0379672944545746,-0.117760501801968,0.455900847911835,1.5859375
0.613,-0.000147562641945052,8.43615013456344e-05,0.0286277895813513,-0.00154902663419068,-0.00224408789769152,-5.48565739499907e-07,0.000948914334058427,-0.00018514209335593,-0.000998029591187775,-0.598258874229119,0.50911650746946,-0.00119714205474252,0.0301191786657313,0.494396895170212,0.264027118682861,-0.280579954385757,-0.0482374280691147,1.5859375
0.614,-0.000146544119128133,8.43645632591991e-05,0.0286270071311934,-0.00144489437423489,-0.00206281878411908,-6.3659995142018e-07,0.00108916849480735,0.00018970810315436,-0.000567523006639548,0.775160119043606,-0.18959972918263,0.000993275073882687,0.0301191786657313,-0.0270244777202606,0.0491534322500229,-0.0882114171981812,0.385194033384323,1.5859375
0.615,-0.000145591770721104,8.45459246440042e-05,0.0286266853935135,-0.000798744125936548,-0.00205102342709703,7.75523849583237e-08,0.000816497757054192,0.000169119450722311,-7.69670074530804e-05,0.345922697580605,0.212102734125651,0.000264356851268091,0.0301191786657313,0.425438702106476,0.205517366528511,-0.0349198505282402,0.339282631874084,1.5859375
0.616,-0.000144792926353056,8.47568378546699e-05,0.0286266843630269,-0.000793249186117887,-0.00201281150445889,3.81919789127494e-08,0.000781718574503683,0.00025252342081908,7.45271724150617e-05,-0.335210632687588,-0.142228045564971,-0.000338555309111518,0.0301191786657313,0.36915448307991,0.302792817354202,-0.163223460316658,0.118815712630749,1.5859375
0.617,-0.000144009095205547,8.51473498595656e-05,0.0286269198602041,-0.00109924871288228,-0.00230318522609884,-1.93581576990454e-07,0.000784359875246022,0.000529882457580033,0.00039564586992589,-0.196938277553932,-0.358236433452314,-6.36959240031096e-05,0.0301191786657313,0.259537100791931,-0.0819154903292656,0.137025952339172,0.251456648111343,1.5859375
0.618,-0.000143346984111418,8.56697309299973e-05,0.0286274925272325,-0.00142912552826946,-0.00228846915854298,-6.72632582077171e-07,0.000540700614963158,0.000517071297687508,0.000748582243990431,-0.376358800260225,0.384021110293154,-0.000802857432062008,0.0301191786657313,0.656132161617279,0.12165242433548,-0.0278336815536022,0.394307613372803,1.5859375
0.619,-0.000142760204994346,8.62031539373919e-05,0.0286282587033117,-0.00164117809553594,-0.00209265939272339,-1.12108541783229e-06,0.000633975072669132,0.000551124037968739,0.000783270647177711,0.00556455740749559,-0.0411927477257398,1.20693620913868e-05,0.0301191786657313,0.748425245285034,-0.0660689175128937,-0.25930318236351,0.335044533014297,1.5859375
0.62,-0.000141986017835532,8.67353639596962e-05,0.0286291674375614,-0.00150232627799903,-0.00255373413338054,-5.78800663397772e-07,0.000911468870577048,0.00051261750936312,0.00103352910314605,0.23309392949945,-0.754634292622309,0.000914722584139724,0.0301191786657313,0.625353813171387,0.134152203798294,0.197562992572784,0.499401539564133,1.5859375
0.621,-0.000141111732429705,8.72358252161591e-05,0.0286301281005277,-0.00127515725961603,-0.00286588698387888,-1.69051443954515e-08,0.000835596471708516,0.000487101356813925,0.000887671710881074,0.159631733042393,0.213250848211415,7.05274925913676e-05,0.0301191786657313,0.812151849269867,0.11028254032135,-0.269466400146484,0.381892442703247,1.5859375
0.622,-0.000140123257381171,8.77355232449489e-05,0.0286310616105016,-0.00119834511159029,-0.00264201355031412,-7.98471648799648e-08,0.00114223370671604,0.000511890946786729,0.000978591394333943,-0.0275047184050753,0.178473293541118,-0.00018772367460252,0.0301191786657313,0.686427712440491,0.104340314865112,0.167883634567261,0.013378769159317,1.5859375
0.623,-0.000138987682730741,8.83651748918648e-05,0.028632098349465,-0.00107712431355934,-0.0022269368146476,-2.14009600707499e-07,0.00113186897720779,0.000745568059444127,0.00109368801474335,0.234035830305745,0.542418176366057,-6.56626698987419e-05,0.0301191786657313,0.709101319313049,0.0258427076041698,-0.0113461911678314,0.405240148305893,1.5859375
0.624,-0.000137793736832644,8.90893642190919e-05,0.0286332067973962,-0.00115973731349732,-0.00194038376581158,-4.93047115579515e-07,0.00125781833437099,0.000703605321315192,0.00112253349700971,-0.378188274832987,-0.0402861146335091,-0.000406809846842213,0.0301191786657313,0.478003233671188,0.0356123149394989,0.149730235338211,-0.0171066522598267,1.5859375
0.625,-0.000136585921901944,8.9902067678e-05,0.0286344734422952,-0.001365368427356,-0.00202016422338223,-6.87447724079249e-07,0.00115781281450795,0.000922881833061378,0.00140958718243307,0.0182198579119892,-0.0939972514839854,5.95470706417358e-05,0.0301191786657313,0.64090895652771,0.0381915047764778,-0.166487634181976,0.207020238041878,1.5859375
0.626,-0.000135339744093087,9.08718938694978e-05,0.0286360073116119,-0.00128589000985356,-0.00238657646273542,-3.56614622720741e-07,0.00133235418064091,0.00101639969131212,0.0016570299978554,0.116218554411219,-0.53647943830439,0.000498403328630705,0.0301191786657313,0.10664826631546,0.16929167509079,0.334756731987,0.314265549182892,1.5859375
0.627,-0.000134225137362196,9.19411553066006e-05,0.0286377244367132,-0.00118382326192042,-0.00215015288031983,-4.04411740095867e-07,0.000899564118114287,0.0011215394258691,0.00177606979767973,0.0573285589073379,0.946645587225256,-0.000576336295519458,0.0301191786657313,0.564068794250488,0.0316355898976326,-0.202197551727295,0.210568755865097,1.5859375
0.628,-0.000133243449516612,9.31055270816847e-05,0.0286396513299722,-0.00122282971766191,-0.00158976079831687,-8.30382620442549e-07,0.00106719866360189,0.00120757639492714,0.00207605294424834,-0.128431000210866,0.0299734603678338,-0.000162223351819592,0.0301191786657313,0.215451836585999,0.130426794290543,0.129375994205475,0.490142464637756,1.5859375
0.629,-0.000132285376803559,9.43062158299321e-05,0.0286417722939988,-0.00151202748885642,-0.00165576636342654,-1.06504271180086e-06,0.000849297625510415,0.00119593484914685,0.00216457301825707,-0.376248910605109,-0.140884471903539,-0.00025472056171688,0.0301191786657313,0.182336449623108,-0.0974908694624901,-0.0241870284080505,0.321266829967499,1.5859375
0.63,-0.000131512544132047,9.54855300242453e-05,0.0286441411809383,-0.00183136639055448,-0.0018700686991038,-1.20071928577659e-06,0.000695616436879831,0.00116503040164683,0.0025710525338405,-0.182104909884571,-0.228230605066591,1.20422844717863e-05,0.0301191786657313,0.243111982941628,-0.0841510891914368,-0.2045828551054,0.351810842752457,1.5859375
0.631,-0.000130826873607683,9.66340843262611e-05,0.0286469347423181,-0.0018068898491572,-0.00215318076993788,-9.11331489383826e-07,0.000674231085398427,0.00113230360000733,0.00301355023763802,0.219671705918547,-0.260678072197507,0.000486355345375977,0.0301191786657313,0.331760466098785,-0.248580142855644,0.0767760649323463,0.590897262096405,1.5859375
0.632,-0.000130222095489666,9.7630983390851e-05,0.0286500431237459,-0.0017718912218859,-0.00214662360920001,-9.04677971647061e-07,0.000535868229119045,0.000862191879053663,0.00320113258843813,-0.161370332637573,0.272523321510737,-0.000483878914074974,0.0301191786657313,0.663206458091736,-0.275346279144287,-0.165096253156662,0.546421825885773,1.5859375
0.633,-0.00012958658694111,9.83650970978789e-05,0.0286533313704979,-0.00204511982568982,-0.00211354956445937,-1.27445295561301e-06,0.000735028376404879,0.00060852612014735,0.0033732466340916,-0.314827734769944,-0.211977912844633,-0.000156812754583631,0.0301191786657313,0.626537799835205,-0.0216277875006199,-0.00270382314920425,0.550678670406342,1.5859375
0.634,-0.000128810457126574,9.89231038116331e-05,0.0286566783503986,-0.00209636967965335,-0.00233926426266054,-1.09944749482338e-06,0.000815851661360035,0.000508186411857975,0.00331912978468843,0.222421506191134,-0.177513865614973,0.000458537793882116,0.0301191786657313,0.565373063087463,0.0494846254587173,0.0810669958591461,0.533596336841583,1.5859375
0.635,-0.0001279979534458,9.94044310508353e-05,0.0286599437961687,-0.00165331301483283,-0.00228429694087577,-6.07451247081059e-07,0.000809728755188513,0.000451984155401576,0.00321026014172279,0.543589208510445,0.27428807902516,0.000401761099212244,0.0301191786657313,0.59552925825119,-0.0734358280897141,-0.124767959117889,0.370255053043365,1.5859375
0.636,-0.000127119993809845,9.98331127276404e-05,0.0286632241353458,-0.00124037830530668,-0.00206634033818602,-3.16889997797887e-07,0.000947407743797072,0.00040309629667352,0.00334831153279666,0.173064080342648,0.107334629115152,9.33240069655771e-05,0.0301191786657313,0.295691251754761,0.338906943798065,-0.3515984416008,0.347271203994751,1.5859375
0.637,-0.000126121457857879,0.000100335132197794,0.0286666735943397,-0.00111415196560084,-0.00205663079955051,-2.12534376320406e-07,0.00104973201110076,0.000599795477211221,0.00354830484407925,0.0446453702496438,-0.0869068091535566,7.3687899864306e-05,0.0301191786657313,0.360472023487091,0.0363227538764477,-0.0185147449374199,0.17903995513916,1.5859375
0.638,-0.00012509895295122,0.000100993708355821,0.0286703369192945,-0.00125616910620919,-0.00202427409235024,-4.2374826580982e-07,0.000995850209102392,0.000718183563408179,0.00377601256408768,-0.292501681177839,0.145793448600766,-0.000453730243426324,0.0301191786657313,0.362810373306274,0.11224003881216,-0.213945835828781,0.0680476576089859,1.5859375
0.639,-0.000124070751872452,0.000101829627300508,0.0286742855479373,-0.00143856749745468,-0.00195412424442822,-7.02393696094816e-07,0.00106108139584741,0.000954349432097635,0.00411826869792235,-0.0277006456525161,-0.020379619922934,-4.31121768264692e-05,0.0301191786657313,0.168647825717926,-0.0792053192853928,0.125968798995018,0.437682628631592,1.5859375
0.64,-0.000123130212424242,0.00010274160789413,0.0286784800682279,-0.00167730040931851,-0.00170278906134548,-1.18730753895235e-06,0.000823142144799874,0.00087178121054249,0.0042677542058963,-0.387310620867128,0.456374619163867,-0.000809300372737158,0.0301191786657313,0.412042170763016,-0.176151037216187,0.144973888993263,0.271043181419373,1.5859375
0.641,-0.000122355605402662,0.000103597324161252,0.0286828181565285,-0.0019833064097009,-0.00140778402299029,-1.76782409111453e-06,0.000728341225743059,0.000841799249932791,0.00440581665893144,-0.147721791570797,0.0593598767389236,-0.000207737545234956,0.0301191786657313,0.250283747911453,-0.041650116443634,0.119890257716179,0.628733396530151,1.5859375
0.642,-0.000121711165165799,0.000104363207654596,0.0286872031421576,-0.00206314539254151,-0.00151686709511688,-1.73650173929119e-06,0.000560433520012,0.000691001592012909,0.00436197060146432,0.00615023839334327,-0.245832325050545,0.000253131453772415,0.0301191786657313,0.465277075767517,-0.155173450708389,0.264185696840286,0.560872375965118,1.5859375
0.643,-0.0001212172975841,0.000104965643176043,0.0286914887267841,-0.00200640789812865,-0.0018336637548525,-1.35902290931966e-06,0.000425608416711405,0.000513843548224506,0.00420710584892894,0.0899909371029314,-0.302005514723787,0.000392361351382062,0.0301191786657313,0.509524464607239,-0.0542073845863342,-0.0172814577817917,0.309414654970169,1.5859375
0.644,-0.000120769900934468,0.000105491766778497,0.0286957199672035,-0.00169302209389945,-0.00218126784595788,-6.80236345473872e-07,0.000467079942670959,0.00053656557650337,0.00425307148185149,0.451107445093517,-0.299781988937121,0.000786771177050364,0.0301191786657313,0.0310852527618408,0.14072947204113,-0.0432037189602852,0.545033693313599,1.5859375
0.645,-0.000120415515548686,0.00010602313217826,0.0287000091984423,-0.00135772463798693,-0.00197843151057056,-4.60043380723363e-07,0.00024354726362896,0.000524249809130765,0.00432296544593527,0.129466876576568,0.650518631266974,-0.000371930594373007,0.0301191786657313,0.579616725444794,0.168678909540176,-0.244450986385345,0.35686457157135,1.5859375
0.646,-0.00012006050435457,0.00010660069934969,0.0287043119218353,-0.00135526128719297,-0.00169267047059331,-6.91583190270961e-07,0.000467755419058024,0.000630747398582384,0.00428031206130442,-0.12648719178226,-0.151189719201798,-3.37471527887703e-05,0.0301191786657313,0.0423192083835602,0.384345680475235,0.532371819019318,0.33475124835968,1.5859375
0.647,-0.000119858198222993,0.00010735443826154,0.0287084398186396,-0.00140270566561924,-0.0013463359266103,-1.03080361579799e-06,-5.9867131696245e-05,0.00087670397086009,0.00397397688988672,0.0412955310609461,0.750903034050283,-0.000574717580261007,0.0301191786657313,0.472811311483383,0.307237714529037,-0.0533464625477791,0.192095100879669,1.5859375
0.648,-0.000119881407797185,0.000108373712509657,0.0287123621761551,-0.00124871717513924,-0.00121654477308722,-1.0671160510789e-06,1.41080272238149e-05,0.00116062818781433,0.00386887400522815,0.222196668503091,-0.523525749170712,0.00047654953219904,0.0301191786657313,0.118389256298542,0.159296423196793,0.608887493610382,0.492255181074142,1.5859375
0.649,-0.000120127308790779,0.000109545041404498,0.0287160440703819,-0.00137277687026473,-0.0014802050550908,-1.02254910894217e-06,-0.000506403134476067,0.00118303661404312,0.00349381947273208,-0.439902036697219,0.0638411579799573,-0.000433582472400055,0.0301191786657313,0.298852205276489,0.107110589742661,0.174102857708931,0.123691752552986,1.5859375
0.65,-0.000120719060676858,0.000110836798368037,0.0287195328948928,-0.00170536001149981,-0.001520122175411,-1.28374380281571e-06,-0.000677117503120231,0.00140235138638112,0.0034820245763215,-0.142357862698729,-0.134677146507389,-2.1996842311995e-05,0.0301191786657313,0.521736443042755,0.101123087108135,0.138711214065552,0.210276111960411,1.5859375
0.651,-0.00012140939532885,0.00011232559259729,0.0287229317061465,-0.00166156396120535,-0.00186542988103865,-9.43910386741464e-07,-0.000705778834458377,0.00157491724265179,0.00331424918856856,0.212523740014369,-0.466199889376478,0.000611649328516364,0.0301191786657313,0.489761561155319,-0.242763310670853,0.0833479985594749,0.473491966724396,1.5859375
0.652,-0.000122129736335846,0.000113811432460909,0.0287262061812983,-0.00179060303780388,-0.00224682154575698,-7.85425262606054e-07,-0.000737359239204274,0.00139831966435237,0.00323320803294243,-0.440011400125929,-0.198862795963241,-0.000375553617261054,0.0301191786657313,0.104620099067688,-0.137776955962181,0.0415634326636791,0.449484080076218,1.5859375
0.653,-0.000122985179994467,0.000115165276944842,0.0287294881959004,-0.00225437239298298,-0.00193458821728263,-1.73500673295024e-06,-0.000971308974278171,0.00131275213283748,0.0033289241332537,-0.369532889745099,0.73572019638709,-0.00132869120224257,0.0301191786657313,0.924160361289978,-0.374672949314117,-0.111915849149227,0.473441123962402,1.5859375
0.654,-0.000123786308719028,0.000116365429565583,0.0287327406370131,-0.00253246569226675,-0.00179294971884216,-2.20448901533388e-06,-0.000631118498406695,0.00109007329968345,0.0031746715883388,-0.118521773271282,-0.489167554887097,0.000531968371216131,0.0301191786657313,0.544974386692047,-0.247874364256859,-0.0734680145978928,0.635049998760223,1.5859375
0.655,-0.000124371729094214,0.000117337478285449,0.0287358468917986,-0.00246876806661121,-0.00240067569138349,-1.30974679635187e-06,-0.000543805955960829,0.000854447867454897,0.00303659802883206,0.224869809598386,-0.567538925025125,0.00103270703147521,0.0301191786657313,0.215829014778137,-0.610877752304077,-0.0414517447352409,0.871694505214691,1.5859375
0.656,-0.000124984139327153,0.000117900448010689,0.0287389280186144,-0.00258815234499261,-0.00241251184470729,-1.49343065825036e-06,-0.000680930369563636,0.000273665436368751,0.00312388288900261,-0.432701196094548,0.542346439286506,-0.00136867334675114,0.0301191786657313,0.318472623825073,-0.339733481407166,-0.0204814448952675,0.246002107858658,1.5859375
0.657,-0.000125705495547151,0.000118145285044523,0.028742151908027,-0.00252752838404463,-0.0016340351638789,-2.61685291302882e-06,-0.000757012305566028,0.000215834290674308,0.00332168314389532,0.53441734911252,0.80628508208067,-0.000667800312757848,0.0301191786657313,0.386876106262207,-0.360442370176315,-0.0692678391933441,0.45307394862175,1.5859375
0.658,-0.000126455817572031,0.00011826083150456,0.0287455127984441,-0.00193138103636025,-0.00126935118102159,-2.67431743505853e-06,-0.000741643502166838,1.22002510876473e-05,0.00339806398488292,0.501191362320568,-0.172388962389422,0.00049885260161836,0.0301191786657313,0.131704807281494,-0.0855318754911423,0.395300179719925,0.681875228881836,1.5859375
0.659,-0.000127396175834213,0.000118176322548844,0.0287487451766855,-0.00174820629648997,-0.00143294355414825,-2.41544386847536e-06,-0.00113927061665224,-0.000181855837367789,0.00306584008276658,-0.180848139463104,-0.115162431057943,-6.32015433631592e-05,0.0301191786657313,0.454514771699905,-0.0262849908322096,-0.072591595351696,0.355200886726379,1.5859375
0.66,-0.00012851132772517,0.000118009451237169,0.0287517556783383,-0.00194328785533355,-0.00197102906586145,-2.0706959849015e-06,-0.00109470701285244,-0.000150812333522688,0.00295388840009605,-0.157468804357427,-0.821177732698298,0.000671938433247338,0.0301191786657313,0.600756227970123,-0.0814874693751335,0.135380312800407,0.3386390209198,1.5859375
0.661,-0.000129612957875774,0.000117864680755407,0.0287545718309031,-0.00201307262270476,-0.00265776961868443,-1.43723832435327e-06,-0.00111298095876556,-0.000138380972128838,0.00267772120944179,0.0360006852519237,-0.377219074526645,0.00043661831791455,0.0301191786657313,0.467600405216217,-0.394635230302811,0.180429145693779,0.59698474407196,1.5859375
0.662,-0.000130793464949559,0.000117568339690214,0.0287571481318087,-0.00226598763126418,-0.00242867503708891,-2.10547066004096e-06,-0.001246167156616,-0.00045109959636219,0.00247468693076934,-0.471270160271893,0.763979270127236,-0.00160527612038228,0.0301191786657313,0.72942578792572,0.0443774834275246,-0.268140345811844,0.362277388572693,1.5859375
0.663,-0.00013189419818826,0.000117159398818635,0.0287595133578294,-0.00228582361124678,-0.00196812794462008,-2.77385515179418e-06,-0.000953516384586929,-0.000366989270812081,0.00225503050581764,0.435531707906635,0.0345973230263285,0.000393325988512607,0.0301191786657313,0.669790089130402,-0.468685746192932,0.0180765520781279,0.604919970035553,1.5859375
0.664,-0.000132799454522082,0.000116613048867663,0.0287616689058277,-0.00209682123298984,-0.00215771596285553,-2.38280741360342e-06,-0.000858531523729604,-0.000726485705009887,0.00205521163985333,-0.105029542159805,-0.366165088417246,0.000263555074513228,0.0301191786657313,0.292439222335815,-0.0199501477181911,0.0978207290172577,0.49075049161911,1.5859375
0.665,-0.000133745702853764,0.000115868104892364,0.0287636069934199,-0.00207372593764412,-0.00222084752745915,-2.31274905360124e-06,-0.00103417218303184,-0.00076365129825868,0.0018205048029723,0.146861484710143,0.251798343331431,-0.000139749850257387,0.0301191786657313,0.556346118450165,-0.128546163439751,-0.164684280753136,0.482081264257431,1.5859375
0.666,-0.000134715636741054,0.000115055050491513,0.0287653419429657,-0.00193240967184503,-0.00212940744132362,-2.28164151838683e-06,-0.000905703550736829,-0.000863279153080624,0.00164889746616104,0.101462133427713,-0.0951600432804262,0.000186258049250934,0.0301191786657313,0.333975940942764,-0.139028519392014,0.10938435792923,0.389192491769791,1.5859375
0.667,-0.000135700530542162,0.000114163200173781,0.0287669143801906,-0.00185734861549264,-0.00204214140874182,-2.31598939892663e-06,-0.00106340636246187,-0.000920968015336839,0.00149552669560176,0.0318808686975692,0.242520672833098,-0.000243368875025478,0.0301191786657313,0.479613900184631,-0.17350909113884,0.00369798392057419,0.626496434211731,1.5859375
0.668,-0.000136768367606231,0.000113134364127318,0.0287682664561256,-0.00206458877661708,-0.00193579537400432,-2.67773629358814e-06,-0.00107187260838106,-0.00113531238469884,0.00120845545327846,-0.387574516105038,-0.0609014210343363,-0.000374129126787634,0.0301191786657313,0.298678666353226,-0.136090487241745,0.0190807245671749,0.220068603754044,1.5859375
0.669,-0.000137902543352575,0.000112023075793817,0.0287694739571459,-0.00213640655479654,-0.00200367210373872,-2.70526528245441e-06,-0.00119686985799639,-0.00108724173096857,0.0012059326038166,0.264459802909556,-0.060779442836377,0.000328629604735616,0.0301191786657313,0.622495591640472,0.0464557111263275,-0.201431110501289,0.60558956861496,1.5859375
0.67,-0.000139006814746768,0.000110898203006571,0.0287704956108077,-0.00180324718071264,-0.00240450575357954,-1.92035573487459e-06,-0.00101481523746578,-0.00116466023556348,0.000837705694745832,0.317571687860973,-0.637602674824706,0.0010143327603488,0.0301191786657313,0.514147400856018,0.125657886266708,-0.118598759174347,0.387627810239792,1.5859375
0.671,-0.000139994318839847,0.000109774446713468,0.0287711909252717,-0.00144492923127851,-0.00285216384438416,-1.02305721227935e-06,-0.000963285639767064,-0.00108552256275201,0.0005533406214044,0.308991804525278,-0.145282195300869,0.000564761061880819,0.0301191786657313,0.965030312538147,-0.0426085852086544,0.125146970152855,0.490399241447449,1.5859375
0.672,-0.000140876271361768,0.000108644683529589,0.0287714299600138,-0.00150883878651716,-0.00278766830539438,-1.20402461067926e-06,-0.000800842275528731,-0.00117368296948917,-7.38592304954038e-05,-0.414431344265349,0.253295689605942,-0.000873511697385012,0.0301191786657313,0.750916242599487,0.175251811742783,0.0949150770902634,0.0107475966215134,1.5859375
0.673,-0.000141646375401892,0.000107630700457322,0.0287711776314236,-0.00159832611499932,-0.00233983909538799,-1.77419431635073e-06,-0.000736956977529586,-0.000854739387750756,-0.000429888211019332,0.260553521919819,0.521464173803214,-0.000155178609458745,0.0301191786657313,0.637628197669983,-0.177037507295609,-0.0420083552598953,0.301112234592438,1.5859375
0.674,-0.00014233805814061,0.000106749358379233,0.0287706577925272,-0.00153155499320586,-0.00200609983534451,-2.00326736354839e-06,-0.00064478463565524,-0.000908434929243559,-0.000609107012882119,-0.140518501703019,0.0577020946988649,-0.000235159164162869,0.0301191786657313,0.527143180370331,-0.0313934646546841,0.0625313371419907,-0.0591941773891449,1.5859375
0.675,-0.000142997371189488,0.000105959416419226,0.0287700176102965,-0.00146581163523303,-0.00211182995713469,-1.87291930409117e-06,-0.00067460885767606,-0.000672492576604204,-0.000670798772323263,0.256479209214341,-0.242805341651048,0.000458554113017503,0.0301191786657313,0.400095403194427,0.0691608712077141,-0.157085657119751,0.190345004200935,1.5859375
0.676,-0.000143663262829442,0.00010535959380274,0.0287693167709344,-0.00124232946462841,-0.00243300052498324,-1.39509088681322e-06,-0.000659313174674827,-0.000529010514171818,-0.000730343259878794,0.134795344814708,-0.31808423345002,0.000363028922614336,0.0301191786657313,0.90049809217453,-0.226996511220932,-0.198111593723297,0.607228875160217,1.5859375
0.677,-0.0001441647447292,0.000104695364593726,0.0287684030492422,-0.00173766674791056,-0.00297484735647441,-1.76312617794494e-06,-0.000347730319092705,-0.000796065875832211,-0.00109575509428787,-0.990310710874182,-0.623472747585487,-0.00105228083398403,0.0301191786657313,0.72802060842514,0.322969526052475,0.0909914523363113,0.458281338214874,1.5859375
0.678,-0.000144496134812014,0.000103977030763083,0.0287669788447453,-0.00229003067473397,-0.00308359649050084,-2.63780982345807e-06,-0.000315873169929961,-0.000637816521780348,-0.0017502515121323,0.0297272859947381,0.430507092652617,-0.000523130890779141,0.0301191786657313,0.619457602500916,-0.316808670759201,-0.459654837846756,0.282656848430634,1.5859375
0.679,-0.000144667451149708,0.000103287915793557,0.0287653120306054,-0.00197531586216755,-0.00258855729020211,-2.78443494927672e-06,-2.4395215625831e-05,-0.000742284482428215,-0.00158297772053608,0.517989277582454,0.428599730977988,0.000236264121918158,0.0301191786657313,1,-0.492794096469879,-0.256227850914001,0.448693037033081,1.5859375
0.68,-0.00014448875972232,0.000102387268337997,0.0287636588395619,-0.00172667081625278,-0.00256595417476779,-2.5092094366741e-06,0.000380936291959856,-0.00105993205422141,-0.00172224009039204,-0.081161498552161,-0.386330699344919,0.000216600489125149,0.0301191786657313,0.499822199344635,-0.210542857646942,0.0133033618330956,0.342699021100998,1.5859375
0.681,-0.000144128455918683,0.000101279025709101,0.0287618790814725,-0.00183753027670476,-0.00265776913359582,-2.6194037574534e-06,0.000339289419561218,-0.00115595890640408,-0.00183609168367183,-0.107764909972059,0.226672182187013,-0.000419142584494361,0.0301191786657313,0.649706304073334,-0.176180571317673,0.162956640124321,0.345323324203491,1.5859375
0.682,-0.000143807348687044,0.000100084284794873,0.0287598956514443,-0.00186496956778867,-0.00222735894296597,-3.1345255830928e-06,0.000305722337516214,-0.00123349664074739,-0.00212914862586305,0.0636605825781787,0.521357872659308,-0.000489058792482903,0.0301191786657313,0.835093140602112,-0.167777627706528,-0.0573655962944031,0.350017517805099,1.5859375
0.683,-0.000143394997922283,9.88116206457148e-05,0.0287576301219921,-0.00173068626172539,-0.00213076781263444,-3.11641783801164e-06,0.000519169567465005,-0.00131278043109522,-0.00240011821502544,0.173568284392914,-0.349927544776666,0.00049891439824185,0.0301191786657313,0.300164520740509,-0.243227034807205,0.0175661910325289,0.268575966358185,1.5859375
0.684,-0.000142947195662666,9.74583942886998e-05,0.0287552642767227,-0.00158338177428178,-0.002337449833843,-2.78063234349091e-06,0.000375645761078958,-0.00139470147991201,-0.00233052064557062,0.0871634886420707,-0.00869286501031328,8.42539655914453e-05,0.0301191786657313,0.6502525806427,0.173359826207161,0.0539155080914497,0.184689968824387,1.5859375
0.685,-0.000142553285687844,9.61628335266439e-05,0.0287527737634269,-0.00126567598099973,-0.00236309203663053,-2.38668165986056e-06,0.000412059000237632,-0.00119896990025684,-0.00264873359169845,0.468220062362448,-0.0343696286142234,0.000594444987022411,0.0301191786657313,0.841112732887268,0.0839937403798103,-0.256060898303986,0.249371349811554,1.5859375
0.686,-0.000141979951285243,9.50110961282077e-05,0.0287500114225676,-0.000964483875540411,-0.00271611832965453,-1.81724317371845e-06,0.000732004246615059,-0.00110680113965952,-0.00287404166913806,0.0592349114564345,-0.575354823974117,0.000356594640018301,0.0301191786657313,0.32184237241745,0.0352748036384583,0.0915193557739258,0.349100023508072,1.5859375
0.687,-0.000141342974985991,9.39059305880696e-05,0.0287470576630425,-0.00126845974277836,-0.00265292010468564,-2.37081476361922e-06,0.00054336891071597,-0.00110196488949473,-0.00303120620113385,-0.579982552654976,0.680858473291557,-0.00135045322267384,0.0301191786657313,0.531110763549805,0.210712894797325,-0.322346180677414,-0.065148338675499,1.5859375
0.688,-0.000140708083220212,9.29823708279101e-05,0.0287440749050424,-0.00144527731019231,-0.00208029122732867,-3.10218873744716e-06,0.000729585222688162,-0.000745198603561186,-0.00293308069161754,0.273358724564534,0.317522291872997,2.33831124214891e-05,0.0301191786657313,0.49684864282608,-0.0491770803928375,-0.301329553127289,0.361141085624695,1.5859375
0.689,-0.000139894905504699,9.22163432111003e-05,0.0287411543602048,-0.00130527954711873,-0.00212993444074932,-2.95142720352359e-06,0.000896252059868345,-0.000787797340823784,-0.00290655641808131,-0.0268404917941097,-0.398952602729792,0.00021680441172007,0.0301191786657313,0.2439856082201,-0.252528607845306,0.0955835357308388,0.149442166090012,1.5859375
0.69,-0.000139106192702607,9.14088341272837e-05,0.0287383366435072,-0.00146867769395887,-0.00225344330040196,-3.10246628876243e-06,0.000680956704140135,-0.000826373132601336,-0.00272767492676407,-0.253765152194542,0.186305377322722,-0.000499557176895149,0.0301191786657313,0.486246377229691,0.107295423746109,-0.0632966682314873,0.700575768947601,1.5859375
0.691,-0.000138413902463252,9.05107826687633e-05,0.0287354305635828,-0.00183082640332102,-0.00211617333879929,-3.69005588840565e-06,0.000704572367171145,-0.000967402744265375,-0.00308212655260751,-0.371845501967107,0.0548821259451576,-0.000522396434999803,0.0301191786657313,0.627101182937622,-0.255669236183167,0.125753134489059,0.0687178075313568,1.5859375
0.692,-0.000137711981938709,8.95539580538411e-05,0.0287323570939262,-0.00183360008871326,-0.0021369616517672,-3.70775974589677e-06,0.00069932693794733,-0.000946521120081073,-0.00306324830344962,0.368438299402697,-0.0881791518002842,0.000482413129688128,0.0301191786657313,0.274724096059799,0.07630355656147,0.102847322821617,0.449897974729538,1.5859375
0.693,-0.000137108866275985,8.85996168970556e-05,0.0287292128489769,-0.00130748024797716,-0.00202154024722214,-3.22799350094272e-06,0.000508138382987168,-0.000965596333063139,-0.00322331295866891,0.547598222317721,0.289813483046077,0.000361713738228096,0.0301191786657313,0.553023934364319,-0.225833684206009,-0.22877711057663,0.250781655311584,1.5859375
0.694,-0.00013651877715361,8.75867575306993e-05,0.0287260693638698,-0.00105329240798762,-0.00209182820155619,-2.95484029733117e-06,0.0006713563491349,-0.00106168743211613,-0.003062419615339,-0.101116861850269,-0.407910348798715,8.23787873338558e-05,0.0301191786657313,0.197571694850922,-0.0286556631326675,0.0167199429124594,-0.142465278506279,1.5859375
0.695,-0.000135942875081014,8.66462336371689e-05,0.0287231718975886,-0.00106070451896497,-0.00223643239754893,-2.91468154545171e-06,0.000480142895903139,-0.000820100576020952,-0.00273174220296334,0.0907916648078259,0.157280119093337,-1.71216485957049e-05,0.0301191786657313,0.241012454032898,-0.218313992023468,-0.140452548861504,0.345185428857803,1.5859375
0.696,-0.000135498718095014,8.575133692045e-05,0.0287205613482959,-0.00136356028371009,-0.00198018843374674,-3.45737237061883e-06,0.000409988417583415,-0.000967774170883884,-0.00248846577518789,-0.611836965567008,0.288614487059434,-0.000915014270014777,0.0301191786657313,0.785706877708435,0.148893982172012,-0.0692553818225861,0.0206064283847809,1.5859375
0.697,-0.000134983382592798,8.49144063330222e-05,0.0287180164804956,-0.00153163400724248,-0.00212570309373846,-3.54103788291482e-06,0.000619432357130179,-0.000705873720709635,-0.00259966790590804,0.320637856112843,-0.537293647414237,0.000786787995154889,0.0301191786657313,0.325788110494614,-0.212903410196304,0.274163246154785,0.0681272745132446,1.5859375
0.698,-0.00013449651968564,8.42189059027058e-05,0.0287154811325664,-0.00113568387750499,-0.00225770739056095,-2.97317166086941e-06,0.000354257728107748,-0.000687732047447734,-0.00247004026695752,0.369461736767725,0.307416213929624,0.00022946193611142,0.0301191786657313,0.45941025018692,0.0520228557288647,-0.369586437940598,0.234068661928177,1.5859375
0.699,-0.000134047737189214,8.35635819594344e-05,0.0287131043590976,-0.000906077174608307,-0.00215704633067075,-2.79445929374234e-06,0.000543545431798698,-0.000624640028435224,-0.00228276367266937,0.0324973578120518,-0.129738791320945,6.6662767092742e-05,0.0301191786657313,0.682166993618011,-0.0227514505386353,0.106178008019924,0.158982694149017,1.5859375
0.7,-0.000133482939830473,8.29683577466259e-05,0.0287107657617883,-0.00108284978523941,-0.00230349756905593,-2.97188615361321e-06,0.000585121081693308,-0.000565110417766989,-0.00239276158752322,-0.335713797594148,-0.122372933011275,-0.00038675932595057,0.0301191786657313,0.734763264656067,0.369828194379807,0.0977585911750793,0.252545058727264,1.5859375
0.701,-0.000132859801460124,8.2522755460397e-05,0.0287081740071488,-0.0012251372464458,-0.00238401707798476,-3.13780039151723e-06,0.000660636126157452,-0.000325906561597963,-0.00278845221882046,0.0889219920456966,-0.015574875177904,9.03167128099521e-05,0.0301191786657313,0.6144979596138,-0.00467563048005104,-0.330360680818558,0.330756068229675,1.5859375
0.702,-0.000132073687132639,8.21866352782773e-05,0.0287054267632097,-0.0012367730670973,-0.0025092128863613,-3.10734536279611e-06,0.000910677696792209,-0.000346317940528373,-0.00270469546575674,-0.107669796282095,-0.198639978270611,-4.95334138249147e-05,0.0301191786657313,0.498080760240555,-0.200041577219963,-0.253925025463104,-0.0658149719238281,1.5859375
0.703,-0.000131096447707974,8.18891164710347e-05,0.0287029409585282,-0.00124358467404862,-0.0025482244086332,-3.12587343209714e-06,0.00104349949386481,-0.000248984822096831,-0.00226665524578462,0.096303610142971,0.133335773186405,7.42195557175164e-06,0.0301191786657313,0.585580110549927,0.125722974538803,-0.16937592625618,0.769655883312225,1.5859375
0.704,-0.000129980908550719,8.1540690874965e-05,0.0287005296911666,-0.001445593311216,-0.00231358897841716,-3.59385807202628e-06,0.00118899133721646,-0.000446283298753739,-0.00255402055236501,-0.444257148042369,0.277232895058859,-0.000817669316698133,0.0301191786657313,0.623211443424225,0.211434751749039,0.00324419885873795,0.317896783351898,1.5859375
0.705,-0.000128753981821851,8.11552071603489e-05,0.0286978759523199,-0.00155659150972846,-0.00203372624352939,-4.00994610538774e-06,0.0012666915963146,-0.000324407202916297,-0.00275160976582687,0.250898534848001,0.213141959244411,6.13641615445342e-05,0.0301191786657313,0.506270587444305,0.0895138010382652,0.0968115031719208,0.39455783367157,1.5859375
0.706,-0.000127504950212874,8.08320974366517e-05,0.028695047476529,-0.0011914053340693,-0.00184239292672725,-3.808480399492e-06,0.00123294383822788,-0.000324126667471016,-0.00290352075425449,0.38390909636805,0.123462397838339,0.000270149213221012,0.0301191786657313,0.339264184236526,-0.0323804840445518,-0.132819831371307,0.265663146972656,1.5859375
0.707,-0.000126268770736322,8.05050974058756e-05,0.0286922509046552,-0.000960599893425368,-0.00186789935223745,-3.60288985001844e-06,0.00123955840027878,-0.000331349491370009,-0.00268868299539124,0.0186987459264613,-0.16283909483179,6.82135407408391e-05,0.0301191786657313,0.507915377616882,-0.0057096928358078,-0.0966197550296783,0.123704619705677,1.5859375
0.708,-0.00012498893959995,8.02174284889196e-05,0.0286896490435058,-0.0010490122628517,-0.00217471469767145,-3.57239949666521e-06,0.00131817708912759,-0.000243919942779817,-0.00251445024312286,-0.17013740165976,-0.364010845623882,-3.01115059963008e-05,0.0301191786657313,0.351136803627014,0.204243257641792,-0.0205315202474594,0.481366783380508,1.5859375
0.709,-0.000123701370036245,7.99767865734509e-05,0.0286870899924827,-0.00132472105055363,-0.0022617603730726,-3.90379193859758e-06,0.00125689900286828,-0.000235741795870503,-0.00260209656415132,-0.307166750022686,0.215797024489805,-0.000573376675099395,0.0301191786657313,0.79656845331192,0.319527387619019,-0.205965131521225,-0.032555565237999,1.5859375
0.71,-0.000122291309799945,7.99301992213003e-05,0.0286844867150416,-0.0010942805163572,-0.00225810324357249,-3.66778181870586e-06,0.00156292480277051,0.000140308641197366,-0.00260308463096889,0.704711288970808,-0.203650853106672,0.000955664410393629,0.0301191786657313,0.388271182775497,0.0189569965004921,-0.0748848170042038,0.287190675735474,1.5859375
0.711,-0.000120731618163615,8.00721673952839e-05,0.0286819573832162,-0.000661377546446888,-0.00220016357270642,-3.17940679295248e-06,0.00155722965550394,0.000141015918452978,-0.00245460088802765,0.0476725902455842,0.308153059353874,-9.07416270914437e-05,0.0301191786657313,0.681336164474487,-0.189440667629242,-0.194822937250137,0.192227974534035,1.5859375
0.712,-0.000119053810706887,8.01789276070368e-05,0.0286796187492384,-0.00109391254581843,-0.00205489285754394,-3.76227263210183e-06,0.00179844958963273,7.55278715760847e-05,-0.0022226607336091,-0.793445818943469,-0.0484783467105268,-0.000898822107768639,0.0301191786657313,0.727792501449585,0.276096820831299,0.188028231263161,-0.0688879266381264,1.5859375
0.713,-0.000117229844275545,8.04405325769169e-05,0.0286773366416739,-0.00139725168952853,-0.00205392502467023,-4.14276307836303e-06,0.00184986348226854,0.000448913527547305,-0.00234016677819575,0.263799553097106,0.0560751254791713,0.000217808716608921,0.0301191786657313,0.528404295444489,-0.188544243574142,0.156319320201874,0.328640043735504,1.5859375
0.714,-0.000115400854269155,8.08266600755799e-05,0.0286750248630283,-0.00125946151373483,-0.00184209306276542,-4.17623828763425e-06,0.00180998837736673,0.000322876109816889,-0.00228232327525015,-0.0252716646788151,0.316844517686973,-0.000279478398213026,0.0301191786657313,0.562433302402496,-0.183966726064682,0.071339413523674,0.273068606853485,1.5859375
0.715,-0.000113571224110785,8.11038788219407e-05,0.0286728030478307,-0.00139707890782694,-0.00163820322707809,-4.48374922656924e-06,0.00185091493057136,0.000232683856153571,-0.00216042423400999,-0.213816568543711,0.0435105984717097,-0.000260475480628773,0.0301191786657313,0.455764055252075,-0.148512661457062,0.157419115304947,0.314623206853867,1.5859375
0.716,-0.000111752897913217,8.12925686391406e-05,0.0286706903056289,-0.00159094779040593,-0.00163823206910063,-4.69153570659131e-06,0.00178636263602101,0.000146138799778348,-0.00206417075916977,-0.123433736236626,-0.0373141878736633,-0.000113699491919415,0.0301191786657313,0.4247807264328,0.0890849083662033,0.102677546441555,0.201503664255142,1.5859375
0.717,-0.000109991034217015,8.14986114361907e-05,0.0286686654797193,-0.00135651114986126,-0.00169845280865381,-4.46122371844382e-06,0.00173751591385499,0.00026440073567896,-0.00198452689973001,0.528456169841162,-0.0612101304572592,0.000501018299985767,0.0301191786657313,0.544787406921387,-0.107186697423458,0.0148698762059212,0.53514552116394,1.5859375
0.718,-0.000108217536410269,8.16629767804425e-05,0.0286666786205864,-0.00113977514955597,-0.00185873353876316,-4.19008922847297e-06,0.00180882680158778,6.33860752608369e-05,-0.00198815003357409,-0.151788312767262,-0.210603652001424,-5.86827061072934e-05,0.0301191786657313,0.323206424713135,0.139158740639687,0.25940015912056,0.28918468952179,1.5859375
0.719,-0.000106509066733205,8.1768710049774e-05,0.0286646818925105,-0.00126454291246003,-0.00170187755223843,-4.46019758504335e-06,0.00160993567035755,0.000148701076166933,-0.0020042180787563,-0.0651061435194646,0.486778931970524,-0.000433203053818342,0.0301191786657313,0.0696494281291962,0.202122643589973,-0.236204743385315,0.40378811955452,1.5859375
0.72,-0.00010492183025362,8.1947465356265e-05,0.0286628317792867,-0.00127360769946419,-0.00125234855869738,-4.82024232839606e-06,0.00156777064978173,0.000208760749981315,-0.00169584329810083,0.048504479113447,0.299384319680923,-0.000211243489169053,0.0301191786657313,0.63186639547348,0.243664979934692,-0.0531503185629845,0.308620661497116,1.5859375
0.721,-0.000103259891162809,8.22244057873417e-05,0.0286611017940762,-0.00110400273762491,-0.00150363658545905,-4.57686703114746e-06,0.00175459039929357,0.000343863955936353,-0.00176305884946592,0.244290219165289,-0.727315707115119,0.000604323190248283,0.0301191786657313,0.562408208847046,-0.398577988147736,0.199139505624771,0.00403234362602234,1.5859375
0.722,-0.000101513914988292,8.25354794218831e-05,0.0286595192053979,-0.00110989769046581,-0.00213511980950369,-4.26708815925991e-06,0.00173394716520115,0.000278563640728283,-0.00140212656907881,-0.254135866032727,-0.363377847571468,-0.000112684473072793,0.0301191786657313,0.351482212543488,0.230802729725838,0.132904693484306,0.18661142885685,1.5859375
0.723,-9.9835551488092e-05,8.29135233263172e-05,0.0286581499175909,-0.00121232438561418,-0.00194770245320472,-4.55344881888919e-06,0.0016246163439409,0.000477812613512386,-0.00133588414436886,0.0745282308273377,0.691492860296129,-0.000415948575028706,0.0301191786657313,0.894292712211609,-0.206608504056931,-0.498798251152039,0.617991209030151,1.5859375
0.724,-9.79164156622727e-05,8.323987326007e-05,0.0286568817278433,-0.00156950517982754,-0.00184461005131425,-4.98988019259627e-06,0.00221181715396015,0.000178693628659476,-0.00120050158311577,-0.690592653502267,-0.499718751610086,-0.000303009831244884,0.0301191786657313,0.20403465628624,0.174949496984482,0.14698651432991,0.180895522236824,1.5859375
0.725,-9.58000425681499e-05,8.35140736468284e-05,0.0286557718329016,-0.00172592143749487,-0.00181821657577148,-5.22426846716328e-06,0.00202209859724342,0.000370277070612605,-0.00101913191545842,0.415437466744445,0.549709786763497,-0.000141252815231332,0.0301191786657313,0.318046927452087,-0.113922230899334,0.0462773740291595,0.221510156989098,1.5859375
0.726,-9.38037970799235e-05,8.38812739449915e-05,0.0286549117884549,-0.00115158383175195,-0.00113685475899737,-5.33764813193116e-06,0.00197521351205572,0.000360737989290221,-0.000701331046316402,0.579687009865014,0.638884762653546,-7.74822402017009e-05,0.0301191786657313,0.495937436819077,-0.470944046974182,-0.0820293128490448,0.299276351928711,1.5859375
0.727,-9.17534618686591e-05,8.41036961492908e-05,0.0286544363806205,-0.00112772681244524,-0.00103708633978893,-5.4129731457131e-06,0.00212622603422972,8.4716329101445e-05,-0.000250373725726085,-0.535903930186734,-0.456062776276875,-5.80622040945873e-05,0.0301191786657313,0.206665843725204,0.307610929012299,0.53052806854248,-0.0693497136235237,1.5859375
0.728,-8.98147211790855e-05,8.43868592986713e-05,0.0286542033726192,-0.00122377658106556,-0.00123461322187469,-5.36895513203461e-06,0.00175144168504209,0.00048131185818673,-0.00021560983239808,0.365849108754134,0.118127396346767,0.000132837717953725,0.0301191786657313,0.332046538591385,0.118431955575943,0.0661804229021072,0.0551895499229431,1.5859375
0.729,-8.80790407328126e-05,8.49733182115788e-05,0.0286541200397097,-0.000777266907644423,-0.00122638069290611,-5.11743968356626e-06,0.00172049827462581,0.000688522564116544,4.83486049608363e-05,0.406999572507963,-0.0975999320471548,0.000279270965300762,0.0301191786657313,0.456044256687164,-0.0203092209994793,0.0887554436922073,0.376128077507019,1.5859375
0.73,-8.63443802418488e-05,8.56272262605984e-05,0.028654210842556,-0.000915006813352057,-0.0014428394788493,-5.1729726981975e-06,0.00174788478681003,0.000620445114914427,0.000133064078050782,-0.645869082498023,-0.271721659120742,-0.000409417034594105,0.0301191786657313,0.323042333126068,0.313677042722702,0.0987517982721329,-0.0384265333414078,1.5859375
0.731,-8.46267360591877e-05,8.64380239613496e-05,0.0286544403723273,-0.00126976095458257,-0.00153238839406554,-5.45142884389449e-06,0.0016874476268375,0.00100261389688702,0.000325398192915188,0.0256867854347,0.120862766605433,-9.81285715624292e-05,0.0301191786657313,0.369902700185776,0.0406235009431839,0.302757650613785,0.13116666674614,1.5859375
0.732,-8.30127993395777e-05,8.75053685200929e-05,0.0286548215568669,-0.00117021029867781,-0.00114966721604306,-5.66978160021492e-06,0.00154344914886355,0.00113154161854942,0.000436594701384077,0.143274397085865,0.547327092850828,-0.000296018854614197,0.0301191786657313,0.569630742073059,-0.0198860168457031,-0.0887873917818069,0.115738481283188,1.5859375
0.733,-8.13625121246004e-05,8.86876503338215e-05,0.0286553892561071,-0.0010862447164786,-0.00107589288682609,-5.70673239908004e-06,0.0017575035612001,0.00123258183667871,0.000697881389738758,-0.000981663725379656,-0.411451547168529,0.000208173193607315,0.0301191786657313,0.318196773529053,0.126447454094887,0.139651834964752,0.298569917678833,1.5859375
0.734,-7.9639031534839e-05,8.99607483777894e-05,0.0286561310271068,-0.00120931266316743,-0.00145194037086175,-5.60136855964899e-06,0.00168759651727587,0.00131468992131744,0.000785266568424542,-0.216545779294138,-0.234722945116233,-5.25122403386826e-05,0.0301191786657313,0.381247818470001,0.218316167593002,-0.173376634716988,0.397073924541473,1.5859375
0.735,-7.7880270442158e-05,9.13186849547283e-05,0.0286569766610399,-0.0014296561948426,-0.00166533701626274,-5.67229129799784e-06,0.00182875467108821,0.00140267550158041,0.000905298218048738,-0.170735469524634,-0.130635004703462,-8.92156183553759e-05,0.0301191786657313,0.202367722988129,0.110820509493351,0.25653338432312,0.281726896762848,1.5859375
0.736,-7.61576818562662e-05,9.27708740792874e-05,0.0286579314359791,-0.00146832149239758,-0.00124283964265405,-6.08852039052366e-06,0.00161984701600614,0.0015021466811236,0.00100358374699572,0.0984459515031322,0.867005775198622,-0.000665580464204806,0.0301191786657313,0.815424978733063,0.0038878433406353,0.101635187864304,0.573229670524597,1.5859375
0.737,-7.44084023361073e-05,9.42071322978018e-05,0.0286588077386102,-0.0015559954710435,-0.000850245596671377,-6.47729108749218e-06,0.00188108983875765,0.00137153657951648,0.00074902754212135,-0.254549570966778,-0.178397123961397,-2.26149431876809e-06,0.0301191786657313,-0.0465066432952881,-0.190064176917076,0.425621807575226,0.148846000432968,1.5859375
0.738,-7.27391384459782e-05,9.55847081053159e-05,0.0286597455012781,-0.00169761105821258,-0.000714550842289782,-6.70596545138125e-06,0.00145959275075574,0.00138481189673725,0.00112525417544975,0.00387929094309658,0.417878138509373,-0.000422495119471078,0.0301191786657313,0.259542107582092,0.12037168443203,-0.0696748942136765,0.279718697071075,1.5859375
0.739,-7.12529212826996e-05,9.70294567820155e-05,0.028660988914449,-0.00144826865416347,-0.000730176837562546,-6.64981391373942e-06,0.00151311814194065,0.00150347092321334,0.00136080493518878,0.423508980607669,-0.439988782169057,0.000481971908831302,0.0301191786657313,-0.0654976442456245,-0.0112115740776062,0.501990497112274,0.132885724306107,1.5859375
0.74,-6.9976027910649e-05,9.85919635071113e-05,0.0286624728239967,-0.00104898590191365,-0.000788292847138159,-6.45064932625061e-06,0.00104180800995595,0.00161923296614503,0.00160563441810508,0.264983915589987,0.341187491151196,-0.000116971200847019,0.0301191786657313,0.469918012619019,-0.185991212725639,-0.381860911846161,0.283139914274216,1.5859375
0.741,-6.87565570673075e-05,0.000100172889213983,0.0286643064365548,-0.00126728763208018,-0.00113138457698223,-6.38684955678315e-06,0.00139459897066321,0.00154453396232565,0.00205971405969285,-0.646718872178006,-0.92944436147225,0.000208654575089558,0.0301191786657313,0.0431540608406067,0.352017492055893,0.422201633453369,0.17337204515934,1.5859375
0.742,-6.75503413075813e-05,0.000101875132427936,0.0286663629517727,-0.00162653848993932,-0.001391555176843,-6.49664690488549e-06,0.00101751369053477,0.00186178635474302,0.00205223711695974,0.0156612170318769,0.477870536850723,-0.000449359096337435,0.0301191786657313,0.500854849815369,-0.0236573182046413,-0.14539609849453,0.473026871681213,1.5859375
0.743,-6.64209740471492e-05,0.000103703450473508,0.0286684647782077,-0.00169500924747381,-0.00106872628118358,-6.86466159605104e-06,0.00124329787074474,0.00179580715283167,0.00215018985191844,-0.140349721056411,0.0858001129863449,-0.000197607284927157,0.0301191786657313,0.633799314498901,0.126634493470192,0.244678616523743,0.574883043766022,1.5859375
0.744,-6.51355823261355e-05,0.000105482194086553,0.0286704455392917,-0.00182674009652429,-0.00109318669369996,-6.95219228008526e-06,0.00132743282693545,0.00176303644606512,0.00181124340687983,-0.0942610193235656,-0.123393676622014,3.10351630381174e-05,0.0301191786657313,0.459940493106842,-0.0671730190515518,-0.00293588638305664,0.489286094903946,1.5859375
0.745,-6.37456580840347e-05,0.000107201021788309,0.0286722793172201,-0.00191169506631598,-0.00129040927558615,-6.84037881137911e-06,0.00145129706426929,0.00167577341923408,0.00185527837208825,-0.0589319726462934,-0.214128150409689,0.000146466806081186,0.0301191786657313,0.323699951171875,0.233142346143723,0.263364911079407,0.319879353046417,1.5859375
0.746,-6.23503528096832e-05,0.00010897047334424,0.0286740792562253,-0.00162071712127092,-0.00114685998909157,-6.81025106530342e-06,0.00134105692564176,0.0018609673110392,0.00174413520044275,0.554711486368147,0.464364173949149,-9.93207747619793e-05,0.0301191786657313,0.0649665594100952,-0.024596095085144,0.20957513153553,0.649216413497925,1.5859375
0.747,-6.111703083474e-05,0.000110749640664844,0.0286758337215076,-0.00146482971076066,-0.0004373501968936,-7.3145294128274e-06,0.00113073835637664,0.00169725601756799,0.0017638436672961,-0.287984100252449,0.770350600380537,-0.000721057203436947,0.0301191786657313,0.417254090309143,-0.0221440456807613,0.149628520011902,0.335801213979721,1.5859375
0.748,-5.99615255149441e-05,0.000112459385896842,0.028677609953312,-0.00185563521560531,-0.000243750846926568,-7.55046493150502e-06,0.00118162734857453,0.00172498780567098,0.00178764568934218,-0.395796465958358,-0.427261574129714,0.00034703005533607,0.0301191786657313,-0.138995632529259,-0.178869426250458,0.393272638320923,0.408540606498718,1.5859375
0.749,-5.89885572267717e-05,0.000114139475707933,0.0286795166027295,-0.00222364069187809,-0.000550322487440618,-7.32950794812837e-06,0.000763736761412231,0.00163807722157914,0.00202408734856927,-0.249348042914471,-0.102963620045533,1.60716294358863e-05,0.0301191786657313,0.188767567276955,-0.105265356600285,0.247038990259171,0.305142819881439,1.5859375
0.75,-5.82991365248678e-05,0.000115789649837086,0.0286816146672822,-0.00212783681269134,-0.000709116236586447,-7.13206490532414e-06,0.000614641544884439,0.00166205560004629,0.00217060574889913,0.408586489665179,-0.170112947753486,0.000322582952734528,0.0301191786657313,0.469707190990448,-0.129909694194794,0.369239389896393,0.487800717353821,1.5859375
0.751,-5.77152274726391e-05,0.000117399436337825,0.0286837014848475,-0.00175504344750141,-0.000914785174035,-6.78602551928975e-06,0.000552222313709265,0.00155593291451798,0.00200232609372909,0.234818970758809,-0.185501668022248,0.000261599359772327,0.0301191786657313,-0.0867374837398529,-0.0317414999008179,0.600267767906189,0.445545792579651,1.5859375
0.752,-5.74233324189153e-05,0.000118940544021199,0.0286856894110677,-0.00168827326053997,-0.000465083709891113,-7.19543451932481e-06,3.54223530005998e-05,0.00152632561044825,0.00197258633226151,-0.123458640049986,0.964198838554185,-0.00095590666957752,0.0301191786657313,0.552634477615356,0.0709238797426224,0.166511937975883,0.396040290594101,1.5859375
0.753,-5.73254488545453e-05,0.000120497649904938,0.0286875741428617,-0.00185426049126247,-0.000157995920656469,-7.53139044951112e-06,0.000161935692966543,0.00158913858925865,0.00179632844085471,-0.169779862393597,-0.427015788348829,0.000385107061980781,0.0301191786657313,-0.00874465145170689,0.0900328755378723,0.299087196588516,0.354174733161926,1.5859375
0.754,-5.73038965685276e-05,0.000122140127566012,0.0286894034071542,-0.0019127644884466,-0.000651930493088296,-7.05761054353715e-06,-0.000121109051421729,0.0016963211393033,0.00186104958539333,0.0621436670700143,-0.430696446520745,0.000439631871022428,0.0301191786657313,0.184047177433968,-0.225842580199242,0.171555295586586,0.619677484035492,1.5859375
0.755,-5.74809502057433e-05,0.00012372335443408,0.0286912931191635,-0.00215178977175577,-0.00102518822125897,-6.81002460112268e-06,-0.000235165866112151,0.00147235444854326,0.00191732973508119,-0.481182831581506,-0.217570010730232,-4.72400539210395e-05,0.0301191786657313,0.149258613586426,-0.115933433175087,0.174921974539757,0.332731813192368,1.5859375
0.756,-5.77881349959443e-05,0.000125204907573507,0.0286932922109551,-0.00238696070474721,-0.000957962801088626,-7.07067272909256e-06,-0.000378515353148413,0.00149251982994493,0.00207942504773295,0.066727604788716,0.331768034897876,-0.000432053781319652,0.0301191786657313,0.259744644165039,0.107896909117699,0.153563767671585,0.644903004169464,1.5859375
0.757,-5.81963304737857e-05,0.000126682806755164,0.0286952778746757,-0.00213140437028555,-0.000611913509179047,-7.43419730842021e-06,-0.000435754648935625,0.00146213044445094,0.0018911728340808,0.371055915030478,0.267386372780362,-0.000221447856210629,0.0301191786657313,0.199832782149315,-0.444099932909012,0.422172784805298,0.634225189685822,1.5859375
0.758,-5.87520267316221e-05,0.000127969647445395,0.0286971717253116,-0.00217488167674999,-0.000338942729718259,-7.7789341688117e-06,-0.000673519733839271,0.00111299860932178,0.00189555133298588,-0.448700079459903,0.204735883423548,-0.000360370156906729,0.0301191786657313,0.124741792678833,-0.0922852605581284,0.227201044559479,0.330984622240067,1.5859375
0.759,-5.95075484389871e-05,0.000129102610049505,0.0286991257580112,-0.00238887994272079,-0.000380431488491946,-7.79068219314283e-06,-0.000837578891693702,0.00115442257663559,0.00201122248713565,0.0721644005657288,-0.277940022639428,0.000344961785312633,0.0301191786657313,-0.0548399984836578,-0.493135571479797,0.3053919672966,0.783226251602173,1.5859375
0.76,-6.05051468708388e-05,0.000130033348244891,0.0287012093449978,-0.00263515188467143,-0.000595797635568987,-7.60997341586744e-06,-0.00115865285962499,0.000709562130462768,0.00215464999994444,-0.501587194347436,-0.0991715572859514,-5.40187183196886e-05,0.0301191786657313,0.402010202407837,-0.0394943952560425,0.470815479755402,0.412635326385498,1.5859375
0.761,-6.17431609818837e-05,0.000130762495445474,0.0287032349905046,-0.00261871429325412,-0.000738605871109003,-7.41809227822188e-06,-0.00131816905704842,0.000748710160621919,0.00189622987205422,0.52482949852418,-0.152680266185538,0.000397576768236959,0.0301191786657313,-0.113320723176003,-0.21009773015976,0.382866442203522,0.783036947250366,1.5859375
0.762,-6.32670659636735e-05,0.000131371171000094,0.0287051122053603,-0.00219899125547089,-0.000546214965853825,-7.52563274586393e-06,-0.00172796304033545,0.000466821295938433,0.00185724419814089,0.201963325348682,0.480164181234889,-0.000550253821633809,0.0301191786657313,0.334789633750916,-0.616844654083252,0.0649026185274124,0.299653112888336,1.5859375
0.763,-6.49761375619706e-05,0.000131715480893455,0.0287071585194797,-0.00224078256499049,-0.000523641327069534,-7.59335823685703e-06,-0.00169058150566321,0.000222724601601866,0.00223341839460487,-0.274509444182458,-0.444192152584681,0.000433142688083046,0.0301191786657313,0.0323419719934464,-0.205279409885406,0.695945382118225,0.398994535207748,1.5859375
0.764,-6.69218181343683e-05,0.000131908122850906,0.0287093424696452,-0.00242818825400851,-0.000622047614794848,-7.57002518714245e-06,-0.00220055513703997,0.000163890514318575,0.0021335970246279,-0.0524204466803553,0.264961672608203,-0.000402847391486933,0.0301191786657313,0.386589109897614,-0.415404915809631,0.0611686855554581,0.474352955818176,1.5859375
0.765,-6.90926673607514e-05,0.000131962397499032,0.0287115411607942,-0.00250451059925765,-0.000781744444683743,-7.41123206360328e-06,-0.00214281681495379,-5.43907585121267e-05,0.00226237210421914,-0.0803025672094995,-0.547386075413619,0.000682857428573446,0.0301191786657313,0.389752089977264,-0.0650976598262787,0.382666707038879,0.827404677867889,1.5859375
0.766,-7.13052500107093e-05,0.000131798102095379,0.0287135804765532,-0.00257307139668441,-0.00126396011906125,-6.81236464972201e-06,-0.00228547946441944,-0.000273270308739243,0.00181634293970272,-0.0385820792962269,-0.298810987622382,0.000361104953262449,0.0301191786657313,0.0324238538742065,-0.468615263700485,0.447453022003174,0.332371890544891,1.5859375
0.767,-7.37908174696168e-05,0.000131442676626619,0.0287154983619459,-0.00247507338604097,-0.000962485568168979,-7.1986570437943e-06,-0.00268365485597871,-0.000437949318991368,0.00201801594765229,0.209152714684286,0.811386861300636,-0.00102154241104555,0.0301191786657313,0.481873124837875,-0.338273376226425,-0.161436691880226,0.405186116695404,1.5859375
0.768,-7.6361555799612e-05,0.000130936150945502,0.0287176048353415,-0.00221904336680878,-0.000743052092212776,-7.42547731080734e-06,-0.00245771030612004,-0.000576447514467121,0.00219336098170932,0.23706037396148,-0.435321584471841,0.000591583043397956,0.0301191786657313,0.174315616488457,-0.510199189186096,0.436458945274353,0.600433468818665,1.5859375
0.769,-7.89718387613824e-05,0.000130180424355926,0.0287197960557405,-0.00235660638473249,-0.00104691178474174,-7.17111118264668e-06,-0.00276466483638788,-0.000933507495769768,0.0021879399723291,-0.471754276030579,-0.101411364073456,-0.00017316654859499,0.0301191786657313,0.30422705411911,0.100682578980923,0.237681120634079,0.494041383266449,1.5859375
0.77,-8.17991955097496e-05,0.000129279074174673,0.0287218558720672,-0.00247076328483803,-0.0011314315801775,-7.15567198739109e-06,-0.00289096568881894,-0.000868897538544124,0.00193127263734371,0.27425864553955,-0.0548069662944931,0.000210262490056615,0.0301191786657313,0.50656396150589,-0.465983122587204,0.0096861943602562,0.768656492233276,1.5859375
0.771,-8.46330899861611e-05,0.000128197854173827,0.0287237483867958,-0.00248216677153061,-0.0014307795343754,-6.80748327130942e-06,-0.00277965105683723,-0.00129278183956278,0.0018529677715896,-0.289328214856351,-0.473054453131638,0.000382152245854241,0.0301191786657313,0.143251195549965,0.151010230183601,0.632858753204346,0.630120158195496,1.5859375
0.772,-8.76474185840021e-05,0.000126911319744696,0.0287253500012939,-0.00241796831422006,-0.00122150215786377,-7.08137813365539e-06,-0.00324741793087749,-0.00128104288030642,0.00135055689937007,0.403274840426465,0.823243302826453,-0.000853541357835221,0.0301191786657313,0.43047171831131,-0.00389650464057922,-0.163645997643471,0.767393827438354,1.5859375
0.773,-9.08106517183586e-05,0.000125547816323597,0.0287265964468104,-0.00205071010695046,-0.000904509593013714,-7.32351212384685e-06,-0.0030783568416713,-0.00144815706747796,0.00114213632936958,0.239555349482147,-0.279787677336939,0.000398047090624947,0.0301191786657313,0.621692776679993,-0.107006937265396,0.474520027637482,0.538335919380188,1.5859375
0.774,-9.39369795232616e-05,0.000124045652461156,0.0287274935768737,-0.0019582361656825,-0.00138599601436291,-6.78909392082261e-06,-0.00317781755352684,-0.00155683266276193,0.000652912007425455,-0.0732039462635345,-0.565795902172172,0.000516002677872172,0.0301191786657313,0.255487442016602,-0.495333582162857,0.093016006052494,0.668054580688477,1.5859375
0.775,-9.71707033063874e-05,0.000122286917373245,0.0287281801424448,-0.00248548407455046,-0.00177888579119555,-6.85393338040186e-06,-0.00329267927831012,-0.00195717168779713,0.000719830827933073,-0.834868435064747,-0.127367841286112,-0.000674598282049974,0.0301191786657313,0.643154382705688,0.186188638210297,-0.0615080259740353,0.19304533302784,1.5859375
0.776,-0.000100369791766809,0.000120470063887677,0.0287288084081383,-0.00245829589846472,-0.00196355397705577,-6.58109556361808e-06,-0.00310790074899429,-0.00167785835618878,0.000536854890770337,0.883422703274786,-0.20363907785814,0.00118825356087587,0.0301191786657313,0.735374689102173,-0.46753317117691,-0.305772989988327,0.565879762172699,1.5859375
0.777,-0.000103293990630019,0.000118626969540968,0.0287293775953731,-0.00180154389633594,-0.00232549625001667,-5.45978839738837e-06,-0.00274428550506226,-0.00201204198199919,0.000601041360275067,0.264556295749889,-0.433869196182494,0.000729038665293322,0.0301191786657313,0.354743897914886,-0.194998696446419,0.0704060941934586,0.43246865272522,1.5859375
0.778,-0.000106080720012161,0.000116557647959789,0.0287299685609049,-0.00177929965108728,-0.0021393352121607,-5.63902379280279e-06,-0.00282853436598121,-0.00212698062233497,0.000580612337336297,-0.217944542129558,0.74471921934171,-0.00101523253783973,0.0301191786657313,0.649920344352722,0.0532986372709274,-0.120703414082527,0.337450861930847,1.5859375
0.779,-0.000108804669626996,0.000114472274770595,0.0287304675669983,-0.00189801702904923,-0.00153355001021428,-6.41159599634733e-06,-0.00261686225410959,-0.00204377502657378,0.00041746540534706,0.0178134084267302,0.300031729160695,-0.000331870766258444,0.0301191786657313,0.719726204872131,-0.00477617979049683,0.120023429393768,0.502869963645935,1.5859375
0.78,-0.000111360780404665,0.000112404276777387,0.0287306876480183,-0.00189196393347839,-0.00159388185222921,-6.37956924931515e-06,-0.00249665477308771,-0.00209267859308673,2.34584138100312e-05,-0.000491227080736055,-0.411484823694178,0.000390304103801555,0.0301191786657313,0.598095715045929,-0.0133536607027054,-0.0703780874609947,0.404325723648071,1.5859375
0.781,-0.000113784333166728,0.000110312110906714,0.0287306293356612,-0.00182267812412007,-0.00221327794488954,-5.70727472437582e-06,-0.00235490482154379,-0.00209261624799448,-0.000139970431666737,0.127596510631796,-0.671214009360919,0.000788675390402461,0.0301191786657313,0.13814976811409,-0.113282442092896,-0.226790025830269,0.380956023931503,1.5859375
0.782,-0.000116166505268529,0.000108195664764105,0.0287306108845618,-0.00173025456125942,-0.00241263858777039,-5.4246625595944e-06,-0.00241110479153495,-0.0021412588286665,0.000102441513759922,0.0400712755349374,0.314319373924449,-0.000279800289253594,0.0301191786657313,0.729940056800842,0.0636456161737442,-0.112250581383705,0.116581380367279,1.5859375
0.783,-0.000118467735877425,0.000106153215684045,0.0287306643532434,-0.00145847196109041,-0.00207989471202112,-5.43040369427317e-06,-0.0021903415645921,-0.00194621279029612,4.6292231744908e-06,0.437508059680345,0.255684771664009,0.000258562384917406,0.0301191786657313,0.462385475635529,0.0557883456349373,-0.151872754096985,0.51333224773407,1.5859375
0.784,-0.000120609718816824,0.000104182101049993,0.0287305977775271,-0.00132795622969193,-0.00188051573765724,-5.46599093720346e-06,-0.00209319193297533,-0.00199719744079729,-0.000137438129552689,-0.20269855383785,0.0842638081213925,-0.000304941784726251,0.0301191786657313,0.240862399339676,0.120911687612534,-0.0989760607481003,0.0780568867921829,1.5859375
0.785,-0.000122733564791326,0.000102303784263251,0.0287305351708285,-0.00141553320832581,-0.0017762602833061,-5.66969053750199e-06,-0.00215429682538057,-0.00175985526425981,1.19618987914209e-05,0.056126137831351,0.0899503394790494,-5.03054131317547e-05,0.0301191786657313,0.475368857383728,0.130308270454407,-0.408451199531555,0.167544260621071,1.5859375
0.786,-0.000124762470801727,0.0001006383784358,0.0287306177527388,-0.00128676306451646,-0.00211536900031999,-5.32285654797349e-06,-0.00190649711580266,-0.00157247194871702,0.000152994097544551,0.172570574302504,-0.683836972945083,0.000645969172301759,0.0301191786657313,0.442043840885162,0.159241572022438,-0.0283678509294987,0.378372043371201,1.5859375
0.787,-0.000126672728662977,9.91036350674356e-05,0.0287306784860958,-0.00127071819721532,-0.00256462594418718,-5.03591898448619e-06,-0.00191721175230791,-0.00149769904525322,-3.10436621549587e-05,-0.138795654075304,-0.104492785263181,-0.000157545395377344,0.0301191786657313,0.730374217033386,0.183748573064804,-0.158842235803604,0.410421967506409,1.5859375
0.788,-0.000128478844017423,9.7641486273871e-05,0.0287304980119723,-0.00149625645942208,-0.00256667505964862,-5.39079039363344e-06,-0.00169597035956782,-0.00142574658226848,-0.000329156952981132,-0.247808197390109,0.0945807965801909,-0.000460933525996477,0.0301191786657313,1,-0.0215866826474667,-0.207946717739105,0.20553731918335,1.5859375
0.789,-0.000129973544368991,9.62538896207061e-05,0.0287300736162577,-0.00163235061052395,-0.00264482155299916,-5.5470945330427e-06,-0.00129507534529479,-0.00134912298772369,-0.000519017065780541,0.0155482725256588,-0.234437585163169,0.000196472154692532,0.0301191786657313,0.643270969390869,0.0855800658464432,-0.0931186154484749,0.6725714802742,1.5859375
0.79,-0.000131205542978426,9.48396148224634e-05,0.0287293677404292,-0.00171307680276436,-0.00261635088608413,-5.72832529321943e-06,-0.00116923711059071,-0.00147911379477101,-0.000891854308565674,-0.150677133863875,0.279153214665356,-0.000512804938491125,0.0301191786657313,0.738015055656433,0.0259367004036903,-0.230635866522789,0.280039191246033,1.5859375
0.791,-0.000132243683099842,9.33919370202103e-05,0.0287284266230618,-0.00162333336500754,-0.00237652634276579,-5.87207643754084e-06,-0.000906397296418601,-0.00141729409018154,-0.000989718076529435,0.310185688457493,0.134120383729175,0.000248614580131996,0.0301191786657313,0.464224755764008,-0.384804368019104,-0.315607994794846,0.600126087665558,1.5859375
0.792,-0.000133071201726754,9.17918358576955e-05,0.0287275144435278,-0.00171294852493165,-0.00228238785058588,-6.09983870658581e-06,-0.000748638044616373,-0.0017819532197944,-0.000834518423468757,-0.458680018881035,0.02696372932272,-0.00063356467812122,0.0301191786657313,0.715087413787842,0.0729794949293137,-0.357840090990067,0.0360368937253952,1.5859375
0.793,-0.000133656418798783,9.01245088745965e-05,0.0287267289073797,-0.00163251169781546,-0.00253932845766572,-5.77144809632557e-06,-0.000425022426706587,-0.00155468093021747,-0.000736542691561473,0.598304450024692,-0.472166532649128,0.00121820003948132,0.0301191786657313,0.798123478889465,-0.148154109716415,0.20679996907711,0.242226660251617,1.5859375
0.794,-0.000134063781442927,8.85521898196011e-05,0.0287258670583278,-0.00107708472087685,-0.00270297498911904,-4.8565333403694e-06,-0.000390901591988273,-0.00159360181830375,-0.000986085250170446,0.37265063003253,0.184778631415264,0.000407886661842615,0.0301191786657313,0.609757423400879,-0.248522117733955,-0.176185667514801,0.207900583744049,1.5859375
0.795,-0.000134380772467799,8.6914152550923e-05,0.0287249529710653,-0.00109552556650986,-0.00237202235234816,-5.08882515370956e-06,-0.000241480397251989,-0.00168257551038207,-0.000841988452418042,-0.397473495222989,0.38834581443529,-0.000782656094088944,0.0301191786657313,0.514627873897552,0.0551609098911285,-0.182203769683838,0.0458612143993378,1.5859375
0.796,-0.000134567459087015,8.53241200529279e-05,0.0287241714301869,-0.00136654160054572,-0.00205272709553653,-5.67030577602878e-06,-0.000130269177369934,-0.00149671116929763,-0.000721009901376629,-0.0691731451737519,0.166407877678432,-0.000236195888195123,0.0301191786657313,0.507726192474365,-0.0225948989391327,-0.109728679060936,0.415974318981171,1.5859375
0.797,-0.00013466141284429,8.37924486158369e-05,0.0287234141206221,-0.00149321806709348,-0.00207110683363372,-5.8285649853218e-06,-5.79150435384184e-05,-0.00156611894349941,-0.00079306660346525,-0.145581712379883,-0.197873812031502,-3.73355381850281e-05,0.0301191786657313,0.239266514778137,0.178622886538506,-0.00512980343773961,0.396464943885803,1.5859375
0.798,-0.000134792091369444,8.22560743909084e-05,0.0287225788678544,-0.00143507964079768,-0.00210395340722401,-5.76672859198268e-06,-0.000203362894068544,-0.00150751052707458,-0.000876820627979845,0.25065785322155,0.139687032173262,0.000144877950081936,0.0301191786657313,0.633679330348969,-0.141904205083847,-0.0969555377960205,0.311970353126526,1.5859375
0.799,-0.000134928252239425,8.07058438647813e-05,0.028721692201489,-0.0012531413930643,-0.00218722776792585,-5.53478554765618e-06,-6.98132721836044e-05,-0.00159426076014116,-0.000896009095998384,0.0706642692708863,-0.283591055547269,0.000244906098884149,0.0301191786657313,0.515362441539764,0.289051681756973,-0.148063063621521,0.264115750789642,1.5859375
0.8,-0.000134953096567191,7.92033398227822e-05,0.0287207272953105,-0.00100725679679351,-0.00248918355202924,-5.0580911650222e-06,1.8072904281767e-05,-0.00141305160764819,-0.00103295334708861,0.360354915483972,-0.240662938407002,0.000589441844013094,0.0301191786657313,0.707233190536499,0.0293979719281197,0.00966964662075043,0.291708469390869,1.5859375
0.801,-0.000134885232207666,7.77925351424314e-05,0.0287195955044918,-0.000883655521856125,-0.00258379676999829,-4.8724041148418e-06,0.000116843784444452,-0.00140967288746776,-0.00122953597356466,-0.139627182214812,0.0757254900586486,-0.000268005088988438,0.0301191786657313,0.696323096752167,-0.200076133012772,0.0372700542211533,0.0649143680930138,1.5859375
0.802,-0.000134730353270408,7.6384124421462e-05,0.0287183901979251,-0.0012063526401594,-0.00234472929484579,-5.48005743761237e-06,0.000194275105468398,-0.00140556673695549,-0.00118055941856437,-0.415438587730242,0.339148411378621,-0.000790856556747293,0.0301191786657313,0.789964437484741,0.0839105173945427,-0.300534427165985,0.345858752727509,1.5859375
0.803,-0.000134367484849057,7.49863528910495e-05,0.0287171490599371,-0.00151357916812696,-0.00234861388175187,-5.88515323807215e-06,0.000530710684677609,-0.00138850174900614,-0.00130076453983781,-0.114314440970629,-0.342804929062501,0.000103288535758332,0.0301191786657313,0.526556611061096,-0.180144086480141,0.180346786975861,0.468049645423889,1.5859375
0.804,-0.000133885711142419,7.34964709144168e-05,0.0287157666312841,-0.00162545461292433,-0.00237677519889373,-6.04615191512892e-06,0.000433006086056648,-0.00159051212522362,-0.0014629985217017,-0.075212679343355,0.293970699367505,-0.000393070687496737,0.0301191786657313,0.662734985351562,-0.0120333544909954,-0.188089907169342,0.107352659106255,1.5859375
0.805,-0.00013335377824428,7.19570182716527e-05,0.0287143423607,-0.00126498263021995,-0.00222386524856095,-5.76982636601997e-06,0.000631638986341451,-0.00149114383120719,-0.00138494138436337,0.704476983646682,-0.0264119560358265,0.000841482682140632,0.0301191786657313,0.482370913028717,-0.0362653397023678,0.0117190554738045,0.452740907669067,1.5859375
0.806,-0.000132730514415838,7.0399547460693e-05,0.0287129034908242,-0.000793635247329183,-0.00216449050214135,-5.26086602103959e-06,0.000615439163297134,-0.00162686995635619,-0.00149190610036116,0.119453604500455,0.131280874894796,5.05543493020277e-05,0.0301191786657313,0.792821168899536,0.147965848445892,-0.166155606508255,0.144726485013962,1.5859375
0.807,-0.00013198107561644,6.88421516351851e-05,0.02871135851135,-0.000747148342396552,-0.00234596940163991,-5.16615743562099e-06,0.000881904711503343,-0.00148891850331474,-0.00159697640308553,-0.0333185217150975,-0.442229185468561,0.000104043707289625,0.0301191786657313,0.468865811824799,0.178080976009369,0.265708118677139,0.158913567662239,1.5859375
0.808,-0.000131187570990424,6.7426002804933e-05,0.0287096657259421,-0.000826009336616793,-0.00233614997009278,-5.31224328526037e-06,0.000705636340552992,-0.00134348305810977,-0.00178741119159255,-0.0988140927903178,0.460557202640785,-0.000368500768899179,0.0301191786657313,0.885490536689758,0.135556295514107,-0.0161786526441574,-0.171879455447197,1.5859375
0.809,-0.000130364680515709,6.62385967853016e-05,0.028707853511275,-0.000694124579779649,-0.00210346900111148,-5.29907341872971e-06,0.00094135016477145,-0.0010330253921096,-0.00183599694269139,0.330708985923453,-0.0530465688568143,0.00036654761720232,0.0301191786657313,0.607564687728882,0.0496326200664043,0.163214504718781,0.598265290260315,1.5859375
0.81,-0.000129434476502743,6.51102748943597e-05,0.0287058335611297,-0.000891469715778424,-0.00211089992112939,-5.56018946262782e-06,0.000919289167599111,-0.00122232580982255,-0.00220212624006142,-0.667357374769655,0.0431180475048634,-0.000826069416838999,0.0301191786657313,0.267539203166962,0.198604121804237,0.0970971062779427,-0.0069547425955534,1.5859375
0.811,-0.00012860498077963,6.4017646815573e-05,0.028703686435042,-0.00119687920463448,-0.00183759967542272,-6.11337567812953e-06,0.000741964486207639,-0.000961889688354612,-0.00209124085581879,0.139230348307801,0.432985330244514,-0.000178221396205789,0.0301191786657313,0.48687869310379,0.0727613195776939,-0.0861359685659409,0.0157108157873154,1.5859375
0.812,-0.000127830169013776,6.31422710075662e-05,0.0287016740122087,-0.000770283120137227,-0.00171389760905645,-5.83242776741599e-06,0.000808464508520562,-0.000792076644277512,-0.00193291565992057,0.602869831735286,-0.214163547697754,0.000620517308558026,0.0301191786657313,0.541554987430573,0.024427842348814,0.0911510437726974,0.11603769659996,1.5859375
0.813,-0.000127024955481204,6.23837892192712e-05,0.0286997443423963,-0.000374468656239314,-0.00208437379700796,-5.36684055951753e-06,0.000799903867549588,-0.000727631870355278,-0.00192540837826261,0.0880129751912247,-0.425622308290562,0.000152126887263215,0.0301191786657313,0.634381413459778,0.290838837623596,0.0235275030136108,-0.0594587102532387,1.5859375
0.814,-0.000126188373149988,6.18129187315778e-05,0.028697793105691,-0.00034247647594567,-0.00246284175552318,-5.29201119148226e-06,0.000870976354948534,-0.000415215550003061,-0.00197588339010082,-0.0302952146019849,-0.229333147657723,-3.33609109476474e-05,0.0301191786657313,0.607131600379944,0.500232458114624,-0.199370980262756,0.0466033443808556,1.5859375
0.815,-0.000125227993422723,6.15840921473384e-05,0.0286957772055174,-0.000353906533209194,-0.00255168218447535,-5.32626124183366e-06,0.00104909238145842,-4.32466321928332e-05,-0.00205468262242824,0.011061046702218,0.077543418486132,-3.50849218481485e-05,0.0301191786657313,0.499937415122986,0.0688154846429825,-0.204893201589584,0.0108012706041336,1.5859375
0.816,-0.000124118623253911,6.16135406591117e-05,0.0286938463220215,-0.000579707298936518,-0.00226519029725854,-5.72860322245461e-06,0.00117144607587809,0.000103233708339436,-0.00180662439729592,-0.401943348728583,0.422347631698323,-0.000667602207686081,0.0301191786657313,0.817751884460449,0.313575178384781,-0.1092139929533,0.148412227630615,1.5859375
0.817,-0.000122814658328971,6.18257965982116e-05,0.0286919468462475,-0.000901241319492791,-0.00206161593952822,-6.21679512580187e-06,0.00143739222994391,0.000322740828319012,-0.00199091719594488,-0.157849726046901,-0.0631004318249225,-0.000182249909395324,0.0301191786657313,0.477909713983536,0.0848678648471832,-0.0199881251901388,0.394758373498917,1.5859375
0.818,-0.000121366654666474,6.21250003018474e-05,0.0286899298049623,-0.00113358906061902,-0.002064107222408,-6.51584289101947e-06,0.00145892829021722,0.000277258356538724,-0.00204200088175515,-0.246217412994147,0.0633347168696405,-0.000352702227137419,0.0301191786657313,0.575055360794067,0.131076201796532,-0.149049013853073,0.35986453294754,1.5859375
0.819,-0.00011983012455211,6.24065004158412e-05,0.0286878713403466,-0.00122361823264231,-0.00210467666409541,-6.62469835965851e-06,0.00161392544551988,0.00028634947162069,-0.00207377169505797,0.0883476717441412,-0.128110703434652,0.000152208370791082,0.0301191786657313,0.558498799800873,0.0874897614121437,-0.0650164932012558,-0.161600679159164,1.5859375
0.82,-0.000118169105261009,6.28344228638849e-05,0.0286859206515524,-0.000678672157205312,-0.0021814376478436,-5.96855521406425e-06,0.00170789549578352,0.000565768964888161,-0.00182701753956999,0.854231390339912,0.000272436646705953,0.00098432386204778,0.0301191786657313,0.491451591253281,0.254771679639816,0.105185337364674,0.199690744280815,1.5859375
0.821,-0.000116480485814496,6.34733942645508e-05,0.0286840443337082,-6.35254293892327e-05,-0.00194304785697496,-5.31827288163811e-06,0.00167135789234945,0.000708146157451568,-0.00192434669066721,0.212652105059524,0.417539093160343,0.000177077949717952,0.0301191786657313,0.516082882881165,0.0993198528885841,-0.143555045127869,-0.281274199485779,1.5859375
0.822,-0.000114743434292169,6.43434183319533e-05,0.0286823124464121,-0.000136022769658755,-0.00170743117894169,-5.42248706558723e-06,0.0018043422474235,0.00103182814293749,-0.00153944337546357,-0.339925703402417,-0.00198335638145672,-0.000351691692265588,0.0301191786657313,0.327559590339661,0.375953435897827,-0.0728766620159149,0.0865910798311234,1.5859375
0.823,-0.000112944035786065,6.55154050407786e-05,0.0286808211881138,-0.00065642142229021,-0.00176563947820221,-5.93532358239557e-06,0.00179456558541468,0.00131561778662083,-0.00144234008366475,-0.566260315283832,-0.0930146158860108,-0.000547914573283546,0.0301191786657313,0.143928840756416,0.107415422797203,0.074080690741539,-0.042246263474226,1.5859375
0.824,-0.000111250340282812,6.69418743294549e-05,0.0286795485493489,-0.00109037406721835,-0.00161762021789375,-6.46611188814816e-06,0.00159453409230519,0.00153995210382323,-0.00110288788044695,-0.191789240791409,0.354488908670936,-0.000415757276683536,0.0301191786657313,0.630503177642822,0.000723853707313538,0.147758632898331,0.262680739164352,1.5859375
0.825,-0.000109631050083062,6.84794619789121e-05,0.0286784095459656,-0.00123202852986678,-0.00150309030519521,-6.68888646515597e-06,0.00164503186508814,0.00153648922728072,-0.00117433843533127,-0.0595503506493435,-0.148835872197776,1.69280413982305e-05,0.0301191786657313,0.226765289902687,0.306371778249741,-0.0904211103916168,0.300346910953522,1.5859375
0.826,-0.000108008207371303,7.00942289167359e-05,0.0286772824447525,-0.0010161095186911,-0.00171261251898131,-6.39585802986176e-06,0.00159986834599483,0.00169186453197647,-0.00107942659570042,0.427758281054548,-0.209091059132141,0.000482741375213431,0.0301191786657313,0.243576839566231,0.0128011852502823,0.550352334976196,0.296548545360565,1.5859375
0.827,-0.000106613040699065,7.17754167595997e-05,0.0286761507250077,-0.000779994201409471,-0.00141438399400269,-6.34025562318286e-06,0.00119348601367845,0.00166954625430164,-0.00118319707130386,-0.0227392055840948,0.728982023291699,-0.000362654638507895,0.0301191786657313,0.198604017496109,-0.0315366387367249,-0.492655545473099,0.173516437411308,1.5859375
0.828,-0.000105326277684683,7.34584202284572e-05,0.0286752679531491,-0.00100323178378673,-0.00122807015511392,-6.59589792340043e-06,0.00138110596555249,0.00169822065902288,-0.000583193228342576,-0.369078296914498,-0.399119882750729,-6.24745677528288e-05,0.0301191786657313,-0.0655961483716965,0.039793960750103,0.361970901489258,-0.00726909935474396,1.5859375
0.829,-0.000104176660684954,7.52489708356678e-05,0.0286748488823082,-0.00118534747149571,-0.00129075345328956,-6.72709002724758e-06,0.000919170604590114,0.0018839996125211,-0.000255530336074577,0.0459674438994241,0.29214118656239,-0.000190727416183661,0.0301191786657313,0.534049928188324,-0.154860347509384,0.237764894962311,0.3668352663517,1.5859375
0.83,-0.000103276111643952,7.7062835278465e-05,0.0286745802372033,-0.00132237137090304,-0.00126510467804572,-6.86632718505109e-06,0.000882373918992846,0.00174523595107971,-0.000281568554326257,-0.289071078791428,-0.243950117545678,-5.72459312732187e-05,0.0301191786657313,0.266441851854324,-0.00659901089966297,0.336040943861008,0.509692490100861,1.5859375
0.831,-0.000102519327860633,7.87450821858376e-05,0.0286742511175122,-0.00163532443358485,-0.00141318442299418,-7.0161256870982e-06,0.000631094154334595,0.00162190612025579,-0.000376240360390582,-0.25986256219922,-0.011283274063546,-0.000224601859512744,0.0301191786657313,0.268653929233551,0.249141246080399,0.21782560646534,0.32548451423645,1.5859375
0.832,-0.000101979398725808,8.04370529649271e-05,0.0286738395060666,-0.00143816935350893,-0.00135504019899054,-6.95187038290968e-06,0.000449478052849363,0.00176109282620783,-0.000446690054680075,0.595151227653014,0.113741977481902,0.000317964831862581,0.0301191786657313,0.262066900730133,-0.151706948876381,0.524282991886139,0.390538066625595,1.5859375
0.833,-0.000101709871724576,8.2127122740923e-05,0.0286733682529614,-0.00104310926234908,-0.00103695254000549,-6.91490478654799e-06,9.24021714798712e-05,0.00161738692021327,-0.000495473406875705,0.0859153803155252,0.438116389222099,-0.000234724522584046,0.0301191786657313,0.431347727775574,0.0684189721941948,0.240979418158531,0.226941496133804,1.5859375
0.834,-0.000101659888441653,8.37822128521418e-05,0.0286728653032099,-0.00106587537382491,-0.000983814794193388,-6.98876589000363e-06,8.07886807411486e-06,0.00169320297940302,-0.000510136465650457,-0.130325077543958,-0.343985396418294,9.70773232151812e-05,0.0301191786657313,0.413853526115417,-0.196931838989258,0.0429247170686722,0.354078769683838,1.5859375
0.835,-0.000101646018363372,8.54032214159201e-05,0.0286724481192084,-0.00150613360184219,-0.00167358861916791,-6.86915602932103e-06,1.53910755439656e-05,0.00155224906261042,-0.000324360980432627,-0.637463353105704,-0.851158895300476,8.41589060948406e-05,0.0301191786657313,-0.162722408771515,0.0582067742943764,0.205751582980156,0.617034256458282,1.5859375
0.836,-0.000101851020736723,8.68926249040057e-05,0.0286721861311383,-0.00205620932917703,-0.00178513393451391,-7.39148092199216e-06,-0.00042500795083592,0.00143064138042478,-0.0001997466652664,-0.323083415800461,0.652630358648404,-0.00108458208919887,0.0301191786657313,0.346462577581406,-0.0784634947776794,0.193938419222832,0.305089294910431,1.5859375
0.837,-0.000102340478984857,8.83183707851856e-05,0.0286720368832886,-0.00188396010974521,-0.00103326362653694,-8.17234983330195e-06,-0.000549102795021565,0.00142018765978302,-9.89320663717995e-05,0.614939548433879,0.649679570419053,-0.000357747894777104,0.0301191786657313,0.23443129658699,-0.318634837865829,-0.302681684494019,0.261089444160461,1.5859375
0.838,-0.00010283237368466,8.96712427671981e-05,0.0286722377239747,-0.0012508568572095,-0.00103923746439224,-7.92457390819123e-06,-0.000435138641164429,0.00128239283640354,0.00049898083914997,0.479934202857703,-0.658121037868836,0.000686402883318715,0.0301191786657313,0.126661241054535,-0.056293822824955,0.620469808578491,0.404020041227341,1.5859375
0.839,-0.000103514413674818,9.09113411856396e-05,0.0286726938637149,-0.0010949956641681,-0.0013794663886958,-7.65191916674013e-06,-0.00092998260740254,0.00119738726603969,0.000413228264299453,-0.211493982842138,0.0632896635157763,-0.000234660727027512,0.0301191786657313,0.338984847068787,0.205297887325287,0.181963473558426,0.419057965278625,1.5859375
0.84,-0.000104505236689214,9.2140173906048e-05,0.0286730509736492,-0.00142268833581216,-0.00137155397656125,-7.93730653647629e-06,-0.00105161423165372,0.00126247432198855,0.000301043295998095,-0.360883758278541,-0.0525538855814225,-0.00026697484886217,0.0301191786657313,0.30060338973999,-0.179468154907227,0.247592955827713,0.171187430620193,1.5859375
0.841,-0.000105650146635985,9.34017481021511e-05,0.0286734632514259,-0.00172852266929812,-0.00139504776382337,-8.18696795779061e-06,-0.00123815632050905,0.00126285149186444,0.000522723719935567,-0.174810196833256,0.00785285446789095,-0.000177939388131322,0.0301191786657313,0.0449233651161194,0.196585893630981,0.0416759513318539,0.504441261291504,1.5859375
0.842,-0.000106995710066892,9.46814635906907e-05,0.0286740274170331,-0.00167908329640727,-0.0013269972601092,-8.25304645557523e-06,-0.00145273080918319,0.00129658022952612,0.00060523380804675,0.25599122383958,0.105710930736691,5.16564472948923e-05,0.0301191786657313,0.206656634807587,-0.0280361920595169,0.144538432359695,0.437408745288849,1.5859375
0.843,-0.00010853897774007,9.59469738360092e-05,0.0286746813475533,-0.0014465586673373,-0.00128646835618577,-8.16139687298545e-06,-0.0016335509488645,0.00123348709804008,0.000702046133727854,0.143857502726474,-0.040017351310948,9.57997170188166e-05,0.0301191786657313,0.0341461896896362,-0.214978203177452,-0.039459802210331,0.324161171913147,1.5859375
0.844,-0.000110261871404532,9.71267531538639e-05,0.0286756131115141,-0.00150893058966152,-0.00139550596046935,-8.15963726763513e-06,-0.00181297331505435,0.00112698993814958,0.00116001875563651,-0.255039159538493,-0.154482217672727,-0.000104366645553258,0.0301191786657313,0.131827726960182,-0.0527828261256218,-0.206153199076653,0.547816634178162,1.5859375
0.845,-0.000112091144008833,9.81865050113683e-05,0.0286769145433053,-0.00188897368718051,-0.00170603114748672,-8.22653154752828e-06,-0.00184784815310589,0.000995462788223809,0.00144150836950419,-0.407442861928215,-0.38974424510053,-1.46173575894597e-05,0.0301191786657313,0.619321584701538,0.225243076682091,0.271591067314148,0.339582562446594,1.5859375
0.846,-0.000113959808438555,9.92610167200901e-05,0.0286782070180212,-0.00182025425378967,-0.00202846717283288,-7.8358082582497e-06,-0.00189184361021583,0.00115300899233321,0.00114352701543656,0.52055552353345,-0.176447916207244,0.000716840959400479,0.0301191786657313,0.53544545173645,-0.0191045552492142,0.105040356516838,0.453824609518051,1.5859375
0.847,-0.000115854387085031,0.000100384774962647,0.0286793065357659,-0.00133617102209474,-0.00203313914448244,-7.31471365522651e-06,-0.00189781231681036,0.00109198929387453,0.00105511699602409,0.316671799885094,0.161155659444477,0.00019803958523303,0.0301191786657313,0.435223579406738,0.0898110568523407,-0.229338675737381,0.306975096464157,1.5859375
0.848,-0.000117687338520525,0.000101516331428656,0.0286804468275029,-0.00117501069684097,-0.00193791986422583,-7.24070046542735e-06,-0.00176828066686207,0.00117025214082199,0.00122446961755396,-0.0396730920284363,-0.00139818079213315,-7.75768129382492e-05,0.0301191786657313,0.546464502811432,-0.14496161043644,0.0458301827311516,0.228318125009537,1.5859375
0.849,-0.000119439424597554,0.000102681030883472,0.0286817340679899,-0.00150125630915913,-0.00194601305684536,-7.61765207579757e-06,-0.00173640262991901,0.00116143369640246,0.00134932426339729,-0.530327304616737,-0.0184428927299153,-0.000585925644977389,0.0301191786657313,0.429208606481552,-0.0426552705466747,-0.130287647247314,0.348799824714661,1.5859375
0.85,-0.00012114391863013,0.000103840915694488,0.0286831640854564,-0.00200309968031772,-0.00200900393360498,-8.13174547698026e-06,-0.00167356245460229,0.00116171439248337,0.00150961757509817,-0.344649344477795,-0.0962713781081529,-0.000309670183861134,0.0301191786657313,0.451889902353287,-0.0469832420349121,0.073301762342453,0.335000902414322,1.5859375
0.851,-0.000122840483645183,0.000105011240453721,0.0286846937424771,-0.00202629121442909,-0.00198893629887744,-8.21734942757502e-06,-0.0017197649343607,0.00117933088928569,0.00154879147542018,0.298782304186709,0.124859204075306,0.000150349684495972,0.0301191786657313,0.59765762090683,-0.343947023153305,-0.0349318981170654,0.61760812997818,1.5859375
0.852,-0.000124509961265453,0.000106029941619536,0.0286862567312467,-0.00193690594640997,-0.00199749922224746,-8.14964375983607e-06,-0.00161989643175986,0.000858504309349009,0.00157629860933268,-0.145965287731173,-0.144620493867638,-4.26657098421108e-05,0.0301191786657313,0.664329707622528,-0.140875488519669,0.137708723545074,0.610547780990601,1.5859375
0.853,-0.000126112599056042,0.000106789658130187,0.0286877230736115,-0.00212088346358591,-0.0021562576510531,-8.2194801955815e-06,-0.00158685483913453,0.000662773195286064,0.00135625100873374,-0.17598120201462,-0.136380975927181,-8.57693625297952e-05,0.0301191786657313,0.496255666017532,-0.114884912967682,-0.0877939313650131,0.550644159317017,1.5859375
0.854,-0.000127669570827104,0.000107382744435302,0.0286890855485447,-0.00214906564273793,-0.00224152990735324,-8.18803576496663e-06,-0.00152816331140935,0.000524087584023702,0.0013679679856681,0.124161694763757,-0.0171783740726073,0.000136100807844885,0.0301191786657313,0.813820958137512,-0.304730474948883,0.153730571269989,0.564764618873596,1.5859375
0.855,-0.000129148169954688,0.000107776644902053,0.0286903525473595,-0.00206848209298073,-0.00225526322536319,-8.10953114305235e-06,-0.00142973864310844,0.000263960912161802,0.00116585511321437,0.0147352656501944,-0.0116287232617301,-5.03655841797734e-06,0.0301191786657313,0.596960246562958,-0.298248827457428,-0.049157340079546,0.503789901733398,1.5859375
0.856,-0.00013053395450729,0.000107930277383457,0.0286915464507874,-0.00208066949541367,-0.00224707227899195,-8.17021662236073e-06,-0.00134229871264081,4.38200054549466e-05,0.0012212246958061,-0.0363520854510153,0.021155605365265,-0.000105159600481075,0.0301191786657313,0.632611215114594,0.104979753494263,0.499514400959015,0.45607802271843,1.5859375
0.857,-0.000131979972026763,0.000107992982012322,0.0286925295717897,-0.00183758810179221,-0.00191097098724309,-8.29386845113689e-06,-0.00154722661574393,7.99699737235589e-05,0.000746285712209226,0.455765604048566,0.55467618933559,-0.000117621039628922,0.0301191786657313,0.918462634086609,0.0679699778556824,0.0854954868555069,0.39047247171402,1.5859375
0.858,-0.000133422431279573,0.000108093781407978,0.0286931033571871,-0.00136590920830164,-0.00186949454900442,-7.92614237843381e-06,-0.00133832340872706,0.000118685053204273,0.000401809379397471,0.36317994465871,-0.484684614537082,0.000696546981087594,0.0301191786657313,0.681907057762146,-0.0190691500902176,-0.227308735251427,0.351828247308731,1.5859375
0.859,-0.000134640800396089,0.000108213544054272,0.0286935192676279,-0.00131284789355759,-0.00269070348912608,-7.34812661473683e-06,-0.00110432937602446,0.000120545789568823,0.00042983978572849,-0.269846762232125,-0.943520255911417,0.000242544258177605,0.0301191786657313,0.771144032478333,0.0945908650755882,0.020202673971653,0.220265537500381,1.5859375
0.86,-0.000135687244225193,0.000108407974960145,0.0286938731209919,-0.00161681229295656,-0.00321507976150897,-7.48501892022801e-06,-0.000992334382544229,0.000269831525486806,0.000278143233935297,-0.2587656475686,0.0268093893099036,-0.000517310888467511,0.0301191786657313,0.943098366260529,0.0766285210847855,0.077190488576889,0.492229700088501,1.5859375
0.861,-0.000136591833328828,0.000108672680340841,0.0286939430513981,-0.00190594561998614,-0.00273806844590084,-8.47621701760559e-06,-0.00081437243560409,0.000261435160119138,-0.000137763768486888,-0.243688314215357,0.796308471457976,-0.00123409307339813,0.0301191786657313,0.978278756141663,-0.087823323905468,-0.555557012557983,0.452751636505127,1.5859375
0.862,-0.000137115411455584,0.000108898829012335,0.028693822045905,-0.00206350516015412,-0.00243164218376004,-9.06050210547349e-06,-0.000232513351294053,0.000192053880047176,-0.000104323862780187,-0.0312658037245899,-0.262953685677062,0.000216872298949571,0.0301191786657313,0.317890703678131,-0.209425330162048,-0.17659330368042,0.577146887779236,1.5859375
0.863,-0.000137357683466081,0.000108986758941459,0.0286938078778541,-0.00211487781173249,-0.00244773583462844,-9.15161837822254e-06,-0.000252142263336177,-1.53527218210628e-05,7.5565915074967e-05,-0.0581182987933358,0.232943947579798,-0.000385853708843518,0.0301191786657313,0.76740288734436,-0.125475749373436,0.209218263626099,0.216490477323532,1.5859375
0.864,-0.000137599357193619,0.000108994771459048,0.0286938174342628,-0.00185648781259686,-0.00214265790073444,-9.21223377892133e-06,-0.000229478044068277,2.95786541164343e-05,-5.58512521577813e-05,0.503372150225992,0.295014161898054,0.000251535248079201,0.0301191786657313,0.428895533084869,-0.187677815556526,-0.0671176761388779,0.523525595664978,1.5859375
0.865,-0.000137830901665369,0.000108935290374581,0.0286937990604851,-0.00159423829452037,-0.00194323237772199,-9.14183308564631e-06,-0.000232447322573769,-0.000149701600424477,1.88838577165715e-05,-0.0462242020084028,0.0512422187293755,-0.000132699983882347,0.0301191786657313,0.544797480106354,-0.10647851228714,-0.257468581199646,0.248530402779579,1.5859375
0.866,-0.000137975923556411,0.000108798110571045,0.0286939299496686,-0.00168713258534713,-0.00226556359875251,-8.99444020552309e-06,-6.0464690515245e-05,-0.000124248553067369,0.00024177643744764,-0.114124908489274,-0.607346895787972,0.000380453126847365,0.0301191786657313,0.244151785969734,0.163893610239029,0.160485923290253,0.236949056386948,1.5859375
0.867,-0.000138164182587028,0.000108768941596878,0.0286941749729394,-0.00158773242877757,-0.00239973122430208,-8.77148456490673e-06,-0.000316352579869963,6.48675026185294e-05,0.000248128113069745,0.285710188986882,0.371722612334981,1.36592891205984e-05,0.0301191786657313,0.7520592212677,-0.0295763947069645,-0.000207901000976562,0.486385434865952,1.5859375
0.868,-0.000138412582345393,0.000108797034422931,0.0286943189395156,-0.00154788523319001,-0.00215296900130885,-8.96128160432497e-06,-0.000179339019636698,-8.73107078108275e-06,4.02201830662582e-05,-0.215222777441004,0.0568023765711964,-0.000340021876457231,0.0301191786657313,0.652471423149109,-0.170757070183754,0.167684882879257,0.405563294887543,1.5859375
0.869,-0.000138599451179716,0.000108736261096493,0.0286942964134381,-0.00195049991740352,-0.00213926462646999,-9.48166648573334e-06,-0.000194329073305419,-0.000110146487376925,-8.4941153207794e-05,-0.482798959771944,-0.0334135184810959,-0.000567783644759732,0.0301191786657313,0.608597755432129,-0.00936081819236279,0.27403911948204,0.318940579891205,1.5859375
0.87,-0.000138844791517607,0.000108653049530255,0.0286941093936367,-0.00211993781557574,-0.00210822169758017,-9.75543841086335e-06,-0.000295995868202723,-5.53843817351518e-05,-0.00028853802979812,0.187588870065875,0.0861683611655815,7.80521822531963e-05,0.0301191786657313,0.401828467845917,-0.0287329703569412,-0.113889902830124,0.526530027389526,1.5859375
0.871,-0.000139138497420288,0.000108559233209517,0.0286938332318431,-0.00181531830786368,-0.00211319505665346,-9.44196485397342e-06,-0.000291533524445321,-0.000133961489472908,-0.000263726328346352,0.341074238518067,-0.0952930638041406,0.000450554268457739,0.0301191786657313,0.693104565143585,-0.01186303794384,0.169180661439896,0.533907830715179,1.5859375
0.872,-0.000139426482191007,0.000108382760205781,0.0286934166383724,-0.00159780972448515,-0.00227727807624348,-9.0727867876339e-06,-0.000285538285996854,-0.000220151676284404,-0.000568517497772462,0.0378611988561625,-0.190172794340354,0.000174877913067403,0.0301191786657313,0.775087118148804,-0.105766221880913,0.40209111571312,0.358244925737381,1.5859375
0.873,-0.000139755818006078,0.000108141241982899,0.028692682616892,-0.00169829671689128,-0.0023118767976817,-9.21023791411457e-06,-0.000373257149143709,-0.000262245947574385,-0.000898458901061115,-0.210845195979201,0.128437773051801,-0.000424662405092504,0.0301191786657313,0.911246299743652,0.11663131415844,0.103791832923889,0.528914332389832,1.5859375
0.874,-0.000140046034853384,0.000107875482074614,0.0286915578775099,-0.00189095438420237,-0.00236821469018948,-9.43308119927266e-06,-0.00020798139770275,-0.000268143300131936,-0.0013493831164717,-0.122737080753614,-0.226214652445046,3.65074237788401e-05,0.0301191786657313,0.413771539926529,-0.0259519070386887,0.250391393899918,0.247961074113846,1.5859375
0.875,-0.000140360500074835,0.000107646679824963,0.0286901950629221,-0.00178054743479986,-0.00221961314088783,-9.48100939757168e-06,-0.000419650159339323,-0.000190364707287686,-0.00137548491598319,0.314055507037708,0.481335187262376,-0.000126024471074777,0.0301191786657313,0.491631507873535,-0.15358068048954,-0.235802426934242,0.564302861690521,1.5859375
0.876,-0.000140717959492214,0.000107364193765208,0.0286888731289927,-0.00170674938259624,-0.00199940363368613,-9.63790782160245e-06,-0.000294339228706394,-0.000374667226667062,-0.00126799462724096,-0.183567835210359,-0.0984100975457635,-0.000147311449527354,0.0301191786657313,0.421440184116364,0.0444966703653336,0.0275364257395267,0.336274683475494,1.5859375
0.877,-0.000141046170399302,0.000107021099002314,0.0286876125569036,-0.00177748291428574,-0.00215746574682941,-9.60177856068611e-06,-0.000362979111599307,-0.000311325190112755,-0.0012525169396134,0.0613337760209896,-0.176765855899975,0.000205984929847258,0.0301191786657313,0.679429113864899,-0.134242013096809,-0.166845723986626,0.225466057658195,1.5859375
0.878,-0.000141316649210303,0.00010672123367366,0.0286864343209725,-0.00164995677757864,-0.00256803004869422,-9.09074735977455e-06,-0.000181010028196357,-0.00028930983606646,-0.00110364172962454,0.160747505194137,-0.53549514525112,0.000670966763396859,0.0301191786657313,0.407258689403534,-0.150030076503754,-0.113617822527885,0.721800565719604,1.5859375
0.879,-0.00014150645738465,0.000106293394147672,0.0286853347004231,-0.00187825501156365,-0.00275520696427823,-9.31031493056622e-06,-0.00019976445990398,-0.000564473684868787,-0.00109499666224712,-0.553649420447378,0.208565837518078,-0.00108769737690013,0.0301191786657313,0.686945557594299,0.102717772126198,-0.20882374048233,0.0820427238941193,1.5859375
0.88,-0.000141606881061322,0.000105854357401901,0.0286843002484133,-0.00189333934981833,-0.00250114458424658,-9.65957826082331e-06,-4.33408325930982e-08,-0.000314242299954783,-0.000973700830938108,0.525972911748077,0.232125812932781,0.000440192337418495,0.0301191786657313,0.671067774295807,-0.0152983665466309,-0.218019545078278,0.333792269229889,1.5859375
0.881,-0.00014150506742519,0.000105552987940614,0.0286833597301988,-0.0013222749493656,-0.00239822085393382,-9.03903718540988e-06,0.000203809787310626,-0.000292110017276596,-0.000907055866509491,0.4668730227363,-0.0522408306903381,0.00061105626272116,0.0301191786657313,0.320833295583725,0.0809385702013969,-0.285417586565018,0.379245489835739,1.5859375
0.882,-0.000141280476199184,0.000105280115652478,0.0286825621463281,-0.00115027463281464,-0.00238214767170697,-8.86113734122063e-06,0.000245431839207022,-0.000254847971408996,-0.00068820642198117,-0.165966372190028,0.0805716669958809,-0.00030635222271303,0.0301191786657313,0.170841246843338,0.403422296047211,-0.24295112490654,0.385343968868256,1.5859375
0.883,-0.000141067781079727,0.000105136308593002,0.0286819214310374,-0.00137223922243971,-0.00214639233019703,-9.34229220872496e-06,0.000181585269870963,-3.19180597947539e-05,-0.000593117144271607,-0.218435643386442,0.328665269982383,-0.000542681436592357,0.0301191786657313,0.485009878873825,-0.226271420717239,-0.192643895745277,0.332099080085754,1.5859375
0.884,-0.000140839164743583,0.000105052737097265,0.028681468002622,-0.00184774502646069,-0.00206141084681522,-9.97728658092001e-06,0.000276007089213674,-0.000132108011781492,-0.000314118056537884,-0.605455000788612,-0.179208462402962,-0.000540722756357595,0.0301191786657313,0.555370151996613,0.16340808570385,0.487682580947876,0.153401002287865,1.5859375
0.885,-0.000140692416239334,0.000105040928600927,0.0286810232051469,-0.00192618675941722,-0.00203974903326615,-1.01319390664045e-05,1.82919007252646e-05,0.000108375065818901,-0.000574607246290634,0.466525210945654,0.216248221330974,0.000253659365400474,0.0301191786657313,0.612111568450928,0.114307671785355,-0.365917235612869,0.657798886299133,1.5859375
0.886,-0.000140537736502809,0.000105106774633241,0.0286804193465799,-0.00150842521880092,-0.00231057300196178,-9.46126317291629e-06,0.000288859797621022,2.09351790608101e-05,-0.000632662527553411,0.258297980648552,-0.683477706405558,0.000851024540246847,0.0301191786657313,0.524174630641937,-0.101449221372604,-0.119333662092686,0.499765366315842,1.5859375
0.887,-0.00014021876948179,0.000105062917380819,0.0286798167531438,-0.00156432241666557,-0.00285937971183809,-9.15346174279463e-06,0.000345654786528568,-0.00010800913634566,-0.000572288036114109,-0.353552218017756,-0.268785106258469,-0.0003632112641791,0.0301191786657313,0.634681642055511,-0.128439158201218,-0.0987308174371719,0.188810661435127,1.5859375
0.888,-0.000139823978991991,0.000104976025608999,0.0286793323727274,-0.001851906229627,-0.00277691615370802,-9.73476189036759e-06,0.000444305851058016,-6.41481788124092e-05,-0.000396631291796385,-0.145718871186532,0.411448449070285,-0.000678758132991266,0.0301191786657313,0.920392334461212,0.0228634439408779,0.00245979428291321,0.364270567893982,1.5859375
0.889,-0.000139271057305197,0.00010492861219711,0.0286788275437807,-0.00181014494210241,-0.00236571329776727,-1.01433401549222e-05,0.000663703810664935,-3.10270813008337e-05,-0.000612308508755056,0.217414021046623,0.304049315499406,-6.03765221110004e-05,0.0301191786657313,0.704079270362854,-0.45797660946846,-0.0480093955993652,0.362823367118835,1.5859375
0.89,-0.000138541234436839,0.000104773976752426,0.0286783161784613,-0.00182442273611,-0.00219126319237382,-1.03670853008886e-05,0.000796873910985096,-0.000277575627334959,-0.000410679340775514,-0.240426324992413,0.00190903358204173,-0.000330692772379108,0.0301191786657313,0.652292490005493,0.121007636189461,-0.579874753952026,0.286144345998764,1.5859375
0.891,-0.000137537534984,0.000104565186608435,0.0286780293562821,-0.00175138712403506,-0.00266047219452962,-9.8298801143315e-06,0.00120769576605521,-0.000140580282209661,-0.000162862392636848,0.367538888807956,-0.81198001237021,0.00127265082886147,0.0301191786657313,0.626589119434357,0.15254981815815,0.282906532287598,0.684687972068787,1.5859375
0.892,-0.000136388640014465,0.000104381490658896,0.0286776371968467,-0.00152011546744255,-0.00285993845128326,-9.32026808886377e-06,0.00108946098817526,-0.000228057791437416,-0.000620112938838795,0.0355389787409097,0.466013135542233,-0.000372137790991759,0.0301191786657313,1,-0.163577049970627,-0.165575757622719,0.589559555053711,1.5859375
0.893,-0.000135117230845449,0.000104044923764759,0.0286769279491635,-0.00183271915034525,-0.0024795516009208,-1.01353963404271e-05,0.00145532842743195,-0.000442816784948513,-0.000797700936614907,-0.575259565923107,0.198303518579249,-0.00101909849033491,0.0301191786657313,0.637703537940979,0.0636034533381462,-0.212918236851692,0.160037100315094,1.5859375
0.894,-0.00013356545958264,0.000103691598998778,0.028676208080353,-0.00195376047112229,-0.00233014191235113,-1.05012840592167e-05,0.00164904417562749,-0.000263639775168728,-0.000642068407385666,0.363681304494725,0.0665626259603048,0.00035252900151407,0.0301191786657313,0.560727894306183,-0.0271963849663734,0.407236635684967,0.201472699642181,1.5859375
0.895,-0.000132017955733708,0.000103474819845549,0.0286755054187884,-0.00136555590529411,-0.00192510086263559,-1.02031666062707e-05,0.00144932462943846,-0.000173759839426531,-0.000762645446231884,0.656738855147951,0.63965186022626,0.000174101752102445,0.0301191786657313,0.565717220306396,0.065747544169426,-0.327881991863251,0.457819104194641,1.5859375
0.896,-0.000130445426051357,0.000103290904147981,0.0286747923934462,-0.00106646330666523,-0.00181749205151703,-1.00315469784285e-05,0.00169616798233034,-0.000195892726862828,-0.000663311764393224,-0.134652284649822,-0.444622721796529,8.54634675294097e-05,0.0301191786657313,0.462256371974945,0.199235558509827,-0.0371184796094894,0.421770513057709,1.5859375
0.897,-0.000128742450180227,0.000103132919746113,0.0286740987620815,-0.00146158506952186,-0.0023386407221943,-1.01810668198254e-05,0.0017069989151652,-0.000117843434368565,-0.000723407243549069,-0.549232298310975,-0.453798449520547,-0.000380227718110253,0.0301191786657313,0.470467418432236,0.395410060882568,0.313890337944031,0.341054826974869,1.5859375
0.898,-0.000127134073272509,0.000103140691067709,0.0286732123534159,-0.00172252466756616,-0.00228168101427374,-1.06299713649172e-05,0.00151099084496705,0.000134389912386235,-0.00104816606374152,0.0947656303457484,0.555368141815191,-0.000445906044058664,0.0301191786657313,0.309334427118301,0.292362630367279,0.00103361904621124,-0.0432641506195068,1.5859375
0.899,-0.000125671263167361,0.000103483274285376,0.028672268813205,-0.0011198121268397,-0.00156885253024977,-1.06414222544871e-05,0.00141958973101905,0.000546294235440686,-0.0008388558465655,0.947556451511023,0.685416182904013,0.000351986558769879,0.0301191786657313,0.506655514240265,-0.279638797044754,-0.0341027081012726,0.425180613994598,1.5859375
0.9,-0.000124219807900348,0.000103923690610871,0.0286715238739236,-0.000967524488764621,-0.00138840476031089,-1.06497564758001e-05,0.0014846348151317,0.000334267225100812,-0.000651124926688528,-0.679998168225866,-0.36446993151611,-0.000364842322863485,0.0301191786657313,-0.0817111134529114,0.102007508277893,-0.233371362090111,0.260763466358185,1.5859375
0.901,-0.000122817216575647,0.000104317772590316,0.0286711227069665,-0.0017991801801575,-0.00183937029938305,-1.10837400244534e-05,0.00131858671842124,0.000458817124007659,-0.000152171187887862,-0.76454254130434,-0.413906841246557,-0.00040320861370797,0.0301191786657313,0.224525645375252,0.251280546188354,-0.151621073484421,0.292933493852615,1.5859375
0.902,-0.000121521669742389,0.00010488352176829,0.0286710636092503,-0.00206026012142112,-0.0021680214435009,-1.10365225163278e-05,0.00127096614178851,0.00067389994175918,3.35742327812259e-05,0.306607830891118,-0.153278427580556,0.000495667281822063,0.0301191786657313,0.696810960769653,-0.181057691574097,-0.219564259052277,1,1.5859375
0.903,-0.000120120030208037,0.000105333728558595,0.0286710083589845,-0.00209259942408412,-0.00243107153255767,-1.08358418300369e-05,0.00153049665092169,0.000227803169686921,-0.000143615819809428,-0.36263743699726,-0.298219563898775,-0.000181955924942358,0.0301191786657313,0.804523885250092,0.0678333193063736,0.186807721853256,0.0789865553379059,1.5859375
0.904,-0.000118550062745039,0.000105678796899453,0.0286708145851186,-0.001832429376317,-0.00242424006106796,-1.05239184380324e-05,0.00160971975265145,0.000460331241671785,-0.000243618925417807,0.810190176710604,0.313902307735355,0.00071906541725766,0.0301191786657313,0.642515301704407,-0.314534962177277,0.172182679176331,0.692762017250061,1.5859375
0.905,-0.000116938043400048,0.000105959127071683,0.0286705087090739,-0.00152213123050365,-0.00184461807059844,-1.06620922175615e-05,0.00161830476008344,9.93554309203617e-05,-0.000367767833547516,-0.269949851048694,0.696057079187809,-0.000892008744569701,0.0301191786657313,0.74711662530899,-0.168081119656563,-0.0331629812717438,0.397096514701843,1.5859375
0.906,-0.000115215646584699,0.000106007463858612,0.0286701480335661,-0.00194980704560746,-0.00155735944825055,-1.13304052749008e-05,0.00182820639126722,1.76497791227772e-07,-0.000353425460023852,-0.471919881617477,-0.189677914449433,-0.000239001841028589,0.0301191786657313,0.479018986225128,0.151368200778961,0.0439701676368713,0.5082026720047,1.5859375
0.907,-0.000113381110526367,0.000106024873123983,0.0286697339513788,-0.00211083312785913,-0.00189342513502623,-1.11235869639792e-05,0.00183925035825881,3.55631760674883e-05,-0.000474229858866175,0.191023111901632,-0.386931941061605,0.000605864846955824,0.0301191786657313,0.546265840530396,-0.0398531630635262,0.367595255374908,0.397968113422394,1.5859375
0.908,-0.000111614893084468,0.000106052505836952,0.0286691743863155,-0.00170783563268552,-0.00197346121768884,-1.06250999825086e-05,0.00169346780540322,1.72852819713708e-05,-0.000644252178287958,0.507409041562179,0.252497611640485,0.000273373239824204,0.0301191786657313,0.621293663978577,-0.171005755662918,-0.176747918128967,0.577378690242767,1.5859375
0.909,-0.000109812072963243,0.000105964983160145,0.0286685657430819,-0.00154256881733115,-0.00189539922000501,-1.05585182734735e-05,0.00191256180640648,-0.000192829104530076,-0.000572927065473924,-0.218173452644495,-0.110069505277244,-0.000171925037875672,0.0301191786657313,0.213053837418556,0.115551613271236,-0.119333669543266,0.288318425416946,1.5859375
0.91,-0.000107923798911242,0.000105835295810273,0.0286681235875716,-0.00165924254090934,-0.00181587244858002,-1.07911064208821e-05,0.00186505949779974,-6.61085849745441e-05,-0.000311661807870597,0.0157704582487646,0.253423063618682,-0.000253042108626607,0.0301191786657313,0.438597589731216,-0.100134931504726,0.0795267075300217,0.0951245725154877,1.5859375
0.911,-0.00010607116278909,0.000105825684983171,0.0286679391517422,-0.00152570038756459,-0.00152411868430255,-1.09675038113544e-05,0.0018425561914993,4.58179820535437e-05,-5.7695721403486e-05,0.215410621282695,0.258540803736166,-7.49052911982433e-05,0.0301191786657313,0.352542042732239,-0.141118437051773,0.133757069706917,0.296374082565308,1.5859375
0.912,-0.000104275047990197,0.00010585495201333,0.0286679735673265,-0.00149458154558006,-0.00132019960707978,-1.11435341993982e-05,0.00175162058780952,1.26198488646444e-05,0.000126045420837584,-0.160431350945392,0.101731076305146,-0.000237678895615822,0.0301191786657313,0.166159272193909,-0.172648429870605,0.461822330951691,0.440973341464996,1.5859375
0.913,-0.000102714203736926,0.000105801554563739,0.028668119913053,-0.00188894205276617,-0.00102520335930583,-1.17098516434488e-05,0.00137316001131641,-0.00011671863350913,0.000166542128524045,-0.522646879305024,0.414316895727273,-0.000760008290820926,0.0301191786657313,0.0794254541397095,0.0663151890039444,0.00976059585809708,0.334435075521469,1.5859375
0.914,-0.000101418862611573,0.00010572759050958,0.0286684192469423,-0.00206149270514179,-0.000910833880214906,-1.19612421269899e-05,0.00121894169698088,-3.03940902478404e-05,0.000431314671155368,0.221278835402185,-0.209845712144625,0.000308378628196797,0.0301191786657313,0.22842912375927,-0.156214311718941,0.268421232700348,0.831283807754517,1.5859375
0.915,-0.000100309399637627,0.00010553022960094,0.0286687959269647,-0.00203217850615333,-0.00127578585246733,-1.15880057078854e-05,0.000998525434148029,-0.000363810476393921,0.0003220854938914,-0.168862184379017,-0.419261305725637,0.000309526855602362,0.0301191786657313,0.0506274402141571,-0.455570638179779,-0.236000433564186,0.704628527164459,1.5859375
0.916,-9.93331120254248e-05,0.000104952375249767,0.0286693717215443,-0.00241690958794432,-0.00174019323874223,-1.13950505533644e-05,0.000951586725813703,-0.000788720425202153,0.000828149402218759,-0.495881980331555,-0.38345138301854,-4.06435664335139e-06,0.0301191786657313,0.514117956161499,0.14376962184906,0.0971623808145523,0.443027883768082,1.5859375
0.917,-9.83717912612295e-05,0.000104203810033264,0.0286701354231833,-0.00222692897423003,-0.00195638184776161,-1.09322835495362e-05,0.000969930765809083,-0.000709962829984129,0.000699160668160729,0.824632269142263,0.0106170635023271,0.000831249064476657,0.0301191786657313,0.612879812717438,-0.166341781616211,0.0712761878967285,0.577715933322906,1.5859375
0.918,-9.7356906686958e-05,0.000103394635578697,0.0286707993408143,-0.00144747815128305,-0.00180047532732409,-1.03029887066342e-05,0.00106087726377962,-0.000912958764261801,0.000628371542937153,0.530354963361628,0.262480865537107,0.000276340982763771,0.0301191786657313,0.34393322467804,-0.139994382858276,-0.0767932385206223,0.272126436233521,1.5859375
0.919,-9.62816672970607e-05,0.000102467564677901,0.028671582729512,-0.00118973135378242,-0.00146226420071038,-1.03335439955998e-05,0.00109187349630168,-0.000942917880246926,0.000937176454306153,-0.0782500958783353,0.327901527762129,-0.000313968149761792,0.0301191786657313,0.627821326255798,-0.0413672104477882,-0.0136827379465103,0.133618205785751,1.5859375
0.92,-9.51051720168055e-05,0.000101576907499074,0.0286725882196195,-0.00140653877274122,-0.00144785968029096,-1.05408331396717e-05,0.00126117118010271,-0.000837519884349564,0.00107300617397612,-0.29456164731051,-0.29778988352588,-4.19196111600005e-05,0.0301191786657313,0.471133261919022,0.139889359474182,0.0864641666412354,0.116993255913258,1.5859375
0.921,-9.38354383268475e-05,0.000100852679180389,0.0286736965703473,-0.00150581210616385,-0.00173820547254601,-1.04228769672865e-05,0.00127680740752471,-0.000611076976284366,0.00114296872577505,0.123415971852092,-0.202425597946844,0.0002465704209847,0.0301191786657313,-0.132114112377167,0.223975256085396,0.144496023654938,0.315744429826736,1.5859375
0.922,-9.27432978017102e-05,0.000100321298941402,0.0286749440952973,-0.0012936946813592,-0.00130343783445068,-1.05982905229673e-05,0.000911137144287404,-0.000453449415329064,0.00135104213164167,0.245865664336739,0.957733929576256,-0.000539977485030629,0.0301191786657313,0.37570384144783,-0.0040984870865941,-0.119442112743855,-0.136920750141144,1.5859375
0.923,-9.17812274584767e-05,0.000100007709043886,0.0286765202962667,-0.000968511825516466,-0.000786518258487265,-1.08053681091569e-05,0.00101615603911408,-0.000176486871206125,0.00179938878599107,0.319492541463459,-0.0546450491744512,0.000128518584816834,0.0301191786657313,0.338881134986877,0.132706448435783,0.0427094548940659,0.342018455266953,1.5859375
0.924,-9.07672248888398e-05,9.98662449181356e-05,0.0286783372317834,-0.00104608356346094,-0.00125602961675109,-1.0657693180427e-05,0.00100923943699435,-0.000106128416491347,0.00183348531087139,-0.452199717671739,-0.755101672471574,8.31995813535911e-05,0.0301191786657313,0.239981070160866,0.0420490205287933,0.142653957009315,0.138193771243095,1.5859375
0.925,-8.98284025134057e-05,9.98333371093743e-05,0.0286802658105465,-0.00157379186467226,-0.00179584438935535,-1.07798278290439e-05,0.000865742534973903,4.31092697254615e-05,0.0020222190926034,-0.465302353152188,-0.182140126884855,-0.000339102701559322,0.0301191786657313,0.259254157543182,-0.076656848192215,0.0961425080895424,0.261079132556915,1.5859375
0.926,-8.90186734242042e-05,9.98884357045752e-05,0.0286823873584329,-0.00191191955516762,-0.00156873817478127,-1.13787879030269e-05,0.000755563181645004,6.91143234810287e-05,0.00221936039981268,-0.122257470206641,0.577021877667808,-0.000747711941408952,0.0301191786657313,0.623148560523987,-0.178046673536301,0.0963679254055023,0.0217810869216919,1.5859375
0.927,-8.82063211380164e-05,0.000100012140988734,0.0286846966763902,-0.00166382518112273,-0.00115876736574554,-1.16711303914663e-05,0.000871658374541689,0.000176585882052934,0.00239764297680091,0.550715199743196,0.137429004557455,0.000184454214191969,0.0301191786657313,0.61107325553894,0.153318047523499,0.597834467887878,0.32878503203392,1.5859375
0.928,-8.74199773134281e-05,0.000100241907643088,0.0286868667256138,-0.0010754692631167,-0.00102876359267807,-1.14576923766485e-05,0.000702467956424962,0.000279172947977796,0.00194248035735133,0.470905133979997,0.0910679544105097,0.000171863642212494,0.0301191786657313,0.0979384630918503,0.229626551270485,-0.169896394014359,0.343045353889465,1.5859375
0.929,-8.67273083344638e-05,0.000100585475619778,0.0286889084214746,-0.000906054444584962,-0.00116041168462737,-1.13394425445001e-05,0.000682295489275728,0.000406724881022334,0.00213941951197084,-0.1767827296046,-0.316371758116672,4.79918927966646e-06,0.0301191786657313,0.358116269111633,0.0327668711543083,0.208905100822449,-0.0939781218767166,1.5859375
0.93,-8.60934712071274e-05,0.000101126254600214,0.0286911413001512,-0.00117743413793942,-0.00143711067213828,-1.142163378276e-05,0.00058407962824437,0.000675965835161683,0.00232472168339237,-0.295839850645941,-0.162250600640735,-0.000168002009733009,0.0301191786657313,0.23398420214653,0.0396620184183121,0.274576604366302,0.278684318065643,1.5859375
0.931,-8.56149558220763e-05,0.000101836316337293,0.0286934675950834,-0.00160910225609387,-0.00127868732420766,-1.19256456874162e-05,0.000374516785877627,0.00074683198745614,0.00232665861621861,-0.454971449991236,0.437228841896448,-0.000743454516880511,0.0301191786657313,0.470856964588165,0.335595667362213,-0.00494512543082237,0.142137765884399,1.5859375
0.932,-8.51909503992901e-05,0.000102750066452569,0.0286957598405081,-0.00159195765009551,-0.00111023017138568,-1.21184240322592e-05,0.000474378433248371,0.00107993407113303,0.0022568005547885,0.479122472625798,-0.141866118549191,0.000374171720199139,0.0301191786657313,0.408212631940842,-0.0472428351640701,-0.0135440677404404,0.404368489980698,1.5859375
0.933,-8.46830374425073e-05,0.000103806731477364,0.0286980336874314,-0.00130852146589417,-0.00145500352322699,-1.17106562607106e-05,0.000539320322334542,0.00103203865299411,0.00228963397971196,0.0103181268862882,-0.454116243005429,0.000292581170283615,0.0301191786657313,0.450079441070557,0.270285695791245,0.463489294052124,0.292307734489441,1.5859375
0.934,-8.42416674408522e-05,0.000104937031149883,0.0287001340900695,-0.00130642890647641,-0.00152106043576342,-1.17024074763883e-05,0.000343381746373754,0.00122857905258922,0.00191056326175001,-0.0103972585477358,0.339858506414274,-0.000292362301187138,0.0301191786657313,0.621080040931702,-0.154900133609772,-0.217570632696152,0.360444128513336,1.5859375
0.935,-8.37481333266683e-05,0.000106124090009422,0.0287020958279038,-0.00164705365696133,-0.00148775009473609,-1.20282350293266e-05,0.000643385334024638,0.00114810152606943,0.00201168808233789,-0.583260277105652,-0.279238578562567,-0.000263640736647224,0.0301191786657313,0.115712866187096,0.298021078109741,0.0120052248239517,0.35780057311058,1.5859375
0.936,-8.316778091402e-05,0.000107371576653893,0.028704103783546,-0.00190845244872733,-0.00145436726282038,-1.23295198144469e-05,0.000517987859385643,0.00134830361964302,0.00200319542166045,0.123531123054704,0.337399824527083,-0.000294796847739331,0.0301191786657313,0.600616872310638,-0.188286572694778,-0.264103949069977,0.467297255992889,1.5859375
0.937,-8.24901060654853e-05,0.000108648881585188,0.0287061506937522,-0.00185255851068698,-0.00147548612868317,-1.23079521956448e-05,0.000836676444149221,0.00120661842010543,0.0020893560545889,-0.0303533643486662,-0.370227747106426,0.000309942436938089,0.0301191786657313,0.474125325679779,0.307388216257095,0.463583409786224,0.407561361789703,1.5859375
0.938,-8.17422538075158e-05,0.000109943938632504,0.0287079897002007,-0.00160811861780913,-0.00146107721563901,-1.21485503723484e-05,0.000659650590498526,0.00138198274671603,0.00158864119940357,0.44910117228849,0.396178386116691,-3.02130145120609e-05,0.0301191786657313,0.411561906337738,-0.298944652080536,-0.108616888523102,0.527336418628693,1.5859375
0.939,-8.1020615267405e-05,0.000111201487984048,0.028709638959145,-0.00164274897845275,-0.00119293184130748,-1.24267536674161e-05,0.000785143469693336,0.00113426489772742,0.00170870677933897,-0.510854450512825,0.0725209301897716,-0.000438873559819977,0.0301191786657313,0.179861336946487,-0.027705367654562,0.251458704471588,0.35791876912117,1.5859375
0.94,-8.0340354923586e-05,0.00011234456259232,0.0287113389687072,-0.00210481052634514,-0.000958232506353317,-1.29962669550565e-05,0.000577481690702914,0.00115495634369776,0.00169049931159422,-0.295389860228791,0.336354452618669,-0.000582716123320039,0.0301191786657313,0.303050696849823,0.143415868282318,0.287268817424774,0.575978100299835,1.5859375
0.941,-7.98364294504732e-05,0.000113501503192404,0.0287128671099213,-0.00213968010180778,-0.000739704954425252,-1.33168709308684e-05,0.000432209608518605,0.00115941686813625,0.00136583530948058,0.229476820563392,0.0456604301584852,-1.22482880786033e-06,0.0301191786657313,0.377636849880219,-0.544194161891937,0.26446658372879,0.513079464435577,1.5859375
0.942,-7.94486061001144e-05,0.000114481528559433,0.028714264069101,-0.00215836439477517,-0.000949916605302574,-1.31282749697981e-05,0.000342666175885396,0.00080272783906075,0.00142706479220347,-0.262529543226795,-0.406672214792805,0.000302899526856564,0.0301191786657313,0.219405561685562,-0.3107550740242,0.198055669665337,0.427574336528778,1.5859375
0.943,-7.91820396586086e-05,0.000115201067354617,0.0287157397515318,-0.00233614649519977,-0.00129296846683941,-1.28531108782859e-05,0.000188834497888378,0.000638027236229184,0.00152331196649892,-0.0493209836083797,-0.188994681882886,0.000165814934194357,0.0301191786657313,0.146288946270943,-0.15599799156189,0.171420872211456,0.458379238843918,1.5859375
0.944,-7.90863892447009e-05,0.000115793878233301,0.0287172850148048,-0.00215865836376343,-0.00120404976297072,-1.28764164597506e-05,3.40527031360392e-06,0.00054683504575043,0.00156630312003124,0.354406146013536,0.342466382973332,-0.000211828693422899,0.0301191786657313,0.44056424498558,-0.172548487782478,0.33707994222641,0.464821666479111,1.5859375
0.945,-7.91347660494685e-05,0.000116283385942064,0.0287187469355905,-0.00181813933411176,-0.00086494853891567,-1.30926791319652e-05,-9.78490495376906e-05,0.000430544818701504,0.00135727234360328,0.236537629261797,0.247277845835827,-0.00017484845216362,0.0301191786657313,0.40287771821022,-0.265252679586411,0.190290063619614,0.443033427000046,1.5859375
0.946,-7.92484737422156e-05,0.000116632304351029,0.0287200806422111,-0.00184521200999752,-0.000897826229032317,-1.31137964385353e-05,-0.000129720040404336,0.000267947019359954,0.00130956698220426,-0.283366892177302,-0.303293836680814,0.000126213272532527,0.0301191786657313,0.0678563937544823,-0.214883014559746,0.297320067882538,0.33279275894165,1.5859375
0.947,-7.9524834366691e-05,0.000116868742543675,0.028721442414078,-0.00214231416636585,-0.00103108039797711,-1.31761480441916e-05,-0.000423127035409072,0.000206944009695615,0.00141302175520908,-0.233798062212058,0.0698602242134342,-0.000254742152805026,0.0301191786657313,0.422869712114334,-0.0761123597621918,0.0483900606632233,0.384691596031189,1.5859375
0.948,-7.99212253586266e-05,0.000117073454402024,0.0287228247367269,-0.00214976234132328,-0.00119562080460691,-1.30209247539703e-05,-0.000370870173255402,0.000202584188059757,0.00135103014055354,0.219256833752748,-0.35586280816686,0.000521143016266629,0.0301191786657313,0.110034883022308,-0.227114781737328,0.357916951179504,0.308577060699463,1.5859375
0.949,-8.04495991048384e-05,0.000117250096781412,0.0287242051971565,-0.0018539238996386,-0.00116219296063871,-1.28858185419745e-05,-0.000685029704992926,0.000149079977171604,0.00140900258692929,0.293688310834516,0.410148211529393,-0.000269851950377567,0.0301191786657313,0.519383907318115,0.217496767640114,0.0419955030083656,0.438037276268005,1.5859375
0.95,-8.10788591971984e-05,0.000117458454878821,0.0287254577870552,-0.00151015186906892,-0.00105861914516885,-1.2834355910929e-05,-0.000573301501562309,0.000265294820806368,0.00109629607429166,0.302803336113759,-0.230559777890638,0.000325013422074625,0.0301191786657313,0.293117582798004,-0.253560364246368,0.161791503429413,0.437202394008636,1.5859375
0.951,-8.16987773318344e-05,0.000117643149050467,0.0287265562966114,-0.00169402882696046,-0.00128469311036295,-1.28163494443889e-05,-0.000667862926192646,0.000105631979335745,0.00110015990971281,-0.620421668859394,-0.164062905703697,-0.000325208427717732,0.0301191786657313,0.179231405258179,0.440897524356842,0.181622415781021,-0.158685743808746,1.5859375
0.952,-8.2455226752982e-05,0.000118046745481816,0.0287276505752427,-0.00160317753688829,-0.0012222774429389,-1.28561725616372e-05,-0.000844423781605386,0.000699680428017669,0.00108785772843078,0.773323416437813,0.268841301093464,0.000240097072105068,0.0301191786657313,0.370277613401413,-0.151748061180115,-0.15945740044117,0.531610071659088,1.5859375
0.953,-8.32327097151354e-05,0.000118667776648705,0.0287287513916948,-0.00137158673126792,-0.00123047383287861,-1.27486878658267e-05,-0.000711121687908243,0.000541521130174848,0.00111312200454658,-0.370111694887691,-0.284155131645068,-7.73741949206632e-05,0.0301191786657313,-0.100774884223938,-0.264043509960175,0.22325187921524,0.268715232610703,1.5859375
0.954,-8.41261889256942e-05,0.000119177336483289,0.0287300008201927,-0.00206131066046359,-0.0010909702118768,-1.34068486348227e-05,-0.00107433938020716,0.000482075373588501,0.00138448096960518,-0.827664403394913,0.521367836380193,-0.00112420526494596,0.0301191786657313,0.399254411458969,-0.310638457536697,0.0362850837409496,0.245129764080048,1.5859375
0.955,-8.51799319239529e-05,0.000119633977507524,0.0287314545458983,-0.00264960939027406,-0.000903269781070207,-1.39822838582937e-05,-0.00103237607357189,0.00043497835706521,0.0015219331352558,-0.197863366859218,-0.196843776665293,0.000145897046011648,0.0301191786657313,-0.182003110647202,-0.202490106225014,0.205845728516579,0.422797024250031,1.5859375
0.956,-8.64086920748787e-05,0.000120030483841003,0.0287330765039303,-0.00241430512401355,-0.000893633572372273,-1.39131812018078e-05,-0.00142450496371992,0.00035687157435132,0.00172064744766395,0.603032988123751,0.208652344786028,-2.23685806688675e-05,0.0301191786657313,0.315499842166901,-0.553704500198364,-0.271973520517349,0.846786379814148,1.5859375
0.957,-8.77484695150262e-05,0.000120118758319628,0.0287348745126171,-0.00224923686252874,-0.00124093873193211,-1.34624349201751e-05,-0.00125784787328759,-0.00018023524219726,0.00187411487775101,-0.315117615040901,-0.813774725694526,0.000745426642924679,0.0301191786657313,0.0659274607896805,-0.139921620488167,0.700639128684998,0.504312992095947,1.5859375
0.958,-8.9283996096279e-05,0.000119887664578126,0.0287365976834405,-0.0023981773696389,-0.00134370954103156,-1.34963808724464e-05,-0.00181280480288807,-0.000280857362488922,0.0015720928751986,0.0559466633434998,0.626197358727041,-0.000822944126100938,0.0301191786657313,0.299324870109558,-0.0925189107656479,-0.144745439291,0.557669758796692,1.5859375
0.959,-9.1060084452356e-05,0.000119555564125746,0.028738160304158,-0.00216487085109224,-0.00100099793964515,-1.38416567603272e-05,-0.00173790511053016,-0.000384640558770112,0.0015523314788936,0.349369523794988,-0.0355496563883677,0.000190749383976887,0.0301191786657313,0.363525688648224,0.0777088403701782,0.040765792131424,0.295242428779602,1.5859375
0.96,-9.27958067996387e-05,0.000119237587764494,0.0287396551704746,-0.00157633571615082,-0.00133274878740024,-1.31877240474587e-05,-0.00173602267911201,-0.00025528306083415,0.00143686597482736,0.672462537507644,-0.544847004351573,0.000917356986834762,0.0301191786657313,0.320161908864975,-0.343278646469116,-0.0658154189586639,0.432722687721252,1.5859375
0.961,-9.4521463207839e-05,0.000118878027450532,0.02874115395558,-0.00150187277834967,-0.00187849815670084,-1.27688349222943e-05,-0.00171908927811623,-0.000463917897071747,0.0015596788812608,-0.539083526936247,-0.409351014643919,-0.000261480353944831,0.0301191786657313,0.113151013851166,0.0480623096227646,-0.0723436251282692,0.469004690647125,1.5859375
0.962,-9.62961885447653e-05,0.000118417057262228,0.0287427123143788,-0.00216942458064378,-0.00183044131523744,-1.35958275597758e-05,-0.00183024547178297,-0.000454075936330689,0.00155626957536518,-0.618522456691697,0.48467194251697,-0.00123943577497548,0.0301191786657313,0.463464945554733,0.245352163910866,-0.129329398274422,0.322824597358704,1.5859375
0.963,-9.8060978877591e-05,0.000118074379286267,0.0287441698984017,-0.00221571133765828,-0.00142706824960636,-1.42097520052786e-05,-0.00169766347003053,-0.000231642288684834,0.00135859589472043,0.536073476263123,0.2111429438339,0.000117266835099447,0.0301191786657313,0.314999759197235,-0.178082779049873,0.227124780416489,0.618637800216675,1.5859375
0.964,-9.98345929984097e-05,0.000117741711808188,0.0287454066479688,-0.00182649709616459,-0.001188783432353,-1.42314257187692e-05,-0.00184822122533259,-0.000435643355968363,0.00111478338137069,0.143273490784116,0.197772565303723,-0.000149685128220296,0.0301191786657313,0.355050027370453,-0.613065242767334,0.376056283712387,0.295519888401031,1.5859375
0.965,-0.000101788835117628,0.000117168610937924,0.0287465545399689,-0.00205316565442955,-0.00106598551226559,-1.45345756288329e-05,-0.00205959266822766,-0.000708803659905207,0.00118029568149772,-0.533742992995766,0.00929080411858509,-0.000366822223504772,0.0301191786657313,0.116623997688293,-0.189694583415985,-0.00416922569274902,0.388117283582687,1.5859375
0.966,-0.000103913894163122,0.000116424958077802,0.0287477935516084,-0.00242552482836838,-0.0012697175059478,-1.45460900684569e-05,-0.00219224180619785,-0.000776377478331056,0.00129704288687493,-0.110290472084076,-0.369661569687284,0.000368931055577858,0.0301191786657313,0.3541539311409,-0.0777166038751602,-0.0215866416692734,0.590954542160034,1.5859375
0.967,-0.000106105159040041,0.000115590098816297,0.0287490013379612,-0.00228545709064157,-0.00181718550304489,-1.37455652073903e-05,-0.00219418682210901,-0.000894172007069181,0.00111827988954625,0.355148545204725,-0.587598343029782,0.00104311941290311,0.0301191786657313,0.291589975357056,-0.209623590111732,0.368394732475281,0.560003995895386,1.5859375
0.968,-0.000108439829599508,0.00011460235660075,0.0287499819602073,-0.00194465154363934,-0.00188329420616678,-1.33348082895779e-05,-0.0024754120304519,-0.00108313797885352,0.000843119366478627,0.240580361450149,0.462078417344243,-0.000288018895161138,0.0301191786657313,0.451974421739578,-0.125798672437668,-0.0527297928929329,0.589288413524628,1.5859375
0.969,-0.000110886147944493,0.000113436210483168,0.0287507284228497,-0.00187819564335579,-0.00150830169951014,-1.36982009979469e-05,-0.00241571825265435,-0.0012494533866706,0.000649851622031994,-0.120393022170438,0.182433601406969,-0.000330932604793516,0.0301191786657313,0.255107551813126,-0.0788933262228966,-0.491195380687714,0.293063402175903,1.5859375
0.97,-0.000113201886954598,0.000112203209688346,0.0287515236144358,-0.00188404251450333,-0.00176474437346153,-1.34772927449234e-05,-0.00221829739207529,-0.00121689882203492,0.000939585978730987,0.11374689893924,-0.633574999418164,0.000718941779350517,0.0301191786657313,0.559779763221741,-0.0850665792822838,-0.0280910804867744,0.310449421405792,1.5859375
0.971,-0.000115375708167629,0.000110992391774769,0.0287523923407246,-0.00171779404150291,-0.00239899522929176,-1.27004090733074e-05,-0.00213399205020532,-0.0012060830694164,0.000797832425010856,0.178853834541804,-0.475936670341148,0.000638180913017052,0.0301191786657313,0.32748943567276,-0.155445605516434,-0.134889617562294,0.306004703044891,1.5859375
0.972,-0.000117512176509928,0.000109770190348815,0.0287532318573026,-0.00164502686164089,-0.00240989361175612,-1.26323022344721e-05,-0.00213953973805067,-0.00123898835751128,0.00088053821273811,-0.0478351203209578,0.447362755941795,-0.000509568724104192,0.0301191786657313,0.793789088726044,0.0296287182718515,-0.0768551230430603,0.419453561306,1.5859375
0.973,-0.000119533514561673,0.000108533703773898,0.0287539275814949,-0.00174558483130484,-0.0020148253931665,-1.31593502916694e-05,-0.00190166505143614,-0.0012336991260536,0.000511184761724179,-0.122655862264769,0.232385431948959,-0.000400943814812612,0.0301191786657313,0.723180890083313,-0.152935743331909,-0.450627326965332,0.21085424721241,1.5859375
0.974,-0.000121227578150133,0.000107311823319045,0.0287544839907965,-0.00179627511725277,-0.00225610919697658,-1.30204106070231e-05,-0.00148922373439527,-0.00121011876619297,0.000601214485664702,0.0382551495192864,-0.654913566036016,0.00064723291821158,0.0301191786657313,0.228773295879364,-0.170475736260414,-0.174738824367523,0.144867658615112,1.5859375
0.975,-0.000122739832770916,0.000106126695690746,0.0287552095496017,-0.00164498985843647,-0.00250349071507884,-1.26168877851995e-05,-0.00153707129004773,-0.00116147747464069,0.000848964192852627,0.227795834294377,0.218332999795772,7.20668805077443e-05,0.0301191786657313,0.880268156528473,-0.0593381226062775,-0.283160388469696,0.146977782249451,1.5859375
0.976,-0.000124082419802138,0.00010501609458638,0.0287560037196354,-0.00137540492114725,-0.00245116967492899,-1.23473865696333e-05,-0.00114905341131722,-0.00106187272834968,0.000739218486916166,0.244342068090664,-0.130936573680945,0.000382653729720474,0.0301191786657313,0.751578867435455,0.173192277550697,-0.0081646665930748,0.425342112779617,1.5859375
0.977,-0.000125153540256644,0.000103986400767119,0.028756504474147,-0.0013092846003151,-0.00244877350585299,-1.23023275380163e-05,-0.000993854095989726,-0.000998346662793741,0.000263293104841301,-0.125034537528796,0.130795219884361,-0.000304787390089185,0.0301191786657313,0.433785051107407,-0.0751939862966537,-0.388988226652145,0.142720028758049,1.5859375
0.978,-0.000126051972426825,0.000103031535160854,0.0287568673904733,-0.00152270644202527,-0.00227857407762536,-1.27524726316608e-05,-0.000802633766337356,-0.000910531457842781,0.000461896860349998,-0.242378751435076,0.161888805815398,-0.000480601705752439,0.0301191786657313,0.429142951965332,-0.068755179643631,-0.185838252305984,0.335084766149521,1.5859375
0.979,-0.000126816033477392,0.000102114141251008,0.0287573186114457,-0.00180135416326996,-0.00207564180629078,-1.3313271689519e-05,-0.000724649277750132,-0.000922788743870838,0.000440362637416257,-0.239735114018734,0.188809339151966,-0.000501913920053287,0.0301191786657313,0.421015620231628,0.00839727185666561,0.0240536630153656,0.461830019950867,1.5859375
0.98,-0.000127561302948562,0.000101173526087341,0.028757635221939,-0.00192003816104761,-0.00185740343833325,-1.37125597836629e-05,-0.000764655977252357,-0.000957876714891054,0.0001932946737273,0.0357667024752481,0.188077423959909,-0.000204883219683465,0.0301191786657313,0.75904506444931,-0.000522777438163757,0.152818650007248,0.40390956401825,1.5859375
0.981,-0.00012828387555416,0.000100210640946853,0.0287575950557023,-0.00170912462379678,-0.00194518016160941,-1.34579282695668e-05,-0.000681391634271694,-0.000969400399975531,-0.000272636834403106,0.332960526166991,-0.341670176745937,0.000630142273420351,0.0301191786657313,0.539018452167511,-0.0037798210978508,-0.192518472671509,0.635587334632874,1.5859375
0.982,-0.000128891890674218,9.91641408462747e-05,0.0287571832096129,-0.00156533842697547,-0.00245129810753084,-1.28983210556655e-05,-0.000538225150185906,-0.00112435554042717,-0.000550104935723067,-0.0785901165124566,-0.539181785781682,0.000312305406254378,0.0301191786657313,0.327800542116165,-0.0621867068111897,-0.048306543380022,0.154763072729111,1.5859375
0.983,-0.000129469112514643,9.80829265756052e-05,0.0287566587847043,-0.00153042424638537,-0.00252800303319814,-1.28251025941495e-05,-0.000616670209848624,-0.00103874374753468,-0.000498574747830557,0.142248854799548,0.402043621438878,-0.000183951151965059,0.0301191786657313,0.573712706565857,0.030406191945076,-0.175386071205139,0.0606439113616943,1.5859375
0.984,-0.000130014491917365,9.71379676102695e-05,0.0287561553931897,-0.00121892207421274,-0.00209310121988254,-1.28149147862189e-05,-0.000471904205688313,-0.000853732568178007,-0.00050797141420586,0.401264774173539,0.351649611538681,0.000180797413631847,0.0301191786657313,0.29602375626564,0.104687824845314,-0.572174251079559,0.350331246852875,1.5859375
0.985,-0.000130374244494909,9.63102706076404e-05,0.0287557299050201,-0.00106213679526467,-0.0020585740707941,-1.27106078968708e-05,-0.000248050166830896,-0.00080295792508176,-0.000343201738058794,-0.124706182227451,-0.290993557014942,-1.56855086066664e-05,0.0301191786657313,0.542240738868713,0.129296511411667,-0.0781529620289803,0.24765282869339,1.5859375
0.986,-0.000130584319255332,9.55684661046107e-05,0.0287552861527096,-0.00132149814740763,-0.00239323281874725,-1.28590150594299e-05,-0.000174360217453407,-0.000679528957612503,-0.000543597778450977,-0.3228870378079,-0.290901172294907,-0.00025688504630435,0.0301191786657313,0.32391357421875,-0.159170061349869,-0.202063336968422,0.536380112171173,1.5859375
0.987,-0.000130753197139659,9.47900294570994e-05,0.0287547383687976,-0.00193174111497981,-0.00243056927758238,-1.37075279345034e-05,-0.000163690870262134,-0.000873367954470545,-0.000551601043994528,-0.733471264775541,0.224271081953414,-0.00125734863013093,0.0301191786657313,0.500620722770691,0.215234979987144,-0.119280926883221,0.193562641739845,1.5859375
0.988,-0.000130882263100533,9.40338561470512e-05,0.0287541015177681,-0.00195849898041765,-0.00212179351759746,-1.41571531204754e-05,-9.27679159111543e-05,-0.000639583941285329,-0.000721384239892361,0.685668754641998,0.311564124858636,0.000416620505044808,0.0301191786657313,0.689793109893799,-0.467900484800339,-0.307227313518524,0.749920785427094,1.5859375
0.989,-0.000130827480830336,9.31486028627774e-05,0.0287533359543434,-0.00170368031614435,-0.00220660253445338,-1.38425422169242e-05,0.00020111618621252,-0.00113151101419443,-0.000809172988492388,-0.237750265136421,-0.456635735526343,9.2720396573506e-05,0.0301191786657313,0.80235630273819,0.0352581366896629,-0.365341812372208,0.0617524385452271,1.5859375
0.99,-0.000130435846549815,9.21127095496044e-05,0.0287525169459319,-0.00151985876164918,-0.0029300684887293,-1.29423315247124e-05,0.000576999131813302,-0.000942070792109991,-0.000828239857180652,0.558519554481542,-0.797287892437168,0.00151317990076937,0.0301191786657313,0.557365417480469,-0.1514563113451,0.187546849250793,0.364894092082977,1.5859375
0.991,-0.000129909387605451,9.11174505184594e-05,0.0287515614220946,-0.00117611643048299,-0.00289582153318026,-1.24082001016212e-05,0.000476521586839699,-0.00105050793381448,-0.00108170538758541,0.0433962617778096,0.854046705066108,-0.000525254224924892,0.0301191786657313,1,-0.0294137895107269,-0.418363273143768,0.334464311599731,1.5859375
0.992,-0.00012917209131575,9.00542640986995e-05,0.028750377627628,-0.00134843620145026,-0.00231941202563258,-1.30633074042485e-05,0.000999173443159596,-0.0010749594877425,-0.00128437340449517,-0.33697497742792,0.152917011446918,-0.00058383148200359,0.0301191786657313,0.719259917736053,0.115495413541794,-0.24021877348423,0.0762833803892136,1.5859375
0.993,-0.000128038565571295,8.90862105116985e-05,0.0287490495166948,-0.00141338146842516,-0.00234955017938837,-1.31629481305851e-05,0.0012673511203102,-0.00086150438958871,-0.00137094706322128,0.225897260898058,-0.200553748108392,0.000402196873350935,0.0301191786657313,0.560670852661133,-0.0851002335548401,0.114808738231659,0.0731391608715057,1.5859375
0.994,-0.000126785818229867,8.82719941474751e-05,0.0287476373829992,-0.00112699232777922,-0.00228024715842246,-1.28774522747399e-05,0.00123895694238883,-0.000769075258538551,-0.00145240728400568,0.274073803409581,0.323793368501441,9.9162725643082e-05,0.0301191786657313,0.595682263374329,-0.0420863255858421,-0.320300102233887,0.194146662950516,1.5859375
0.995,-0.000125421465637112,8.75230411535107e-05,0.028746213205935,-0.00104486662507579,-0.0021515045510971,-1.28958088891906e-05,0.00149022287699724,-0.00072961925873827,-0.00139537797108863,-0.127755401814618,-0.0943694613910925,-0.000139527017569323,0.0301191786657313,0.716666996479034,0.154360100626945,0.0269874297082424,0.0970917120575905,1.5859375
0.996,-0.000123869550309882,8.68972678909917e-05,0.0287446901970954,-0.00112649665191538,-0.0022779333394435,-1.29610817860559e-05,0.00161297190974684,-0.000522021043047905,-0.00164930618247975,-0.0122726690939939,-0.119995489750527,1.56002747448025e-05,0.0301191786657313,0.343043208122253,0.368873327970505,-0.392689168453217,0.0915595144033432,1.5859375
0.997,-0.000122182275415402,8.65432582540552e-05,0.0287430763354429,-0.000915069915962455,-0.00233621387944928,-1.26995400462349e-05,0.00176146392375575,-0.000187825546831552,-0.00157764764179851,0.379842736475879,0.0242001755627018,0.000430391124567646,0.0301191786657313,0.575854539871216,-0.333767592906952,-0.312666475772858,0.280159503221512,1.5859375
0.998,-0.00012030237128566,8.62622605560089e-05,0.0287415950687264,-0.00113022232966425,-0.00233668452058389,-1.30165795195758e-05,0.00199827736191124,-0.000372501691452856,-0.0013845486704817,-0.749642722537261,-0.018712178662056,-0.000989883352673504,0.0301191786657313,0.711574792861938,-0.093526303768158,0.115115158259869,0.39795508980751,1.5859375
0.999,-0.000118267138970226,8.58400596103276e-05,0.0287400534701996,-0.00198172242229435,-0.00217465939883277,-1.42757148737793e-05,0.00207338416513439,-0.000466411480853059,-0.00169643602781039,-0.727308335567336,0.305197801509314,-0.00124006519429064,0.0301191786657313,0.699064970016479,0.224346458911896,-0.391938775777817,0.202137902379036,1.5859375
1,-0.000116008885008841,8.54849372066332e-05,0.0287383128812086,-0.00189418283253993,-0.00217514703464517,-1.42196860015709e-05,0.00244278855827356,-0.00024500882023556,-0.00178362941865123,0.876252220702475,-0.296980319213142,0.00130683706251288,0.0301191786657313,0.719839572906494,-0.306697368621826,-0.26716473698616,0.559476435184479,1.5859375
1.001,-0.000113412832523693,8.50858055777997e-05,0.0287364978403378,-0.00123211970784173,-0.00254553235821046,-1.31159859892982e-05,0.00274707041146936,-0.000556648375426796,-0.00184541775879889,0.278489628474962,-0.33874823801817,0.00057215157286849,0.0301191786657313,0.466260194778442,-0.00770535320043564,0.112708389759064,0.347884356975555,1.5859375
1.002,-0.000110697789949919,8.45137390118166e-05,0.0287345610537032,-0.00113232547338982,-0.00225707901131923,-1.3193525717714e-05,0.00268561424869366,-0.000588173304435249,-0.00202678675192981,-0.102510159391613,0.84584279359602,-0.000694494785864895,0.0301191786657313,0.433268308639526,0.287545055150986,-0.175349026918411,0.129061624407768,1.5859375
1.003,-0.000107957625202064,8.40580519777162e-05,0.0287325129377462,-0.00104430320627283,-0.0014036456961588,-1.36887474253555e-05,0.00280038951151108,-0.000324414061764449,-0.00206836170872856,0.255989375878917,0.64504685889048,-0.000216216931086578,0.0301191786657313,0.241059884428978,-0.11403626203537,-0.267580479383469,0.170715570449829,1.5859375
1.004,-0.000105117508365019,8.37358348258611e-05,0.0287306048701452,-0.0010267915853025,-0.00118466042832912,-1.38360230721446e-05,0.00288169391777176,-0.000320215823656608,-0.00174760906811126,-0.223144303497235,-0.252908687369758,-4.66469334239451e-05,0.0301191786657313,0.299698233604431,-0.00670179724693298,0.61064350605011,0.0940532386302948,1.5859375
1.005,-0.000102430037936636,8.3471459029365e-05,0.0287287504504303,-0.00126443161163591,-0.00125087887214562,-1.40059472801823e-05,0.00249440046895018,-0.000207423315441723,-0.00195977144884399,-0.189043661417316,0.145730526857705,-0.000274439747472638,0.0301191786657313,0.51839280128479,-0.0294576659798622,-0.14236107468605,0.0144119113683701,1.5859375
1.006,-9.98482076962765e-05,8.33402864004793e-05,0.0287268654394959,-0.00127157729399133,-0.00157901074590928,-1.38158214935125e-05,0.00266756247256355,-5.521636845759e-05,-0.0018095400472644,0.176344235044766,-0.704832541267376,0.000598660689989735,0.0301191786657313,0.24196620285511,-0.00223785359412432,0.233859717845917,0.303950905799866,1.5859375
1.007,-9.72877303037721e-05,8.32838985066745e-05,0.028725017335667,-0.00117506742668287,-0.00187918858485247,-1.35646790440092e-05,0.002452741801984,-5.81490263455631e-05,-0.00188551451810198,-0.00793376800355062,0.189306112933489,-0.000173912118146755,0.0301191786657313,0.387639701366425,0.0214480385184288,-0.0199695080518723,0.185939446091652,1.5859375
1.008,-9.48253066968804e-05,8.3264882421549e-05,0.0287231530180093,-0.00118767869569095,-0.00153697827140187,-1.38417892663334e-05,0.00247478504519481,2.00212394355119e-05,-0.00184226310906185,-0.0138565341284358,0.412460536647791,-0.000323733214238073,0.0301191786657313,0.620808243751526,-0.265613615512848,0.164505079388618,0.171453833580017,1.5859375
1.009,-9.23185951373745e-05,8.32455397342869e-05,0.0287213036376872,-0.00137294332336463,-0.00127602142233124,-1.41973156368991e-05,0.00254076723587468,-5.74243252789728e-05,-0.00185550638747039,-0.306954510505221,0.0494026609427687,-0.000295290233326809,0.0301191786657313,0.359208434820175,0.13274921476841,0.262986540794373,0.10357429087162,1.5859375
1.01,-8.98446550218088e-05,8.32872844386455e-05,0.0287193954331363,-0.00135112301903154,-0.00120682362861354,-1.42821923647674e-05,0.00240850253948212,0.000140299344236072,-0.00195964227294891,0.342979645358467,0.0788031532988912,0.000124277186215549,0.0301191786657313,0.150677353143692,0.0494812205433846,0.360319346189499,0.291918009519577,1.5859375
1.011,-8.75874506122136e-05,8.34450236190243e-05,0.0287173877461662,-0.00103223610662365,-0.00093778346171537,-1.43012403963638e-05,0.00210880484156305,0.000173199868630702,-0.00205445910651043,0.210362398422125,0.394802332475548,-0.000158811018139326,0.0301191786657313,0.45927894115448,0.0166391767561436,0.172643274068832,0.303035497665405,1.5859375
1.012,-8.54796636551951e-05,8.3618755612684e-05,0.0287152624874916,-0.00106133459485224,-0.000923919812131748,-1.4365030621466e-05,0.00210739483842774,0.000174488129810158,-0.00219460525704747,-0.260153694184174,-0.361767402051776,3.48481749707198e-05,0.0301191786657313,-0.0231776237487793,-0.0631353631615639,0.340884804725647,-0.0929426550865173,1.5859375
1.013,-8.35632645661136e-05,8.38883765883519e-05,0.02871321619524,-0.00121072165280894,-0.00103860833184657,-1.44224504343704e-05,0.00172610536432807,0.000365273834654664,-0.00189761841762168,-0.000909421662674918,0.167363766509574,-0.000155189041452266,0.0301191786657313,0.305308222770691,0.359045594930649,0.200229302048683,-0.0147480070590973,1.5859375
1.014,-8.18899681445684e-05,8.44481335619031e-05,0.0287112802590193,-0.000846657740641071,-0.000973447342892436,-1.43140397215191e-05,0.00162138317917767,0.000751929354626151,-0.00197317177207349,0.630416370239953,-0.0487128033378811,0.000314509890269158,0.0301191786657313,0.305848121643066,-0.471642106771469,-0.0113174915313721,0.319092005491257,1.5859375
1.015,-8.02601005206184e-05,8.5052110634166e-05,0.0287094707177368,-0.0010158671667655,-0.00123781462911116,-1.43595211845593e-05,0.0016371258887283,0.000457675318577861,-0.00164544786891572,-0.923495073553325,-0.404056771065377,-0.000444997472833395,0.0301191786657313,-0.0206902176141739,0.41683441400528,-0.0659858882427216,0.0692076534032822,1.5859375
1.016,-7.86966606381055e-05,8.57010017363339e-05,0.0287079170297839,-0.00151247586468541,-0.00139468843322085,-1.46638403557553e-05,0.00148956922480588,0.00084238337066822,-0.00146159068215117,0.0562544259404189,0.135127706346546,-0.000113218840329096,0.0301191786657313,0.296989411115646,-0.198912650346756,0.456719517707825,0.233658134937286,1.5859375
1.017,-7.73383835154229e-05,8.65122273496781e-05,0.0287064436888075,-0.00144432286362446,-0.00089934504256365,-1.50623081931478e-05,0.00123089870220081,0.000779984402041298,-0.0014842628190886,0.0594421442503088,0.727600274090976,-0.000590032587606959,0.0301191786657313,0.265916794538498,0.16686075925827,0.1138761267066,0.329755455255508,1.5859375
1.018,-7.61365140573597e-05,8.733858316703e-05,0.0287049257068599,-0.00125534362717137,-0.000481783125499618,-1.53652006584792e-05,0.00117581428423048,0.000871602750680321,-0.00155078418305107,0.265388972799316,0.00243383161066379,2.37533451665319e-05,0.0301191786657313,0.144702732563019,-0.0730071812868118,0.00800156593322754,0.225192353129387,1.5859375
1.019,-7.49910670100913e-05,8.82146362413883e-05,0.0287035016611597,-0.00112749684263527,-0.000874274607157835,-1.51266424337493e-05,0.00111300092393683,0.000879945573642519,-0.00129667337894216,-0.0463702775953155,-0.679363558113469,0.000352371745975181,0.0301191786657313,0.0287801660597324,0.317618370056152,0.242959275841713,0.166173845529556,1.5859375
1.02,-7.40180020291001e-05,8.92285043045914e-05,0.0287022074717713,-0.00104087113316533,-0.0012794369479431,-1.48648784712435e-05,0.000831473394497638,0.00114697708351662,-0.00129105087169953,0.192830956634681,-0.0217655054314903,0.000103004290032879,0.0301191786657313,0.362508654594421,-0.162295490503311,0.0014471709728241,0.273186236619949,1.5859375
1.021,-7.31635406208275e-05,9.03388593517732e-05,0.0287010014647662,-0.00122138273092322,-0.00128182461640884,-1.50351806071924e-05,0.000877581577535344,0.0010752427444239,-0.00112059810299959,-0.508474779632367,0.0203801590058711,-0.000414626747914813,0.0301191786657313,0.348028361797333,0.105787537992001,-0.0572292730212212,0.205518990755081,1.5859375
1.022,-7.22490847314565e-05,9.14817466198007e-05,0.028699931806914,-0.00160242298752384,-0.00127191224473836,-1.53530068884855e-05,0.000951435071202427,0.00121279419054562,-0.00101842438150115,-0.158016757299934,-0.000109981818233342,-0.000154260047090656,0.0301191786657313,0.0609241873025894,-0.181960210204124,-0.108915537595749,0.509900331497192,1.5859375
1.023,-7.1327764749032e-05,9.25972340750641e-05,0.0286990565026286,-0.00185750944139273,-0.00111591283435529,-1.57164963137113e-05,0.000892627070912234,0.00102079610292735,-0.00073281656074947,-0.287558805203076,0.272629186569183,-0.000497163169199581,0.0301191786657313,0.251048475503922,-0.335820198059082,0.0047200471162796,0.435602486133575,1.5859375
1.024,-7.04387219036735e-05,9.35031018171468e-05,0.0286984474609419,-0.00209531024573965,-0.000906006761342175,-1.61186686473691e-05,0.000886978468099833,0.00079320681165421,-0.000485568457566036,-0.1289678331883,0.0954575217793814,-0.000217860089605579,0.0301191786657313,0.422021090984344,-0.421303749084473,0.086897648870945,0.276194721460342,1.5859375
1.025,-6.95269563240077e-05,9.42057956880323e-05,0.028698084189677,-0.00200563146295192,-0.00102758920821138,-1.59779354085288e-05,0.000935924558317245,0.000612240670622049,-0.000241357973068356,0.2813338717654,-0.302401089805285,0.000445556873031413,0.0301191786657313,0.497015416622162,-0.189912900328636,0.246739849448204,0.489433795213699,1.5859375
1.026,-6.85935258109291e-05,9.4729184727943e-05,0.0286977773808149,-0.0016688733123478,-0.00130888619528834,-1.55198977811466e-05,0.000929478017730718,0.000433076841161439,-0.000371810484586233,0.302635620010343,-0.184020764567266,0.000340372585206019,0.0301191786657313,0.422517746686935,-0.172248601913452,0.349351465702057,0.350819945335388,1.5859375
1.027,-6.77206664235423e-05,9.51133406852634e-05,0.0286973653862704,-0.00144304711291884,-0.00118428690491531,-1.55009346327617e-05,0.000817484276512187,0.000334174558955883,-0.000451806209134705,0.0885175659525753,0.40172410096584,-0.00030403234048569,0.0301191786657313,0.256716847419739,0.0160626508295536,-0.0389256626367569,0.697301983833313,1.5859375
1.028,-6.68893336746021e-05,9.53517915078435e-05,0.0286968803613427,-0.0016490655389896,-0.000833369720953641,-1.59337565324158e-05,0.00084748224498616,0.000144440183871594,-0.000517852502928846,-0.445536542870894,0.210171776029572,-0.000436738165423714,0.0301191786657313,0.288140535354614,-0.440259695053101,0.320326030254364,0.241565942764282,1.5859375
1.029,-6.61180832695524e-05,9.54061756793284e-05,0.0286964737167874,-0.00210519245790661,-0.00064675326862281,-1.63517028459736e-05,0.000696740581973066,-3.24772652680367e-05,-0.000295730808826362,-0.347818733835584,0.116884744929893,-0.000301636788787455,0.0301191786657313,0.376966714859009,0.219766914844513,0.128984734416008,0.474445462226868,1.5859375
1.03,-6.54130157669431e-05,9.54133178861945e-05,0.0286960703479068,-0.00191201008666311,-0.000837685492757496,-1.60988003994333e-05,0.000712367383501602,4.54032293981051e-05,-0.000510348394779128,0.680578786214347,-0.444502162744382,0.00073313567465905,0.0301191786657313,0.596850097179413,-0.608163237571716,0.120361223816872,0.618857979774475,1.5859375
1.031,-6.46328563029422e-05,9.52094941235726e-05,0.02869558727483,-0.00169875779253162,-0.00146993107881486,-1.54483794094773e-05,0.000843945208536527,-0.00045322906427543,-0.000455669232276574,-0.307111410363508,-0.649864248920432,0.000312310755913906,0.0301191786657313,0.249285027384758,0.285356819629669,0.0701498687267303,0.163530752062798,1.5859375
1.032,-6.38166911364101e-05,9.48976066579237e-05,0.0286951435695643,-0.00149475826172557,-0.00162061306739343,-1.51543034796475e-05,0.000787803142150278,-0.000172516959323818,-0.000431550828060617,0.659776719141296,0.388598913041024,0.000222936747373874,0.0301191786657313,0.60944801568985,-0.190159887075424,0.0189770609140396,0.324428290128708,1.5859375
1.033,-6.29345620633563e-05,9.46740884205886e-05,0.0286947290728543,-0.00110868742753333,-0.00114803190322641,-1.52113199516357e-05,0.000979103275080954,-0.000276651578215975,-0.000397387860196241,0.0132742248374622,0.434774766253291,-0.000299194268421114,0.0301191786657313,0.722303152084351,0.318080961704254,0.153126135468483,0.0744084715843201,1.5859375
1.034,-6.18584594345458e-05,9.45615168382022e-05,0.028694207239436,-0.000980205903854487,-0.000944019429543166,-1.53083937890486e-05,0.00117422148441804,4.99843840294533e-05,-0.000645479533325966,0.209557009282331,-0.0761885608652127,0.000105187467225964,0.0301191786657313,0.156574547290802,0.0373985357582569,0.0595914050936699,0.234446138143539,1.5859375
1.035,-6.07220127835148e-05,9.46466642573858e-05,0.0286936542648672,-0.0010756750604171,-0.000937013891893906,-1.54065543358506e-05,0.0010991639959207,0.000120775726531732,-0.000460554891045348,-0.374222036331773,0.0916883542469315,-0.000289750777772711,0.0301191786657313,0.117164589464664,0.344309121370316,0.177726149559021,-0.0624377727508545,1.5859375
1.036,-5.97039985807562e-05,9.49811234417179e-05,0.0286932604161937,-0.0011527238111608,-0.000695180928456471,-1.56484467037643e-05,0.000938979035062674,0.000547721136919315,-0.000327244141392248,0.237955986863956,0.330705087606622,-0.000162221616978545,0.0301191786657313,0.288762629032135,-0.254180818796158,0.314137101173401,0.143821239471436,1.5859375
1.037,-5.88304060910684e-05,9.55087616715499e-05,0.0286930261583185,-0.0012403450859389,-0.000454807293234781,-1.58608575215879e-05,0.000810219892257405,0.000508318280367713,-0.000141572627412942,-0.390171721219849,0.0898013022109845,-0.000201951051870284,0.0301191786657313,0.14964734017849,0.205012202262878,0.0719044357538223,0.426264822483063,1.5859375
1.038,-5.80521661526632e-05,9.6053539368239e-05,0.0286928778546398,-0.00164651906278646,-0.000618976815380343,-1.58751320116224e-05,0.00074559267929044,0.000583732427667837,-0.000154916932098057,-0.316236600385412,-0.371032997344955,0.000183491826020196,0.0301191786657313,-0.0546735823154449,-0.303264528512955,0.392984330654144,0.200356245040894,1.5859375
1.039,-5.74950036465029e-05,9.65988656515613e-05,0.028692887299488,-0.00189634858011688,-0.000668204512431924,-1.59740693175259e-05,0.000369510369556838,0.000508757754074065,0.000173010843935996,-0.119943337765422,0.285562990777886,-0.000384061148115855,0.0301191786657313,0.520780205726624,-0.0562813319265842,-0.0662135630846024,0.360742956399918,1.5859375
1.04,-5.70124469020558e-05,9.70971861413204e-05,0.0286930811660168,-0.00178299958149769,-0.000866443496823014,-1.57725312517343e-05,0.000593995303663359,0.000487364670300836,0.000214532538324635,0.313902476191233,-0.625678030979367,0.000715274724102979,0.0301191786657313,-0.0274538621306419,0.0905948132276535,0.377179563045502,0.527114808559418,1.5859375
1.041,-5.65983346606049e-05,9.75648044894268e-05,0.0286932567954409,-0.00144061258946963,-0.000962513860456353,-1.55246699966582e-05,0.000234651274159816,0.000445996177035477,0.000136802300005699,0.279209479802075,0.457185563653471,-0.000256714043912051,0.0301191786657313,0.310817211866379,-0.118852466344833,-0.186693906784058,0.305173248052597,1.5859375
1.042,-5.62795277737535e-05,9.79902629773081e-05,0.0286935378102532,-0.00134337980037889,-0.000759474119275237,-1.56744893939909e-05,0.000403854217882075,0.000404544296576278,0.000424341045516553,-0.11066950354708,-0.102013511089824,-1.43459132161911e-05,0.0301191786657313,0.220440953969955,0.145697966217995,0.194116771221161,0.29740959405899,1.5859375
1.043,-5.59264898919204e-05,9.84531034715881e-05,0.0286939526645459,-0.00143885545136059,-0.000809531242994432,-1.57215427116775e-05,0.000302256639927453,0.00052155189670611,0.000405199573486407,-0.056802037381426,0.0159092850495292,-8.10402102552599e-05,0.0301191786657313,-0.0386608839035034,0.0623017176985741,0.190705865621567,0.193670004606247,1.5859375
1.044,-5.57487165951392e-05,9.90408777094282e-05,0.0286944716116315,-0.00141421193630104,-0.000561077145359516,-1.59523367879721e-05,5.54426284803049e-05,0.000653685769760354,0.000631896440789683,0.0972343012128098,0.414673966392788,-0.000334419479313658,0.0301191786657313,0.337682515382767,0.044023297727108,0.122300505638123,0.625089824199677,1.5859375
1.045,-5.56831100427733e-05,9.96300538576767e-05,0.028695019047262,-0.00160135790361651,-0.000476303378827572,-1.61021955347174e-05,7.62672112323603e-05,0.000526225832426394,0.000463035062466176,-0.422783136036818,-0.266049276694093,7.97224394127915e-05,0.0301191786657313,0.0733679383993149,-0.0518374890089035,0.626950740814209,0.686183393001556,1.5859375
1.046,-5.58203739312961e-05,0.000100052507983617,0.0286953392894319,-0.00216396359971844,-0.000461347362705159,-1.63353301392277e-05,-0.000349684885471151,0.000322743340209839,0.000178052552368517,-0.554912297071744,0.290076137785923,-0.000527190964535943,0.0301191786657313,0.287403345108032,-0.170587003231049,0.437499284744263,0.196259841322899,1.5859375
1.047,-5.62648459730341e-05,0.000100388169629726,0.0286955353209448,-0.00219014469446558,-0.000301917769220681,-1.6590053249832e-05,-0.000537922951616128,0.000348753119224569,0.000213824851076137,0.505418776956065,-0.0139462282664618,5.62811694619615e-05,0.0301191786657313,0.42156571149826,-0.364389032125473,0.0708670020103455,0.643419206142426,1.5859375
1.048,-5.67528798414502e-05,0.000100560647257875,0.0286957639652185,-0.00182273589741346,-0.000814203037997546,-1.60085128242393e-05,-0.00044162931466692,-5.27828734849944e-06,0.000243245180277955,0.132132882357017,-0.874433267903917,0.000886459308703545,0.0301191786657313,0.242389172315598,-0.0632855445146561,0.229695081710815,0.290396094322205,1.5859375
1.049,-5.72552255555004e-05,0.000100563657120926,0.0286960387880023,-0.0015569822243884,-0.00141096509367473,-1.5309773193195e-05,-0.000566563032333443,9.64061265206746e-06,0.000306098164183377,0.328629881728607,-0.16463772948347,0.000349875218181234,0.0301191786657313,0.441097468137741,-0.248326450586319,0.179607853293419,0.506280958652496,1.5859375
1.05,-5.78168089313078e-05,0.000100460713382626,0.0286963281330904,-0.00158875072594601,-0.00123287073784646,-1.55197858204836e-05,-0.00055567199747542,-0.000214861142508302,0.000272508840618052,-0.381774558342523,0.470257070553083,-0.000710273116503241,0.0301191786657313,0.65369975566864,-0.00155824050307274,0.0817686840891838,0.0867424011230469,1.5859375
1.051,-5.82723770134534e-05,0.000100329144724284,0.0286965979194502,-0.00169435566139911,-0.000904740554878195,-1.59348893316036e-05,-0.000354070365967185,-4.80932830439126e-05,0.00026691197165511,0.19717071189475,0.0990494583869306,-3.83994500390594e-05,0.0301191786657313,0.443216800689697,0.237135976552963,-0.130262061953545,0.60454523563385,1.5859375
1.052,-5.85224592107857e-05,0.000100282955086858,0.0286967702119787,-0.00148572723238553,-0.00108309720710995,-1.57212430051956e-05,-0.000147667810922298,-4.55978613103773e-05,7.79696435836597e-05,0.164880273498153,-0.408227917418522,0.000385266757081362,0.0301191786657313,-0.256304085254669,-0.0082210898399353,-0.127178758382797,0.243778944015503,1.5859375
1.053,-5.87746992449395e-05,0.000100270573406141,0.0286971119226614,-0.00135145687928514,-0.00105321961247675,-1.56986977817297e-05,-0.000356167480808386,1.98422073165345e-05,0.000603941612158243,0.0684762132229987,0.456939845829861,-0.000342556749057803,0.0301191786657313,0.496771365404129,0.138241767883301,-0.2928067445755,0.0643323063850403,1.5859375
1.054,-5.89660669539637e-05,0.00010041487402859,0.02869782612218,-0.00116891090895992,-0.00100239930591304,-1.56906930968148e-05,-2.70558018378227e-05,0.000267115798254421,0.000823582941518002,0.247404179149828,-0.367454507786178,0.00032637362047261,0.0301191786657313,0.130936965346336,-0.155762523412704,0.0277453511953354,0.413831353187561,1.5859375
1.055,-5.90296090435619e-05,0.000100617671936606,0.0286987565532445,-0.00140234187337404,-0.00115966676076753,-1.57865713261707e-05,-0.000100842136589691,0.000140250742324087,0.00103633705799865,-0.650951063277853,0.0933463248716555,-0.000529303732329142,0.0301191786657313,0.0984623283147812,0.044709175825119,-0.273197829723358,0.00850810110569,1.5859375
1.056,-5.90898956154419e-05,0.000100877306686282,0.0287000456887893,-0.00175457198652261,-0.00103334217836518,-1.61611909872406e-05,-1.91812987651548e-05,0.000380636385848274,0.00154001205872498,0.0366714742930639,0.125708737238313,-0.000144741787980806,0.0301191786657313,0.440773785114288,0.0139512568712234,0.0364590957760811,0.562996983528137,1.5859375
1.057,-5.90564388409593e-05,0.000101209776970575,0.0287015130715093,-0.00174813469131704,-0.000999693883738995,-1.62345617082948e-05,8.60673317395817e-05,0.000284568912385127,0.00139432171459546,-0.0264790323789905,-0.0667107585681899,4.53647633248206e-06,0.0301191786657313,0.349437415599823,-0.131748378276825,-0.0193129777908325,0.358299285173416,1.5859375
1.058,-5.89288039086871e-05,0.000101463939279775,0.0287029698120995,-0.00174972214301147,-0.00110828761540962,-1.61758223180541e-05,0.000168375101272996,0.000223974119909595,0.00151810948044233,0.0227164445995527,-0.121290744516387,8.51135810091744e-05,0.0301191786657313,0.146658882498741,-0.142441004514694,0.241180270910263,0.397750675678253,1.5859375
1.059,-5.88539081787617e-05,0.000101642943459373,0.0287045233151564,-0.00174893153350808,-0.000878150736813865,-1.64394053987493e-05,-1.67945605848744e-05,0.00013424372644664,0.00158795354987588,-0.0219111178003632,0.51952462768874,-0.000552454287162981,0.0301191786657313,0.453362643718719,-0.340196371078491,0.169910177588463,0.463517338037491,1.5859375
1.06,-5.88483885772899e-05,0.000101656429539771,0.0287061171980766,-0.00195638853783909,-0.000570252816226678,-1.68589570970212e-05,2.96395619641057e-05,-0.000105490578900903,0.00159897054114381,-0.337505619855749,0.0156943776060077,-0.000166634041461456,0.0301191786657313,-0.0795953273773193,-0.105510637164116,0.239663437008858,0.552425742149353,1.5859375
1.061,-5.89674058239003e-05,0.000101477814943347,0.0287077566797382,-0.00217011864153158,-0.000451308751050653,-1.71046109316286e-05,-0.000266337379678655,-0.000250160128943625,0.00167899288534511,-0.0334731898781612,0.189935940558927,-0.000278415831728423,0.0301191786657313,0.418721467256546,-0.463262259960175,0.270482689142227,0.402656883001328,1.5859375
1.062,-5.92456640971529e-05,0.000101095354851467,0.0287094691651156,-0.00213545765297367,-0.000597392305726393,-1.69675255965451e-05,-0.000291103699550658,-0.00051450902994962,0.00174493597731612,0.0944752522937851,-0.442886881203403,0.00050373450917089,0.0301191786657313,0.159035474061966,-0.216579079627991,0.514569997787476,0.756870746612549,1.5859375
1.063,-5.96990556347368e-05,0.000100415962051286,0.0287110825664878,-0.00210666720059374,-0.000795319503105318,-1.67726057260786e-05,-0.000616163897859892,-0.000843778598586858,0.00148168637966227,-0.0419645774098909,0.0961098919327197,-0.000173687343259854,0.0301191786657313,0.537061512470245,0.13946059346199,-0.163796544075012,0.190679207444191,1.5859375
1.064,-6.01742945910397e-05,9.96728359656821e-05,0.0287125701483627,-0.0015786669975057,-0.0011485080362194,-1.61873694728421e-05,-0.000338103548118136,-0.000646972892803701,0.00149267325362133,0.954668256564266,-0.705828995876683,0.00116471647671272,0.0301191786657313,0.270194977521896,-0.0213438272476196,-0.138157919049263,0.239932835102081,1.5859375
1.065,-6.04663997707525e-05,9.90518534401038e-05,0.028714163997212,-0.000784066478316075,-0.00167614348461138,-1.52660594845422e-05,-0.000249607995657877,-0.000600106503214586,0.00169370010515454,0.429130517979635,-0.213171518558359,0.000440299867701748,0.0301191786657313,0.28768652677536,0.129854917526245,-0.0119745563715696,0.319715350866318,1.5859375
1.066,-6.070677824453e-05,9.84878317731974e-05,0.028715852348721,-0.000882029599334096,-0.00140393969031062,-1.5498891173138e-05,-0.000229587419448147,-0.000527644624460788,0.00168213106724021,-0.594911952711774,0.682634606038415,-0.000830909916974011,0.0301191786657313,0.613752067089081,-0.0237906575202942,0.0163110867142677,-0.0745370909571648,1.5859375
1.067,-6.08330401005163e-05,9.80718742023658e-05,0.0287175797556387,-0.00151682538160587,-0.000838608450395349,-1.62850064509001e-05,-2.0038704964601e-05,-0.000301141730644964,0.00177150074108451,-0.507427358787747,0.300256517711484,-0.000526205032176247,0.0301191786657313,0.372226864099503,0.369112998247147,0.249501302838326,0.100896954536438,1.5859375
1.068,-6.08787860387238e-05,9.79538947354671e-05,0.0287192374139388,-0.00151961822986885,-0.000636124798712938,-1.65182921567641e-05,-7.00980452156933e-05,6.42333711377882e-05,0.00154353136555291,0.500156033905896,0.0519248252888339,8.64090205293408e-05,0.0301191786657313,0.27472847700119,-0.345796167850494,0.10634059458971,0.443999975919724,1.5859375
1.069,-6.09601140254744e-05,9.78923675858027e-05,0.0287208370894499,-0.00144627824463401,-0.000786662261316974,-1.64273699594375e-05,-9.34572134675487e-05,-0.000187249206130174,0.00165475412374082,-0.370993107334052,-0.312648443893622,4.30631459984669e-05,0.0301191786657313,0.445475399494171,0.0124971754848957,0.280065685510635,0.317596644163132,1.5859375
1.07,-6.10698717355611e-05,9.77214656617909e-05,0.0287223848400893,-0.00176883084863568,-0.00111517307569076,-1.6346793301647e-05,-0.000128000714622732,-0.000152742097242261,0.00144051345467471,-0.18983995715881,-0.25896486684825,9.01986147641315e-05,0.0301191786657313,0.64851975440979,-0.0201882049441338,0.270433723926544,0.176170364022255,1.5859375
1.071,-6.11582833986226e-05,9.76199058086487e-05,0.028723710880849,-0.00165911853141329,-0.00132353379944964,-1.61096470474575e-05,-5.0315632593469e-05,-5.13099918992014e-05,0.00121141906374777,0.379204301779114,-0.103332949696066,0.000323987342898328,0.0301191786657313,0.685366272926331,-0.301345765590668,-0.143114238977432,0.30986225605011,1.5859375
1.072,-6.1042387483192e-05,9.74964055240567e-05,0.0287249528060658,-0.00146096738022184,-0.001565520142038,-1.58046837985815e-05,0.000279878258942503,-0.000196586010850403,0.00127165773862169,-0.0338083880668194,-0.315882128509857,0.000178940744977311,0.0301191786657313,0.336067706346512,-0.0857688710093498,0.168917626142502,0.166187614202499,1.5859375
1.073,-6.07908648659882e-05,9.73298243619004e-05,0.0287262408830202,-0.0014733440793173,-0.00136466170082655,-1.60225466196984e-05,0.000224593548850151,-0.000136678860183944,0.00130374635877482,0.0127165465496272,0.663028424992131,-0.000569651276496647,0.0301191786657313,0.687971293926239,-0.134704247117043,-0.274975478649139,0.334957987070084,1.5859375
1.074,-6.03573718647436e-05,9.71606191550874e-05,0.0287275536003292,-0.00158710292236519,-0.00108089983194426,-1.63656470899554e-05,0.000643426956774917,-0.000200955714710396,0.00132093130099072,-0.209176961000312,-0.167693852045909,-2.2555010092338e-05,0.0301191786657313,0.461488246917725,-0.00514421798288822,0.0707345083355904,0.555238604545593,1.5859375
1.075,-5.96685049957656e-05,9.69037131336233e-05,0.028728751156738,-0.00185782388723074,-0.00123985462805484,-1.64346009161598e-05,0.000733306591487429,-0.000311021316949339,0.00107418975524606,-0.260812612462046,-0.106782341637912,-0.000112897208988593,0.0301191786657313,0.241967380046844,-0.097094714641571,0.21765810251236,0.252545952796936,1.5859375
1.076,-5.89968616963219e-05,9.66016635683552e-05,0.0287298277609557,-0.00183420383552136,-0.000993930058913936,-1.67249958304971e-05,0.000611905361862231,-0.000293337043409051,0.00107844643191657,0.301632932389095,0.534443984982596,-0.000416985027113101,0.0301191786657313,0.529434323310852,0.0017918199300766,0.0924434959888458,0.471710979938507,1.5859375
1.077,-5.8319915462968e-05,9.62787465842022e-05,0.0287307755377767,-0.00148385026214427,-0.000699131564246949,-1.68940038745014e-05,0.0007436186266122,-0.000354554068111515,0.000817246232008693,0.308129963405178,-0.0185132034348374,8.79475254570686e-05,0.0301191786657313,0.172376617789268,0.231491208076477,0.298129439353943,0.485288083553314,1.5859375
1.078,-5.76702722463437e-05,9.59509450708932e-05,0.0287314338476312,-0.00122436459978655,-0.000644525799358849,-1.68798115804947e-05,0.000556439840631897,-0.00030280943790448,0.000499484242357547,0.143434543156595,0.115225012322416,-7.15278280392007e-05,0.0301191786657313,0.0927569270133972,-0.103601336479187,0.445660412311554,0.0191245377063751,1.5859375
1.079,-5.72716746549578e-05,9.57092015669607e-05,0.0287319748668188,-0.00116105480427309,-0.000368925752955822,-1.70808126211952e-05,0.000243299839062618,-0.000181412296084419,0.000582096254209868,-0.0322934078892126,0.363905864210947,-0.000282531348955833,0.0301191786657313,0.006015345454216,-0.0739350467920303,-0.0286119282245636,0.265279144048691,1.5859375
1.08,-5.70689750685077e-05,9.55273387351088e-05,0.0287326775198909,-0.00141944685018629,-0.000339486988034858,-1.71785335338903e-05,0.000162495411659078,-0.000180780821332229,0.000822367027404016,-0.414805020690465,-0.310759416462296,0.000119686335539611,0.0301191786657313,0.0986313223838806,-0.167015179991722,0.622977733612061,0.245274290442467,1.5859375
1.081,-5.71104829168359e-05,9.53300430747458e-05,0.0287334445641986,-0.00184062038585706,-0.000479945095318227,-1.72063811767487e-05,-0.000245345150953593,-0.000211245691078327,0.000711619114704863,-0.316809047795289,0.0655741278022488,-0.000194071736860399,0.0301191786657313,0.315856277942657,-0.155200839042664,0.133149087429047,0.456389784812927,1.5859375
1.082,-5.73571316295379e-05,9.50514453024116e-05,0.0287341153142459,-0.00203530727150366,-0.0007063512223623,-1.70579801053172e-05,-0.00024939955126296,-0.000344578515401177,0.000629709114265039,-0.0207345465074026,-0.458262180600561,0.000457655488770226,0.0301191786657313,0.114270634949207,-0.105008155107498,0.153823569417,0.377778619527817,1.5859375
1.083,-5.76782702796137e-05,9.46778960720771e-05,0.0287347600442052,-0.00178319880709579,-0.00102964922616288,-1.66215894372712e-05,-0.000394700088910288,-0.000404063385555313,0.000659340476324805,0.458637846258824,-0.104401518493144,0.000315789499077509,0.0301191786657313,0.337908297777176,-0.323561072349548,0.0774567052721977,0.450521528720856,1.5859375
1.084,-5.80622689623624e-05,9.41541139146574e-05,0.028735434382745,-0.00152585871464432,-0.00106761959934968,-1.64822086516914e-05,-0.000373680306167528,-0.000644571100341441,0.000688880911186142,-0.0084729440399813,0.0367704952442153,-8.00744523991448e-05,0.0301191786657313,0.0963826179504395,-0.14773041009903,0.249396234750748,0.109466224908829,1.5859375
1.085,-5.85439541924749e-05,9.35362443285649e-05,0.0287361993987388,-0.00144695217617478,-0.000700268774787524,-1.67884941437713e-05,-0.000587348547520441,-0.00059186157485586,0.000840607791195834,0.147258971032635,0.598594520181819,-0.000461926633153287,0.0301191786657313,0.33548504114151,-0.326265275478363,0.157293811440468,0.283076494932175,1.5859375
1.086,-5.91359597946301e-05,9.28673354393931e-05,0.0287370774373277,-0.00153234698689483,-0.00038181733102419,-1.70988330077115e-05,-0.000594842064598929,-0.000745257706612377,0.000914842848898997,-0.292339516438962,-0.0461918697925652,-6.65140603419887e-05,0.0301191786657313,0.305214107036591,-0.014337545260787,0.313430517911911,0.0388451516628265,1.5859375
1.087,-5.97878392977432e-05,9.22074446704594e-05,0.0287379729693924,-0.00152108962318273,-0.000652865984914589,-1.68979328423191e-05,-0.000710509967811646,-0.000575127669089338,0.000875833708273873,0.312673609187445,-0.425547294693686,0.000421876143749864,0.0301191786657313,0.398244738578796,-0.446113348007202,0.273636788129807,0.298546254634857,1.5859375
1.088,-6.05244752201445e-05,9.15153679875163e-05,0.0287388631444696,-0.00150806325420961,-0.00112179206104708,-1.65742366475818e-05,-0.000765690002604981,-0.000808675191314331,0.000903984728619399,-0.28615964410658,-0.391490998090664,0.000102982888324752,0.0301191786657313,0.336253345012665,-0.105610311031342,0.547960102558136,0.306623756885529,1.5859375
1.089,-6.14201850078152e-05,9.06871729212576e-05,0.0287396238193062,-0.00173978196936789,-0.00103351153054862,-1.68561636608722e-05,-0.00102479157058662,-0.000846433752236305,0.000617667075478227,-0.114067989684509,0.539417615468265,-0.000622738687708657,0.0301191786657313,0.200497016310692,0.137840464711189,0.051674272865057,0.316205263137817,1.5859375
1.09,-6.24656507332591e-05,8.98911748271428e-05,0.0287402016430744,-0.00152327180811278,-0.000537735351413771,-1.72841168515347e-05,-0.00106330594799088,-0.000747293799039983,0.000537820856932734,0.491201691196081,0.318142165552653,-0.000165773313613483,0.0301191786657313,0.145291075110435,0.0993454307317734,-0.0538691654801369,0.199597984552383,1.5859375
1.091,-6.35297094386064e-05,8.9209572474217e-05,0.0287407856127457,-0.000932328087902778,-0.000586434896579424,-1.71560082771194e-05,-0.00106537951990127,-0.000620004075845873,0.000629589306939129,0.537165534719004,-0.404284839142337,0.000332856102740822,0.0301191786657313,0.432841122150421,-0.0148615092039108,-0.0905999392271042,0.0822878032922745,1.5859375
1.092,-6.45087042099149e-05,8.86458096314679e-05,0.0287414557054529,-0.0006966135560995,-0.0013778115273469,-1.67861577384798e-05,-0.00089810420658753,-0.000509361905023391,0.000710117253344352,-0.124271000726124,-0.971756775503339,0.000230061389723405,0.0301191786657313,0.154952317476273,0.242110073566437,-0.226223200559616,0.208912283182144,1.5859375
1.093,-6.53771175999902e-05,8.82299841644235e-05,0.0287422130096469,-0.00103860466059432,-0.00197284321714995,-1.69136193242103e-05,-0.000842669688554539,-0.000320711799629761,0.000803930495480645,-0.467322091942955,-0.0664390115240231,-0.000513992324746829,0.0301191786657313,0.630415558815002,0.20604345202446,-0.152596563100815,0.244560778141022,1.5859375
1.094,-6.60800594983317e-05,8.79884883557939e-05,0.0287429130019498,-0.00145598076271175,-0.00175650047839711,-1.75592100384314e-05,-0.000562617474762297,-0.000160099653868478,0.000596069639751061,-0.256693432059202,0.438560777067808,-0.000643670369299768,0.0301191786657313,0.570126533508301,-0.169999465346336,0.252776652574539,0.00906988978385925,1.5859375
1.095,-6.66313198693442e-05,8.78721779736079e-05,0.028743476685399,-0.00151190684041456,-0.00100218571267424,-1.82942480213555e-05,-0.00053545143783785,-7.24252264427428e-05,0.000531117424430444,0.158836078636731,0.868358905577594,-0.000679318442743631,0.0301191786657313,0.356762260198593,-0.138242736458778,-0.111058257520199,0.595914006233215,1.5859375
1.096,-6.7097800164408e-05,8.76837294290282e-05,0.0287439649431861,-0.00159056164515626,-0.000531790637620172,-1.87469137262752e-05,-0.000395092773984483,-0.000303495103401362,0.000445326610574951,-0.293670714937995,-0.0509520810831288,-8.87784112212378e-05,0.0301191786657313,0.282069504261017,0.119360081851482,0.189271286129951,-0.0354454815387726,1.5859375
1.097,-6.75297538541843e-05,8.75221616003781e-05,0.0287444041840019,-0.00136175294919562,-0.000836236958974875,-1.84435462338151e-05,-0.000470633722530527,-2.16876026175879e-05,0.000432957115487632,0.689179402165859,-0.477945134878861,0.000624012473333705,0.0301191786657313,0.154652372002602,-0.316909521818161,0.109869189560413,0.603314995765686,1.5859375
1.098,-6.80584095642089e-05,8.73255325226203e-05,0.0287448344364813,-0.00125681079680023,-0.00122789640478042,-1.81937447081282e-05,-0.00058888760929954,-0.00037136284336668,0.000427325487611582,-0.502834305458454,-0.205168351713834,-0.000244836116697327,0.0301191786657313,0.610532522201538,-0.123060673475266,0.0223789289593697,-0.116431638598442,1.5859375
1.099,-6.85552814275858e-05,8.70453186540941e-05,0.0287453005282491,-0.00151219315698923,-0.00151526207306443,-1.81979036022462e-05,-0.000407197855198152,-0.000188058228957961,0.000504455645062247,0.0584388910819279,-0.295389849977119,0.000245022561386626,0.0301191786657313,0.447929292917252,0.0174619592726231,-0.213119208812714,0.495377361774445,1.5859375
1.1,-6.88540853212552e-05,8.68145248378699e-05,0.0287457469829974,-0.00149068195866336,-0.00172536442471649,-1.80552026893821e-05,-0.000192312747956986,-0.000273498468909681,0.000388545613824761,-0.0200987568509748,-0.0713850186648564,-8.60440100033455e-06,0.0301191786657313,0.47135129570961,0.179457858204842,-0.062712125480175,0.389653563499451,1.5859375
1.101,-6.89763391890213e-05,8.65747400688818e-05,0.0287460120463067,-0.001365055892814,-0.00154241506987399,-1.81326805375193e-05,-5.19195035148253e-05,-0.00020729456051617,0.000142854814049586,0.237281479152891,0.385621754551235,-0.000135597712045752,0.0301191786657313,0.0569728910923004,-0.10582323372364,-0.0229170732200146,0.178596049547195,1.5859375
1.102,-6.90838068562765e-05,8.63768082907232e-05,0.0287462705078933,-0.0011664083268095,-0.000829176318689957,-1.85276988369232e-05,-0.000158457173827483,-0.000189869754319612,0.000373366892843916,0.108695353274623,0.851689184449833,-0.000541818549994539,0.0301191786657313,0.490702867507935,-0.0164961069822311,-0.241449981927872,0.357681512832642,1.5859375
1.103,-6.9096970012643e-05,8.61676668544661e-05,0.028746627272132,-0.00126406012097583,-0.000683637693940161,-1.86933242667386e-05,0.000132356409748069,-0.000227783368524312,0.000340042006574608,-0.276622590609342,-0.595717091151759,0.000261234073400715,0.0301191786657313,-0.103325970470905,0.263633787631989,0.231962293386459,0.171997711062431,1.5859375
1.104,-6.91307416863546e-05,8.60577151939587e-05,0.028746953914228,-0.00127840441698852,-0.00102595565413126,-1.84925389463686e-05,-0.000201137438371622,7.34351096894869e-06,0.000313121383164534,0.250585651695189,-0.000828111553181671,9.41844551094886e-05,0.0301191786657313,0.531002044677734,-0.0540093220770359,0.228243917226791,0.222133666276932,1.5859375
1.105,-6.93175870354852e-05,8.60739571042178e-05,0.0287471556195845,-0.00112364348123068,-0.00111716093910084,-1.83933169344286e-05,-0.000173199512648637,2.41811723886968e-05,9.04618284640999e-05,0.0182832977543522,-0.157888097276648,6.11595005403607e-05,0.0301191786657313,0.253304809331894,0.0770650431513786,0.198330909013748,-0.170111358165741,1.5859375
1.106,-6.95502469231935e-05,8.62562958050264e-05,0.0287472890549291,-0.000897351065182066,-0.00109751165119745,-1.83072081392233e-05,-0.000291811443591883,0.000338514019004074,0.000176168743726086,0.373257044931841,0.190490235489228,8.36041606855321e-05,0.0301191786657313,0.348405301570892,0.0557966493070126,0.116106338799,0.13570037484169,1.5859375
1.107,-6.98483804842039e-05,8.66539474275661e-05,0.0287474272787208,-0.000779579507258171,-0.000947661240244082,-1.83505607376233e-05,-0.000303590374776189,0.000455886895557357,0.000100391806715077,-0.168372976372735,0.0692851375705468,-0.000163763015175717,0.0301191786657313,0.125132769346237,0.249969720840454,0.0827238112688065,-0.242110520601273,1.5859375
1.108,-7.02115008968039e-05,8.73347395923185e-05,0.0287476089448352,-0.000773053435284054,-0.000863698710907069,-1.8432712350247e-05,-0.000421949804536652,0.000904756625740952,0.000262451983291342,0.176625940343276,0.075387150466975,4.63258217490094e-06,0.0301191786657313,0.296390861272812,0.0565101727843285,0.0646297037601471,0.409340977668762,1.5859375
1.109,-7.063716621481e-05,8.82206439720032e-05,0.0287477865509147,-0.00108594132223567,-0.000964882056505596,-1.85835998967043e-05,-0.000430093464559361,0.000869270985747411,9.30175840891141e-05,-0.720806885979337,-0.251757061008171,-0.0002778791529862,0.0301191786657313,-0.134440436959267,0.284855723381042,0.202228724956512,0.0674581900238991,1.5859375
1.11,-7.12377493239049e-05,8.92454856625722e-05,0.0287479037462701,-0.00149394560169384,-0.000867499362706903,-1.89371463594767e-05,-0.000769814937625462,0.00118241621684487,0.000141177110722074,0.00717681935521503,0.417227667456347,-0.00038506397758661,0.0301191786657313,0.237614005804062,-0.0654911696910858,0.068570114672184,0.404177665710449,1.5859375
1.111,-7.20284586969657e-05,9.03896649712081e-05,0.0287480101104509,-0.00153820529706719,-0.00067257436940549,-1.91610170006129e-05,-0.0008105837727672,0.00110656375577405,7.15449467574848e-05,-0.0876834569209154,-0.0812125757923379,-1.13218647314245e-05,0.0301191786657313,0.0989344343543053,0.0380791053175926,0.578110814094543,-0.0570577085018158,1.5859375
1.112,-7.30467939784848e-05,9.1621644339834e-05,0.0287480398772231,-0.00125319168862323,-0.000569982403950932,-1.91872002544002e-05,-0.00122373524944513,0.00135478901156208,-1.16289845912853e-05,0.575038278889532,0.254156969049965,-4.2275283365776e-05,0.0301191786657313,0.206471800804138,-0.0469948053359985,-0.227030828595161,0.444667339324951,1.5859375
1.113,-7.42135802179302e-05,9.29273436048627e-05,0.0287480675094548,-0.00106404103891074,-0.000888358500153476,-1.90021348203118e-05,-0.00111230718934983,0.00125599801021622,6.67183830416831e-05,-0.249124050788632,-0.808427874756613,0.00030169520754147,0.0301191786657313,0.178708881139755,0.120898634195328,0.430786848068237,0.251712322235107,1.5859375
1.114,-7.54770181504322e-05,9.42393339828235e-05,0.0287480042026471,-0.00140262873288533,-0.00136241606235593,-1.89687972214081e-05,-0.00141701361656776,0.00137008549030077,-0.000192669145661677,-0.343225126037859,-0.0215107257326949,-0.000287700194414794,0.0301191786657313,0.49114578962326,-0.0236209910362959,0.254460453987122,0.132939472794533,1.5859375
1.115,-7.69096486642694e-05,9.56647703505183e-05,0.028747718082632,-0.00160722831471016,-0.00125396472530104,-1.92608047924203e-05,-0.00144788701730587,0.00148217738101367,-0.000379061016829111,-0.0172140627175971,0.204541241107544,-0.000240137315969103,0.0301191786657313,0.188397243618965,-0.122613839805126,0.0447177290916443,0.129861384630203,1.5859375
1.116,-7.83981910360592e-05,9.7178243165758e-05,0.0287474153654161,-0.00149667056870781,-0.000989176461346642,-1.94714467882662e-05,-0.00152779562858198,0.00154435755323124,-0.000226552358419902,0.20375073050837,0.250099645887624,-0.000143056543708403,0.0301191786657313,0.530910015106201,-0.276170402765274,0.287596464157104,0.457805931568146,1.5859375
1.117,-7.99345622949617e-05,9.86133246918926e-05,0.0287470580257358,-0.0016317331482183,-0.000958781382216245,-1.96101323246545e-05,-0.00154511934806849,0.00132746123720617,-0.000487366357168146,-0.441478753801778,-0.201368704323542,-0.000100224622579336,0.0301191786657313,0.343741834163666,-0.282349228858948,0.157561212778091,0.401659160852432,1.5859375
1.118,-8.15080950802943e-05,9.98530948674636e-05,0.0287465448779631,-0.00214092527767346,-0.001261485359341,-1.96492509934032e-05,-0.00160405481188353,0.00115591497635674,-0.000538473276519624,-0.447194172859674,-0.329245033525088,2.87073517246212e-05,0.0301191786657313,0.319095522165298,-0.157873049378395,0.33954930305481,0.461689472198486,1.5859375
1.119,-8.32062951121873e-05,0.000100948459022622,0.0287458866505835,-0.00228084388717053,-0.00133567550420026,-1.97097088485698e-05,-0.00179273962873782,0.00103624927937874,-0.000777010280172407,0.198663049526083,0.19330087292778,-0.000144419329751036,0.0301191786657313,0.75003445148468,-0.0934660136699677,0.263934224843979,0.571836471557617,1.5859375
1.12,-8.49474336890846e-05,0.000101909940710328,0.0287448466354881,-0.0018794075327892,-0.00132024005703142,-1.94986367723082e-05,-0.00169010602436421,0.000884837382217269,-0.00130141104351196,0.494795689607678,-0.171431622199575,0.000485155018773695,0.0301191786657313,0.602422773838043,0.101816833019257,0.488111793994904,0.548866927623749,1.5859375
1.121,-8.66953778244259e-05,0.000102775145683593,0.0287432135525089,-0.00139207962401138,-0.00136232488226034,-1.91399943245685e-05,-0.00180619615084787,0.000842937837731989,-0.00196230673168704,0.34977413122256,0.0918397296478883,0.000142377662500334,0.0301191786657313,0.373201698064804,-0.169114619493484,0.0362851694226265,0.30962136387825,1.5859375
1.122,-8.84971090458472e-05,0.00010358449621334,0.0287412513492942,-0.00135903516389443,-0.00132419282714314,-1.91907748199327e-05,-0.00179751968583438,0.00077591770882676,-0.00196109110868659,-0.293431415728679,-0.0310991599129768,-0.00023783241261796,0.0301191786657313,0.15727798640728,-0.251136988401413,0.0949300453066826,0.47818124294281,1.5859375
1.123,-9.03703038934292e-05,0.000104258942439273,0.0287393130043888,-0.00201150018742686,-0.00123561307376804,-1.97862367059543e-05,-0.00194851321767014,0.000577544494552163,-0.00191461599878839,-0.839923287700406,0.178332127241774,-0.000812573154304689,0.0301191786657313,0.128814309835434,-0.102072112262249,0.0289633758366108,0.266935557126999,1.5859375
1.124,-9.23829066617297e-05,0.000104852223401696,0.0287374663532619,-0.00240027523878351,-0.00108693455431097,-2.02717350554771e-05,-0.00207602461945763,0.00061144932438632,-0.00177802049559437,0.160005403852644,0.073848170372295,-5.04401087520936e-05,0.0301191786657313,0.225157171487808,-0.358603000640869,0.0335866659879684,0.390624582767487,1.5859375
1.125,-9.44968098196148e-05,0.000105371334416565,0.0287357695161301,-0.00201972874776495,-0.00119787225848831,-1.99574876913466e-05,-0.00215288350230308,0.000424909475261542,-0.00161509575874196,0.498474742546166,-0.272666197114143,0.000579328371712596,0.0301191786657313,0.384008049964905,-0.295474916696548,-0.00908812880516052,0.408534348011017,1.5859375
1.126,-9.66350979610693e-05,0.000105709128518116,0.028734184161576,-0.001616329742374,-0.00165070579786834,-1.92640816560896e-05,-0.00212707767028801,0.00024874132224317,-0.00155495331042225,0.201956902807229,-0.520046686927407,0.000593294239566592,0.0301191786657313,0.221719533205032,-0.20346200466156,-0.0971281081438065,0.196731239557266,1.5859375
1.127,-9.87793592303706e-05,0.00010595390278572,0.0287327622109023,-0.00150895565379665,-0.00194690634087579,-1.89550299212193e-05,-0.00216370646912265,0.000240246530517643,-0.00128886983336511,-0.0155096941798997,-0.00289858407667351,-6.31832009681849e-05,0.0301191786657313,0.536681592464447,-0.148663550615311,0.383414566516876,0.442041337490082,1.5859375
1.128,-0.000101010593466059,0.000106133930715464,0.0287313067226949,-0.00177831672431395,-0.00157480930727664,-1.95992504115061e-05,-0.00229700099039837,0.000121529297813724,-0.00162125708010785,-0.452441766258556,0.641019131875863,-0.00106263021121686,0.0301191786657313,0.608645915985107,0.396087139844894,-0.10985603928566,0.174215465784073,1.5859375
1.129,-0.000103205077041223,0.000106435690241939,0.0287295597591473,-0.00166362954674561,-0.00135250834301984,-1.97996465396422e-05,-0.00209165391716864,0.000480528744333449,-0.00187119665270711,0.647832287933251,-0.25985852839708,0.000666401599753274,0.0301191786657313,0.342972487211227,-0.287306576967239,-0.119281575083733,0.710950613021851,1.5859375
1.13,-0.000105271299683304,0.000106739317611769,0.0287276853741378,-0.00159779362856459,-0.00180691902135579,-1.94405479576609e-05,-0.00204420579077926,0.000127243091324605,-0.00187656597221319,-0.531394280578437,-0.535232567729153,-0.000107746685980512,0.0301191786657313,0.436233669519424,-0.0567990578711033,0.439482778310776,0.347295224666595,1.5859375
1.131,-0.000107434153994404,0.000106864714898605,0.0287256618750639,-0.00208044405837823,-0.00188436801339986,-1.99421387510057e-05,-0.00228193507327732,0.000126509829924857,-0.00216862895731686,-0.308183196259604,0.391033824351454,-0.00081384552609098,0.0301191786657313,0.595005214214325,-0.16883984208107,0.118799149990082,0.486818611621857,1.5859375
1.132,-0.000109694976210845,0.000106923900066383,0.0287233893801247,-0.0022331013890648,-0.00153855252232929,-2.05531606303211e-05,-0.00223827914015111,-6.88100911272897e-06,-0.00237470227546084,0.0419428336576903,0.202895168400634,-0.000263704102588715,0.0301191786657313,0.571352541446686,-0.411425769329071,0.167517334222794,0.573197364807129,1.5859375
1.133,-0.000111930601020114,0.000106755690557361,0.0287209516049084,-0.0022302560368616,-0.00154133077781508,-2.05985993142477e-05,-0.00223358067467276,-0.000328871196088991,-0.00249930580431935,-0.0361043056096089,-0.213941859557744,0.000179525857906311,0.0301191786657313,0.0715336799621582,-0.216364085674286,0.0127617530524731,0.48062339425087,1.5859375
1.134,-0.000114264752647958,0.000106349445605491,0.028718543162632,-0.0020942563138936,-0.00163434846258922,-2.04153475440449e-05,-0.00243555819701159,-0.000484289571963052,-0.002316658883644,0.27297305370582,0.0445692118979492,0.000141981701897058,0.0301191786657313,1,-0.517246067523956,-0.0323506705462933,0.520269691944122,1.5859375
1.135,-0.000116523238208598,0.000105683748229851,0.0287161539157715,-0.00203649530229466,-0.00215212609110019,-1.98492534160266e-05,-0.00208681067426812,-0.000845980708366629,-0.00245986415554316,-0.168189732189277,-0.945277229796145,0.000803455642063766,0.0301191786657313,0.3263099193573,-0.225298464298248,-0.0590798407793045,0.470588862895966,1.5859375
1.136,-0.000118634316122898,0.000104756990925661,0.0287137484960054,-0.00212124693592054,-0.00264303212994738,-1.94532170967321e-05,-0.00213875341879209,-0.00100687125764583,-0.00234994815992636,0.0235897154749221,0.0830719834957046,-0.000114113158818296,0.0301191786657313,0.543618321418762,-0.183293968439102,-0.305941730737686,0.477540910243988,1.5859375
1.137,-0.000120667703422336,0.000103678986397115,0.0287114531524106,-0.00197188516882091,-0.00234284460590443,-1.96387025432898e-05,-0.00192707004594992,-0.00115009145715712,-0.00223978166339273,0.238831398356913,0.430744934239029,-0.000210422003210221,0.0301191786657313,0.657196283340454,-0.506895422935486,-0.203553959727287,0.398542672395706,1.5859375
1.138,-0.000122481833313839,0.00010238259953501,0.0287093238400515,-0.0019050620592629,-0.00200952788481672,-1.99547861221561e-05,-0.00170017031909637,-0.00144271371174069,-0.00201832400875848,-0.11753062296015,0.143175681882852,-0.000330155913547804,0.0301191786657313,0.591576337814331,0.112345911562443,-0.0296337381005287,0.403896033763885,1.5859375
1.139,-0.0001241343906712,0.000100969563974074,0.0287072136146304,-0.00175059512921668,-0.00198366139496258,-1.98685689585254e-05,-0.0016053981453169,-0.00138477922461636,-0.0022006812287375,0.389266863721034,-0.10313488269275,0.000469535559045838,0.0301191786657313,0.373248070478439,-0.402600467205048,-0.171281561255455,0.550081968307495,1.5859375
1.14,-0.000125717336150202,9.9418639468989e-05,0.0287051276709921,-0.00173156231722429,-0.00211374487261845,-1.9784402545131e-05,-0.00156181435311632,-0.00171671911217673,-0.00197071689002208,-0.348959905310905,-0.12771992759498,-0.000334467362211503,0.0301191786657313,0.437894552946091,-0.126060098409653,0.223519772291183,0.192121654748917,1.5859375
1.141,-0.000127355157630696,9.77199297279968e-05,0.0287031669501736,-0.00185355492357222,-0.00198042522339645,-2.01157648453965e-05,-0.0017131182131611,-0.00168047025640497,-0.0019497428558907,0.141823441607959,0.352595105125532,-0.00025597616295044,0.0301191786657313,0.631973564624786,-0.110539227724075,-0.280470788478851,0.522201538085938,1.5859375
1.142,-0.000128939519014987,9.59653105802619e-05,0.0287012242760066,-0.00171870361753733,-0.00204186216868249,-1.99702622634135e-05,-0.00145699856190857,-0.00182969681612598,-0.0019346306783817,0.098158322364318,-0.462186614423086,0.000492102128425534,0.0301191786657313,0.36422061920166,-0.067433625459671,-0.217090472579002,0.172518715262413,1.5859375
1.143,-0.000130370426117872,9.41714468909757e-05,0.0286994384617576,-0.00142720548355313,-0.00246650074062533,-1.92793781343958e-05,-0.00140790472273915,-0.00176043929144539,-0.0016367275676088,0.412800298256149,-0.279719125118749,0.000723570215588815,0.0301191786657313,0.771750211715698,0.148639321327209,-0.426282167434692,0.351969659328461,1.5859375
1.144,-0.000131580733982864,9.24492130927406e-05,0.0286977917365475,-0.00106505041464965,-0.00288950443783876,-1.85263612153541e-05,-0.00101660014727127,-0.00168687572091691,-0.00165573311885612,0.222118650136648,-0.458018449824198,0.000565910635079392,0.0301191786657313,0.755979001522064,0.170892864465714,-0.217122822999954,0.694112300872803,1.5859375
1.145,-0.000132472200879924,9.0702069504608e-05,0.0286959744594615,-0.00129875163234865,-0.00302797622427328,-1.88938504264158e-05,-0.000767972067573334,-0.00180614201653166,-0.00197710947764117,-0.619668466420833,0.213376796476886,-0.00123081976724882,0.0301191786657313,0.557256877422333,0.350473761558533,-0.283799707889557,0.0490092486143112,1.5859375
1.146,-0.000133153173801044,8.9080413254818e-05,0.028694037981569,-0.00144305834303798,-0.00247155963192336,-1.96419578388785e-05,-0.000591133127692999,-0.0014375091814117,-0.00189508933126915,0.372287139543394,0.748858911169097,-0.000141199206375385,0.0301191786657313,0.403593719005585,0.0353778079152107,-0.27752822637558,0.328221708536148,1.5859375
1.147,-0.000133692180624776,8.7652119024225e-05,0.028692238027288,-0.0011142743578265,-0.00178341366582846,-1.97924677847183e-05,-0.000483133561178632,-0.00142148544579847,-0.00170443937076847,0.20420862671892,0.446380078704378,-0.000126250642789465,0.0301191786657313,0.682385265827179,0.059376697987318,0.00838041305541992,0.191550493240356,1.5859375
1.148,-0.000134116543855803,8.627993683867e-05,0.0286905057553743,-0.0010189150908909,-0.00180751721171368,-1.97472419034561e-05,-0.000366147882785047,-0.00132404999720262,-0.00175906148012298,-0.0335268378432454,-0.487014136777234,0.000184866019063345,0.0301191786657313,0.298828780651093,-0.0276343002915382,0.0639631375670433,0.281196117401123,1.5859375
1.149,-0.000134556329478636,8.49535110564698e-05,0.028688810265626,-0.0012729127092245,-0.00222834032122965,-1.98382725842272e-05,-0.000515912294855069,-0.0013275805527753,-0.00163119479416935,-0.402140411541442,-0.244658743303372,-0.000373575650394368,0.0301191786657313,0.436631560325623,0.167071849107742,-0.114502869546413,0.320888787508011,1.5859375
1.15,-0.000135060084271696,8.36732014692108e-05,0.0286871927480488,-0.00152414917268013,-0.00239074577446758,-2.0084312023716e-05,-0.000492775802498091,-0.0012320637312455,-0.00160304454407667,-0.0309081093123713,-0.0394815244248413,-6.11673196462541e-05,0.0301191786657313,0.592422723770142,-0.213544115424156,-0.147396504878998,0.220323026180267,1.5859375
1.151,-0.00013548930743655,8.24085470969282e-05,0.0286857066688408,-0.00148854896426343,-0.00241539329347972,-2.0070431133945e-05,-0.000366141575482265,-0.00129768536840229,-0.0013687105454777,0.0966118338121068,-0.00464166004150003,7.78007309149473e-05,0.0301191786657313,0.746951758861542,-0.0181502047926188,-0.11862388253212,0.414951384067535,1.5859375
1.152,-0.000135755216944186,8.10758498657199e-05,0.0286842990886361,-0.00137635149883107,-0.00249028807193489,-1.99160831657608e-05,-0.000166703212001703,-0.00136856760551537,-0.00144552006040548,0.102405287938366,-0.125723251740002,0.000180537127108077,0.0301191786657313,0.834577262401581,-0.141036689281464,-0.423820704221725,0.525706648826599,1.5859375
1.153,-0.00013571065728958,7.96023711833911e-05,0.0286828830243846,-0.00147755050024664,-0.00285992455795574,-1.98388653398496e-05,0.00025262059880207,-0.00157768222292695,-0.00138591574876895,-0.272146866793111,-0.514161629210127,-6.39749929892593e-05,0.0301191786657313,0.93785285949707,-0.038355216383934,-0.166117325425148,0.23692475259304,1.5859375
1.154,-0.000135299525260334,7.80344975096487e-05,0.028681478858035,-0.00152150640804044,-0.00317705946352289,-1.96925624735833e-05,0.000567052657122062,-0.00155824854574812,-0.0014215382358732,0.199691965081592,-0.0362299790890058,0.000323675623198324,0.0301191786657313,0.543881893157959,-0.209466636180878,0.152493983507156,0.526755332946777,1.5859375
1.155,-0.000134780900215323,7.63502099265791e-05,0.0286800271401328,-0.00146899222541954,-0.00244036731160062,-2.02399080744264e-05,0.000475048701198983,-0.00181066947876852,-0.00148110470030286,-0.102546873414156,1.31316700870789,-0.00124580142520742,0.0301191786657313,1,-0.0250247791409492,-0.488786995410919,0.305312186479568,1.5859375
1.156,-0.000134018624368737,7.4530042349188e-05,0.0286785832044182,-0.00139841197531114,-0.00189458454466659,-2.0666667170488e-05,0.00105193339362862,-0.00183053269581878,-0.00140628379155132,0.230285349088977,-0.360352996687218,0.000460746926728795,0.0301191786657313,0.427186489105225,-0.121107593178749,-0.0156014338135719,0.3944351375103,1.5859375
1.157,-0.00013298078004133,7.26322685435045e-05,0.0286772417561117,-0.00122927862828241,-0.00229160230227052,-2.02468764896047e-05,0.00102166721916609,-0.00196620343407602,-0.00127621905560998,0.0700373445966759,-0.325652067665939,0.000253084953029225,0.0301191786657313,0.5500168800354,0.292507857084274,-0.331352323293686,0.20153446495533,1.5859375
1.158,-0.000131851594731348,7.07704774755515e-05,0.0286760252768428,-0.000884267593010203,-0.00266753171355233,-1.95982028468045e-05,0.00123424540338234,-0.00176042547630487,-0.00115628780307278,0.533451601521574,-0.322680101257041,0.000881157781447879,0.0301191786657313,0.65657764673233,-0.0141564756631851,0.228989943861961,0.298074156045914,1.5859375
1.159,-0.000130645970794393,6.8988037564968e-05,0.0286748030115564,-0.000671892608278235,-0.00249260351395992,-1.93952400220354e-05,0.00117852676152946,-0.00180611013485142,-0.00128732644744721,-0.157587998706136,0.627883647127708,-0.000498934630849272,0.0301191786657313,1,0.270781576633453,-0.619416773319244,0.187934786081314,1.5859375
1.16,-0.000129143102437218,6.7273364847835e-05,0.0286735475093282,-0.000854890413273478,-0.00247660302325718,-1.96821255489255e-05,0.00182625755448236,-0.00162296006975364,-0.00122317639041431,-0.154384559442194,-0.592080385480845,1.48942224971701e-05,0.0301191786657313,0.631626188755035,0.302143722772598,-0.210543990135193,-0.000639021396636963,1.5859375
1.161,-0.000127222061616442,6.58067489323991e-05,0.0286723867054964,-0.000749987518429523,-0.00287167044779813,-1.93839683491071e-05,0.00201350437990253,-0.00131194053724086,-0.00109801222507633,0.340068135146258,-0.0879184598342439,0.000517834592532682,0.0301191786657313,0.765402615070343,0.230390548706055,-0.0302145481109619,0.119670912623405,1.5859375
1.162,-0.000125128947181762,6.45898877982584e-05,0.0286712526723273,-0.000457660286122286,-0.00257536231000798,-1.90743797778836e-05,0.00217485382700142,-0.00112418690254353,-0.00116937594242566,0.171103431831732,0.607567254339135,3.6579900045885e-05,0.0301191786657313,0.734989404678345,0.270117968320847,-0.167782455682755,-0.0363455265760422,1.5859375
1.163,-0.000122833336798092,6.36129512984189e-05,0.028670127818973,-0.000352733840866918,-0.00200116531921874,-1.91161119871275e-05,0.00241984516303799,-0.000831341017499244,-0.00108005156485715,0.0146829117529525,0.397432868057778,-0.000112904794581272,0.0301191786657313,0.661013722419739,0.22018338739872,0.0516417920589447,-0.0252659842371941,1.5859375
1.164,-0.000120367555494853,6.29095709350073e-05,0.0286690632244215,-0.000470670844308931,-0.00176838984320604,-1.93328828848038e-05,0.00251361305663807,-0.000575404282781274,-0.00104866499403207,-0.21641008446089,0.015117783583459,-0.000265439339466762,0.0301191786657313,0.244899451732635,0.59433388710022,-0.080436646938324,-0.184571161866188,1.5859375
1.165,-0.000117886042771853,6.26191260093037e-05,0.0286681219958152,-0.00032941529057894,-0.00176397903403219,-1.92499287070547e-05,0.00245022473727311,-7.67921365198151e-06,-0.000833742493959682,0.460767829685081,0.000673658960321867,0.000392438824390528,0.0301191786657313,0.100544273853302,-0.0375342965126038,0.139914721250534,0.125347420573235,1.5859375
1.166,-0.000115571439030363,6.26186869466615e-05,0.0286674652198269,-0.000383806684381964,-0.00151359546892851,-1.93776318986316e-05,0.00218115356322795,7.12781915008454e-06,-0.000479475981509229,-0.555262705213192,0.44106378345296,-0.000604666787327199,0.0301191786657313,0.370582640171051,0.335678994655609,0.287385523319244,-0.104242220520973,1.5859375
1.167,-0.000113482172343915,6.28131049560988e-05,0.0286670077917151,-0.00077948795623562,-0.00117305826884062,-1.98320812088149e-05,0.00200046267406236,0.000383211381394766,-0.000435274774886385,-0.133810909447188,0.157917862489565,-0.000205492298234004,0.0301191786657313,0.0550447404384613,0.0586405768990517,-0.281111359596252,-0.136617228388786,1.5859375
1.168,-0.000111496056205634,6.33180703643477e-05,0.0286669273998303,-0.000742616545227327,-0.00140557698974663,-1.97566096540314e-05,0.00197093945283298,0.000626088783497337,0.000272975494470263,0.195368667180123,-0.553154686204975,0.000322827847613456,0.0301191786657313,0.408633351325989,0.31366354227066,0.172189503908157,0.230041727423668,1.5859375
1.169,-0.000109572853003262,6.40308362615483e-05,0.0286671589146344,-0.000570305630630895,-0.00195855997972858,-1.9454075716574e-05,0.00187282754721764,0.000798158063844996,0.000190161033977853,0.101930522226478,-0.401695092254962,0.000182352349552292,0.0301191786657313,0.345740765333176,0.47593829035759,-0.0508667230606079,0.0744357779622078,1.5859375
1.17,-0.000107707929683938,6.50060469406019e-05,0.0286673847877639,-0.000383440712422883,-0.00210266385066464,-1.9249312896541e-05,0.00185665821797831,0.00115059787293193,0.000261334369460881,0.218785389229809,0.156472055679573,0.000166793296208309,0.0301191786657313,0.501632928848267,0.208909243345261,-0.0648015439510345,0.309596419334412,1.5859375
1.171,-0.000105807876958062,6.61859862600123e-05,0.0286676524743973,-0.00057458772784058,-0.00182382462740786,-1.95622828469411e-05,0.00194546882734919,0.00121063984894019,0.000273843617540353,-0.552437243635398,0.332943407488029,-0.000707826679618855,0.0301191786657313,0.348417073488235,0.25987708568573,-0.240556791424751,-0.0749298110604286,1.5859375
1.172,-0.00010380614760604,6.75604133382357e-05,0.0286681150703954,-0.000938420129869338,-0.00159121565790916,-2.00518972568453e-05,0.00205963209216174,0.00153993566323777,0.000650080795214024,-0.084992108578795,0.0780696934547101,-0.00016598262863334,0.0301191786657313,0.592741250991821,-0.217494517564774,-0.208029389381409,0.264442712068558,1.5859375
1.173,-0.000101625399188494,6.90325297878389e-05,0.0286689168493597,-0.00124762773966225,-0.00183834189377463,-2.02377558422562e-05,0.00230028657954985,0.00140692317197644,0.000952323277583801,-0.454972277074792,-0.497843360243772,-0.000169541443271145,0.0301191786657313,0.153260216116905,-0.0333259552717209,0.0226676166057587,0.159995228052139,1.5859375
1.174,-9.94024953793678e-05,7.04632383141432e-05,0.0286700523910231,-0.00144920172990118,-0.00189036035676878,-2.04717291500955e-05,0.00214616457379582,0.00145597383779381,0.00131729751816281,0.0989395181193491,0.412300973874706,-0.000276605932137606,0.0301191786657313,0.59701681137085,-0.040180616080761,-0.0652069449424744,0.495562434196472,1.5859375
1.175,-9.71737388456551e-05,7.18450834371992e-05,0.0286713637273756,-0.00133643267109773,-0.00155666860952251,-2.06740921115944e-05,0.00231358555916043,0.00130770686173572,0.00130468040448429,0.0925788406594185,0.175488708879075,-0.000101486107347324,0.0301191786657313,0.312628328800201,-0.127866178750992,0.18891553580761,0.383885502815247,1.5859375
1.176,-9.49273226595005e-05,7.30849794616019e-05,0.0286727221698627,-0.00129771019757411,-0.00125557583606374,-2.09090683713775e-05,0.00218196477198847,0.00117245468779821,0.00141127104497154,-0.0291970310310522,0.353890877542095,-0.000323298868313148,0.0301191786657313,0.305570840835571,0.0680022463202477,0.188702762126923,0.227630764245987,1.5859375
1.177,-9.28068778662845e-05,7.4292206273013e-05,0.0286741751884312,-0.00115691945559968,-0.001001586245783,-2.10555266155765e-05,0.00206136855232191,0.00124126363820175,0.00149378506371725,0.268537126571094,0.0941647222365088,3.5421452274304e-05,0.0301191786657313,0.167039662599564,0.00273242220282555,0.554536104202271,0.280048400163651,1.5859375
1.178,-9.09480369151834e-05,7.55311399746651e-05,0.0286756478346525,-0.000974671352770662,-0.000773335917001296,-2.11435363448587e-05,0.00165910577555477,0.00123582083711536,0.00145085533745124,0.0441185787164211,0.307435227101533,-0.000197306801733369,0.0301191786657313,0.221475899219513,0.107841491699219,0.31984668970108,0.305064857006073,1.5859375
1.179,-8.94016881382589e-05,7.67872803689444e-05,0.0286770897861477,-0.00104629189868202,-0.00071134736727841,-2.12541782063091e-05,0.00143476081284264,0.00127715430914666,0.00143233263335905,-0.172123622769543,-0.193987871447642,-7.91017930167028e-06,0.0301191786657313,0.336968958377838,-0.0750776827335358,0.241204187273979,0.479635059833527,1.5859375
1.18,-8.8024394358834e-05,7.7985070764309e-05,0.0286785044597057,-0.00147909887225731,-0.00118819898060665,-2.12023880621359e-05,0.00131749682681737,0.00112172564966415,0.00139639203257878,-0.581822847236807,-0.627776740974456,7.78241343475473e-05,0.0301191786657313,0.517710566520691,0.143950179219246,0.588155746459961,0.0107775926589966,1.5859375
1.181,-8.68214378481808e-05,7.9235042221738e-05,0.0286798018135681,-0.00148310539126398,-0.00155689650331838,-2.09175663550276e-05,0.00108701474942839,0.00137791751672596,0.00119812710780497,0.567677289914006,-0.00980308992800946,0.000440151651789433,0.0301191786657313,0.53057736158371,-0.0157553106546402,0.165889903903008,0.619056701660156,1.5859375
1.182,-8.5724468592216e-05,8.05152702082961e-05,0.0286808915594491,-0.0011337153412583,-0.00147647927049294,-2.07269791565601e-05,0.00110769026483129,0.00118087137186616,0.000980936901908049,0.0342296627128699,0.152716393655262,-0.000118425388750586,0.0301191786657313,0.318073391914368,0.0625402107834816,0.0334174074232578,0.220480903983116,1.5859375
1.183,-8.46272678836028e-05,8.17346494461988e-05,0.0286819450300422,-0.0011177099912806,-0.0012582481501698,-2.08997033355196e-05,0.00108836987171649,0.00125796296786304,0.00112517914486104,-0.0103478306679976,0.229469859986573,-0.000198790738596078,0.0301191786657313,0.349944442510605,0.0940614342689514,0.244503676891327,0.0460325926542282,1.5859375
1.184,-8.35963446508409e-05,8.30911182214453e-05,0.0286831122634961,-0.00101972675050055,-0.00100710591098278,-2.10418671708901e-05,0.000975473558768077,0.00145443073583682,0.00120854681783068,0.175568363191828,0.209401190852728,-7.14650569269949e-05,0.0301191786657313,0.373587876558304,-0.108279049396515,-0.303117543458939,-0.158030182123184,1.5859375
1.185,-8.25098113305505e-05,8.46439935581011e-05,0.0286846199566487,-0.00084903105571572,-0.00129959053136879,-2.08529511547262e-05,0.00119563955711018,0.00165029262379336,0.00180486761832262,0.115690275201178,-0.711357905111376,0.000361160634310034,0.0301191786657313,-0.122892737388611,-0.209644988179207,0.355631917715073,0.425668656826019,1.5859375
1.186,-8.15438069368321e-05,8.61940790786624e-05,0.0286865415307336,-0.00131424645704613,-0.00132603401327621,-2.12876367466919e-05,0.00073724303300989,0.00145347653852569,0.00203692537141963,-0.925821747075229,0.666308623566572,-0.00120305091245527,0.0301191786657313,0.447335511445999,0.527657449245453,0.350672632455826,0.241996958851814,1.5859375
1.187,-8.08618555334037e-05,8.78260491927321e-05,0.0286883813987547,-0.00167107222979018,-0.000672953413595651,-2.21392675232579e-05,0.000631116310364299,0.0018121296005787,0.00164284876195851,0.297374037209779,0.470529599075271,-0.000374036480489095,0.0301191786657313,0.325951457023621,-0.00555434823036194,-0.126238867640495,0.394097149372101,1.5859375
1.188,-8.01745701146642e-05,8.96204263312295e-05,0.028690098411878,-0.00131337187064596,-0.000830111973999773,-2.19588785626001e-05,0.000742417455007069,0.00177497680890412,0.00178992882140376,0.317334604813539,-0.738150479504229,0.000620709468438721,0.0301191786657313,-0.219720885157585,0.120381280779839,0.329988539218903,0.550251960754395,1.5859375
1.189,-7.96727076076325e-05,9.13646963214039e-05,0.0286919040145158,-0.00122423281427997,-0.00113108015701519,-2.17618594251512e-05,0.000260788599846313,0.00171361532096777,0.00182023531915354,-0.167046862696144,0.214545978741629,-0.000301061964746486,0.0301191786657313,0.247401058673859,-0.0657208412885666,0.297122180461884,0.00605538487434387,1.5859375
1.19,-7.95084864917287e-05,9.3152941341075e-05,0.0286938191836444,-0.00132976013662159,-0.000835527529101176,-2.20841269995553e-05,6.99984226984501e-05,0.00186359506482235,0.00200862996232767,-0.0223831187162426,0.298814068342667,-0.00028168900635504,0.0301191786657313,0.0609007775783539,-0.0974679812788963,0.204469487071037,0.250360488891602,1.5859375
1.191,-7.95565927902939e-05,9.50144063986184e-05,0.0286959386061294,-0.00145412646146989,-0.0006105193871358,-2.23524030515954e-05,-0.000164317964096555,0.00186058566085688,0.00222862803355695,-0.19910449375264,0.0918680113497929,-0.000193564561949082,0.0301191786657313,0.429489731788635,-0.10592994093895,0.124690040946007,0.420686632394791,1.5859375
1.192,-7.97073662243102e-05,9.68252562032666e-05,0.0286981514874239,-0.00176602526153748,-0.000999061299062603,-2.21810418730151e-05,-0.000139804209166119,0.00176401293499233,0.00219618675576986,-0.34714750094862,-0.761391409076839,0.000492678624226409,0.0301191786657313,-0.369493812322617,-0.104618258774281,0.311904162168503,0.436164438724518,1.5859375
1.193,-8.01285497651211e-05,9.85437673924201e-05,0.0287004907357958,-0.00199985028183266,-0.00111049149358095,-2.22814792811832e-05,-0.000701893586635467,0.00167510911352719,0.00248037004428752,-0.0653772773824639,0.5627827793967,-0.000709269820743072,0.0301191786657313,0.471285670995712,-0.290042996406555,-0.164573341608047,0.582690536975861,1.5859375
1.194,-8.07276761726167e-05,0.000100080803385037,0.0287030247845579,-0.0020950831862365,-0.00102085246110749,-2.24818831502382e-05,-0.000496480481371214,0.00140062154491337,0.00258615589527472,-0.105028507153009,-0.406572831595264,0.000353821804163345,0.0301191786657313,0.359623789787292,-0.159535691142082,0.644572198390961,0.500973999500275,1.5859375
1.195,-8.13904005982418e-05,0.000101406110483731,0.0287054512816085,-0.00203249093856026,-0.0011372440996164,-2.23598402668834e-05,-0.000829071004760581,0.00125030075248667,0.00226630879091587,0.208425528245829,0.20091944642808,-0.000147242384432753,0.0301191786657313,0.201019361615181,-0.0877933576703072,0.261237442493439,0.362664401531219,1.5859375
1.196,-8.23203318532007e-05,0.000102640736122012,0.0287077222569723,-0.00164275077839014,-0.000858665386957691,-2.24845558007836e-05,-0.00102886998233759,0.00121696104565407,0.00227441026551551,0.463429291756864,0.27938964080032,-8.69512054770249e-05,0.0301191786657313,0.146621316671371,-0.00262083113193512,0.00210459530353546,0.340701103210449,1.5859375
1.197,-8.33871974377412e-05,0.000103866765085676,0.0287100669821847,-0.00126424019676783,-0.000848288356263712,-2.23893072481829e-05,-0.00110488590727422,0.00123306070706682,0.0024134552674056,0.19057805598124,-0.263389948831727,0.000216806761464429,0.0301191786657313,0.438906282186508,-0.0484578050673008,-0.189387053251266,0.113151058554649,1.5859375
1.198,-8.43951213346179e-05,0.000105157580461244,0.0287125952488178,-0.00123509820479959,-0.00158694917930617,-2.19447324023569e-05,-0.000916156940036973,0.00134847557489002,0.00264132620605176,-0.143472148186745,-1.02027843143971,0.000510759229655871,0.0301191786657313,-0.0544503182172775,0.0126014687120914,0.458334654569626,0.271959155797958,1.5859375
1.199,-8.55584731675083e-05,0.000106537855844761,0.0287152411067992,-0.00156088920393012,-0.00165549646097433,-2.22977232948729e-05,-0.00141007874213561,0.00141426099231248,0.00264898283948264,-0.42594157669727,0.892745822916262,-0.00120332203495602,0.0301191786657313,0.789308607578278,0.212884664535522,-0.201729372143745,0.208682388067245,1.5859375
1.2,-8.67749556915944e-05,0.000108067118596726,0.0287178052452496,-0.00172151188364058,-0.00123390810903552,-2.28651385678624e-05,-0.00102160891530163,0.00164504068608953,0.00247833070578486,0.140318691882886,-0.161628099226917,0.000191837856103897,0.0301191786657313,0.385044366121292,-0.3551145195961,0.0985918194055557,0.445624530315399,1.5859375
1.201,-8.78059729754092e-05,0.000109596911693341,0.0287203157038954,-0.00188077592436711,-0.00144011885512471,-2.28441609442243e-05,-0.00104191846335667,0.00141637076457505,0.00254117651680627,-0.420680340202612,-0.199585333137871,-0.000181341228875689,0.0301191786657313,0.266285181045532,-0.193925112485886,-0.115404650568962,0.194145679473877,1.5859375
1.202,-8.88344462023247e-05,0.000111023910178528,0.028723000719217,-0.00209356875062079,-0.00160021931436543,-2.28975176201907e-05,-0.00101633208810793,0.00143921617099276,0.00282671741905459,0.0449351805040483,-0.0823024227537527,7.84371943748879e-05,0.0301191786657313,0.718276023864746,-0.0629831627011299,-0.0494109019637108,0.551447093486786,1.5859375
1.203,-8.9728532340046e-05,0.000112409701759252,0.0287256912687241,-0.00198407201632856,-0.00183826443908992,-2.25846283985476e-05,-0.000773950121886751,0.00133223315672743,0.00255346942788635,0.140299635308445,-0.333509922842726,0.00044798425639855,0.0301191786657313,0.486481368541718,-0.0618532821536064,0.328215807676315,0.519297540187836,1.5859375
1.204,-9.05609251524938e-05,0.000113696594531861,0.0287280708097712,-0.00186620773069718,-0.00171159296514089,-2.26476869067405e-05,-0.000890006384539896,0.00124135817761713,0.00220512176360145,0.060183193375811,0.548548663388342,-0.000558824193380841,0.0301191786657313,0.645793497562408,0.129599079489708,-0.161921560764313,0.518192648887634,1.5859375
1.205,-9.13165877453641e-05,0.000114948036297399,0.0287301384097632,-0.0017754390100291,-0.00143313917685772,-2.29083951439613e-05,-0.000620349077201691,0.00126124560962293,0.00192951245534303,0.093172568358008,-0.0663053476697889,8.23494480718389e-05,0.0301191786657313,0.258956551551819,-0.166033789515495,0.298655480146408,0.357562690973282,1.5859375
1.206,-9.20458415691682e-05,0.000116180008877779,0.0287320307330433,-0.00181087246508696,-0.00125503321238773,-2.31614705175076e-05,-0.000836855227818233,0.00120333531809003,0.00185428086841908,-0.158303506213926,0.372135859097412,-0.000532523388951649,0.0301191786657313,0.515224754810333,-0.00594740360975266,-0.276786357164383,0.375096321105957,1.5859375
1.207,-9.27482949470867e-05,0.000117398449375274,0.0287338857654907,-0.00193187503082235,-0.00141737935480408,-2.31251874680538e-05,-0.000569850811050987,0.00123452522832303,0.00185483910950246,-0.0560452250410079,-0.653819817317755,0.000592749132785094,0.0301191786657313,-0.0248468369245529,-0.0448542386293411,0.513479888439178,0.26172286272049,1.5859375
1.208,-9.35741626856024e-05,0.000118671287675125,0.0287357072628871,-0.00185166643135899,-0.00137674911587434,-2.31510981083538e-05,-0.00108071882851234,0.00131081887350437,0.00178734185468552,0.190512556563389,0.718539893572646,-0.000639274140624823,0.0301191786657313,0.290785640478134,-0.42758309841156,0.178439825773239,0.706695914268494,1.5859375
1.209,-9.47167370828317e-05,0.000119781611586512,0.0287374517353786,-0.00219989022359732,-0.000760530301301831,-2.40211300597259e-05,-0.00120069996123158,0.000913029380403684,0.00170092140164711,-0.796639368420783,0.347854612193892,-0.000804170329050467,0.0301191786657313,0.407204657793045,-0.142746165394783,0.0749209150671959,0.432906627655029,1.5859375
1.21,-9.59095234112421e-05,0.000120665963705374,0.0287390990808379,-0.00270025151803244,-0.00100088978929279,-2.3923243682944e-05,-0.00118668718544974,0.000859071469915108,0.0015932055332716,-0.0766986812239527,-0.766445039739449,0.00103733212448602,0.0301191786657313,0.359439730644226,-0.143200546503067,0.838561058044434,0.797924637794495,1.5859375
1.211,-9.73310310687576e-05,0.000121394690434053,0.0287403377322292,-0.00257673980887282,-0.00141293561042661,-2.32756387910094e-05,-0.00165822125519843,0.000598374250430137,0.000884923582762783,0.287785170351997,0.0448509091750352,0.000106480490266233,0.0301191786657313,0.513688623905182,-0.0184320509433746,0.141919761896133,0.676304161548615,1.5859375
1.212,-9.89836218564613e-05,0.000121931044681298,0.02874101666739,-0.00209891684776149,-0.00149533085309414,-2.28518423193158e-05,-0.00164790420964911,0.000471731099163466,0.0004731785761294,0.539362821108247,-0.192965288991521,0.000610049770628704,0.0301191786657313,0.634041249752045,-0.500516653060913,0.321981310844421,0.68926864862442,1.5859375
1.213,-0.000100647673927559,0.000122189743711945,0.0287413309563187,-0.00207684798005427,-0.00168095696976241,-2.26920057193603e-05,-0.00168168421000584,4.66751628561903e-05,0.000156036524060879,-0.49900503167407,-0.135124116567229,-0.000358522153472486,0.0301191786657313,0.825336158275604,-0.0145262628793716,-0.160218790173531,0.403581529855728,1.5859375
1.214,-0.000102156193873168,0.000122250642737571,0.0287413520384286,-0.00235159991348229,-0.00215243101568246,-2.24236395705013e-05,-0.00133941459206044,7.67477517972164e-05,-0.000113180920137119,0.020562049483338,-0.687002566062018,0.000855563294107244,0.0301191786657313,0.60586678981781,-0.462192237377167,0.162383586168289,0.873849809169769,1.5859375
1.215,-0.000103489435728101,0.000122079918642396,0.0287410715676007,-0.00265567519404939,-0.00237758542395946,-2.25857403308716e-05,-0.00132882264021579,-0.000415454785733559,-0.000446906667726079,-0.546639493773768,0.290036459709163,-0.00118563667302726,0.0301191786657313,0.829003512859344,-0.30365663766861,-0.335945665836334,0.547893047332764,1.5859375
1.216,-0.0001046047584833,0.00012156396245493,0.0287405806385647,-0.00285433888609323,-0.00219044177094206,-2.31778351156287e-05,-0.000902006326578174,-0.000614905631672721,-0.000534485312050236,0.201110854741681,0.0322484909643726,0.000137455794607765,0.0301191786657313,0.416489779949188,-0.586294293403625,-0.23300364613533,0.716743290424347,1.5859375
1.217,-0.000105440559814272,0.000120718450625768,0.0287401195822081,-0.00263943883968948,-0.00198523665965801,-2.32874615395673e-05,-0.000768780014145701,-0.00107688405959564,-0.000387702958207685,0.174736001705746,0.320767080776042,-0.000326600316138512,0.0301191786657313,0.542894423007965,-0.313252002000809,-0.258031934499741,0.530078709125519,1.5859375
1.218,-0.000106095331600569,0.000119538313482068,0.0287397526450239,-0.0022799910567012,-0.00180968975515951,-2.32202142118609e-05,-0.000540386384754304,-0.00128540691079838,-0.000346148544535625,0.452656170192624,-0.0172130944976346,0.000416299104163541,0.0301191786657313,0.809831738471985,-0.252020657062531,-0.146991103887558,0.674730896949768,1.5859375
1.219,-0.000106476211491024,0.000118116780867771,0.028739267634457,-0.00200519161158516,-0.00212773007277713,-2.26314991293997e-05,-0.000224113643261959,-0.0015591117217494,-0.000623015375610888,0.0299512594948928,-0.53483513329926,0.000567968692361116,0.0301191786657313,0.0320323407649994,0.0998281165957451,-0.275017201900482,0.504658579826355,1.5859375
1.22,-0.00010673487581881,0.000116569643934542,0.0287387018857479,-0.00187862078614673,-0.00217580579136614,-2.24723353166034e-05,-0.000293415673114875,-0.00153639613184575,-0.000508445241211174,0.194444156907818,0.44824535107261,-0.000282825106036172,0.0301191786657313,0.454546302556992,0.0191080421209335,-0.312964916229248,0.503809034824371,1.5859375
1.221,-0.000106926497191791,0.000115017428481253,0.0287381699193049,-0.00175321815192749,-0.00175977612699528,-2.27996547139675e-05,-8.78813974655855e-05,-0.00156911634516252,-0.000555150429570396,0.028967059354382,0.274658367714502,-0.000289075217898433,0.0301191786657313,0.553181111812592,-0.0553867667913437,-0.170610547065735,0.144254699349403,1.5859375
1.222,-0.00010692040569744,0.000113511540362817,0.0287376440091702,-0.00162735011573783,-0.00173287934866886,-2.27642739094591e-05,9.98141051615444e-05,-0.00144409141696017,-0.000496525782505169,0.194067432998494,-0.22676407423738,0.000332350196309119,0.0301191786657313,0.293823838233948,-0.0938223749399185,0.00803930871188641,0.727537035942078,1.5859375
1.223,-0.000106853551917277,0.00011194837397279,0.0287370503313699,-0.00187397299158242,-0.00181518651002772,-2.29922688350648e-05,3.35516615850599e-05,-0.00168060990565141,-0.000690068920679857,-0.61512583075001,0.0834178182454681,-0.000750204560276396,0.0301191786657313,0.641773343086243,0.268442004919052,0.167572826147079,0.58864164352417,1.5859375
1.224,-0.000106797989154157,0.000110298483123145,0.028736061553701,-0.0022292896961999,-0.00174270336389495,-2.34761718411747e-05,7.7919170430456e-05,-0.00161757334327239,-0.00128548916891571,0.00154599069909411,0.0428630058040079,-0.000104608736915539,0.0301191786657313,0.582035303115845,-0.259800016880035,-0.0437213256955147,0.295795559883118,1.5859375
1.225,-0.000106654661322053,0.00010864527082391,0.028734781808147,-0.0019964291467837,-0.00184040411356824,-2.3190676674556e-05,0.000206906151724297,-0.00168999330790977,-0.00127346413478447,0.403791893994448,-0.209174039662951,0.000581181823708977,0.0301191786657313,0.357907235622406,-0.0017256885766983,-0.286976903676987,0.323936253786087,1.5859375
1.226,-0.000106379680287427,0.000106979432650811,0.0287335652126125,-0.00145433118261899,-0.00206471516003995,-2.24491020976991e-05,0.000341437920014842,-0.00164552584497251,-0.00115937350475574,0.543000357831631,-0.179676580668546,0.000702559647030576,0.0301191786657313,0.612499594688416,0.169211149215698,0.0811941921710968,0.263903379440308,1.5859375
1.227,-0.000106005581372721,0.000105412562861055,0.0287322610689587,-0.0010129702043375,-0.00205037020779221,-2.19988634797552e-05,0.000406783523934687,-0.00149167723534548,-0.00144752255764267,0.229543907271781,0.204851919548373,9.03740979665921e-05,0.0301191786657313,0.719020545482635,0.0161294937133789,-0.0938218757510185,0.419868320226669,1.5859375
1.228,-0.000105482708649016,0.00010390459412398,0.028730691039121,-0.00130123672036729,-0.00193513924680969,-2.24232987449113e-05,0.000639285558804524,-0.00152281001956412,-0.00169117782456216,-0.72271518639213,-0.0025628156124345,-0.000816769049334219,0.0301191786657313,0.808730959892273,0.339607954025269,0.232851684093475,-0.119431041181087,1.5859375
1.229,-0.000104794556231071,0.000102620538487729,0.0287288213307003,-0.00153088761216717,-0.00190135425559503,-2.27487476349708e-05,0.000737359335717875,-0.00104443940482983,-0.00204710904405001,0.328070044326529,0.0635254204529938,0.000234693543716333,0.0301191786657313,0.670464336872101,0.281837463378906,0.0188461951911449,0.254944533109665,1.5859375
1.23,-0.000103984493068479,0.000101688731280552,0.028726609948152,-0.00108753376543452,-0.0018781341054261,-2.23642285179793e-05,0.000882743107473834,-0.000822676613303865,-0.00237366833219101,0.444835249631554,-0.0202005589542424,0.000415689867422403,0.0301191786657313,0.224723756313324,0.0611041486263275,0.170526415109634,0.240943789482117,1.5859375
1.231,-0.000103200272934845,0.000100911545269849,0.028724220165723,-0.000979377241145698,-0.00152377610728482,-2.24866795424106e-05,0.000688320112474188,-0.000732671817216482,-0.00240460563077385,-0.253738055862124,0.636857607959177,-0.00060607301789536,0.0301191786657313,0.540895521640778,0.160200029611588,-0.256844967603683,-0.144479751586914,1.5859375
1.232,-0.000102387815804014,0.000100365410970805,0.028721913869177,-0.00114199451502588,-0.00139320974316318,-2.27318490724215e-05,0.000936984219256177,-0.000359661956106144,-0.00220729440748782,-0.0276732523007076,-0.404507238819681,0.000178626788040579,0.0301191786657313,0.372272968292236,0.106789827346802,0.446049213409424,0.157724365592003,1.5859375
1.233,-0.000101579335082384,0.000100090174716824,0.0287195905986492,-0.0012618689566712,-0.00157093182335401,-2.27736615312502e-05,0.000679570945384387,-0.000190466894528741,-0.00243759448674951,-0.179163143312061,0.0978310476775935,-0.000274679070651177,0.0301191786657313,0.195518419146538,0.213794350624084,0.0427917763590813,0.517970085144043,1.5859375
1.234,-0.000100962096209312,9.99148212462474e-05,0.028717073405693,-0.00158825052451569,-0.00137962946866845,-2.32399564707997e-05,0.000556507754931111,-0.000158343560336958,-0.00259510571581262,-0.386255506561104,0.236060510193121,-0.00054985517164331,0.0301191786657313,0.397530913352966,-0.0808503180742264,-0.0836672559380531,0.427209973335266,1.5859375
1.235,-0.000100369964487276,9.97191914757796e-05,0.0287144900378664,-0.00197541705620178,-0.00142545422383194,-2.35244739097418e-05,0.000627450712422098,-0.000230419985667436,-0.00257030712317114,-0.285324093253203,-0.312134265585517,6.20175285014754e-05,0.0301191786657313,0.331996113061905,-0.138988867402077,0.107076875865459,0.544556021690369,1.5859375
1.236,-9.97836875421432e-05,9.94062065133383e-05,0.0287118844862988,-0.00213824013483652,-0.00168442257693485,-2.34199076856179e-05,0.000543876417788866,-0.000394234057410842,-0.00263924537892327,0.00285658754013275,-0.136226183851099,0.000109247232501221,0.0301191786657313,0.521806478500366,-0.25442636013031,0.111329227685928,0.280109763145447,1.5859375
1.237,-9.92309257085564e-05,9.89725972822456e-05,0.028709265585657,-0.0018628318633582,-0.00175371681965237,-2.31305048519204e-05,0.00056132504846211,-0.000474615371193127,-0.00259728662422343,0.475633381044769,0.0176340443349163,0.000385723359090794,0.0301191786657313,0.49977433681488,-0.111627146601677,0.000842791981995106,0.398424208164215,1.5859375
1.238,-9.86346627139343e-05,9.84585071623093e-05,0.0287066573456153,-0.00140008385657761,-0.00171095368303337,-2.27803213155298e-05,0.000631451434392822,-0.000556329135480227,-0.0026178231434263,0.329767205749395,0.0585402213610472,0.000211205680191483,0.0301191786657313,0.368504881858826,-0.00675344094634056,0.011338459327817,0.444075673818588,1.5859375
1.239,-9.8007395371255e-05,9.78729731274104e-05,0.028704023731179,-0.00132157824106333,-0.00156538485813382,-2.28626258387266e-05,0.00062415013756087,-0.000615230504985879,-0.00264797204007005,-0.190250936792972,0.195912362096474,-0.000357157724524425,0.0301191786657313,0.283634096384048,0.296832382678986,0.0287046134471893,-0.0639438480138779,1.5859375
1.24,-9.74136018269723e-05,9.74632371391745e-05,0.0287014364616295,-0.00114574264448186,-0.00133921779181081,-2.29430717659795e-05,0.00056510349250367,-0.000206299188135237,-0.00252546762337815,0.495105474025846,0.198444381845869,0.000185646737224003,0.0301191786657313,0.193657130002975,-0.1920066177845,0.194986492395401,0.363016366958618,1.5859375
1.241,-9.69486301393181e-05,9.7192184014858e-05,0.0286989737133898,-0.00117029833734767,-0.00109257435175499,-2.31438510902571e-05,0.000366957410975636,-0.000335399734875186,-0.0023990514866518,-0.533984461148113,0.231185033856374,-0.000519604767795129,0.0301191786657313,0.652114033699036,0.341888219118118,0.117140740156174,-0.0305097103118896,1.5859375
1.242,-9.65227750033285e-05,9.70640533222999e-05,0.0286964959611942,-0.00134952883543977,-0.0013478003969623,-2.31055428683291e-05,0.00048302602692975,7.93062444157104e-05,-0.0025548126429249,0.22166907914877,-0.670379060717983,0.000606577590906426,0.0301191786657313,-0.0958695411682129,0.216395005583763,0.342945843935013,0.314049869775772,1.5859375
1.243,-9.62696010747254e-05,9.7214824880423e-05,0.0286939487441365,-0.00114547837432062,-0.00145766709169549,-2.29040156982663e-05,2.38570911030594e-05,0.00022068194555359,-0.0025383442998057,0.132486287850377,0.477185678629055,-0.00024498798707344,0.0301191786657313,0.477840930223465,-0.272365480661392,0.110843800008297,0.0790146440267563,1.5859375
1.244,-9.62399860370739e-05,9.74311054593582e-05,0.0286915309351143,-0.00130323209361306,-0.00115563388053146,-2.32483923041649e-05,3.72174174308834e-05,0.00021291406046203,-0.00229653309809624,-0.405645868652308,0.0478662585351994,-0.0003419007347858,0.0301191786657313,0.1740542948246,0.0587225556373596,0.0147527977824211,0.510347247123718,1.5859375
1.245,-9.62533334966555e-05,9.76168384360653e-05,0.0286892580629801,-0.0018439546481703,-0.00124302992835001,-2.3567399349389e-05,-6.42452549139026e-05,0.000162052887776837,-0.0022480835227621,-0.532396479055983,-0.198930814311661,-0.000212514154212422,0.0301191786657313,0.404800415039062,-0.0412903763353825,0.196585491299629,0.237809404730797,1.5859375
1.246,-9.6357357706512e-05,9.78101603715439e-05,0.0286870258216253,-0.00199423974038148,-0.0014974279075073,-2.34436197357191e-05,-0.000145197360900439,0.000225398206903562,-0.00221530405191114,0.268728288852809,-0.242901604728678,0.000434386707894112,0.0301191786657313,0.660104990005493,-0.103886343538761,-0.134385704994202,0.600497424602509,1.5859375
1.247,-9.63774368759333e-05,9.79425487378206e-05,0.0286847710220453,-0.0017213523356157,-0.00199867434079089,-2.27371909153895e-05,0.000101384655889562,3.81701468901597e-05,-0.00229290778916804,0.204650265140278,-0.62589916241031,0.000762295460154107,0.0301191786657313,0.467069566249847,-0.121723644435406,0.219394564628601,0.582337558269501,1.5859375
1.248,-9.63185178092179e-05,9.78836158684156e-05,0.0286824059260161,-0.00168307018742361,-0.00209117278530283,-2.26582489837313e-05,1.61156932974326e-05,-0.000155797226741913,-0.00243569731247736,-0.136919399695796,0.462546483435124,-0.000633634226374297,0.0301191786657313,0.69545978307724,0.0324467793107033,-0.206054896116257,0.433060944080353,1.5859375
1.249,-9.6151808189477e-05,9.77196792061931e-05,0.0286799562194793,-0.00172830406547239,-0.00172068819521328,-2.31080022126129e-05,0.00031886059330172,-0.000171800146959524,-0.00246242545533536,0.0584610192368046,0.182204059224257,-0.000168362316522629,0.0301191786657313,0.576806366443634,-0.13495147228241,-0.0158188827335835,0.339845716953278,1.5859375
1.25,-9.57672611957422e-05,9.75177685018791e-05,0.0286775351642641,-0.00163664409480311,-0.00160979033811699,-2.31796518455063e-05,0.000450690114543281,-0.000232481043288358,-0.00237864273636779,0.10127300098005,0.0120670291748272,2.72673777472369e-05,0.0301191786657313,0.590874195098877,-0.149902984499931,-0.249614983797073,0.591438889503479,1.5859375
1.251,-9.51779803482388e-05,9.71768357347676e-05,0.0286751985905542,-0.00175203706839572,-0.0018595545039476,-2.31133609505108e-05,0.000725918742287913,-0.000448313678330539,-0.00229340925063207,-0.299244568868081,-0.442122085149342,6.81956162612508e-05,0.0301191786657313,0.60466456413269,-0.0829196125268936,-0.574491500854492,0.578027069568634,1.5859375
1.252,-9.42216122135051e-05,9.66474512537254e-05,0.0286730233619652,-0.00203533333927887,-0.00249404010385217,-2.28319654973497e-05,0.00118212373383089,-0.000608466090733944,-0.00205632407955112,-0.190817371011604,-0.65542321132717,0.000418528982862096,0.0301191786657313,0.492682129144669,-0.166012018918991,0.0961833894252777,0.371045887470245,1.5859375
1.253,-9.30455321738851e-05,9.59961194757581e-05,0.0286710112812984,-0.00195344779261946,-0.00234258262042656,-2.29351317599935e-05,0.00117130573631924,-0.000694671491958021,-0.00196700525920288,0.333817152375403,0.918280534088251,-0.000604607405841226,0.0301191786657313,0.813738226890564,-0.0512744784355164,-0.191853687167168,0.0818642675876617,1.5859375
1.254,-9.16926654887323e-05,9.53702822445621e-05,0.0286691313390284,-0.00125479497874109,-0.00149077565086746,-2.30701082966078e-05,0.00153918675435288,-0.000561731693913364,-0.00179246222764647,0.879180363267801,0.564767716917122,0.000277418123579097,0.0301191786657313,0.539520800113678,0.065902516245842,0.133413046598434,0.384144902229309,1.5859375
1.255,-9.01313838545104e-05,9.48093077603834e-05,0.0286672968106095,-0.000744276469585887,-0.00108499801948106,-2.29708116021854e-05,0.00158614994515138,-0.000563469062275484,-0.0018754641386406,0.011445965844,0.145999641655443,-0.00010439178715259,0.0301191786657313,0.22399041056633,0.198657363653183,0.0373933874070644,-0.160359770059586,1.5859375
1.256,-8.85818316746995e-05,9.44392630960453e-05,0.0286656081148723,-0.000780426786026418,-0.00110663433087291,-2.30342307481202e-05,0.00151345134035998,-0.000177696114527316,-0.00150220175934412,-0.0726549982082092,-0.177323308671567,-1.99800146207904e-05,0.0301191786657313,0.399129539728165,0.247054576873779,0.0924381390213966,0.0608538202941418,1.5859375
1.257,-8.7070758346856e-05,9.44053532603025e-05,0.0286641572459323,-0.000973722748802073,-0.00142999135695657,-2.30670800243082e-05,0.00150710598537285,0.000110461424836786,-0.00139898300614927,-0.262114448673321,-0.37809560251873,-5.53738969196133e-05,0.0301191786657313,0.100201845169067,0.171727061271667,0.140108793973923,0.119358196854591,1.5859375
1.258,-8.56711370346451e-05,9.4625593371276e-05,0.0286628856133551,-0.00126574852592065,-0.00143996691992789,-2.33630222856718e-05,0.00129295760761238,0.000331333909274406,-0.00114423239499705,-0.24549959894538,0.36337273754909,-0.000497144502052975,0.0301191786657313,0.332253575325012,0.210409134626389,0.0394067615270615,0.0543941855430603,1.5859375
1.259,-8.43845685172833e-05,9.51012262104988e-05,0.0286618420983109,-0.0012804487162906,-0.00109029072637271,-2.36843940797371e-05,0.00128268361091257,0.000619412034317742,-0.000942780006255737,0.217127659302152,0.247992346172036,-9.65337529468276e-05,0.0301191786657313,-0.0302869081497192,-0.0849343240261078,-0.15219521522522,0.420554578304291,1.5859375
1.26,-8.3151735102872e-05,9.56729377424461e-05,0.0286611371099416,-0.00137234308838326,-0.000933952885036702,-2.38901127898039e-05,0.00118448217769773,0.000524948236687142,-0.000467906575984464,-0.376892572413993,0.027724735346582,-0.000265572976112404,0.0301191786657313,-0.0595357269048691,0.0983607396483421,0.194698423147202,0.32026132941246,1.5859375
1.261,-8.2123248300944e-05,9.62367559935817e-05,0.0286607949658148,-0.00167337790486497,-0.000800471760347553,-2.42045174716488e-05,0.000874266808700932,0.000604518191489522,-0.000216738581504302,-0.14748937948502,0.206707762167839,-0.000306126266983373,0.0301191786657313,0.166644960641861,-0.129123345017433,0.115797013044357,0.714921176433563,1.5859375
1.262,-8.13128161416566e-05,9.67042789323949e-05,0.028660620004402,-0.00201202380848013,-0.00081812529162626,-2.43749824888617e-05,0.000747005424458468,0.00033339676819617,-0.000133245025947897,-0.440666418535465,-0.233569056531821,7.81513741102395e-06,0.0301191786657313,-0.108977466821671,-0.0947157889604568,-0.0392137467861176,0.439745962619781,1.5859375
1.263,-8.06670128794003e-05,9.69981025963412e-05,0.0286607138305557,-0.00213490302596059,-0.00106356024455365,-2.41964785057114e-05,0.000543782763456215,0.000255270487544552,0.000319744651657453,0.224644981954158,-0.190609005117373,0.000301532143503886,0.0301191786657313,0.0618344694375992,-0.380243450403214,0.286608219146729,0.180396437644958,1.5859375
1.264,-8.02728775974511e-05,9.720388454535e-05,0.0286612732612677,-0.00168030149130991,-0.00100923394884415,-2.40280443795093e-05,0.000245607254969113,0.00015381055870575,0.000797698607520931,0.562518602728284,0.284957801506041,-2.96160760040696e-06,0.0301191786657313,0.305272221565247,-0.430259943008423,0.0598071813583374,0.226854413747787,1.5859375
1.265,-8.00374164750988e-05,9.7271470608056e-05,0.0286623072784379,-0.00134438924671203,-0.000937817784666113,-2.39705633706677e-05,0.000225864992571881,-2.02097300853914e-05,0.00126856665642592,0.0219453007108307,-0.159028961578197,7.6489154435167e-05,0.0301191786657313,0.352904379367828,0.0128357298672199,0.15151447057724,0.376625865697861,1.5859375
1.266,-7.98348485914324e-05,9.72470823410691e-05,0.028663606170123,-0.00146830165725622,-0.00122553882440269,-2.3879319383191e-05,0.000177786658470006,-2.77714526203615e-05,0.00132825052274963,-0.235371303868645,-0.338264410164773,6.20277209184727e-05,0.0301191786657313,0.429625451564789,-0.163867816329002,0.109827756881714,0.579935252666473,1.5859375
1.267,-7.96514916527812e-05,9.71087927024388e-05,0.0286649470695726,-0.00195261135180782,-0.00152969808666601,-2.40294938533836e-05,0.000187080694482885,-0.000245360549672293,0.00135286037685635,-0.603522591937405,-0.189169975641779,-0.000355172790767984,0.0301191786657313,0.337052702903748,0.131361961364746,-0.0478502959012985,0.223497360944748,1.5859375
1.268,-7.94439731558164e-05,9.69509186949197e-05,0.0286663949926278,-0.00195382778392079,-0.00155008576458895,-2.40585440667296e-05,0.000227786910702397,-7.0869641594334e-05,0.0015417565848646,0.598580484592505,0.153467546531138,0.000291467337748665,0.0301191786657313,0.724877595901489,-0.245470941066742,-0.00687345676124096,0.649278044700623,1.5859375
1.269,-7.90937995657813e-05,9.6728438213637e-05,0.0286679004534267,-0.00157182231750681,-0.00152989598197309,-2.3817270697446e-05,0.000472154450117459,-0.000375705470708108,0.00146850958469524,0.0667073641726362,-0.116589483814067,0.000103841665823573,0.0301191786657313,0.63416051864624,0.314679652452469,0.276520073413849,0.297319710254669,1.5859375
1.27,-7.86077534410134e-05,9.64605766226029e-05,0.0286692152882808,-0.00125700304406841,-0.00148295463780576,-2.36386370571218e-05,0.000500297848527713,-0.000162481012026778,0.00116112292401424,0.479245229799446,0.198862883772579,0.000199902531386014,0.0301191786657313,0.531286895275116,0.183476328849792,0.153547748923302,0.666866958141327,1.5859375
1.271,-7.80845352518983e-05,9.62543328622975e-05,0.0286702188348215,-0.00117542639596458,-0.00123527057267242,-2.37751119480656e-05,0.000547673115993729,-0.000250337541097072,0.000846224187378649,-0.334771521312863,0.232707939761204,-0.00042779932169932,0.0301191786657313,0.542145013809204,0.219271838665009,-0.256457984447479,0.283737361431122,1.5859375
1.272,-7.73885327545696e-05,9.60848548503574e-05,0.0286711127911284,-0.00148108720464679,-0.00139505959811046,-2.39067351377464e-05,0.000842859120328043,-8.71500951160344e-05,0.000941022881433865,-0.195154894450274,-0.505878633688271,0.000209454757194747,0.0301191786657313,0.23928627371788,0.270803928375244,0.260684370994568,0.516423344612122,1.5859375
1.273,-7.66394398043404e-05,9.60298948537453e-05,0.028671960425178,-0.00159695360281009,-0.00146522087987426,-2.39986054411112e-05,0.000655563701688182,-2.22348525496925e-05,0.000754276257676854,-0.00633736066138642,0.384055056646986,-0.000392353976519399,0.0301191786657313,0.742046713829041,-0.115153022110462,0.064367838203907,0.118342444300652,1.5859375
1.274,-7.5872625507326e-05,9.60437340177567e-05,0.0286727541863804,-0.00146793976761119,-0.00126789672735391,-2.41290644633629e-05,0.000879058630610686,4.89887098197136e-05,0.0008326493470909,0.229553909092283,-0.0386337876130323,0.00013847957620772,0.0301191786657313,0.550639927387238,-0.135802447795868,0.1381626278162,0.274610608816147,1.5859375
1.275,-7.49571460821224e-05,9.6074650561068e-05,0.0286736198694477,-0.00136673534901969,-0.00134322234143928,-2.40527196191387e-05,0.000951536675258496,1.2303417521811e-05,0.000898139213777482,-0.0535308901873487,-0.0889438347440446,-2.46510171179086e-05,0.0301191786657313,0.386361986398697,0.347859978675842,0.151884242892265,0.0652163922786713,1.5859375
1.276,-7.40208981857334e-05,9.62692518253544e-05,0.0286745128155293,-0.00109847876749476,-0.00127872024097892,-2.39515641529131e-05,0.000921740092722676,0.000373653254559984,0.000887345141934271,0.515316981725453,0.202423080082801,0.000187155800115329,0.0301191786657313,0.459000051021576,0.0167735852301121,0.0861655920743942,0.371986418962479,1.5859375
1.277,-7.30711368598836e-05,9.66337431149484e-05,0.0286754006095752,-0.00100360656996152,-0.0011207747558809,-2.40197522245467e-05,0.000978854114091931,0.000354895321351537,0.000887766864339957,-0.349401621798286,0.0751958282815185,-0.000307076999871386,0.0301191786657313,0.392732381820679,0.307505667209625,-0.125849097967148,-0.0728469714522362,1.5859375
1.278,-7.20199056773482e-05,9.71955755729998e-05,0.0286764053632423,-0.00114461911915176,-0.00125002258414175,-2.40760526581951e-05,0.00112278300083767,0.000768901239137757,0.00112071318271229,0.102048632302449,-0.295124111131557,0.000203240565802891,0.0301191786657313,0.628432393074036,0.0255959276109934,0.094812698662281,0.362649619579315,1.5859375
1.279,-7.08234197658111e-05,9.79641605142751e-05,0.0286774746240947,-0.00132985246342993,-0.00158020933778849,-2.40645794429284e-05,0.00126816996258164,0.000769604057068721,0.00101748312029357,-0.42478554912334,-0.273536017911977,-0.000219815811394845,0.0301191786657313,0.451057195663452,-0.183627158403397,0.0258511453866959,0.268326133489609,1.5859375
1.28,-6.95172445848994e-05,9.87072829534708e-05,0.0286785915217633,-0.00186304935894798,-0.00158225974507734,-2.46039867657366e-05,0.00134432976081549,0.000720194300121416,0.0012152924182179,-0.503058216359667,0.272775340283573,-0.000765581199453492,0.0301191786657313,0.652374386787415,-0.12129782885313,0.407654136419296,0.14598436653614,1.5859375
1.281,-6.81828527098723e-05,9.94626377419097e-05,0.0286797584609704,-0.00197881786688321,-0.00104660637375993,-2.53482048453435e-05,0.00132817912308626,0.00079123526831534,0.00111819344434655,0.297588789149354,0.659874585059038,-0.000596731903531478,0.0301191786657313,0.116658002138138,-0.130590915679932,-0.056395411491394,0.235662326216698,1.5859375
1.282,-6.68735068910367e-05,0.00010026017848064,0.0286810812241761,-0.00147670601354548,-0.000510394239092033,-2.57268489889384e-05,0.00129420902328793,0.000800959834214843,0.00152565022221394,0.570504316433415,0.275892901320768,-0.000116744881300862,0.0301191786657313,0.189699068665504,-0.153229519724846,0.0807154253125191,0.423524171113968,1.5859375
1.283,-6.56089800408838e-05,0.000100997625732899,0.0286827056260971,-0.00125948257025194,-0.000581577640814295,-2.56812581542754e-05,0.00123487984828289,0.000673103622242356,0.00172181945708881,-0.194065941400479,-0.393592773848835,0.000156069944464065,0.0301191786657313,-0.250906199216843,0.278305768966675,0.24123141169548,0.0549238175153732,1.5859375
1.284,-6.45808047947198e-05,0.000101839583268335,0.0286845799594053,-0.0012499095609076,-0.000702372666571898,-2.56431137857227e-05,0.000822026713431331,0.00101013699022748,0.00202511405972122,0.206868942368484,0.185699905154499,-0.000100844860663244,0.0301191786657313,0.233999148011208,-0.231496155261993,0.236411690711975,0.128200680017471,1.5859375
1.285,-6.38226236537634e-05,0.000102848336908122,0.0286867451508146,-0.00132712037113851,-0.00062184942465925,-2.57752113768106e-05,0.000695325833163159,0.00100810515573615,0.00230349763330141,-0.34284260736945,-0.0429818501943151,-0.000138695150135997,0.0301191786657313,0.237014412879944,0.057581789791584,0.225393414497375,0.0366947054862976,1.5859375
1.286,-6.31862761863074e-05,0.000103969634424145,0.0286891314580669,-0.0015313113970396,-0.000773451512619602,-2.57796042144598e-05,0.000576831733966019,0.0012355848635528,0.00246754442067301,-0.0157528953837133,-0.217596545624719,0.000122480602536423,0.0301191786657313,0.257655739784241,0.281698703765869,0.457976877689362,0.317105382680893,1.5859375
1.287,-6.27317258354176e-05,0.000105303980473676,0.0286914681086923,-0.0014075214532702,-0.000814428726576862,-2.57407088626316e-05,0.000332598605883397,0.00143231133674036,0.00220502298486424,0.225522910876765,0.147334684276322,-6.60881086442278e-05,0.0301191786657313,0.282679468393326,-0.26692533493042,-0.0256141424179077,0.314213395118713,1.5859375
1.288,-6.23739775997039e-05,0.00010667676997225,0.0286938208665166,-0.0015421241900975,-0.000874971423244394,-2.58060447642094e-05,0.000382510292482436,0.00131470694400235,0.00249862438205347,-0.462028901909822,-0.250342795274284,-6.30458874678408e-05,0.0301191786657313,0.140247717499733,0.019793750718236,0.345022290945053,0.170354425907135,1.5859375
1.289,-6.2116673279303e-05,0.000108062469479971,0.0286963582913075,-0.00183874596064296,-0.00085826792558305,-2.60311163642335e-05,0.000132900278416991,0.00145848981685564,0.00257471408651868,-0.0585794042984964,0.278743958545887,-0.0003612902697705,0.0301191786657313,0.30263939499855,0.0834739804267883,0.299063622951508,0.211274564266205,1.5859375
1.29,-6.20454615229628e-05,0.000109601793816953,0.0286989069665619,-0.0016272563101319,-0.00058901652838835,-2.62703397302388e-05,1.14489550103896e-05,0.00161893902982499,0.00252139800361314,0.419375603628826,0.188619919548263,-8.63000283486623e-05,0.0301191786657313,0.189301535487175,-0.503402173519135,0.109164722263813,0.585508942604065,1.5859375
1.291,-6.20701775427511e-05,0.000111021012125304,0.0287015444336282,-0.00183822908295876,-0.000617461389823685,-2.6361149376708e-05,-6.08940729538512e-05,0.00122206982815381,0.00275166559130297,-0.787319564829666,-0.237055732859264,-8.09785136933081e-05,0.0301191786657313,0.138556286692619,0.0344503559172153,0.625257015228271,0.176547884941101,1.5859375
1.292,-6.23328930318406e-05,0.000112325874280639,0.0287042392453951,-0.0022133827781875,-0.000582603091775988,-2.65988698431308e-05,-0.00046337268686382,0.00138984218106193,0.00263684754668233,0.129251119550037,0.295289792652524,-0.000370198872514372,0.0301191786657313,0.329293668270111,-0.308100759983063,0.28144371509552,0.398505032062531,1.5859375
1.293,-6.28412481926298e-05,0.000113638373567447,0.0287068938425131,-0.00201816959394313,-0.000521191426597619,-2.6674453272868e-05,-0.000552892531039413,0.00123464770147381,0.00267086556443002,0.205139989825565,-0.189245917363693,0.000213563256124428,0.0301191786657313,0.293844401836395,-0.296835482120514,0.0245599150657654,0.38966366648674,1.5859375
1.294,-6.33777167984939e-05,0.000114799568499694,0.0287096586181166,-0.00189406223349526,-0.00101635851366024,-2.61615105232593e-05,-0.000523284521765433,0.00108760537159056,0.00285683760171667,0.00682652930010274,-0.670828402228462,0.00064490898160429,0.0301191786657313,0.230558395385742,-0.0358451008796692,0.392660915851593,0.343136966228485,1.5859375
1.295,-6.40190413115434e-05,0.000115901503643603,0.0287124595128085,-0.00181815593826792,-0.00126509895928454,-2.59062117868858e-05,-0.000760873703537029,0.00111605710871027,0.00274356311737764,0.121094416612989,0.236618262543185,-0.000205647664533414,0.0301191786657313,0.800824642181396,-0.313131272792816,0.335861295461655,0.321804940700531,1.5859375
1.296,-6.47176869812089e-05,0.000116956539953164,0.0287150856612002,-0.00188135331679169,-0.00108128411195104,-2.6179613860311e-05,-0.000635724947910028,0.000994930617238054,0.00250787277140068,-0.233545611069147,0.0802163021852507,-0.000274722289534155,0.0301191786657313,0.717456459999084,-0.340613543987274,0.398440897464752,0.299430996179581,1.5859375
1.297,-6.53316310155079e-05,0.000117892781484072,0.0287174913539879,-0.00218174108371481,-0.0010503412178218,-2.64398171383462e-05,-0.000592229317398829,0.000879862892364406,0.00230276964582457,-0.291330289564049,-0.028306946067195,-0.000187559319516415,0.0301191786657313,-0.164231270551682,-0.153180047869682,0.0772409364581108,0.535187542438507,1.5859375
1.298,-6.6063314243787e-05,0.000118708144573392,0.0287199025974196,-0.00236526726435501,-0.000742127147384167,-2.69853675729514e-05,-0.000868876635814641,0.000752465734530927,0.00251804019266104,-0.0304010747352068,0.559532519644678,-0.000790629106411705,0.0301191786657313,0.129934504628181,-0.16723595559597,0.356842517852783,0.654376745223999,1.5859375
1.299,-6.70597715466216e-05,0.000119358772025338,0.0287223384831178,-0.00232659365661243,-0.000221864188886627,-2.77042741623212e-05,-0.00112055112361287,0.000549157280162323,0.00235283628568681,0.0949479519935326,0.340593582373291,-0.000476304324266093,0.0301191786657313,0.435886144638062,-0.309311091899872,0.0941909477114677,0.589415669441223,1.5859375
1.3,-6.81387502141681e-05,0.000119783077058403,0.028724651970041,-0.00227050799914202,-0.000607291696760574,-2.72719279879041e-05,-0.00104022609353595,0.000299743961868313,0.00227310141069999,0.00108269575928128,-1.01010779020405,0.00120085538442278,0.0301191786657313,-0.0413406193256378,-0.165964350104332,0.839025735855103,0.367838799953461,1.5859375
1.301,-6.95020513462464e-05,0.000120062112465316,0.0287268260604723,-0.00208505071687349,-0.000961483229317485,-2.67888017853046e-05,-0.00168859921407399,0.000257286652061948,0.00207396235144656,0.319654186078537,0.390851243854011,-0.000332096933106532,0.0301191786657313,0.459280490875244,-0.35165348649025,0.0732151940464973,0.587649405002594,1.5859375
1.302,-7.11499404301228e-05,0.000120178345902231,0.028728865465836,-0.00205374216832204,-0.000857544600568433,-2.69411712152667e-05,-0.00160716828318452,-2.42904691690353e-05,0.00200395156652533,-0.264207841322048,-0.21411552583026,6.23610355682844e-05,0.0301191786657313,0.348190426826477,0.11525834351778,0.495349854230881,0.420858204364777,1.5859375
1.303,-7.2872043662007e-05,0.000120196931263826,0.0287306594316678,-0.00207739317126725,-0.000950089155642245,-2.6898813646703e-05,-0.0018374532010871,6.13846146730593e-05,0.00158411207778734,0.221640233865254,0.0469621776702996,7.60421462977904e-06,0.0301191786657313,0.671621263027191,-0.400806427001953,0.262528002262115,0.344623297452927,1.5859375
1.304,-7.46670012774705e-05,0.000120172739746104,0.0287321724241352,-0.00199337210169532,-0.00116478934177653,-2.66752909112711e-05,-0.00175437388186212,-0.000110052694202077,0.00144127815724969,-0.0754296770470721,-0.424807093647128,0.000360968109648785,0.0301191786657313,0.464784562587738,-0.107810445129871,-0.130522519350052,0.394396305084229,1.5859375
1.305,-7.63325963994461e-05,0.00012004817633237,0.0287336106779479,-0.00203573867711843,-0.00172182966739855,-2.61443306368569e-05,-0.00158106688735535,-0.000138779381735958,0.00143455769553638,0.00197014433845357,-0.548047600773377,0.000558088708799869,0.0301191786657313,0.094126284122467,-0.213291972875595,0.468678891658783,0.414851933717728,1.5859375
1.306,-7.81138800771603e-05,0.000119858458464893,0.0287349983978481,-0.00207216278569313,-0.00136822213482406,-2.66304801535e-05,-0.00197893644032904,-0.000240271557220951,0.00134036250433355,-0.0644934400294306,1.15200826089543,-0.00140872459847785,0.0301191786657313,0.859347522258759,0.0216504633426666,-0.175786361098289,0.577580273151398,1.5859375
1.307,-7.98747332343576e-05,0.000119588400177665,0.0287361500941556,-0.00209536607640446,-0.000917482501546065,-2.72136600618644e-05,-0.0015415565353819,-0.000299628879687904,0.000963312842966403,0.0247545522087332,-0.370565898500053,0.00038298196304724,0.0301191786657313,0.605538487434387,-0.190879300236702,0.0216113328933716,0.336254835128784,1.5859375
1.308,-8.13308994506349e-05,0.000119267064074739,0.0287370626217538,-0.00200204210549565,-0.00164192468294514,-2.63872885799543e-05,-0.00137600344597874,-0.000343590779869788,0.000861561683951983,0.138011036870162,-0.890445361154688,0.00104515876932695,0.0301191786657313,0.291264325380325,-0.209482908248901,0.384112626314163,0.146448940038681,1.5859375
1.309,-8.28313696420129e-05,0.000118948436562489,0.0287379137389343,-0.00176487800953887,-0.00183219257360541,-2.59843596648324e-05,-0.00162587610077474,-0.000295298050194144,0.000840263264693438,0.2746081607604,0.551346892951589,-0.000310885809397442,0.0301191786657313,0.778400182723999,-0.115969367325306,-0.312256872653961,0.451340526342392,1.5859375
1.31,-8.42380674813368e-05,0.000118613098275703,0.0287386941878411,-0.00173122936049971,-0.00159409416607181,-2.62252305467392e-05,-0.00118751436760644,-0.0003754702407891,0.000720489446107965,-0.213769903796869,-0.140415941198693,-0.000107044229465374,0.0301191786657313,0.182152420282364,0.0207582470029593,0.364988565444946,0.409325540065765,1.5859375
1.311,-8.55724336163831e-05,0.000118250515437223,0.0287393010346433,-0.00197296289435862,-0.00121110892904132,-2.68747905081135e-05,-0.00147862682186247,-0.000348363194997552,0.000493355863181271,-0.204631995573581,0.798790650017356,-0.00105178511492929,0.0301191786657313,0.559714317321777,0.202299058437347,-0.260586708784103,0.420468747615814,1.5859375
1.312,-8.69000737012398e-05,0.000117967812856946,0.0287396971526433,-0.00193101864217412,-0.00104830737511635,-2.7089594214047e-05,-0.00117674058039453,-0.000217692447572993,0.000299130180553398,0.27709944183351,-0.516956950840284,0.000651073191199977,0.0301191786657313,-0.0107318907976151,0.0718355029821396,0.187121450901031,0.68759822845459,1.5859375
1.313,-8.8223305914812e-05,0.000117698445180411,0.028739893454318,-0.00181586153459185,-0.00132910073363227,-2.67844920109894e-05,-0.00147099851348683,-0.000321549656641484,9.38710386215195e-05,-0.0751557361393662,0.0231556813680496,-0.000131783749051503,0.0301191786657313,0.258874803781509,-0.152174890041351,0.117114864289761,0.414564698934555,1.5859375
1.314,-8.97465815036793e-05,0.000117338955477622,0.0287399670508595,-0.00200046266534595,-0.00124783167278415,-2.70538711006907e-05,-0.00157531008845723,-0.00039629600465994,5.33476209789446e-05,-0.243916125241051,0.112825092177056,-0.000344150018870013,0.0301191786657313,0.48012512922287,0.00909722596406937,0.361343950033188,0.204346522688866,1.5859375
1.315,-9.13802332527324e-05,0.000117013779321093,0.0287398837755675,-0.00193988296749376,-0.00116013696579143,-2.71681609969043e-05,-0.00169162338215623,-0.000254812427076355,-0.000219276163391942,0.34883131316791,0.0342438142394943,0.000130871139586124,0.0301191786657313,0.299174517393112,0.233121037483215,0.12959198653698,0.335191905498505,1.5859375
1.316,-9.31156034110803e-05,0.000116852981430668,0.0287395439319252,-0.00141183588950978,-0.00123297649999248,-2.68185575977853e-05,-0.00177988594862999,-7.03271708822186e-05,-0.000459904567792542,0.567867532131342,-0.166075577136145,0.00045711272692162,0.0301191786657313,0.252615302801132,0.134929463267326,-0.0346019193530083,0.439247876405716,1.5859375
1.317,-9.49092994689339e-05,0.000116809532051508,0.028739021509972,-0.00120858323160129,-0.0014972695589812,-2.65541499038235e-05,-0.00180949910200335,-1.79502571516137e-05,-0.000584363247457005,-0.212636452608217,-0.298499201829651,-3.14049346662973e-05,0.0301191786657313,0.316957294940948,-0.340915530920029,0.202274024486542,0.302838325500488,1.5859375
1.318,-9.67893091754112e-05,0.000116721975284529,0.0287384619443784,-0.00194756090416792,-0.00158686716053695,-2.71933824644854e-05,-0.00195124341957894,-0.000152402578335275,-0.00053452957339364,-1.06816487985902,0.135818336435021,-0.00112727249491311,0.0301191786657313,0.492292910814285,0.156454175710678,0.0119971940293908,-0.013895571231842,1.5859375
1.319,-9.87065430457348e-05,0.000116749482636891,0.0287379055719968,-0.00229901386576798,-0.00154465023866055,-2.75980007282683e-05,-0.00188361226734737,0.00020874202860986,-0.000577840060358771,0.453635214561253,-0.0681839832728168,0.000414041109558231,0.0301191786657313,0.0742739140987396,-0.0828620940446854,0.312263250350952,0.854200303554535,1.5859375
1.32,-0.000100763508912397,0.000116817677501857,0.0287371675606927,-0.00200550959482843,-0.00122575728512098,-2.77743494017102e-05,-0.00222726403117194,-7.2805905511905e-05,-0.000896330161503509,0.0576186833237234,0.611472683657773,-0.000686523473747902,0.0301191786657313,0.379872679710388,-0.122901476919651,0.197782456874847,0.324786841869354,1.5859375
1.321,-0.000103037083417116,0.000116742251842968,0.0287362164011753,-0.0018742144815009,-0.000905818122772406,-2.81036286771119e-05,-0.00231830743098509,-7.88485233083826e-05,-0.0010052692456529,0.17039208856152,-0.0618641661032564,9.35538481699011e-05,0.0301191786657313,0.118950247764587,-0.613621175289154,0.0945999920368195,0.333954840898514,1.5859375
1.322,-0.000105448445984935,0.000116515524015382,0.0287353923171526,-0.00206334843100185,-0.0012195778620638,-2.79423182609762e-05,-0.00250656187966368,-0.000372870257133699,-0.000643255322038542,-0.496419992398733,-0.489543000093152,0.000166949428098594,0.0301191786657313,0.388988435268402,0.128276586532593,0.24469518661499,0.706964373588562,1.5859375
1.323,-0.000108021052971493,0.000116105946830023,0.0287345071768071,-0.00241224023428329,-0.00175947956728876,-2.76008813928641e-05,-0.00264225376293525,-0.000444073324949216,-0.00112532383646333,-0.109437683271767,-0.457115251170304,0.000443800299671332,0.0301191786657313,0.244539052248001,-0.330102235078812,0.234194397926331,0.256174147129059,1.5859375
1.324,-0.000110779815120669,0.000115626368507878,0.0287334346236546,-0.00220915648169154,-0.00183365623537318,-2.73423906858028e-05,-0.00287598021923561,-0.00051629522646383,-0.00101946823577733,0.462369443546182,0.317795447755848,2.5759229076205e-05,0.0301191786657313,0.470768570899963,-0.256472289562225,-0.178996741771698,0.576572060585022,1.5859375
1.325,-0.000113587464902376,0.000114997351773977,0.0287324155841309,-0.00187702050154541,-0.00171385262635444,-2.72179728035837e-05,-0.00273963375934694,-0.000743388879640885,-0.00101813962762686,0.117706058727603,-0.117563695142735,0.000176985080070234,0.0301191786657313,0.32831472158432,-0.043418288230896,0.126139625906944,0.557425200939178,1.5859375
1.326,-0.000116389799479669,0.000114203387150791,0.0287312981346021,-0.00187819749103673,-0.00173730874376919,-2.72496620485896e-05,-0.00286506496958103,-0.000844063240176783,-0.00121488373495012,-0.115364018011307,0.0663383136813705,-0.000231988754400512,0.0301191786657313,1,-0.0638065934181213,-0.225437700748444,0.457857370376587,1.5859375
1.327,-0.000119025159781597,0.000113331712434508,0.0287299342865726,-0.00199454093480054,-0.00231501172165758,-2.68059824652944e-05,-0.00241181855017908,-0.000898565824784195,-0.00151072757016674,-0.0837940869217166,-1.07224261786709,0.00101027455490616,0.0301191786657313,0.441536128520966,0.183718681335449,0.05066192522645,0.568279325962067,1.5859375
1.328,-0.000121463906201094,0.000112446321974993,0.0287282528549329,-0.00191620991303384,-0.0028277412684696,-2.61764307905032e-05,-0.00246932819755802,-0.000872973863849213,-0.00185054230517158,0.222081984345561,0.171888586570454,0.000109863061385339,0.0301191786657313,0.682003140449524,-0.0851661190390587,-0.366118609905243,0.619531095027924,1.5859375
1.329,-0.000123775232257001,0.000111491421217447,0.0287263470361278,-0.00185714378805918,-0.00249677442562269,-2.64734493322649e-05,-0.00215254403688924,-0.00103710144084587,-0.00195994032426881,-0.115618049187531,0.394910576505344,-0.000612615924694803,0.0301191786657313,0.869538605213165,-0.0853912234306335,-0.214015200734138,0.450636923313141,1.5859375
1.33,-0.000125755208774934,0.000110420306876892,0.0287242871864347,-0.00197223722189742,-0.00227035868397291,-2.69103837848839e-05,-0.00180733205373372,-0.00110454417631726,-0.00215825554721697,-0.0808872745805423,-0.00688438518073764,-0.000146367973882988,0.0301191786657313,0.427809774875641,-0.0473700240254402,-0.266142785549164,0.553827524185181,1.5859375
1.331,-0.000127501821917491,0.000109264728080232,0.0287221282510493,-0.00201715341981927,-0.00224861379579438,-2.7043352766043e-05,-0.0016863331561437,-0.00120653629560051,-0.00215848383929439,0.00678325721201127,0.0390087528736368,-8.80308299845383e-05,0.0301191786657313,0.24520280957222,0.145340070128441,-0.262731820344925,0.31474095582962,1.5859375
1.332,-0.000129181688902789,0.000108130571257075,0.0287200323169762,-0.00166686270447245,-0.00209254480819607,-2.68406725449921e-05,-0.00167290967039834,-0.00106442435852915,-0.00203248283309562,0.603900359258421,0.22622330728571,0.000431741717259472,0.0301191786657313,0.439490497112274,0.100851148366928,-0.190202802419662,0.430669367313385,1.5859375
1.333,-0.000130810840845351,0.000107082279931708,0.0287179732930038,-0.00120137688496967,-0.0020022097877545,-2.64535498772922e-05,-0.00158547464558683,-0.00103533594276575,-0.00208439989645884,0.209206259477716,-0.0736828015691882,0.000224114528917308,0.0301191786657313,0.636000454425812,0.125182762742043,-0.0874720513820648,0.191434323787689,1.5859375
1.334,-0.000132327550934836,0.000106132371066856,0.028715841851024,-0.00116536268067196,-0.00228317736005806,-2.62936661235003e-05,-0.00145038662378911,-0.000865338350192525,-0.00217712057839379,-0.142693925431193,-0.417933255214274,3.45860063756791e-05,0.0301191786657313,0.690692186355591,-0.179987490177155,-0.291902899742126,0.460803985595703,1.5859375
1.335,-0.000133642459486735,0.000105188393066743,0.0287136754734903,-0.00179200570052937,-0.00281358612586855,-2.68274731540785e-05,-0.00118357673205201,-0.00101870841720228,-0.00215440814501256,-0.939915200490384,-0.506447000773831,-0.00100444852726466,0.0301191786657313,0.114631801843643,0.0204588696360588,-0.222129568457603,0.300932109355927,1.5859375
1.336,-0.000134885842704773,0.000104208921934767,0.0287116599766772,-0.00234929801387858,-0.00261994721992598,-2.8019144478364e-05,-0.00130206387539732,-0.0009372560625224,-0.00187616528306528,-0.0262702972483275,0.835363560328939,-0.00116686604541366,0.0301191786657313,0.662904739379883,-0.102050594985485,-0.533133506774902,0.482023179531097,1.5859375
1.337,-0.000135991434605777,0.000103226239471143,0.0287098488664849,-0.00202850540288452,-0.00212329959579644,-2.8307556089846e-05,-0.000906900391877475,-0.00103021372638722,-0.00174540248546794,0.585239850390648,0.0238084603819073,0.000597699593632379,0.0301191786657313,0.605599462985992,-0.05197973549366,-0.215750515460968,0.595450818538666,1.5859375
1.338,-0.000136806201614162,0.000102122364068706,0.0287080525636129,-0.00150026982346377,-0.0023503668032017,-2.75259230901881e-05,-0.00072507765756221,-0.00118038055011718,-0.00184582780376111,0.3362536782335,-0.418150443584927,0.000719113043602706,0.0301191786657313,0.437249183654785,-0.0947553440928459,-0.0945193246006966,0.440820783376694,1.5859375
1.339,-0.00013752969438873,0.000100892863883313,0.028706224716904,-0.00143158477537706,-0.00257037338658182,-2.73222753355284e-05,-0.000723440556506262,-0.00127909685849167,-0.00180899736057221,-0.211352913543928,0.0324766000321504,-0.000379388129630486,0.0301191786657313,0.58099102973938,-0.120661117136478,0.0416677296161652,0.147635400295258,1.5859375
1.34,-0.000138251625816362,9.96420383828188e-05,0.0287044465592285,-0.00163290365309446,-0.00231511123290974,-2.78712967687333e-05,-0.000719042844837579,-0.00122174774960224,-0.00174650701293777,-0.134010292572099,0.407386757536796,-0.000590547108766244,0.0301191786657313,0.509932518005371,0.0140948947519064,0.163697302341461,0.479196846485138,1.5859375
1.341,-0.000139018023325196,9.83935560742492e-05,0.0287025904370561,-0.00176765494697537,-0.00183283261016501,-2.85317609827196e-05,-0.00081081527326411,-0.00127459864772611,-0.00196430128918388,-0.0963509115863819,0.428843205054485,-0.000568259660262409,0.0301191786657313,0.752664148807526,-0.0469489879906178,-0.22024017572403,0.559369444847107,1.5859375
1.342,-0.000139688952499538,9.70527551178171e-05,0.0287005564467847,-0.00186440279412359,-0.00207797076977809,-2.84357693387527e-05,-0.000533294599703654,-0.00140648365154465,-0.00210229211820741,-0.0670661023831212,-0.853524537337982,0.000737767140976815,0.0301191786657313,0.420497298240662,0.0342211052775383,0.520644545555115,0.459407180547714,1.5859375
1.343,-0.000140402303168004,9.56317236901082e-05,0.0286982747442475,-0.00174301379594727,-0.00243849757448792,-2.79619141720922e-05,-0.000895219686002889,-0.0014366338493725,-0.00245933030437901,0.281829041613571,0.224005127558716,0.000105903581711164,0.0301191786657313,0.823038876056671,-0.0944269970059395,-0.00667242705821991,0.645110547542572,1.5859375
1.344,-0.000141210485242533,9.40852744881661e-05,0.0286956635926341,-0.00163492305996344,-0.00235208047462533,-2.79566114840257e-05,-0.000721246179052711,-0.00165678442363811,-0.0027609146683908,-0.0879390400394966,-0.0756461997973556,-0.000101975865276855,0.0301191786657313,0.408019095659256,0.0942926630377769,0.307266175746918,0.500766038894653,1.5859375
1.345,-0.00014205521274343,9.24137202189567e-05,0.0286927664606605,-0.00164792741533563,-0.00207465311324576,-2.82830937061718e-05,-0.000966331486669585,-0.00168662430648578,-0.0030314092697673,0.0707441417797715,0.553064912239866,-0.000474923718010036,0.0301191786657313,0.948895931243896,-0.0168058201670647,0.249021172523499,0.347340017557144,1.5859375
1.346,-0.000142965958814297,9.07217645497737e-05,0.0286895456024327,-0.0014863140091981,-0.00192451225049246,-2.83068856128388e-05,-0.000854719985203808,-0.00169867262800707,-0.00340780001118946,0.215059731307782,-0.293443413084371,0.000408368054725612,0.0301191786657313,-0.0214813053607941,-0.0254293978214264,0.100103482604027,0.252253949642181,1.5859375
1.347,-0.000144005410216712,8.90396313610955e-05,0.0286862881134676,-0.00124707026236143,-0.00195054485898722,-2.80780875034914e-05,-0.00122367459947437,-0.00166756814366828,-0.00310626646906673,0.205868935654898,0.243420139792947,-2.93086559097805e-06,0.0301191786657313,0.560710310935974,0.0233289692550898,0.0921939015388489,0.246861472725868,1.5859375
1.348,-0.000145241921709466,8.73982922264632e-05,0.0286831686297385,-0.00113100354592744,-0.0019673464830869,-2.80054364134585e-05,-0.00124972082689602,-0.00161635690569367,-0.00313101695531581,0.00154335592326532,-0.27518015605232,0.000115331896912654,0.0301191786657313,0.633168876171112,0.136729672551155,0.247079879045486,-0.0349317938089371,1.5859375
1.349,-0.000146532807142761,8.59199094473803e-05,0.0286800115521632,-0.000972741969372709,-0.00232805373950997,-2.76600415389794e-05,-0.00133435081277948,-0.00134268421091209,-0.00318128606718011,0.276827068608042,-0.354204518789945,0.000484694398217906,0.0301191786657313,0.530267596244812,-0.00522420555353165,-0.110782563686371,0.185078844428062,1.5859375
1.35,-0.000147842063516035,8.46062581334262e-05,0.0286769175130255,-0.000939797644940074,-0.00266737773885201,-2.7509738089293e-05,-0.00128671122399405,-0.0012852996578196,-0.00300559868212156,-0.213910235756709,-0.239288031832621,-0.000245850631289106,0.0301191786657313,0.450465381145477,0.286076962947845,-0.116517022252083,0.168633878231049,1.5859375
1.351,-0.000149130167161996,8.34399088198661e-05,0.0286739504241562,-0.00109301368995369,-0.00264933220336914,-2.7807166483651e-05,-0.00128971830507156,-0.00104730839596003,-0.00292721467453533,-0.048564083651751,0.265297099637408,-0.00028589415604335,0.0301191786657313,0.492279320955276,0.287421882152557,0.0612093508243561,0.499122798442841,1.5859375
1.352,-0.000150457549177048,8.24169086736768e-05,0.0286709137772331,-0.00123016977633054,-0.00219089729705899,-2.83343662288438e-05,-0.0013624459771032,-0.000998191347350518,-0.00314413039616256,-0.185624690261166,0.525199486630828,-0.00063284308740101,0.0301191786657313,0.761344611644745,-0.17508165538311,-0.15012800693512,0.361986070871353,1.5859375
1.353,-0.00015171301425676,8.13513834868538e-05,0.0286678183298596,-0.00157260594162743,-0.00217258641908838,-2.87796517550731e-05,-0.0011491754578499,-0.00113074981411782,-0.00304533531884389,-0.404470534396809,-0.494991720623637,-0.000111211258597423,0.0301191786657313,0.209044605493546,-0.194197490811348,-0.0721659809350967,0.342955052852631,1.5859375
1.354,-0.000152943690477139,8.01596031830869e-05,0.0286649657392442,-0.00183530730317309,-0.00252067670761105,-2.88464536448707e-05,-0.00131422676257141,-0.00125122567417172,-0.00265926343984835,-0.0485806025857919,-0.114218557260766,-8.60560512165934e-06,0.0301191786657313,0.817541897296906,-0.00107932090759277,0.229303315281868,0.383383095264435,1.5859375
1.355,-0.000154254433456643,7.8891276357348e-05,0.0286621874150351,-0.00154509451407243,-0.00258529305320403,-2.84307007167861e-05,-0.00130803146458303,-0.00128740172831364,-0.00289506694925392,0.553695787015861,-0.00248585519226311,0.000729168035987815,0.0301191786657313,0.64280778169632,-0.0984813570976257,-0.373122811317444,0.268033385276794,1.5859375
1.356,-0.000155438014457379,7.75841264478897e-05,0.0286594542638702,-0.000966473731712685,-0.00278589584032775,-2.7519997005232e-05,-0.00106078628266183,-0.00133078120731389,-0.00256993164027483,0.453799450716383,-0.348845236794476,0.000820020637787952,0.0301191786657313,0.424558937549591,0.0221031978726387,-0.0407305359840393,0.0933900475502014,1.5859375
1.357,-0.000156539219624707,7.63090006195912e-05,0.0286570305765541,-0.000653874709338775,-0.00276299621565383,-2.70887852575896e-05,-0.00114156860103408,-0.00122198408849002,-0.00227692177873726,0.0937769500693074,0.383074643516252,-5.11346739165702e-05,0.0301191786657313,1,0.223245352506638,-0.176204696297646,0.129143536090851,1.5859375
1.358,-0.000157511705500478,7.51858981449189e-05,0.0286547190343162,-0.000714124350890685,-0.00269219986576447,-2.72552613154176e-05,-0.000803960769980922,-0.00102456920461623,-0.0023448099106698,-0.193912860482779,-0.261861308445088,-0.000239069735856491,0.0301191786657313,0.597150027751923,-0.0842673629522324,-0.179911732673645,0.310393989086151,1.5859375
1.359,-0.000158265470939442,7.41212933722918e-05,0.0286524902140344,-0.0012597293064291,-0.00288970278566993,-2.80575717446219e-05,-0.000705200494711463,-0.00110140330624274,-0.00211210073542425,-0.747577336540746,-0.0833537969359351,-0.00118054791257288,0.0301191786657313,0.555537939071655,0.204327717423439,-0.439006567001343,-0.0213477909564972,1.5859375
1.36,-0.000158860526510101,7.31702617406529e-05,0.0286505927865675,-0.00143496672245991,-0.00295478716365087,-2.83391529447563e-05,-0.000486008681659247,-0.000800583066255592,-0.00168281245979237,0.443286861534769,-0.031538502817329,0.000685513764107312,0.0301191786657313,0.71791672706604,-0.169998705387115,-0.214502036571503,0.2545405626297,1.5859375
1.361,-0.000159255737705151,7.23271487194191e-05,0.0286490485994574,-0.00100609585216545,-0.00291143319371623,-2.77294833019859e-05,-0.000304647584402648,-0.000888298705139555,-0.0014053912876903,0.303478381172483,0.105194071952258,0.000369690728062433,0.0301191786657313,0.8306685090065,-0.321798741817474,-0.528215408325195,0.521524250507355,1.5859375
1.362,-0.000159344956980178,7.1268859504895e-05,0.0286478111163343,-0.00124446332095075,-0.0030702319448527,-2.80820024420869e-05,0.000124309552489278,-0.00122638431249622,-0.00106956330996753,-0.711039559923601,-0.379630274943674,-0.000991832221701266,0.0301191786657313,0.512934923171997,0.289059072732925,-0.067920058965683,0.0520501509308815,1.5859375
1.363,-0.000159234753998441,7.01929325800061e-05,0.028646825866095,-0.00137386494257748,-0.0029834418496586,-2.84359039408599e-05,9.67267929544334e-05,-0.000925673461099606,-0.000900828341741474,0.487037112159757,0.528244568679155,0.000341707610398007,0.0301191786657313,0.80774450302124,-0.16417920589447,0.0233427286148071,0.302110910415649,1.5859375
1.364,-0.000159087200304806,6.92085497408305e-05,0.0286459626788673,-0.000957662323242858,-0.00241192966577122,-2.82311557402437e-05,0.000201674577760997,-0.00104556162501508,-0.000825384582870321,0.239848064970667,0.46492403698052,1.68378213346718e-05,0.0301191786657313,0.711536407470703,0.2474584877491,-0.152499467134476,0.152319222688675,1.5859375
1.365,-0.000158802183071355,6.82608272734302e-05,0.0286451780719988,-0.00063962099932684,-0.00232183711808534,-2.79391699917753e-05,0.000368569525830005,-0.000852556376913686,-0.000743621511257696,0.314939609015993,-0.305545777879475,0.000450613487875303,0.0301191786657313,0.745886147022247,0.0579521283507347,0.217309266328812,0.395278334617615,1.5859375
1.366,-0.000158449581195598,6.7374472593746e-05,0.0286443485423399,-0.000759567693730342,-0.00266880294659295,-2.80547116129348e-05,0.00033464202873425,-0.000919485958624893,-0.000914573393944954,-0.517969800700818,-0.294835039989377,-0.000690633212882156,0.0301191786657313,0.341008901596069,0.455027163028717,0.0871193557977676,0.0830181390047073,1.5859375
1.367,-0.00015821542868777,6.66326212572348e-05,0.0286434716953064,-0.000956418948327616,-0.00257027047066743,-2.84611105834109e-05,0.000134797330808466,-0.00056402575375789,-0.000838848032291861,0.177302079131999,0.464618335622047,-5.0937371849014e-05,0.0301191786657313,0.94420313835144,-0.0149631723761559,-0.218983039259911,0.170295894145966,1.5859375
1.368,-0.000157913202524748,6.60836086978407e-05,0.0286427015389566,-0.000846817048550088,-0.00256416159656599,-2.83769405524659e-05,0.000468925217555671,-0.000534881494117734,-0.000701410746563071,0.0151413566777606,-0.45043385854171,0.000172689958342154,0.0301191786657313,0.477608680725098,0.141049981117249,0.0931578949093819,0.259079396724701,1.5859375
1.369,-0.000157506092789094,6.55820101379871e-05,0.0286420407446938,-0.000889444364651289,-0.00273927012887399,-2.84170911548642e-05,0.00034455695151394,-0.000468312741349297,-0.000619975352570339,-0.0871612013788971,0.147120654366291,-0.000259566251348152,0.0301191786657313,0.775157809257507,0.209355145692825,0.0285780876874924,0.235478684306145,1.5859375
1.37,-0.000157117627524852,6.51741761656908e-05,0.0286413869687916,-0.000917577324992546,-0.00258350712763727,-2.8594246781477e-05,0.000433222130019314,-0.000347577049475293,-0.000687090922507473,0.0393418801018798,0.12455718667956,-6.42817181247355e-05,0.0301191786657313,0.556663870811462,0.230090513825417,-0.194459155201912,0.212857618927956,1.5859375
1.371,-0.000156636624084253,6.48995205507617e-05,0.0286407902398518,-0.00079777067892231,-0.00253602832212537,-2.85085950775255e-05,0.000528977701782641,-0.000202883011391573,-0.000506478299965833,0.16897655860457,-0.0402152814675516,0.000194636108479287,0.0301191786657313,0.427899181842804,0.147851392626762,-0.254613786935806,0.777850687503815,1.5859375
1.372,-0.000156078278390355,6.45797406593784e-05,0.0286402943011027,-0.00108965347408938,-0.00259395125734925,-2.89499299697127e-05,0.000587395108213418,-0.000434509244569569,-0.00048514496329849,-0.672138828237256,-0.0583113931891659,-0.000976617675656375,0.0301191786657313,0.27398145198822,0.327109754085541,-0.276520818471909,0.287158370018005,1.5859375
1.373,-0.000155501063722083,6.42313028540574e-05,0.0286399537908097,-0.00137255369409227,-0.00252661586673966,-2.94610186033495e-05,0.000567635954218196,-0.000261047466702962,-0.000196276128147993,0.181120623669482,0.176472273779379,6.02686778461974e-05,0.0301191786657313,0.750505447387695,-0.0459163933992386,-0.102699868381023,0.282699853181839,1.5859375
1.374,-0.000154854016169184,6.39485380803122e-05,0.0286398290972623,-0.0010509953366147,-0.00253913503018209,-2.90760250636346e-05,0.00072616857548573,-0.000306416862135019,-5.34046714303859e-05,0.377073153279155,-0.195080401447527,0.000578304045114818,0.0301191786657313,0.66678786277771,0.0161565318703651,-0.26240736246109,-0.00427308678627014,1.5859375
1.375,-0.000154028828108507,6.3715227581838e-05,0.0286399771850799,-0.000565942099573699,-0.00285883456188891,-2.82809021561192e-05,0.000922002157825588,-0.000163555881495342,0.000348630085296058,0.464903563519274,-0.35631957485354,0.00077974493234635,0.0301191786657313,0.658553242683411,-0.0200012251734734,0.0747855305671692,0.23941633105278,1.5859375
1.376,-0.0001531123426652,6.35351857590857e-05,0.0286403766582577,-0.000530958628952701,-0.00286074340224694,-2.82811800786931e-05,0.000911227241286981,-0.00019670231116449,0.000449860647094093,-0.40128714367419,0.354090820321224,-0.00078878787902408,0.0301191786657313,0.776551783084869,0.055024266242981,-0.319624364376068,0.100024379789829,1.5859375
1.377,-0.000152053938098319,6.33884344456584e-05,0.0286409735628692,-0.00103292184269396,-0.00264120732890904,-2.91712398858834e-05,0.00120647435870093,-9.40301808706452e-05,0.000742867930727551,-0.469153762918294,0.0311054672635991,-0.000753104418918264,0.0301191786657313,0.433861196041107,0.366339921951294,0.0128486156463623,0.130445584654808,1.5859375
1.378,-0.000150892020785226,6.34337069716089e-05,0.0286417661666248,-0.00106320335662596,-0.00236712492507583,-2.94521051853458e-05,0.0011195444508184,0.000184179277124125,0.000841697506951864,0.414575594498619,0.446900041252299,0.000219111071458984,0.0301191786657313,0.399315685033798,0.0872281864285469,-0.063071109354496,0.475458830595016,1.5859375
1.379,-0.000149797345067932,6.35724779205642e-05,0.0286426701253064,-0.000813353797492284,-0.0019800839981892,-2.94019521871469e-05,0.00107257749403757,9.20952251154e-05,0.000965401354304718,0.0196179853267464,0.228979648094328,-0.00013834522916961,0.0301191786657313,0.295029640197754,0.262621849775314,-0.0595719143748283,0.345402657985687,1.5859375
1.38,-0.000148774923453191,6.370590146446e-05,0.0286437104935826,-0.00083500512224963,-0.00194010076969669,-2.94997926113538e-05,0.000972991089234442,0.000174744884880787,0.00111447524142466,-0.0574351354984954,-0.155496613896997,-4.75969704992226e-05,0.0301191786657313,0.683435082435608,0.120865672826767,0.00867324322462082,0.248738676309586,1.5859375
1.381,-0.000147760639582426,6.39094207640248e-05,0.0286448392182642,-0.000929242087783401,-0.0024333860631134,-2.94295383800325e-05,0.00105261542554509,0.000232803046348186,0.00114237138678771,-0.106542828489793,-0.695258080452136,0.000154021118531397,0.0301191786657313,0.572475790977478,-0.0909993499517441,0.199479699134827,0.220287054777145,1.5859375
1.382,-0.000146764563872457,6.4119878265414e-05,0.0286460376706797,-0.00111526799410324,-0.00279286920269618,-2.95697992216404e-05,0.00093784119604392,0.000189403578676149,0.00125367919900119,-0.216617441077634,0.0731133918004521,-0.000433536950572733,0.0301191786657313,0.284304589033127,0.194932878017426,-0.133487954735756,0.0913543105125427,1.5859375
1.383,-0.000145870625223559,6.44111818082563e-05,0.0286474737267512,-0.000987840699768344,-0.00232749230529435,-2.97381816349862e-05,0.000853322488401346,0.000392044506450008,0.00161685076383364,0.435064377689094,0.735089327602457,9.85195941851653e-05,0.0301191786657313,0.891745984554291,0.0555784031748772,-0.247018381953239,0.193036317825317,1.5859375
1.384,-0.000144840996333058,6.48295924503811e-05,0.0286491475869282,-0.000615613684254461,-0.00215838567899395,-2.94524560175979e-05,0.00120635017019553,0.000442486958179836,0.00172967482859412,0.210287449200903,-0.435153259133301,0.000336157666379278,0.0301191786657313,0.554480135440826,0.0496274679899216,0.0937118381261826,0.0126277655363083,1.5859375
1.385,-0.000143657660922793,6.53446412786137e-05,0.0286509788567653,-0.000554533403452895,-0.002537163914457,-2.93218396061334e-05,0.00115841754334817,0.000587014007593654,0.00193143753836546,-0.105075368227851,-0.218995089748436,-0.000138343740283842,0.0301191786657313,0.603943586349487,0.536712288856506,-0.297896325588226,0.157314136624336,1.5859375
1.386,-0.000142397217622306,6.6104544377219e-05,0.0286529300079146,-0.000562905994044995,-0.00276669561970724,-2.93184691044779e-05,0.0013609074990556,0.000932201640483129,0.00196978040089602,0.08756186887794,-0.17549195552929,0.000127738118796461,0.0301191786657313,0.634972929954529,0.0479322373867035,-0.198338180780411,0.105814874172211,1.5859375
1.387,-0.000140957705630842,6.70830608842032e-05,0.0286550306191661,-0.000706067896467556,-0.00275090459653255,-2.96035772247016e-05,0.00151828865377192,0.00102578086889784,0.00222982460318567,-0.338167782254359,0.20669637163833,-0.00064778195023199,0.0301191786657313,0.575438797473907,0.0124966502189636,-0.0502563193440437,0.262162864208221,1.5859375
1.388,-0.000139416802781349,6.81051136429966e-05,0.0286573290677373,-0.00121061045739626,-0.00231119249149206,-3.06005000303422e-05,0.00156652048066509,0.00102169123069984,0.00236551060551452,-0.539941964993796,0.56000943210677,-0.00111281221889483,0.0301191786657313,0.447993516921997,0.123968243598938,-0.257907122373581,0.118350125849247,1.5859375
1.389,-0.000137794412849485,6.92071079849998e-05,0.0286598611389681,-0.0013634867682315,-0.00193382790671345,-3.11257064491421e-05,0.00168069016521407,0.00118308947020415,0.00269640634299476,0.268663398549444,0.101491782713564,0.000149125716293095,0.0301191786657313,0.216077238321304,-0.080049991607666,0.154391810297966,0.672467410564423,1.5859375
1.39,-0.000136238200247511,7.02502319967941e-05,0.0286625716161986,-0.00131164526736535,-0.00173284652140656,-3.12707049983096e-05,0.00143394280945004,0.000903747117395033,0.00272307523049304,-0.181213828184525,0.251862757851609,-0.000411867516797888,0.0301191786657313,0.534610629081726,0.0719118639826775,0.114738270640373,0.248296558856964,1.5859375
1.391,-0.000134820608278489,7.11824986109517e-05,0.0286653027965355,-0.00126325845053099,-0.00178471818690312,-3.12474287493814e-05,0.00140141519394456,0.000960506041617518,0.00273780196208083,0.260183639136375,-0.334785667492842,0.00042617242525073,0.0301191786657313,0.250442653894424,0.158622920513153,-0.0215107947587967,0.388110011816025,1.5859375
1.392,-0.000133480805269759,7.21541556446753e-05,0.028668097642783,-0.000958807957569962,-0.00212582193459166,-3.0771077550007e-05,0.00127678702315345,0.000981151646193157,0.00285017777576874,0.265803978297459,-0.254235311855018,0.000383281455613215,0.0301191786657313,0.578165352344513,-0.109729237854481,-0.10156773775816,0.498452842235565,1.5859375
1.393,-0.000132152127355274,7.30329254540794e-05,0.0286709781894108,-0.00111304434419398,-0.0024368766018504,-3.08703194975557e-05,0.00137877423231875,0.000778021786021027,0.00290932199835403,-0.534431690362963,-0.281007755292803,-0.000601010524131825,0.0301191786657313,0.750577569007874,0.277023047208786,-0.337555855512619,0.38799637556076,1.5859375
1.394,-0.000130607038764854,7.38595796243565e-05,0.0286738551654037,-0.00145332403298704,-0.0028130860860899,-3.11342806766923e-05,0.00170871949485616,0.000877353778090387,0.00284335349484107,-0.0600989578702261,-0.366936419520178,0.000139991223857716,0.0301191786657313,0.582023501396179,0.165818721055984,-0.0410891808569431,0.26246851682663,1.5859375
1.395,-0.000128871614613698,7.47931008887152e-05,0.0286766897831491,-0.00119597703796759,-0.00267957576736335,-3.08866229064009e-05,0.00176315694813129,0.000987795774032239,0.00282446708519549,0.500244506516456,0.598774730662216,0.000282765625647809,0.0301191786657313,0.78177410364151,-0.105344109237194,-0.0909138098359108,0.52599573135376,1.5859375
1.396,-0.000127000903682827,7.56761976524416e-05,0.0286794638703524,-0.00104985965263351,-0.0020596217118793,-3.10934904934612e-05,0.0019820093454891,0.000778261406665177,0.00272242114905567,-0.247488421079978,0.483863522372682,-0.000614997328231235,0.0301191786657313,0.66767954826355,0.172881960868835,0.280201375484467,0.17487820982933,1.5859375
1.397,-0.000125040455896428,7.65333773277802e-05,0.0286820768755009,-0.00116344848090378,-0.00162075941777362,-3.15420919236864e-05,0.00194221064057092,0.00093658169530605,0.00250279260909732,0.0465528935245497,0.285005033739781,-0.00019845841168604,0.0301191786657313,0.54816061258316,-0.0603652000427246,0.180047541856766,0.0952599197626114,1.5859375
1.398,-0.000123118596650661,7.75057721923806e-05,0.0286846139988967,-0.00107958830911455,-0.00159518882210493,-3.15466551090715e-05,0.00190225045141298,0.00100780611933971,0.00256999564880528,0.0956923677559482,-0.233354484515974,0.000163016617442482,0.0301191786657313,0.123766914010048,-0.0895588546991348,-0.0517035871744156,0.29398986697197,1.5859375
1.399,-0.000121292973731284,7.84837606446304e-05,0.02868734878632,-0.00117463248384096,-0.00182159680026519,-3.15628313667382e-05,0.00174841049742034,0.000949129961791233,0.00289748698526709,-0.263045712941647,-0.153669697181012,-0.000221855013979723,0.0301191786657313,0.261055886745453,0.148448273539543,0.0734645128250122,-0.00855718553066254,1.5859375
1.4,-0.000119619389331223,7.95626641984734e-05,0.0286903505277328,-0.00112918134315625,-0.00183292091196733,-3.15667168679923e-05,0.00159946836226226,0.00120809029794521,0.00310396583384855,0.336974789626432,0.138683362615499,0.000193826883372632,0.0301191786657313,0.271492004394531,-0.117033384740353,0.397305130958557,0.244096726179123,1.5859375
1.401,-0.000118182054800775,8.07478134366677e-05,0.0286934650612815,-0.00101137557558696,-0.00140307560920224,-3.17475161866199e-05,0.0012789511283877,0.00116189605759913,0.00312344459119305,-0.135406061048732,0.610649205442043,-0.000499994549283019,0.0301191786657313,0.590352654457092,0.0934706404805183,-0.101194866001606,0.331647455692291,1.5859375
1.402,-0.000116818925337261,8.19240465461696e-05,0.0286965640601875,-0.00126585002901825,-0.00143262879606756,-3.19539285711379e-05,0.00144706465081222,0.00119235411794758,0.00307306791471569,-0.309743865403119,-0.65431781489232,0.000152744305422665,0.0301191786657313,0.342632621526718,0.272862911224365,0.0244721472263336,0.147556662559509,1.5859375
1.403,-0.000115401550500176,8.32414318897305e-05,0.0286996406517403,-0.00124934237284835,-0.00214111093627674,-3.14635732650004e-05,0.00138388527759094,0.00144202459475595,0.0030785275137631,0.332360214377689,-0.571352902149462,0.000722928883771502,0.0301191786657313,0.7548006772995,-0.149691209197044,0.1393733471632,0.48963126540184,1.5859375
1.404,-0.000113971516995741,8.45850939945876e-05,0.0287025976497315,-0.00127346040542843,-0.00250100446155249,-3.13288414073298e-05,0.00147411316194592,0.00124627098207139,0.00283456818856376,-0.376864432143864,-0.0501404177097759,-0.000538172988059891,0.0301191786657313,0.542598724365234,0.340160131454468,0.167039901018143,0.242234379053116,1.5859375
1.405,-0.000112521402643826,8.595089957178e-05,0.0287052869367843,-0.00134692780775767,-0.0020462659040635,-3.18374574130864e-05,0.00142952683421526,0.0014849659008949,0.00254398246730668,0.241548458132867,0.839017002077518,-0.000406346162038353,0.0301191786657313,0.609887540340424,-0.203564614057541,-0.0598816871643066,0.252849936485291,1.5859375
1.406,-0.000111018890485064,8.73949011821283e-05,0.0287078758618361,-0.00126969351631297,-0.00140289342273691,-3.22657079001587e-05,0.00157946771849005,0.00140313824090824,0.0026322412273158,-0.111201586541125,0.284619490964116,-0.000341242296013338,0.0301191786657313,0.357296705245972,-0.0235292091965675,0.0147989466786385,0.0475708246231079,1.5859375
1.407,-0.000109452256649868,8.88700063474259e-05,0.028710602760833,-0.00126923851282175,-0.001384928872642,-3.23364073580024e-05,0.00155438666792993,0.00154705942829487,0.00281963069718713,0.106552185221904,-0.246861036615811,0.000194025533169614,0.0301191786657313,0.570145130157471,0.000591881107538939,0.33703601360321,0.449577778577805,1.5859375
1.408,-0.000107942598213269,9.03795573399938e-05,0.028713247859569,-0.00137642672911238,-0.00171213437876606,-3.22606265608094e-05,0.00146347716259265,0.0014732309529766,0.00246990087664512,-0.296768442959669,-0.315683521593105,-9.85435775520511e-05,0.0301191786657313,0.3163802921772,0.351775765419006,0.408040970563889,0.387626171112061,1.5859375
1.409,-0.00010662105727873,9.19393044672962e-05,0.0287155075313497,-0.00146138895637902,-0.00163904778611177,-3.24628926637871e-05,0.00118106973061539,0.00164676668544794,0.00204926637386651,0.142980176163499,0.444950230934737,-0.000286001776450944,0.0301191786657313,0.679973840713501,-0.220074906945229,0.321998983621597,0.505177736282349,1.5859375
1.41,-0.00010544704891308,9.34744343762383e-05,0.0287173957106272,-0.00161674857067508,-0.0013289517679778,-3.28866265064676e-05,0.00116920412628464,0.00142528024506181,0.00172676487578472,-0.416546629156737,0.0975455522107992,-0.000447349156748216,0.0301191786657313,0.352042257785797,-0.0480965450406075,0.0313886180520058,0.263543367385864,1.5859375
1.411,-0.000104291986514757,9.4914533894996e-05,0.028719147215234,-0.00182633879656068,-0.00144517118723699,-3.29812054187251e-05,0.00114057523900325,0.00145649751244846,0.00177523296385164,0.0469454427705373,-0.29457157821842,0.000273485008196152,0.0301191786657313,0.185965776443481,-0.0248946100473404,0.316205739974976,0.40241950750351,1.5859375
1.412,-0.000103297699598823,9.63543290289687e-05,0.0287208658374354,-0.00163384848445338,-0.00147590334549494,-3.28455441995779e-05,0.000848558856827388,0.00142234030720245,0.00166129443467429,0.281960059404956,0.243584500803393,-4.7978814095876e-05,0.0301191786657313,0.878753781318665,-0.105640843510628,-0.0475093387067318,0.508816838264465,1.5859375
1.413,-0.000102288840275682,9.77025413110567e-05,0.0287223739745551,-0.00153169869120986,-0.00177564839134827,-3.25742954370156e-05,0.00116689626667479,0.00127411744455028,0.00135486701877733,-0.108287477352542,-0.758301173139878,0.000472162857391548,0.0301191786657313,-0.00957474112510681,0.293370574712753,0.248882725834846,0.175027921795845,1.5859375
1.414,-0.000101311071901731,9.91153832529964e-05,0.0287237126194558,-0.00132011547818047,-0.00182710221513894,-3.235157696313e-05,0.000789368277017307,0.00155005469854311,0.00132179406864605,0.46957464191241,0.669179740200742,-7.17356718840869e-05,0.0301191786657313,0.381793856620789,-0.187990754842758,-0.226498618721962,0.560331642627716,1.5859375
1.415,-0.000100454425494706,0.000100550239343454,0.0287250713234358,-0.00139753196071262,-0.00132364680600584,-3.27944536735458e-05,0.000926878447144188,0.00132106076841091,0.00139469473017189,-0.605898932174919,0.208877273362522,-0.000655494775605003,0.0301191786657313,0.480129718780518,0.147586524486542,-0.0898676887154579,0.231687784194946,1.5859375
1.416,-9.94651019860735e-05,0.000101954682428652,0.0287264317558041,-0.00181233355941997,-0.00148414003138122,-3.2993746915011e-05,0.00105075025014455,0.00149032911869564,0.00132563334687426,-0.119855066184916,-0.482549563802128,0.000324713246015417,0.0301191786657313,0.340717762708664,-0.015481986105442,0.384000539779663,0.75785756111145,1.5859375
1.417,-9.85327914094031e-05,0.000103334989352408,0.0287275290290438,-0.00205389628074,-0.00165479195720732,-3.30958892980071e-05,0.000813616942489097,0.00127262488787164,0.000869437133741904,-0.303706682272754,0.187667106182639,-0.000542621427672362,0.0301191786657313,0.161018282175064,0.0992575362324715,-0.208400890231133,0.664312660694122,1.5859375
1.418,-9.77175527473328e-05,0.000104564607854358,0.0287283764534651,-0.00214076075835362,-0.00145085441957431,-3.34692557024674e-05,0.000818285144723536,0.00118768561393325,0.000825088217127169,0.147436480103936,0.169387772871285,-0.000138263214064694,0.0301191786657313,0.428736537694931,-0.24368380010128,0.0362663641571999,0.569418847560883,1.5859375
1.419,-9.68878670630085e-05,0.000105637079182501,0.0287291585877127,-0.00199382130775097,-0.00141614367083497,-3.34539525801425e-05,0.000841456459927918,0.000957183528737693,0.000738959730067708,0.104470540399436,-0.105706198110079,0.000139327604407995,0.0301191786657313,0.203978180885315,-0.28900483250618,0.161526829004288,0.50561398267746,1.5859375
1.42,-9.613591230467e-05,0.000106483296648829,0.028729909782168,-0.00197253634704103,-0.00137278911802757,-3.35403641993359e-05,0.000663307629918353,0.000735827167289208,0.000762986221315373,-0.0699034100230801,0.182739082446931,-0.000306655774124659,0.0301191786657313,0.280282020568848,-0.113984368741512,-0.025916300714016,0.521074533462524,1.5859375
1.421,-9.54833257084334e-05,0.00010715534499668,0.0287306621632804,-0.00200264955916853,-0.00130725030204408,-3.36904554711914e-05,0.000642485951817614,0.000608960359487531,0.000741444665529529,0.0151201807555896,-0.0660522917050659,2.6275860485349e-05,0.0301191786657313,0.229153379797935,-0.219416230916977,0.140845328569412,0.520639598369598,1.5859375
1.422,-9.49139676146388e-05,0.000107670810434059,0.0287313888878624,-0.00202087853251226,-0.00132747804432209,-3.3738543317785e-05,0.00049648992972991,0.000422514627113698,0.000711677642438259,-0.0483744784769362,0.0326381459232048,-0.000128144047192333,0.0301191786657313,0.41699293255806,-0.523818790912628,0.346871137619019,0.249242886900902,1.5859375
1.423,-9.44960093891018e-05,0.000107990629424913,0.0287321349778415,-0.00209009420671874,-0.00124804822347173,-3.39338708279513e-05,0.000340430186074591,0.000218147879698868,0.000779948164405998,-0.0728334972271923,0.106397251139698,-0.000228336858802493,0.0301191786657313,0.463518023490906,-0.0356458127498627,-0.105271354317665,0.593802213668823,1.5859375
1.424,-9.4087936280453e-05,0.000108149398860799,0.0287328313162883,-0.00205411068052696,-0.00148942144767032,-3.36875366353517e-05,0.000474054327905494,9.94660637295106e-05,0.000612741816809741,0.134258277449881,-0.522569281711364,0.000639852612245108,0.0301191786657313,0.459640383720398,-0.143677175045013,0.177782773971558,0.327619582414627,1.5859375
1.425,-9.36359938273456e-05,0.000108232744421616,0.0287333842378633,-0.00177472206326057,-0.00185448909323272,-3.30876298644256e-05,0.000427812735040458,6.56269303181536e-05,0.000493088810761484,0.350103935904439,-0.110792838077348,0.000406186427490734,0.0301191786657313,0.380572319030762,0.0631282776594162,0.138048514723778,0.347369074821472,1.5859375
1.426,-9.3244331890684e-05,0.000108330535611825,0.0287337862068383,-0.00140199471530232,-0.00162766385190921,-3.29629678215149e-05,0.000357149872590304,0.000127571287391262,0.000310984006171847,0.296567461061068,0.504454506476284,-0.000179247346373886,0.0301191786657313,0.265171468257904,-0.0955305546522141,-0.128637254238129,0.0727409422397614,1.5859375
1.427,-9.28733621858527e-05,0.000108518883584706,0.0287342303480372,-0.00123566778731177,-0.00117571238925649,-3.32081613620971e-05,0.000387551483545874,0.000247862708585327,0.000576366936544141,-0.00731195524969278,0.282662982247461,-0.000252041834164372,0.0301191786657313,0.542578935623169,-0.0638507083058357,-0.504228472709656,0.218529641628265,1.5859375
1.428,-9.22783529797877e-05,0.000108794146332157,0.0287349193283477,-0.00149451151466596,-0.00162761281763402,-3.31106783040269e-05,0.000798993237864003,0.000304199093858314,0.000800831040788054,-0.441882968705497,-1.0621980747065,0.000419057136468296,0.0301191786657313,0.237684965133667,-0.00476576387882233,0.0402545630931854,0.445127785205841,1.5859375
1.429,-9.15289360209519e-05,0.000109083944779207,0.0287356850179616,-0.00202848158168108,-0.00223106427956957,-3.3207232147614e-05,0.000696635412382599,0.000278789873603507,0.000730392675307392,-0.486712859104678,0.0130988144160851,-0.000665639842111161,0.0301191786657313,0.357681393623352,-0.110793903470039,0.111946582794189,0.494703054428101,1.5859375
1.43,-9.08710347674764e-05,0.000109312272298205,0.0287363427169053,-0.00233960702388347,-0.0016369533311876,-3.43584961148835e-05,0.000623139184621356,0.000180034326673999,0.000584968958750047,-0.0549687213162677,1.01800187835543,-0.00141006805065679,0.0301191786657313,0.868476450443268,-0.241912543773651,0.0184328407049179,0.350565016269684,1.5859375
1.431,-9.00977769310317e-05,0.000109447321724511,0.0287368162097118,-0.00210022301152902,-0.00108697387732296,-3.49589845898279e-05,0.000925443092604765,8.90979949932379e-05,0.000362800658364998,0.467168655658583,-0.0550945037382373,0.00028183782586615,0.0301191786657313,0.124862119555473,-0.04463791847229,-0.111563548445702,0.476913064718246,1.5859375
1.432,-8.91948926463662e-05,0.000109506914028715,0.0287372166520304,-0.00158327802421697,-0.00129460832601335,-3.44853557034952e-05,0.000879385917674776,2.70440448531377e-05,0.000437699917039519,0.42999952158846,-0.30199743335642,0.00050675196322146,0.0301191786657313,0.400443464517593,-0.15461277961731,0.132426917552948,0.311318427324295,1.5859375
1.433,-8.83332133263997e-05,0.000109511623286125,0.0287376239071517,-0.00140549662534895,-0.001570907305232,-3.41921135094125e-05,0.000842599788639781,-1.8583873080893e-05,0.000376752087166583,-0.119585949273277,-0.175635513757268,-2.73529489132429e-05,0.0301191786657313,0.0110267102718353,0.144589692354202,0.031501580029726,0.000335454940795898,1.5859375
1.434,-8.75940362263532e-05,0.000109646720983515,0.0287381051037818,-0.00135876676045309,-0.00135630133365978,-3.43799796906907e-05,0.000637690637898165,0.000287877629874216,0.000584952827282155,0.199551247601938,0.548968937313657,-0.000319749436912638,0.0301191786657313,0.558898270130157,-0.180308967828751,-0.152494251728058,0.311091423034668,1.5859375
1.435,-8.68419954438517e-05,0.000109903139707307,0.0287387014203494,-0.0015262880376051,-0.00122316846345309,-3.46400932831337e-05,0.000866887003776086,0.000226185332129263,0.000607314520805801,-0.489609916742584,-0.313427897756598,-0.00012529451080637,0.0301191786657313,0.118893787264824,0.00483410060405731,0.00650335848331451,0.242095813155174,1.5859375
1.436,-8.60343920173937e-05,0.000110177830706604,0.0287393621280184,-0.00193833195111589,-0.00142687476248717,-3.48109305807753e-05,0.000747593565537806,0.000325520691992335,0.000713513075668577,-0.228023268368748,-0.0387369352580926,-0.000196414778370637,0.0301191786657313,0.694341003894806,-0.298405915498734,-0.137147560715675,0.735082983970642,1.5859375
1.437,-8.51407453243648e-05,0.000110328169556156,0.0287399617156572,-0.0024094498569345,-0.00176272054749774,-3.48709105257861e-05,0.00103735343927779,-2.13053376966261e-05,0.000485870919661962,-0.589581031828483,-0.540356472754474,8.44021185058081e-05,0.0301191786657313,0.637425541877747,0.046443946659565,0.22701695561409,0.536911129951477,1.5859375
1.438,-8.40850369820956e-05,0.000110296101463655,0.0287402046588351,-0.0024806368178426,-0.00196978517437649,-3.47097324864265e-05,0.00107297857392497,-4.23597781806727e-05,1.11773188756189e-06,0.463108831541676,0.182104086422189,0.00019279440341588,0.0301191786657313,0.374872505664825,-0.0460504591464996,0.294441998004913,0.575427889823914,1.5859375
1.439,-8.30867305898509e-05,0.00011020103531974,0.0287400308850931,-0.0017875414154455,-0.00125579270675134,-3.49512797819251e-05,0.000928601328585796,-0.000151797154403179,-0.0003478800911655,0.739802467617992,1.05858757615991,-0.000585721938077083,0.0301191786657313,0.306652158498764,0.389057040214539,-0.179635584354401,0.447474807500839,1.5859375
1.44,-8.2099255963628e-05,0.000110146230828377,0.0287395721721341,-0.000985270502023786,-0.000613569819546499,-3.51591625045167e-05,0.00105015690052826,3.67688911408478e-05,-0.000568780380972207,0.654522611751099,0.063581139741579,0.00012567114104444,0.0301191786657313,0.428640067577362,0.107733629643917,0.12818343937397,0.0898033380508423,1.5859375
1.441,-8.10387809570989e-05,0.000110289476094963,0.0287389502303225,-0.000729565929696433,-0.0010373856147527,-3.49616658965601e-05,0.00106836270450512,0.000247196446250201,-0.000674249187455473,-0.206497828737059,-0.79116635734698,0.000137141976491182,0.0301191786657313,-0.0319836586713791,0.0542887896299362,0.0268495380878448,0.199293285608292,1.5859375
1.442,-8.00737276034126e-05,0.000110598039729866,0.0287383630514454,-0.00140932306331466,-0.00156570135735154,-3.52812545947323e-05,0.000859247870277104,0.000373892292661637,-0.000500189735491853,-0.972806212106871,-0.124563498789454,-0.000799892206813284,0.0301191786657313,0.468839943408966,0.0282467305660248,0.258117526769638,-0.0156665965914726,1.5859375
1.443,-7.92446455647005e-05,0.000111101427175965,0.0287378155080555,-0.00208573811325735,-0.00141104882544762,-3.60880514929107e-05,0.00080020690136811,0.000636572241317614,-0.00059442853151767,-0.204890461302141,0.394622203514031,-0.000671688934924002,0.0301191786657313,0.298317432403564,-0.180508673191071,-0.186767011880875,0.201631546020508,1.5859375
1.444,-7.83900065278519e-05,0.000111753330107958,0.0287373441656191,-0.00200371169665478,-0.00113210781885782,-3.64234524776741e-05,0.000910726300081928,0.000666829521281115,-0.00034863236162782,0.343807770195519,0.0932233036732462,4.73460007560066e-05,0.0301191786657313,0.151219442486763,-0.129196107387543,-0.0345312133431435,0.640533149242401,1.5859375
1.445,-7.75066261901678e-05,0.00011232046913929,0.0287369832793615,-0.00183420013760891,-0.0010674670636349,-3.64514340938094e-05,0.000856785399731994,0.000467059501231423,-0.000372911220597554,-0.0500337869327005,0.0221598927991675,-0.000114840431366223,0.0301191786657313,0.347757607698441,-0.204689800739288,-0.021451860666275,0.286906272172928,1.5859375
1.446,-7.66237555272194e-05,0.000112767225495766,0.028736658612291,-0.00188994558200876,-0.00121709477596995,-3.6395558062452e-05,0.000908156783800162,0.000426995390592451,-0.000276446759652725,-0.0481485390572018,-0.278260256724681,0.000192331878602525,0.0301191786657313,0.341233104467392,-0.0849635154008865,0.126420199871063,0.422374725341797,1.5859375
1.447,-7.57367406300064e-05,0.000113170303569604,0.028736321274392,-0.00192708070113457,-0.00138644201827813,-3.63089724593202e-05,0.00086517560943424,0.000379606651333129,-0.000397746061658177,-0.0177519983340488,-0.013818359045096,-6.22635489359421e-05,0.0301191786657313,0.373609155416489,-0.309457391500473,-0.0733460932970047,0.483800560235977,1.5859375
1.448,-7.48269026522718e-05,0.000113445194970818,0.0287359559750972,-0.00210396555701787,-0.00138326834732027,-3.65104044388609e-05,0.000954641888008091,0.000171592421338481,-0.00033272240228023,-0.289787778695151,0.0222595607120996,-0.000308315058000357,0.0301191786657313,0.317166030406952,-0.324464797973633,0.0556013360619545,0.185983657836914,1.5859375
1.449,-7.38800714661075e-05,0.000113597404799238,0.028735721045718,-0.00217480997534576,-0.00122396147868258,-3.68194081707962e-05,0.000940277925568542,0.00013337883833747,-0.000137437640265123,0.165293626023046,0.256794113022256,-0.000258373218551442,0.0301191786657313,0.322009027004242,-0.111866280436516,-0.205322027206421,0.65017694234848,1.5859375
1.45,-7.28660118165199e-05,0.000113638350033831,0.0287355672455288,-0.00203398860013813,-0.00116133853702692,-3.6868073185925e-05,0.00108810550465432,-5.18707433024176e-05,-0.000170023444733692,0.0794924183670379,-0.143595633795898,0.000146762843041433,0.0301191786657313,0.488946795463562,-0.124059490859509,0.035674050450325,0.360839903354645,1.5859375
1.451,-7.17260651096884e-05,0.000113571047988708,0.0287353505507987,-0.00186522349974623,-0.00139261081488706,-3.65658059990892e-05,0.00119044208674282,-8.37085525782081e-05,-0.000263048753216869,0.21349785335705,-0.253966795949807,0.000358324727450251,0.0301191786657313,0.137404829263687,0.00118489563465118,0.0229038223624229,0.511833548545837,1.5859375
1.452,-7.05839124509087e-05,0.000113461682747689,0.0287350647648665,-0.00173014759503926,-0.00131191078157466,-3.65987808459423e-05,0.00109487115701347,-0.000135757529916243,-0.000308278684504725,0.0218634843829171,0.396204428258557,-0.00042279190056589,0.0301191786657313,0.0955337882041931,0.11329160630703,0.124820791184902,0.300543755292892,1.5859375
1.453,-6.95729029677074e-05,0.000113391743184117,0.0287347434888169,-0.00161494758362219,-0.000687692280066865,-3.71765944366942e-05,0.000931586349241057,-5.14062697026936e-06,-0.000334041823405256,0.177953248312414,0.689979987219142,-0.000606235215556229,0.0301191786657313,0.331695467233658,-0.0827552825212479,0.18073844909668,0.580132484436035,1.5859375
1.454,-6.86611074081031e-05,0.000113312769245729,0.0287342954961359,-0.00177802638306584,-0.000380312443806024,-3.75408092523344e-05,0.000894208579977025,-0.000151495735960439,-0.000561182500865656,-0.459209278655826,-0.151557494565382,-1.1169249024522e-05,0.0301191786657313,0.140007823705673,-0.220609351992607,0.00497454404830933,0.17978310585022,1.5859375
1.455,-6.77910524281424e-05,0.000113169515020568,0.0287338699442792,-0.00212477672928578,-0.000896056618276282,-3.71387088486941e-05,0.000843082899629681,-0.000132979795194542,-0.000290242655650634,-0.142987478752468,-0.73964763966898,0.000727170597454271,0.0301191786657313,0.0465447939932346,-0.0557977296411991,0.356853127479553,0.334292203187943,1.5859375
1.456,-6.71101320732245e-05,0.000113050772804563,0.0287335556480695,-0.00199642856796409,-0.00121069853431221,-3.67455379302051e-05,0.000517730605303659,-0.000105382105866341,-0.000338097473281205,0.364973227931618,0.193658688674027,-3.2085565448481e-05,0.0301191786657313,0.683387517929077,-0.130706310272217,0.176163658499718,0.50582230091095,1.5859375
1.457,-6.65192410157176e-05,0.000112883147011039,0.0287330442170828,-0.00173649624202454,-0.0011460638206734,-3.67114075938701e-05,0.000664224537526578,-0.000231164616451893,-0.000683649560155648,0.0880648812914766,-0.0786513289382323,6.75762097544232e-05,0.0301191786657313,0.162855848670006,-0.0610797926783562,0.043356291949749,0.478254586458206,1.5859375
1.458,-6.58930639070996e-05,0.000112616117852346,0.0287323555658108,-0.00179471674765746,-0.00106099542140074,-3.68905813128428e-05,0.000588965141006679,-0.000302457873747436,-0.000693269071342802,-0.187616962404043,0.227696794622825,-0.000394878911483245,0.0301191786657313,0.194714710116386,0.238062649965286,0.26216796040535,0.0497056841850281,1.5859375
1.459,-6.53923402125897e-05,0.000112488262971247,0.0287316219316423,-0.00153641934709003,-0.000674984624123892,-3.72074122707566e-05,0.000415350848305956,4.4396416080017e-05,-0.000773428434570491,0.634581299373023,0.443457683755575,-0.000201148671436111,0.0301191786657313,0.0883248448371887,-0.515732109546661,-0.273637741804123,0.300766319036484,1.5859375
1.46,-6.49351070388003e-05,0.000112411736548631,0.0287311294964831,-0.00147923303984308,-0.000657701406352347,-3.72663128791473e-05,0.000499122936481136,-0.000197197805092279,-0.00021260924666299,-0.531725683568738,-0.409593692404281,7.74472202110034e-05,0.0301191786657313,-0.0152976140379906,0.304629147052765,0.508685350418091,-0.176422044634819,1.5859375
1.461,-6.46518355054325e-05,0.000112469989079427,0.0287309102380044,-0.00149786794328852,-0.000719801375626424,-3.72805643169549e-05,6.81936523606457e-05,0.000312552090859795,-0.000225766221113672,0.496314063541888,0.300671971178981,-0.000113634376284244,0.0301191786657313,0.28487890958786,-0.283391267061234,-0.106753475964069,0.53094345331192,1.5859375
1.462,-6.4533666525749e-05,0.000112661655207415,0.0287307385241788,-0.00158398699964034,-0.000801495832340474,-3.73130432254065e-05,0.000167434820466432,7.19400676697283e-05,-0.000117818082247755,-0.643500961963936,-0.440217687974022,3.66463986789663e-05,0.0301191786657313,0.0416478142142296,0.253131002187729,0.121607705950737,-0.035779669880867,1.5859375
1.463,-6.44568692909229e-05,0.000112937055822092,0.0287306826116949,-0.00174700100093207,-0.00107651932898225,-3.718848379064e-05,-1.50238161715069e-05,0.00047888625600362,5.69607323007972e-06,0.3566096940908,-0.038532100102514,0.00018447111447534,0.0301191786657313,0.232671767473221,-0.359831809997559,0.058226078748703,0.32000070810318,1.5859375
1.464,-6.4491865293663e-05,0.000113338650430956,0.0287307899414969,-0.0016790399227112,-0.00102903500248744,-3.72524574543398e-05,-5.45995649168472e-05,0.000324331369488573,0.000208458668392222,-0.238589785495915,0.120473547885452,-0.000307359862681747,0.0301191786657313,0.359823971986771,0.025829715654254,-0.0323609113693237,0.293360024690628,1.5859375
1.465,-6.45019875677257e-05,0.000113706327634146,0.0287309896387471,-0.00184796343016401,-0.00103921172290129,-3.73961547381896e-05,3.4067092322875e-05,0.0004119271899079,0.000190881844548562,-0.0564716506415808,-0.137490728565256,4.46287057354773e-05,0.0301191786657313,0.390274405479431,-0.352159798145294,-0.355961441993713,0.134092420339584,1.5859375
1.466,-6.43240787365638e-05,0.000114101479975209,0.0287314020545757,-0.00189782278704942,-0.00146736520444137,-3.70505755831196e-05,0.000318539131130996,0.000378857845124232,0.000632788420168698,-0.031426244986637,-0.604097438866859,0.000539837146238118,0.0301191786657313,0.0768726915121078,-0.0619487762451172,0.24528443813324,0.626782178878784,1.5859375
1.467,-6.41322840130554e-05,0.000114405746198533,0.0287319590266296,-0.00205217738271704,-0.0013572164757583,-3.7369810423904e-05,6.63291128478358e-05,0.000231025530921912,0.000481215778259002,-0.237034575161503,0.79273181290891,-0.00112864980480334,0.0301191786657313,0.354468643665314,0.0554707646369934,-0.244567021727562,-0.0260372459888458,1.5859375
1.468,-6.3963593847886e-05,0.000114787358647162,0.0287325685444629,-0.00173598225177365,-0.000763598014005597,-3.79396583642944e-05,0.00027426418529606,0.000529711917908265,0.000736887282417964,0.782340935819741,0.239428442266297,3.59455889905441e-05,0.0301191786657313,0.086162194609642,-0.525404095649719,-0.231059938669205,0.623067259788513,1.5859375
1.469,-6.3661335770934e-05,0.000115105091543104,0.0287334879129169,-0.00167947058791804,-0.000801750169263626,-3.79516981103833e-05,0.000329959879511935,0.00010654412896908,0.0011004662398803,-0.681348041833163,-0.303262253488135,-8.37887978730462e-05,0.0301191786657313,0.381909370422363,0.0114217847585678,0.559510946273804,0.179390221834183,1.5859375
1.47,-6.34483677726993e-05,0.000115286224135453,0.0287344394669184,-0.00213303598464163,-0.0009106390275219,-3.81265192075375e-05,9.59550042161886e-05,0.000258115814383681,0.000802909721693969,-0.109093094671934,0.113646212116804,-0.000250787493928641,0.0301191786657313,-0.142015039920807,-0.117879346013069,0.185698911547661,0.486984193325043,1.5859375
1.471,-6.35116760225062e-05,0.00011549943337091,0.0287352919301454,-0.00213486274738379,-0.000516634433690418,-3.86593171408656e-05,-0.000219472309172748,0.000168570869352208,0.000901370108289133,0.104675436926085,0.569137861470823,-0.000699141048081183,0.0301191786657313,0.694226264953613,-0.466583877801895,-0.172023728489876,0.258586764335632,1.5859375
1.472,-6.35399264399802e-05,0.000115586766950018,0.0287362713045834,-0.00204343848718577,-0.000842077189791535,-3.83339037575148e-05,0.00016014220124919,5.91409795292989e-06,0.00105656231875478,0.0538597750141497,-1.13035471954518,0.00122452589596093,0.0301191786657313,-0.2088912576437,-0.385489583015442,0.3511763215065,0.462106913328171,1.5859375
1.473,-6.36117102577443e-05,0.000115475936387134,0.0287374281754175,-0.00213882960152556,-0.00128731358854803,-3.7969617046496e-05,-0.000305566005077357,-0.000226582972949486,0.00125617370745105,-0.218602314119146,0.354540703064276,-0.000633294524897559,0.0301191786657313,0.466318339109421,0.13263475894928,-0.0962954759597778,0.452824175357819,1.5859375
1.474,-6.38257775564958e-05,0.000115286129999561,0.0287385801057298,-0.00203864046128645,-0.001052490465703,-3.82551026771871e-05,-0.000121623715305236,-0.00015387112421777,0.00104755392386695,0.391543596940176,0.0531367340293577,0.000101535832362758,0.0301191786657313,0.534387588500977,-0.354475975036621,0.243555247783661,0.49043196439743,1.5859375
1.475,-6.39323547903343e-05,0.000115012780775554,0.0287395345195853,-0.00188107232547206,-0.00103130685492974,-3.82526753583967e-05,-9.15025033229973e-05,-0.000393249674869227,0.000861222495548507,-0.115493916577564,-0.0165136554960028,-0.000112825999704178,0.0301191786657313,0.167644679546356,0.0325692296028137,-0.0581614077091217,0.391493707895279,1.5859375
1.476,-6.40273564181626e-05,0.00011464063983875,0.0287404040746377,-0.00189390280940288,-0.00102714293268089,-3.83289921397356e-05,-9.84824670707934e-05,-0.000351151614477218,0.000877398283507293,0.0938669829235466,0.0233194298487394,-3.60736774735884e-05,0.0301191786657313,0.180675536394119,0.387456834316254,0.151643112301826,0.519681334495544,1.5859375
1.477,-6.41849791712736e-05,0.000114373758940419,0.0287410926936237,-0.00159826444725375,-0.000870197914412281,-3.83886646768694e-05,-0.000215603398572377,-0.000184853566470965,0.000500256994970955,0.419397720384228,0.248140918325205,-8.1971344916308e-05,0.0301191786657313,0.173760771751404,-0.513751804828644,0.183788731694221,0.340860784053802,1.5859375
1.478,-6.44684891418984e-05,0.000114059755983368,0.0287416964075591,-0.00170768223655741,-0.000622069676647026,-3.86969898840128e-05,-0.000349645834858697,-0.000441948396175967,0.000706372999629553,-0.605808342259623,0.181961093317618,-0.000440470295625719,0.0301191786657313,0.684787392616272,0.0760790631175041,-0.242538928985596,0.101587280631065,1.5859375
1.479,-6.46138272954812e-05,0.000113733035830172,0.0287423841101291,-0.0019778867391049,-0.00121962046240209,-3.82154120197598e-05,5.45094431975578e-05,-0.000210357955814704,0.000668825093619379,0.136492842427631,-1.21685652550868,0.00134455093736712,0.0301191786657313,0.338154315948486,-0.163552641868591,0.244608610868454,0.242103263735771,1.5859375
1.48,-6.4611232716894e-05,0.000113528681013956,0.0287430216273805,-0.00174900697812125,-0.00192247708352972,-3.73300792864129e-05,-5.33645751986155e-05,-0.000199815992321145,0.000606038110171409,0.261432760279398,-0.00693352762632462,0.000218673131275582,0.0301191786657313,0.74340295791626,0.121674135327339,-0.0362902693450451,0.44043555855751,1.5859375
1.481,-6.45237705913475e-05,0.000113354981194047,0.0287434293157996,-0.00153309738496478,-0.00168749295914385,-3.73786652341224e-05,0.000229179778295428,-0.00014905744231356,0.000209896441737425,0.114170456000122,0.414140985369054,-0.000304811479576775,0.0301191786657313,0.406376719474792,-0.264953970909119,0.0535290241241455,0.338847130537033,1.5859375
1.482,-6.42703655255249e-05,0.000113148265485514,0.0287436428677387,-0.00175074000359733,-0.00100243125413258,-3.8184630583693e-05,0.000281795195136405,-0.000262861984916703,0.000217056599067462,-0.490031706436022,0.774926094315751,-0.00107351617837574,0.0301191786657313,0.0804254412651062,-0.0433121509850025,-0.190228819847107,0.360749661922455,1.5859375
1.483,-6.39746960229375e-05,0.000112892533770942,0.0287439521926626,-0.00214787028772887,-0.000444900156961316,-3.89923272274828e-05,0.000312895596352156,-0.000246294018744827,0.000400975772706279,-0.200068248260595,0.196645642162911,-0.000342131711605923,0.0301191786657313,0.614752590656281,-0.158985733985901,0.333456993103027,0.271657109260559,1.5859375
1.484,-6.36389992746848e-05,0.000112648203871681,0.0287442099450087,-0.00207193869369543,-0.000723746214698334,-3.87005341946356e-05,0.000356759533723272,-0.000242897578562037,0.000115014416173734,0.331486708297423,-0.677505380990899,0.000837094347795927,0.0301191786657313,-0.024516873061657,0.19882644712925,0.407367259263992,0.574334383010864,1.5859375
1.485,-6.34722875071384e-05,0.000112419685402482,0.028744153586894,-0.00161728594668649,-0.000995275456434556,-3.82326240520037e-05,-2.39989836571185e-05,-0.000217049369429655,-0.0002269003206377,0.458740813315635,0.203917910306712,7.7390483099534e-06,0.0301191786657313,0.267366051673889,-0.298791646957397,0.0608872883021832,0.371847480535507,1.5859375
1.486,-6.35034636237992e-05,0.000112124673711496,0.0287439657820424,-0.00155149482186723,-0.000833354657217894,-3.83899042093461e-05,-3.73430594275874e-05,-0.000373048344606931,-0.000148819758644533,-0.341206645364857,0.0777008403571808,-0.000282956991928942,0.0301191786657313,0.329326957464218,0.227340549230576,0.113110594451427,0.488021552562714,1.5859375
1.487,-6.35426991929037e-05,0.000111793882295371,0.0287436464877642,-0.00187916122390237,-0.000887257667314567,-3.85464719259154e-05,-4.14591045395599e-05,-0.000286799505157462,-0.000488816840300139,-0.226800699976077,-0.170820805127002,4.23127888504067e-06,0.0301191786657313,-0.096646249294281,0.115575648844242,0.25424799323082,0.271693289279938,1.5859375
1.488,-6.3751185421937e-05,0.000111584178400653,0.0287431552539273,-0.00181628189834672,-0.000712625877377108,-3.87624225552941e-05,-0.00037377067184828,-0.000133386103112679,-0.000493376265504776,0.335348410290125,0.471805407011893,-0.000399523927352057,0.0301191786657313,0.133822381496429,-0.0509002804756165,0.0782435238361359,0.600345432758331,1.5859375
1.489,-6.41693253077386e-05,0.000111381623395245,0.0287426031024617,-0.00170013496184911,-0.000441839267729463,-3.90406737471594e-05,-0.000460762015432629,-0.000272132155693775,-0.000610355905624958,-0.131561368744537,-0.00123173644747834,-9.19396203543867e-05,0.0301191786657313,-0.240564346313477,0.196749895811081,0.625582218170166,0.545702815055847,1.5859375
1.49,-6.49365820580704e-05,0.0001111271326561,0.028741831619966,-0.00182043773069233,-0.000109287338586746,-3.94488533337345e-05,-0.00107155755029949,-0.000236191933120082,-0.000931967191730921,-0.0763579385806485,0.575594196378957,-0.000639200830188235,0.0301191786657313,0.608575344085693,0.0242254287004471,0.275987148284912,0.310042709112167,1.5859375
1.491,-6.59641326151566e-05,0.000110927287399511,0.0287407163833728,-0.00176618766971182,-0.00037417542362416,-3.92452022670575e-05,-0.00098563939410316,-0.00016403788043847,-0.00129711253212537,0.170664176518083,-1.03499670541091,0.000973792076971705,0.0301191786657313,-0.0796698331832886,-0.28517884016037,0.532532811164856,0.368608027696609,1.5859375
1.492,-6.71909645311555e-05,0.000110692619843145,0.0287394254965418,-0.00179540402850245,-0.00105767258630904,-3.86803686387438e-05,-0.00147145543216897,-0.000304865128728522,-0.00128409343282832,-0.219628367000103,-0.157957327240222,-3.3664487297007e-05,0.0301191786657313,-0.0678399503231049,0.176901444792747,0.0681817382574081,0.243629842996597,1.5859375
1.493,-6.87738712478346e-05,0.000110488544847024,0.0287381802601485,-0.00171500998904762,-0.000932729012760265,-3.88212682334022e-05,-0.00169351761561499,-0.000104274847182398,-0.00120590688218412,0.358517427263094,0.368538830527835,-0.000224668980649844,0.0301191786657313,0.36135259270668,-0.260615170001984,-0.0324786305427551,0.336548864841461,1.5859375
1.494,-7.04237520902313e-05,0.000110327911483967,0.0287370225482598,-0.00159409338565533,-0.000861304556664902,-3.88920933938053e-05,-0.00160644991387868,-0.000217486324177207,-0.00110916410440141,-0.146489906314394,-0.248113493527794,8.55322590716804e-05,0.0301191786657313,0.341339558362961,0.0973472520709038,0.246073007583618,0.559370040893555,1.5859375
1.495,-7.20750915072833e-05,0.000110092953260795,0.0287357308602619,-0.00186232205645086,-0.00112825121573592,-3.88526448076298e-05,-0.0016980727357852,-0.000250766494822226,-0.00147267937755417,-0.318049677715776,-0.220927301053768,-3.31257274564876e-05,0.0301191786657313,0.1076480448246,0.0344618707895279,0.301902532577515,0.448953241109848,1.5859375
1.496,-7.39067298287742e-05,0.000109843694265262,0.0287341738779703,-0.00204017166888931,-0.00101223421524779,-3.91572428366516e-05,-0.00196435538255438,-0.000246732314781457,-0.00164008169744201,0.00943218057391738,0.414792064010176,-0.00051994185525177,0.0301191786657313,0.355112195014954,-0.233733743429184,-0.456625431776047,0.592495560646057,1.5859375
1.497,-7.5712686387279e-05,0.000109482191254433,0.0287326310980948,-0.00211353210332793,-0.00116643803955008,-3.90821846760758e-05,-0.00164953946514714,-0.000475498624681497,-0.0014449923300799,-0.13517650580651,-0.686109661742891,0.000645115996749945,0.0301191786657313,0.125243306159973,0.00876618921756744,0.437397956848145,0.346455931663513,1.5859375
1.498,-7.7535888009014e-05,0.000109032357152179,0.0287310991824184,-0.00192269207068835,-0.00133225824098919,-3.88011974679081e-05,-0.00199763055787187,-0.000425553947479016,-0.00161770940583385,0.466662925171065,0.390002328177055,-0.00013185955550458,0.0301191786657313,0.587772607803345,-0.49829089641571,0.14028537273407,0.509536027908325,1.5859375
1.499,-7.94879302143812e-05,0.000108433306041621,0.0287294504900042,-0.00183732686291992,-0.00108897236970872,-3.90411269783897e-05,-0.00190568540809465,-0.000772383712736703,-0.00167870413194289,-0.314224383296889,0.0272048658667244,-0.000276054394566593,0.0301191786657313,0.0768136084079742,-0.137501269578934,0.130364507436752,0.219242334365845,1.5859375
1.5,-8.14914361762575e-05,0.000107677533811836,0.0287278639855786,-0.00196509071109972,-0.000962290894142626,-3.93130859284163e-05,-0.00210083450568169,-0.000738616117996275,-0.00149370190702,0.0945009979542916,0.185974310897389,-0.000211752987922826,0.0301191786657313,0.444903999567032,0.131322935223579,0.00674181431531906,0.13782000541687,1.5859375
1.501,-8.35476275431058e-05,0.000107054692292189,0.0287263458287616,-0.00146234897780605,-0.0011488949697479,-3.89310894592931e-05,-0.00201339745798456,-0.000510736729989655,-0.00154171412839204,0.778772238134926,-0.515118817446017,0.000839912041595634,0.0301191786657313,0.39386174082756,-0.281914830207825,0.0541885942220688,0.777156352996826,1.5859375
1.502,-8.55528472490157e-05,0.000106345537173979,0.0287247239563837,-0.00147829353292865,-0.0016936843388828,-3.86505290599359e-05,-0.00200090976275795,-0.00090680902406201,-0.00170082439232969,-0.800387338447779,-0.437754505608794,-0.000450497916026686,0.0301191786657313,0.662423729896545,0.278423756361008,-0.078235499560833,0.169827252626419,1.5859375
1.503,-8.7440304557173e-05,0.0001055835863004,0.0287229183928639,-0.00190271394233738,-0.00209356144658879,-3.87569174593594e-05,-0.00177748783589687,-0.000615430941931277,-0.00190879668604933,0.0631458053427577,-0.263497372576888,0.000284180617054704,0.0301191786657313,0.600201189517975,-0.322662323713303,-0.512661755084991,0.782615661621094,1.5859375
1.504,-8.90036196048163e-05,0.000104766151995969,0.0287210473640416,-0.00217858563551564,-0.00234181915106287,-3.88939068267646e-05,-0.0013533440845106,-0.00101578735130934,-0.00183259397807397,-0.535478206251136,-0.17284611146006,-0.000543116010520984,0.0301191786657313,0.624872088432312,-0.411992818117142,-0.143883317708969,0.369971215724945,1.5859375
1.505,-9.0247625555302e-05,0.000103648005327333,0.0287192832539873,-0.00249034139285539,-0.00214106242392413,-3.96269336713218e-05,-0.00113422469144257,-0.00121846770184884,-0.00169498318015138,-0.00314585174224934,0.515698523849777,-0.000769870088881084,0.0301191786657313,0.974097371101379,-0.250323832035065,-0.399940699338913,0.529224276542664,1.5859375
1.506,-9.10917039327867e-05,0.000102328529758213,0.0287175469416665,-0.00218090315347881,-0.00196758680302708,-3.95954939094167e-05,-0.000555202091056609,-0.00142197449507037,-0.00177651307583522,0.542408033576322,-0.214432815307701,0.00077564542928296,0.0301191786657313,0.53907185792923,-0.388739585876465,-0.0524569898843765,0.451122045516968,1.5859375
1.507,-9.15840474162763e-05,0.000100779458008294,0.0287158134305828,-0.00169081880897474,-0.00195116108676893,-3.9129678681693e-05,-0.000429830610426999,-0.00167888568419172,-0.00168989732852621,0.314375991511906,0.240166686032151,4.95907554203134e-05,0.0301191786657313,0.437833607196808,0.101824149489403,-0.299301773309708,0.409294366836548,1.5859375
1.508,-9.19060558408847e-05,9.91191633605538e-05,0.0287141399519164,-0.00134932489193602,-0.0016964449708416,-3.90651486630311e-05,-0.00021327499068415,-0.00164428121115188,-0.00165632132588437,0.285112856924907,0.202139905430968,5.15363995342121e-05,0.0301191786657313,0.731622934341431,-0.0532255135476589,0.00115769356489182,0.267434895038605,1.5859375
1.509,-9.20102278342793e-05,9.74822637535126e-05,0.0287124204536867,-0.00125295921385953,-0.00165071186056889,-3.90745860041619e-05,4.63830318029624e-06,-0.00163055068833224,-0.00178147596357271,-0.111269226403332,-0.122080637441048,-8.06749411236431e-05,0.0301191786657313,0.43653079867363,0.308593332767487,0.0621156394481659,0.250417172908783,1.5859375
1.51,-9.19994137154827e-05,9.59675752536304e-05,0.0287105458009607,-0.00126520405721381,-0.00164421780241762,-3.9154420729659e-05,1.70038223181293e-05,-0.00139963986134335,-0.00196644473314368,0.0944998831717724,0.13285356022236,-7.0845386957505e-05,0.0301191786657313,0.595895051956177,0.456211149692535,0.0182165540754795,0.123567342758179,1.5859375
1.511,-9.19162425325296e-05,9.47604013951347e-05,0.0287084514009507,-0.000920234398461442,-0.0015847315037398,-3.89569309149351e-05,0.00014942946795057,-0.0010179800411793,-0.00222067330217248,0.507156241657064,-0.0288855166231302,0.00039029607534495,0.0301191786657313,0.393825232982635,-0.158970475196838,-0.160813704133034,0.359270870685577,1.5859375
1.512,-9.17077679803291e-05,9.36824520304586e-05,0.0287063186883701,-0.00104024647522317,-0.00166315000158559,-3.90938448866507e-05,0.000266843237188476,-0.00113720808304435,-0.00204399656220151,-0.709166514120785,-0.106271246472485,-0.000648932363780825,0.0301191786657313,0.103352397680283,0.320724785327911,-0.227469593286514,-0.101634740829468,1.5859375
1.513,-9.14476823361084e-05,9.276394694717e-05,0.0287044561112451,-0.00137065418506684,-0.00159018137296255,-3.95169987497113e-05,0.00025386661719032,-0.000698984172234876,-0.00168100764405768,0.136812471604675,0.233007991973284,-0.000120049078029647,0.0301191786657313,0.669518411159515,-0.216800540685654,-0.108431845903397,0.444599598646164,1.5859375
1.514,-9.10686826711358e-05,9.1970926187e-05,0.0287027720165569,-0.0015458903677499,-0.00161517363102578,-3.97078198339784e-05,0.000503527187344365,-0.00088577931944366,-0.00168627113325345,-0.436922056798172,-0.273884835095551,-0.000218677154669925,0.0301191786657313,0.494020998477936,0.385098516941071,0.181639730930328,0.497286081314087,1.5859375
1.515,-9.05757335621068e-05,9.11540445671006e-05,0.0287008696811469,-0.00168058807912561,-0.0017015797810887,-3.98178331622034e-05,0.000482020805763089,-0.000747704755334058,-0.00211634201138164,0.204002960194538,0.124411812800425,1.12836571211102e-05,0.0301191786657313,0.409995406866074,-0.235283702611923,-0.0768439695239067,0.278396546840668,1.5859375
1.516,-9.00541647784572e-05,9.03582946641556e-05,0.028698869016555,-0.00147798704678099,-0.00152762102620445,-3.98514362283109e-05,0.000562110504837801,-0.00084498127185566,-0.00188456531974965,0.150609894836431,0.179250907059259,-8.32878197867957e-05,0.0301191786657313,0.149442970752716,-0.0334157906472683,0.161848485469818,0.41747111082077,1.5859375
1.517,-8.95921466794032e-05,8.94797523146016e-05,0.0286970131915492,-0.0014115162340048,-0.00109737899946297,-4.01979170905342e-05,0.000365143286390211,-0.000912576745933268,-0.00182625304500422,-0.0318770766400542,0.567993523608764,-0.000521891732272335,0.0301191786657313,0.542922794818878,0.129873514175415,0.0439849197864532,0.462899327278137,1.5859375
1.518,-8.91703456096422e-05,8.85663273197055e-05,0.0286950857230868,-0.00144843832679904,-0.00100455629971637,-4.03523634697756e-05,0.000478918691198732,-0.000914276005901901,-0.00202730613913417,-0.0291759397805065,-0.40347432047015,0.000239701574983752,0.0301191786657313,0.295076966285706,0.0841101184487343,0.439346820116043,0.407217919826508,1.5859375
1.519,-8.88234929395131e-05,8.76536872249099e-05,0.0286929458219494,-0.00144245855114696,-0.00128709278837526,-4.01870501081092e-05,0.000213634206817226,-0.000911278165877292,-0.00225096152295333,0.0424667201354572,-0.086349203877157,3.4050015887199e-05,0.0301191786657313,0.140360921621323,0.0273981839418411,0.42400598526001,0.560435652732849,1.5859375
1.52,-8.87844671433791e-05,8.66826436164323e-05,0.0286906062769837,-0.0015177255654365,-0.00103938133359357,-4.0498897098562e-05,-0.0001333837137427,-0.00103036470260679,-0.00242654707990497,-0.169305398420946,0.514937877533457,-0.000587913345010526,0.0301191786657313,0.146406233310699,-0.142530113458633,-0.164728969335556,0.242999777197838,1.5859375
1.521,-8.89149860100316e-05,8.5637408256342e-05,0.0286883922415349,-0.00158536857768271,-0.000883599058180164,-4.07291244113317e-05,-0.000126765109553454,-0.00105989567550328,-0.00200137533598664,0.0546939004885749,-0.242801239003436,0.000173075752836421,0.0301191786657313,0.586905002593994,0.124348573386669,0.0777926370501518,0.104379624128342,1.5859375
1.522,-8.89833607301796e-05,8.46773701476735e-05,0.0286863815269664,-0.00116574520379072,-0.00155428450661099,-3.99956189145456e-05,-1.43959797574997e-05,-0.000863411879595499,-0.00201891319732472,0.675056851819503,-0.919085599698209,0.00109649537631195,0.0301191786657313,0.0617831647396088,0.169708669185638,0.297977149486542,0.44575423002243,1.5859375
1.523,-8.91679655154954e-05,8.38181101014873e-05,0.0286843324880292,-0.000754556814525937,-0.00178622229354613,-3.95188798880675e-05,-0.000355414622051039,-0.000857859219747873,-0.00207796735979188,0.0435226700059074,0.511791988910731,-0.000231962538501796,0.0301191786657313,0.304317563772202,0.166710466146469,0.247390374541283,0.0830610245466232,1.5859375
1.524,-8.96055796236837e-05,8.30641975947478e-05,0.028682275730973,-0.000852732315965166,-0.000971109304672036,-3.99981904100066e-05,-0.000514572124346711,-0.000649975187620906,-0.00203456271383626,-0.210816773275982,0.899572648960225,-0.000594750149363145,0.0301191786657313,0.841898262500763,0.17004083096981,-0.0413069017231464,0.175725489854813,1.5859375
1.525,-8.99493886125432e-05,8.24945444110585e-05,0.0286801725077549,-0.00113262047618973,-0.000970891640524734,-4.01611566931415e-05,-0.000173948267561629,-0.000488148063266051,-0.00217046514820879,-0.272988814342447,-0.895566542251122,0.000347715837277481,0.0301191786657313,0.0997511744499207,0.357996165752411,0.335017114877701,0.312531232833862,1.5859375
1.526,-9.0284799546721e-05,8.21062420705056e-05,0.0286779449782342,-0.00123527728717823,-0.00159280351465531,-3.98773712628753e-05,-0.000499953200768774,-0.000288415439469442,-0.00228318300718579,0.0950667287868401,-0.187352486356086,0.000147420018098056,0.0301191786657313,0.372373461723328,-0.274565696716309,0.0856123715639114,0.40240478515625,1.5859375
1.527,-9.08028064560403e-05,8.17088536718649e-05,0.0286757556121154,-0.00145184431948058,-0.0015987396753116,-4.01320696923335e-05,-0.000536160519014613,-0.000504684117004898,-0.00209477325786603,-0.468061961099241,0.174643773695351,-0.000610328365458271,0.0301191786657313,0.422455638647079,0.301922798156738,-0.127882212400436,0.3678218126297,1.5859375
1.528,-9.12787436728207e-05,8.12776796361097e-05,0.0286736523680046,-0.00155056664624752,-0.00150283067984265,-4.03621530602472e-05,-0.000415550328266267,-0.000357527541486375,-0.0021105861604344,0.296089240155066,-0.00907831787287771,0.000188914458713343,0.0301191786657313,0.265126943588257,-0.252477824687958,0.131325840950012,0.193040207028389,1.5859375
1.529,-9.17551217995176e-05,8.08811345776163e-05,0.0286717101786253,-0.00123629604705436,-0.00134011766085382,-4.02942524404537e-05,-0.000536087471175248,-0.000437425808785038,-0.00177347083963186,0.250363426146151,0.28905786134572,-7.41002050007087e-05,0.0301191786657313,0.655049920082092,0.0553095191717148,-0.241091266274452,0.276858568191528,1.5859375
1.53,-9.21278201554588e-05,8.04641493248424e-05,0.0286699962703502,-0.00102698358607914,-0.00156963453317247,-4.00704456384737e-05,-0.000211539331593542,-0.000398023937405093,-0.00165368464237991,0.114388772088282,-0.685983065937817,0.000421292875149163,0.0301191786657313,0.316615611314774,-0.0939252227544785,-0.0188635885715485,0.322082221508026,1.5859375
1.531,-9.23471306643491e-05,8.00277870607174e-05,0.0286684647330992,-0.00118576738242331,-0.00201313287025807,-4.00508295879121e-05,-0.000229830492231718,-0.000473673277989923,-0.00140907735279227,-0.38716727388352,-0.0851654874429369,-0.000434027180369274,0.0301191786657313,0.376363545656204,0.0541214644908905,0.0972841307520866,0.171483263373375,1.5859375
1.532,-9.26049082792829e-05,7.9606756761836e-05,0.0286671313894991,-0.00141644290967385,-0.00166544056732295,-4.06233824965518e-05,-0.000283376549052235,-0.000367601429539978,-0.00125766305886748,-0.0134860358334513,0.683142882397085,-0.000605501906806567,0.0301191786657313,0.388873815536499,-0.358911782503128,0.00261963903903961,0.394706875085831,1.5859375
1.533,-9.28759886408776e-05,7.91095565472937e-05,0.0286660285378228,-0.0016181755000681,-0.00104285872402435,-4.13285592046897e-05,-0.00025505372082869,-0.000625286964331823,-0.000947960517345109,-0.334175822157232,0.395908331773423,-0.000604739280867172,0.0301191786657313,0.232623085379601,-0.0719859525561333,0.090228259563446,0.191705986857414,1.5859375
1.534,-9.31809508147223e-05,7.8500497031003e-05,0.0286652308564303,-0.00159988990574858,-0.000904521557356981,-4.1514527975739e-05,-0.000353862855647153,-0.000593184081253177,-0.000647724145201368,0.366029781449108,-0.155362651909587,0.000253458217902519,0.0301191786657313,0.0900552123785019,0.126595020294189,-0.0231941938400269,0.355707883834839,1.5859375
1.535,-9.35938633066628e-05,7.79291436709322e-05,0.0286647047408279,-0.00104003080450407,-0.00125863168049557,-4.09994262908775e-05,-0.000473951222485079,-0.000553221191739036,-0.000404821023107988,0.606377749414195,-0.459564674996696,0.000615295291907823,0.0301191786657313,0.466708600521088,-0.0394529476761818,0.236532241106033,0.331472545862198,1.5859375
1.536,-9.41009222447491e-05,7.73453937350855e-05,0.0286642991774493,-0.000767493029183129,-0.00169410479281713,-4.06546262583518e-05,-0.000542803075316942,-0.000615924543297751,-0.000406089784887316,-0.129238938754697,-0.29845587407893,-5.86881587586305e-05,0.0301191786657313,0.129541546106339,0.380459308624268,0.397983729839325,0.298598527908325,1.5859375
1.537,-9.48265350801871e-05,7.68289989248937e-05,0.0286638317930222,-0.000942448270396848,-0.00138547438952963,-4.10284864127419e-05,-0.000905940745514949,-0.00041633590106008,-0.000528171685785413,-0.172294892429326,0.828758607208824,-0.000622457639538541,0.0301191786657313,0.839945793151855,0.0242408141493797,-0.309565991163254,0.2167858928442,1.5859375
1.538,-9.54963025519542e-05,7.64357952280789e-05,0.0286633686996872,-0.00119972053963107,-0.00136892036055832,-4.12556744819881e-05,-0.000434783641039549,-0.000368711676002418,-0.00039807094255194,-0.272595338555673,-0.798012267245975,0.000255819476778908,0.0301191786657313,0.20936094224453,0.0542505607008934,0.108364403247833,0.114517278969288,1.5859375
1.539,-9.60069539309333e-05,7.61329770261805e-05,0.0286631119916918,-0.00126565433999373,-0.00190865221640367,-4.09962313705492e-05,-0.00058956527371018,-0.000236931827804218,-0.00011590522095855,0.157951779158614,-0.142389672808509,0.000199959529256982,0.0301191786657313,0.829861164093018,0.166110023856163,0.0491862408816814,0.372992247343063,1.5859375
1.54,-9.64809072376107e-05,7.59172844359348e-05,0.0286628819161985,-0.00106226882801964,-0.00204634671551154,-4.07506968991278e-05,-0.000359881128567435,-0.000195844560459854,-0.00034354222423127,0.196172015606757,-0.0985771853632039,0.000213360061923496,0.0301191786657313,0.582170188426971,0.0312070176005363,0.121589139103889,0.103587299585342,1.5859375
1.541,-9.68205184603764e-05,7.5778200461281e-05,0.0286625840580654,-0.000871133465755684,-0.00184465213726651,-4.07062586353923e-05,-0.000318263984798744,-8.37647876545334e-05,-0.000252226518992616,0.135867473075988,0.445964420577699,-0.000138902526742998,0.0301191786657313,0.685204029083252,0.152208209037781,-0.0274437218904495,0.1702641248703,1.5859375
1.542,-9.70394233121212e-05,7.5764155799755e-05,0.0286623392730965,-0.000822646240849201,-0.00153615332970104,-4.08638938611539e-05,-0.00011820879742876,5.50288904302324e-05,-0.000237286207538622,-0.0511350623487907,0.089805790800453,-0.000146794670247284,0.0301191786657313,0.700714468955994,0.328721612691879,-0.206782773137093,0.179643958806992,1.5859375
1.543,-9.69990660441675e-05,7.59375370450519e-05,0.0286621038755428,-0.000842237971611006,-0.00183510022465669,-4.08059051242304e-05,0.000196477949152053,0.000291443675081355,-0.000233352871317347,0.0164706640568355,-0.606556442601303,0.000232727191898836,0.0301191786657313,0.22127041220665,0.151886403560638,0.319693088531494,0.19707977771759,1.5859375
1.544,-9.69433937969358e-05,7.62915768206173e-05,0.0286619012694377,-0.00092447419165138,-0.00179514736070676,-4.0979797586882e-05,-8.35556061232844e-05,0.000416654499914586,-0.000172038946307318,-0.159323852042041,0.669426933095345,-0.000558765425439816,0.0301191786657313,0.696923315525055,0.15033932030201,-0.281572818756104,0.43764516711235,1.5859375
1.545,-9.68484863416801e-05,7.670351624774e-05,0.0286617327577331,-0.00124954778168165,-0.00152189879453869,-4.14672251651815e-05,0.000274234667816372,0.000409354103611641,-0.000164941770240304,-0.405322142282767,-0.192950261065983,-0.000268752117381881,0.0301191786657313,0.558829724788666,0.144633606076241,0.0833402648568153,0.151263624429703,1.5859375
1.546,-9.65417247135278e-05,7.71957912616191e-05,0.0286615874222681,-0.00135465021251842,-0.0017604145498708,-4.14400598272024e-05,0.000337743169275422,0.000575553756278546,-0.000125733420459422,0.219621221522226,-0.219923975604035,0.000311597551115888,0.0301191786657313,0.303269892930984,-0.328026801347733,0.0351774021983147,0.384136319160461,1.5859375
1.547,-9.6235420360551e-05,7.76496459655853e-05,0.0286616334254368,-0.00137662465325885,-0.0017105500648604,-4.15599495187102e-05,0.000275403264519019,0.000332987196768515,0.000216902923084701,-0.257994433626949,0.306073305940743,-0.000534950838989293,0.0301191786657313,0.45326167345047,0.250880002975464,0.239897668361664,0.184439107775688,1.5859375
1.548,-9.60026054401247e-05,7.80884928300637e-05,0.0286618160461756,-0.00124529652363315,-0.00126625838579251,-4.18645254813832e-05,0.000193233481463525,0.000543513187929197,0.000148390865143031,0.482474104329722,0.46470420207537,-4.57462484300512e-05,0.0301191786657313,0.649028956890106,-0.225989654660225,0.188755884766579,0.227792486548424,1.5859375
1.549,-9.57731880676248e-05,7.85818027233572e-05,0.0286620120330029,-0.000981222893885418,-0.00116666430846216,-4.18272679403309e-05,0.00026609110538671,0.000441892923497618,0.000243220710367075,-0.0241720264858296,-0.289043812346393,7.6176132532455e-05,0.0301191786657313,0.122735120356083,-0.0392419695854187,-0.00498004257678986,0.416777670383453,1.5859375
1.55,-9.55689534996133e-05,7.89727378728074e-05,0.0286623969513566,-0.00129082488346949,-0.0014732777200966,-4.19397802517985e-05,0.000140812711860763,0.000342200791717689,0.000525848981228862,-0.512859725056044,-0.242092160348868,-0.00030619435400985,0.0301191786657313,0.294863015413284,0.190374091267586,0.382615655660629,0.358861267566681,1.5859375
1.551,-9.55562544054493e-05,7.93541405280819e-05,0.0286628595715482,-0.00157868737689956,-0.00140419450800696,-4.23047416449052e-05,-0.000114369372886481,0.000422279180436682,0.000399461645717723,0.0108782942391664,0.360408974643703,-0.000367049791408479,0.0301191786657313,0.180900633335114,0.056726049631834,-0.33185338973999,0.444489419460297,1.5859375
1.552,-9.56213333992927e-05,7.97554368325022e-05,0.0286634404783969,-0.00141624833690411,-0.00130294730211113,-4.23425687166024e-05,-1.53311592756099e-05,0.000379473295474967,0.000761500452994332,0.269027158294126,-0.184296795393914,0.000270431884755983,0.0301191786657313,0.521292328834534,-0.171353667974472,0.129756882786751,0.47739365696907,1.5859375
1.553,-9.56238912372291e-05,8.00338327259615e-05,0.0286642144746676,-0.00134342837979783,-0.00162030518779905,-4.21228657132566e-05,8.20056629435191e-06,0.000177422851868985,0.000786040249795251,-0.142574581785513,-0.365856677969155,7.81748301900999e-05,0.0301191786657313,0.32101184129715,-0.160979524254799,-0.015868678689003,0.0658825784921646,1.5859375
1.554,-9.56254333433273e-05,8.02337623002993e-05,0.0286652177380527,-0.00134935871397564,-0.00181405468924912,-4.20451421576651e-05,-1.24182357380812e-05,0.000222407965816843,0.00121887721794298,0.13085782026005,0.0284682938494717,4.45660783691408e-05,0.0301191786657313,0.119398355484009,0.1914122402668,-0.246063858270645,0.300074547529221,1.5859375
1.555,-9.56393103941356e-05,8.05119934824471e-05,0.0286666087925698,-0.00107622473911416,-0.00158952729047762,-4.19999214353872e-05,-1.3964555132462e-05,0.00033220080645181,0.00156176002163241,0.341318931699683,0.360135232471861,2.05122267584001e-05,0.0301191786657313,0.422534346580505,-0.406674265861511,-0.345944583415985,0.35475966334343,1.5859375
1.556,-9.55339338153372e-05,8.07063040058752e-05,0.0286684375037872,-0.00125305467910358,-0.0015332589517929,-4.22350639879276e-05,0.000224533496731092,5.81953863107128e-05,0.00209347139204723,-0.646329179644071,-0.260794583542752,-0.000427424383480024,0.0301191786657313,0.246406137943268,0.106541998684406,0.366948872804642,0.0931112468242645,1.5859375
1.557,-9.54484305573172e-05,8.08577369188305e-05,0.0286705714845871,-0.00155656373950782,-0.00141269463796642,-4.26667678543602e-05,-5.20977055096767e-05,0.000246117461900799,0.00217318643753862,0.117420445637911,0.46828682920129,-0.000372557515820042,0.0301191786657313,0.46409946680069,-0.0227749720215797,-0.0104709649458528,0.333942353725433,1.5859375
1.558,-9.54617703621033e-05,8.10912263887859e-05,0.0286727979250493,-0.00132016533549488,-0.00120998693995012,-4.27379841605458e-05,2.64817869045465e-05,0.000219531237175953,0.00227826005517869,0.291486663930759,-0.115313345054003,0.000211567452725243,0.0301191786657313,0.401378035545349,-0.129866093397141,-0.208177030086517,0.588814437389374,1.5859375
1.559,-9.53575055436079e-05,8.11895806178763e-05,0.0286751583874208,-0.00135449506727679,-0.0016725777689421,-4.25181238683514e-05,0.000178905000027709,-2.20495720552983e-05,0.0024411108176555,-0.349982424409848,-0.685565468730453,0.00012278378923483,0.0301191786657313,0.311564415693283,-0.0937237739562988,-0.00623023509979248,0.359000414609909,1.5859375
1.56,-9.51955586148971e-05,8.11270374134706e-05,0.0286776990314673,-0.00167447894015828,-0.00206062452304222,-4.26046219739185e-05,0.000142761545983351,-0.000100902803943662,0.00263839568438737,-0.205901347188153,0.0103038470272843,-0.000306890082157449,0.0301191786657313,0.515635550022125,0.20485708117485,0.0520297400653362,0.335736572742462,1.5859375
1.561,-9.50293843857411e-05,8.10821928637312e-05,0.0286802835571663,-0.00146039216367412,-0.00175732153985942,-4.27189483063195e-05,0.000191404655018261,9.6425904641299e-06,0.00252949942951566,0.575546996474558,0.51501964043926,7.63645017690599e-05,0.0301191786657313,0.553683042526245,-0.220508217811584,0.0726986080408096,0.503265619277954,1.5859375
1.562,-9.48021507847267e-05,8.09692161521394e-05,0.0286828117936451,-0.00118562420239975,-0.00128847728155101,-4.28699802572652e-05,0.00026581192933594,-0.000236664779705969,0.00252560506022658,-0.0962887812578536,0.300271628637381,-0.000327769510227153,0.0301191786657313,0.615399897098541,0.319337844848633,0.0553003177046776,0.10785523802042,1.5859375
1.563,-9.4471060111314e-05,8.08785317787834e-05,0.0286852776294381,-0.00099338667433189,-0.00135371559624404,-4.2767138640265e-05,0.000395784021909587,5.34829241085217e-05,0.00240503746850642,0.428892669098963,-0.410892001304991,0.000475804339881259,0.0301191786657313,0.317729949951172,-0.268158107995987,0.0346760749816895,0.406718313694,1.5859375
1.564,-9.4095013109557e-05,8.08172347481884e-05,0.0286877884973334,-0.00111130776045385,-0.0017211071624231,-4.27599067966966e-05,0.000354257488176781,-0.00017481667551051,0.00261490415117736,-0.630680592396463,-0.22594653043324,-0.000522299095933621,0.0301191786657313,0.28058248758316,0.248100370168686,0.229765117168427,0.175364017486572,1.5859375
1.565,-9.38313430190692e-05,8.07503037578092e-05,0.0286903800198135,-0.00146513226546046,-0.00154624755352465,-4.33020476102719e-05,0.000174642549089009,4.26109036431984e-05,0.00256688922038804,0.0155081998784123,0.528307519134558,-0.000476707601015929,0.0301191786657313,0.593458235263824,0.315239012241364,-0.135360762476921,0.209590911865234,1.5859375
1.566,-9.35448261311384e-05,8.09122601054629e-05,0.0286929078347925,-0.00106730242075321,-0.00136267171888812,-4.32189618102541e-05,0.000399145147824711,0.000278410862179497,0.00248756232490996,0.672648086285369,-0.207584292462062,0.000555988141104112,0.0301191786657313,0.223126888275146,-0.199430629611015,-0.0880309119820595,0.249548673629761,1.5859375
1.567,-9.31557053011295e-05,8.11411574545683e-05,0.0286955732057694,-0.000800183315806556,-0.00157622707452431,-4.2978942364158e-05,0.000377956245842119,0.000178076038125127,0.00284089642409319,-0.207122221229565,-0.162255018024647,-0.000174590879517617,0.0301191786657313,0.729084849357605,0.0750203803181648,0.431459486484528,-0.0292691737413406,1.5859375
1.568,-9.27943039074358e-05,8.14284914983674e-05,0.0286983036578615,-0.00102304003313765,-0.00161794118135166,-4.32252486928242e-05,0.000344769743105096,0.000397451954543979,0.00261914154443938,-0.181046798050179,0.0902597709832482,-0.00027789022865292,0.0301191786657313,0.380653709173203,0.10532309114933,-0.0152646042406559,0.275030046701431,1.5859375
1.569,-9.24363520527979e-05,8.18609173507108e-05,0.0287009365388231,-0.00126140875122188,-0.00148784972663553,-4.35765815618439e-05,0.000371955873635809,0.000468782611800873,0.00264517883293832,-0.234146059621071,0.136566564878198,-0.000351969498778749,0.0301191786657313,0.448788464069366,-0.0995220616459846,-0.0831771567463875,0.120156109333038,1.5859375
1.57,-9.20100066814753e-05,8.23547666872436e-05,0.0287036912294595,-0.0014086824652168,-0.00149649208441623,-4.37533378470079e-05,0.000480513079923533,0.000519801411985056,0.00286220684221037,-0.0238072691497967,-0.149488064001897,2.86970299996203e-05,0.0301191786657313,0.576381862163544,0.0976352393627167,0.452145367860794,0.190441355109215,1.5859375
1.571,-9.15931650737356e-05,8.29366827353261e-05,0.0287063998291026,-0.00122380086486946,-0.00145745130349353,-4.36938889389893e-05,0.000353766222350406,0.000642813102855959,0.00255415337896191,0.341884604683784,0.217815951857463,5.97864370869097e-05,0.0301191786657313,0.606173157691956,-0.215898990631104,-0.0547854490578175,0.222338691353798,1.5859375
1.572,-9.11463038407488e-05,8.35385902205359e-05,0.0287090083711271,-0.00111383494657222,-0.00150726365587161,-4.36477726850626e-05,0.000539317052173304,0.000560688126854479,0.00266130748281288,-0.151721785384236,-0.301572387144413,-8.41871303976662e-06,0.0301191786657313,0.497701644897461,0.263877362012863,-0.139201492071152,0.181743651628494,1.5859375
1.573,-9.05234546601656e-05,8.42095878986047e-05,0.0287116504598042,-0.00112178880311389,-0.00189566518830528,-4.34738316625882e-05,0.000703768807990075,0.000780979353760889,0.0026216282643462,0.134935638613499,-0.370780873250019,0.000300613226340771,0.0301191786657313,0.4164038002491,-0.173096150159836,-0.0371439978480339,0.253862470388412,1.5859375
1.574,-8.97953803228537e-05,8.49537477121964e-05,0.0287143446231559,-0.00124298675872044,-0.00194472801354282,-4.36463580881785e-05,0.000752167527877104,0.000708428652296781,0.00276498899176,-0.346663903741421,0.286467496457353,-0.000630768818230442,0.0301191786657313,0.438279837369919,-0.195254504680634,-0.0340790823101997,0.378628343343735,1.5859375
1.575,-8.90098216890652e-05,8.55882435293918e-05,0.0287171430824423,-0.00175264203118703,-0.00146888138555788,-4.45830464914643e-05,0.000821896040525337,0.000564186418966498,0.00283031735287084,-0.539991819084586,0.541500386362726,-0.00102040127307918,0.0301191786657313,0.2840795814991,0.259466260671616,-0.177703842520714,0.160628065466881,1.5859375
1.576,-8.81476888794837e-05,8.62817129683745e-05,0.0287200172757044,-0.00162599447590047,-0.00110478139003569,-4.49487924081282e-05,0.000904602160868371,0.000821501899170269,0.00291633012632456,0.754082552916213,0.0945726622304327,0.00030375513489736,0.0301191786657313,0.345801293849945,-0.191350236535072,0.279790222644806,0.75900262594223,1.5859375
1.577,-8.73122065692608e-05,8.69218123009948e-05,0.0287227906724157,-0.00130819265325573,-0.00106879723285315,-4.48571199238579e-05,0.000767150251128686,0.000457851357936834,0.00262971545898589,-0.201574963630003,-0.0290256550098063,-0.000165009258098374,0.0301191786657313,0.22009664773941,0.238552004098892,0.135278701782227,0.211343064904213,1.5859375
1.578,-8.66084141146436e-05,8.7480018558051e-05,0.0287253776896394,-0.00128692193571466,-0.0011515603106072,-4.48500101639659e-05,0.00064034366030626,0.000658208104048171,0.00254312601431763,0.235843792492358,-0.112227720906562,0.000159741856214485,0.0301191786657313,0.130769163370132,-0.0605082884430885,-0.108587816357613,0.261243879795074,1.5859375
1.579,-8.59887413801988e-05,8.81367214030595e-05,0.0287280361249727,-0.00117823459985868,-0.00133110221514845,-4.47288450633465e-05,0.000598174034977099,0.00065471077467561,0.00277183274334363,-0.0485992940543133,-0.197439755066805,2.39359900104558e-05,0.0301191786657313,0.457660675048828,0.085940383374691,0.0208590626716614,0.403879940509796,1.5859375
1.58,-8.53568852877527e-05,8.87907021410779e-05,0.0287307139059232,-0.00136982849981705,-0.00158872737469102,-4.47752384924449e-05,0.000663980818175685,0.000654591020264314,0.00258277165240651,-0.285634822863585,-0.247649832705456,-0.000130688007104595,0.0301191786657313,0.388171553611755,-0.062703438103199,0.279337525367737,0.237862840294838,1.5859375
1.581,-8.47575359502676e-05,8.94541806788193e-05,0.028733232258046,-0.00160044862229744,-0.00148885804362089,-4.51351604384698e-05,0.000535795449929321,0.000673889027221927,0.00245293494408949,-0.117429672205487,0.421266600033741,-0.000532830354511535,0.0301191786657313,0.51680999994278,-0.297860682010651,-0.205115035176277,0.178831249475479,1.5859375
1.582,-8.41051850106345e-05,9.00902132625293e-05,0.0287357983610783,-0.00166230638444887,-0.00134305622814211,-4.53797466399841e-05,0.000769354896085014,0.000598904348240662,0.00267734273485278,0.00744244366615482,-0.164293391332329,8.66745970722564e-05,0.0301191786657313,-0.0171465575695038,0.308310955762863,0.482460200786591,0.667915105819702,1.5859375
1.583,-8.35681154141905e-05,9.06852614904652e-05,0.0287382370344343,-0.00153585459545396,-0.000932591843713004,-4.57236775757153e-05,0.00030794706847985,0.000590567292326859,0.00219929182968715,0.209711798044054,0.877461303695365,-0.000698602319523321,0.0301191786657313,0.561143934726715,0.100359901785851,-0.248867213726044,0.42249858379364,1.5859375
1.584,-8.31053429615996e-05,9.12803380601078e-05,0.0287403641430253,-0.00131309106546771,-0.000869648021437491,-4.57664506008371e-05,0.0006173227674559,0.000598355869234617,0.00205416333069454,0.175375285322754,-0.762240693886375,0.000562347838721163,0.0301191786657313,0.416025608778,0.0267856139689684,0.272887676954269,0.311510980129242,1.5859375
1.585,-8.25321978070408e-05,9.18905671857359e-05,0.0287422881823942,-0.00124587016690435,-0.00165423803029835,-4.52563977950682e-05,0.000524551689899259,0.000621791588992584,0.00179357877033624,-0.0599322264566567,-0.599688175764837,0.000285549022022513,0.0301191786657313,0.0593516677618027,-0.255925208330154,0.416961848735809,0.107978582382202,1.5859375
1.586,-8.22070220512195e-05,9.25027074289256e-05,0.0287441401893208,-0.00145066959028767,-0.00144064975976636,-4.56825701826702e-05,0.000128101590419427,0.000603924960320624,0.00190922941354251,-0.297130043995706,0.967761971026471,-0.00107177271061553,0.0301191786657313,0.326985448598862,-0.00847925245761871,-0.100763931870461,0.562544763088226,1.5859375
1.587,-8.20400823612929e-05,9.30428985668743e-05,0.0287459831480958,-0.0018517332780843,-0.000699287582310005,-4.66239290353165e-05,0.000210115304720575,0.000479343725972887,0.00177604703517604,-0.401214553455716,0.322547664670711,-0.000549226148129877,0.0301191786657313,-0.0146176218986511,-0.083693765103817,0.0369031429290771,0.46334707736969,1.5859375
1.588,-8.19205602965278e-05,9.3473011776162e-05,0.0287477931580388,-0.0020440141131184,-0.000627068421257478,-4.6833184921713e-05,2.98618161939698e-05,0.00038241033047744,0.00184288266945134,0.0642911249124996,-0.195200249101876,0.000171538316814269,0.0301191786657313,0.0817572548985481,-0.208504781126976,0.48505574464798,0.493406742811203,1.5859375
1.589,-8.20835730700322e-05,9.37617562865844e-05,0.0287495429429989,-0.00185917592978965,-0.000772868472656524,-4.66703993673434e-05,-0.000355988910781489,0.000194429870026449,0.00165614434197683,0.255234135841129,-0.058770207064503,9.89386868813303e-05,0.0301191786657313,0.383763611316681,-0.232706099748611,0.439650893211365,0.312826186418533,1.5859375
1.59,-8.25348970097817e-05,9.39031445929304e-05,0.0287510893136379,-0.00155001263455151,-0.000953049159806567,-4.64305812393206e-05,-0.000547449907097211,8.675426508856e-05,0.00143625878777334,0.281120865281118,-0.255072111534847,0.000294071697825281,0.0301191786657313,0.15013986825943,-0.325684368610382,0.0211781114339828,0.523415744304657,1.5859375
1.591,-8.31291421860501e-05,9.38460222564535e-05,0.0287525619610618,-0.00163281152381766,-0.00127620911158194,-4.6290163814966e-05,-0.000642926719026319,-0.000199811564422506,0.00150810808370914,-0.422977839694266,-0.308002418320718,-8.93234807136693e-05,0.0301191786657313,0.338665306568146,-0.0258569531142712,0.303914994001389,0.471092939376831,1.5859375
1.592,-8.3851292575715e-05,9.36074955086586e-05,0.0287539049332573,-0.00196630855568051,-0.00137233535856102,-4.6518269662954e-05,-0.000801734560371397,-0.000275090521923834,0.00117800960519403,-0.15669337134722,0.137327562611439,-0.000334749589923408,0.0301191786657313,0.587802112102509,0.213070005178452,-0.133411318063736,0.130038619041443,1.5859375
1.593,-8.4535580467463e-05,9.34635372292558e-05,0.0287549959237487,-0.00148095168895863,-0.00152381244625522,-4.6068634953933e-05,-0.000568393936059634,-1.63315404354343e-05,0.00100375682923864,0.997361962251451,-0.401468377086731,0.00108739829830232,0.0301191786657313,0.315381556749344,-0.195624679327011,-0.082905501127243,0.426762759685516,1.5859375
1.594,-8.50849795510728e-05,9.33627207429999e-05,0.0287560041358504,-0.000912867335831685,-0.00176834015185629,-4.54694622318286e-05,-0.000532111464399463,-0.00018834823996154,0.00101209546878423,-0.00702278168704683,-0.0263459071779775,-6.31500391628332e-05,0.0301191786657313,0.420101046562195,0.260503500699997,-0.0584319494664669,0.184284925460815,1.5859375
1.595,-8.55769036852139e-05,9.32863802666721e-05,0.0287569227859266,-0.00103277085366483,-0.00162271723591842,-4.57285252410955e-05,-0.000451344642676671,3.53430744453348e-05,0.000825577294014384,-0.199929933588791,0.276003049643772,-0.000403023492650157,0.0301191786657313,0.438954770565033,-0.135229110717773,-0.0693538635969162,0.41355887055397,1.5859375
1.596,-8.59762917553989e-05,9.32575847501611e-05,0.0287576992363886,-0.00163015272458369,-0.0013694136371524,-4.64494144547523e-05,-0.000346222808039774,-8.902214380232e-05,0.000727165240750107,-0.835951994587445,0.162807478975646,-0.000840805419338998,0.0301191786657313,0.376601070165634,0.139847859740257,0.31905210018158,-0.0628132373094559,1.5859375
1.597,-8.63967030047346e-05,9.33318121807669e-05,0.0287583382818885,-0.00180382107589837,-0.00108251966935162,-4.6945644030405e-05,-0.000492601285815212,0.000237773281538795,0.000551000523892204,0.530565386483799,0.333682246234363,-8.49500873320389e-05,0.0301191786657313,0.356593310832977,-0.396329462528229,0.247546344995499,0.51681512594223,1.5859375
1.598,-8.69436176152246e-05,9.34089347817347e-05,0.0287588170420254,-0.00156447334276721,-0.000897161081723473,-4.70531188940804e-05,-0.000599967244380133,-8.41391192415817e-05,0.000406600211285204,-0.113008784042946,-0.0123739045946001,-0.000114666585855415,0.0301191786657313,0.460404872894287,-0.115490213036537,-0.191337570548058,0.332297116518021,1.5859375
1.599,-8.74420568200637e-05,9.32976519236007e-05,0.0287592164166553,-0.00166743926780295,-0.0014606021020737,-4.66790324256117e-05,-0.000400895574080772,-0.000137716186479365,0.00039202840200266,-0.0654930950614058,-0.965399196803786,0.000758821265597522,0.0301191786657313,0.26147073507309,0.186834186315536,0.591035485267639,0.408274084329605,1.5859375
1.6,-8.80360345435965e-05,9.3197835129015e-05,0.0287593326699622,-0.00152260398175119,-0.0017297111271113,-4.63570328617102e-05,-0.000788080253435578,-6.29814525426038e-05,-0.000158481592957462,0.316495471004541,0.493289723700737,-0.000180768603266926,0.0301191786657313,0.748083889484406,-0.188180327415466,0.452821016311646,0.410202980041504,1.5859375
1.601,-8.88356444950336e-05,9.30599801929262e-05,0.0287589081072404,-0.00142980932708187,-0.00113407994360731,-4.68071351971133e-05,-0.000807618247022814,-0.000212948207600235,-0.000689144153826846,-0.153469967679877,0.538891611904327,-0.000585735312786687,0.0301191786657313,0.478229731321335,0.370415270328522,0.071563184261322,0.355449467897415,1.5859375
1.602,-8.96132918249639e-05,9.29495753897269e-05,0.0287579927885952,-0.00135479310665309,-0.000978323042812343,-4.69638281437312e-05,-0.000747066820234364,-8.82337729158362e-06,-0.00113997829782908,0.28301730083438,-0.268971742629323,0.000281794109309562,0.0301191786657313,0.319094449281693,-0.321746230125427,0.297534465789795,0.30765825510025,1.5859375
1.603,-9.04443052889151e-05,9.28553082522833e-05,0.0287568143622456,-0.00141270701707001,-0.00129104315318581,-4.68521976744185e-05,-0.000916683012214339,-0.000178963165748656,-0.00121607549195501,-0.381483795195864,-0.27676545036102,-0.000124915838085858,0.0301191786657313,0.630289554595947,0.189413666725159,0.289444476366043,0.222000196576118,1.5859375
1.604,-9.13585873836782e-05,9.27656651329579e-05,0.0287553603279899,-0.00154807310337746,-0.00162441503014807,-4.67420732181978e-05,-0.000914166100143131,2.39568160294331e-08,-0.00169003390990068,0.145065113175657,-0.305459971428527,0.000318553902175998,0.0301191786657313,0.232616752386093,-0.130612522363663,0.389377415180206,0.409154146909714,1.5859375
1.605,-9.24192148930641e-05,9.27094768837123e-05,0.0287535534629657,-0.00152418017080762,-0.00142440789627061,-4.69523638249036e-05,-0.00120546800825034,-0.000112300437498529,-0.00192222833996819,-0.102721140218088,0.646949864034677,-0.000688636650305796,0.0301191786657313,0.731503307819366,-0.298001945018768,0.0024358332157135,0.125609949231148,1.5859375
1.606,-9.35106554222311e-05,9.25750440450236e-05,0.0287516129016492,-0.00161858867442142,-0.00123469465163808,-4.72450942567981e-05,-0.000977102177111283,-0.000155923753303979,-0.00195781188470805,-0.061024221055549,-0.318163509660899,0.000171650480212864,0.0301191786657313,0.415196985006332,0.12993848323822,0.0731762200593948,0.352367639541626,1.5859375
1.607,-9.44868495170429e-05,9.24560006637024e-05,0.028749525487144,-0.00149364660997537,-0.00165666137809594,-4.68432593732082e-05,-0.000978123909723685,-8.31017988868431e-05,-0.00221539624200293,0.277668674945057,-0.417265113922051,0.000523945719315843,0.0301191786657313,0.514164626598358,-0.0577767044305801,0.138630822300911,0.22723488509655,1.5859375
1.608,-9.54629475657641e-05,9.23877696191512e-05,0.0287472250309522,-0.00123147922128163,-0.00189949668402506,-4.6467853983323e-05,-0.000975814167115971,-5.50268157047926e-05,-0.00238389480070405,0.17858090765844,-0.00895440392340451,0.000122984709219326,0.0301191786657313,0.545240879058838,-0.0429493561387062,-0.268050640821457,0.240972340106964,1.5859375
1.609,-9.63136902225494e-05,9.23448892878817e-05,0.0287448567875785,-0.00121994485789237,-0.00195866045481889,-4.64866595786262e-05,-0.000726793200833964,-3.08629334079225e-05,-0.00235141768153495,-0.157599657494562,-0.096195181633466,-0.000173348944774522,0.0301191786657313,0.530897259712219,0.193384304642677,-0.0277679227292538,0.26453685760498,1.5859375
1.61,-9.69899437975963e-05,9.23884026564279e-05,0.0287423894689186,-0.001336111408143,-0.00188668181630906,-4.67322032537965e-05,-0.000625676160161571,0.000118281488362427,-0.00258142449359416,-0.0444449084022301,0.218296728394776,-0.000274208270868288,0.0301191786657313,0.551047086715698,-0.14351898431778,-0.188263088464737,0.309636741876602,1.5859375
1.611,-9.75114508297036e-05,9.24731664876784e-05,0.0287398168634048,-0.00153533936693307,-0.00174534520085857,-4.71026913304584e-05,-0.000417051430783957,5.26248592230273e-05,-0.00256248758568689,-0.301057113144652,0.0259067961398992,-0.000377895544616771,0.0301191786657313,0.206187576055527,0.229571759700775,0.144018724560738,0.173050791025162,1.5859375
1.612,-9.80171945679296e-05,9.26428951205511e-05,0.0287372018246528,-0.00146113667117767,-0.00140135627045512,-4.74098397171829e-05,-0.00059215531042758,0.000286012074024515,-0.00266604723049525,0.42799215520274,0.568557263007153,-0.000195273490152013,0.0301191786657313,0.612758219242096,-0.136114329099655,0.22620478272438,0.268308073282242,1.5859375
1.613,-9.85974159077819e-05,9.2908240744023e-05,0.0287344294750622,-0.00118776061108079,-0.00110742215134939,-4.75098771137716e-05,-0.000566701037003956,0.000243210077585366,-0.00287672117797085,0.0473800940462623,-0.0580116440980568,-2.54560306375268e-06,0.0301191786657313,0.463463425636292,-0.069622814655304,-0.0188375785946846,0.451289474964142,1.5859375
1.614,-9.91236814859215e-05,9.30957864683489e-05,0.0287314912799265,-0.00147197676381581,-0.00155050708285493,-4.74703366042384e-05,-0.000489108776525774,0.000134261536689941,-0.0029974454052712,-0.537764840188436,-0.708845754009691,4.55262865339376e-05,0.0301191786657313,0.480323135852814,0.012785542756319,0.320882797241211,0.128379344940186,1.5859375
1.615,-9.96764631164071e-05,9.32981648035416e-05,0.0287284030722401,-0.00173657026809272,-0.00198266345945414,-4.74072225129518e-05,-0.000618926752638959,0.000271801196376599,-0.00317690237185694,0.0756897325080293,-0.0454774210375288,5.62426753343919e-05,0.0301191786657313,0.629025459289551,-0.100101143121719,0.147231802344322,0.282859295606613,1.5859375
1.616,-0.000100270159906268,9.35623648448545e-05,0.0287251377280395,-0.00153493467380795,-0.00183512741347755,-4.73938625638048e-05,-0.000567807024482704,0.000255472837665374,-0.00335177813866175,0.273102657651881,0.298953862814982,-4.59155300848547e-05,0.0301191786657313,0.58055454492569,-0.109925784170628,-0.132526189088821,0.447176933288574,1.5859375
1.617,-0.000100742312085493,9.37566814495918e-05,0.0287217518260507,-0.00143906121786768,-0.00167798346059286,-4.74958583742691e-05,-0.00037613744859025,0.000132934567516426,-0.00341813020135155,-0.106011388095507,-0.0264375349315104,-0.000145505157933964,0.0301191786657313,0.471108615398407,-0.119151212275028,-0.225456550717354,0.375704348087311,1.5859375
1.618,-0.000101027387028122,9.38473947973263e-05,0.0287183828068998,-0.00165372067025353,-0.00186230679088244,-4.76140912870626e-05,-0.000195605854055677,5.00128027339133e-05,-0.00331832436091696,-0.266310601869635,-0.29360118184085,-7.46382872953955e-05,0.0301191786657313,0.175878673791885,0.141649395227432,0.503720700740814,0.456503927707672,1.5859375
1.619,-0.000101430040212911,9.39104737689322e-05,0.0287149008379059,-0.00173380578025588,-0.00145885095350455,-4.81550504622952e-05,-0.000606448915041078,7.66010551525782e-05,-0.00364308226315596,0.126350931688457,0.989532297110548,-0.00090721385901244,0.0301191786657313,0.543506622314453,-0.338911950588226,-0.154391497373581,0.270881295204163,1.5859375
1.62,-0.000101936988744236,9.39150848987347e-05,0.0287113681264378,-0.0016423706538488,-0.00102883389818287,-4.85663555847005e-05,-0.00040546078776839,-6.75679729091172e-05,-0.00342110235797633,0.0328921979729389,-0.240744016078945,0.000165445567386878,0.0301191786657313,0.099407784640789,-0.10086514800787,0.305195391178131,0.498005241155624,1.5859375
1.621,-0.000102502322869284,9.37776364157433e-05,0.0287079272080838,-0.00168511429395359,-0.00123433385097488,-4.84784336869382e-05,-0.000725924633148254,-0.000206794043205533,-0.00345886259658512,-0.106143113592692,-0.117962935959931,-3.23723460268852e-05,0.0301191786657313,0.442196011543274,-0.302974164485931,-0.228481352329254,0.25892174243927,1.5859375
1.622,-0.000103140146519038,9.35132456169742e-05,0.0287046312656971,-0.00176866132776071,-0.00178508540766607,-4.80870228516395e-05,-0.00055363720358096,-0.000321301542271184,-0.00313192489828641,-0.0379799378373079,-0.83801131696615,0.000704563760668236,0.0301191786657313,0.295252233743668,-0.459679812192917,-0.189522981643677,0.345574975013733,1.5859375
1.623,-0.000103672439654239,9.30652501370576e-05,0.0287017168410095,-0.00189947210047471,-0.00238682623979917,-4.77184581639811e-05,-0.00051485609953414,-0.000573505751202208,-0.00269619579473941,-0.187098037384379,-0.209015668576366,-9.66495389393793e-05,0.0301191786657313,0.296181380748749,0.0633606314659119,-0.329921782016754,0.474527090787888,1.5859375
1.624,-0.00010413053758094,9.24809902212594e-05,0.0286991003066556,-0.0018011836273534,-0.002198892909898,-4.78578909581806e-05,-0.00040056198682246,-0.000595724375380962,-0.00253587465525552,0.358373007477729,0.532077413730963,-0.000162855053993112,0.0301191786657313,0.643868267536163,-0.138984516263008,-0.469302743673325,0.630346775054932,1.5859375
1.625,-0.000104327529075801,9.17660321879616e-05,0.0286966061198282,-0.00158702537719289,-0.00190482727877994,-4.79613967692138e-05,7.29256703788604e-06,-0.000835087836858021,-0.00245149008440955,0.0169241144007003,-0.0202651579797283,-3.43999743950113e-05,0.0301191786657313,0.381358206272125,0.175518840551376,-0.305155515670776,0.53310626745224,1.5859375
1.626,-0.00010423758959649,9.0928181035827e-05,0.0286941644645527,-0.00150304959781884,-0.0019478902325244,-4.79059143949634e-05,0.000171995036380797,-0.000841336086704446,-0.00243058592132198,0.131332408321549,-0.0539669737123222,0.000114719363699509,0.0301191786657313,-0.132001668214798,-0.3198002576828,-0.268958419561386,0.396811187267303,1.5859375
1.627,-0.000104143252863118,8.99785568926711e-05,0.0286920544703257,-0.00160538335584704,-0.00160932653394043,-4.83556105304039e-05,1.96084731668636e-05,-0.0010563339818348,-0.00179184040762719,-0.303008257157068,0.637498321173704,-0.00089618232983167,0.0301191786657313,0.744550108909607,-0.12462579458952,-0.547107756137848,0.183156177401543,1.5859375
1.628,-0.000103859402518846,8.89342632909232e-05,0.028690427393492,-0.0016912727472573,-0.00175038010547302,-4.83577397361046e-05,0.00054606428523701,-0.00103205795156842,-0.00146220184589276,0.156213258920607,-0.877414040788933,0.000892476214607606,0.0301191786657313,0.450425744056702,0.00660419464111328,0.618037581443787,0.232704266905785,1.5859375
1.629,-0.000103479087459137,8.79343894736359e-05,0.0286888362078386,-0.00131442102653568,-0.00199913646225612,-4.77791709982966e-05,0.000213870380328512,-0.000970378399584584,-0.00171876966671804,0.500317493738673,0.443992978275838,0.000159546989398086,0.0301191786657313,0.627818167209625,-0.106035061180592,0.00160105526447296,0.247911304235458,1.5859375
1.63,-0.000103198937611654,8.69514339768957e-05,0.0286871426173312,-0.00100537390413056,-0.00158642750713925,-4.77930010704952e-05,0.000348693540482261,-0.000997587748309586,-0.00166771166805559,0.0409146787312576,0.274088144318409,-0.000183437919987129,0.0301191786657313,0.241216793656349,0.414731174707413,-0.0694509893655777,0.0900996848940849,1.5859375
1.631,-0.000102868481198419,8.61340961581185e-05,0.0286855259982469,-0.000805159533606759,-0.00136473608073734,-4.78182305521102e-05,0.000313734986970259,-0.000639322907926049,-0.00156489676860147,0.308438351704896,0.112017633689039,0.000112674803131163,0.0301191786657313,0.206619709730148,0.11074922978878,0.249295383691788,0.471433073282242,1.5859375
1.632,-0.000102671720256474,8.54720218819401e-05,0.0286839152614959,-0.000986394324632448,-0.00118828590284996,-4.80851801825111e-05,8.14624609152445e-05,-0.000683771163014149,-0.00165551024917137,-0.618319573079353,0.194561429143334,-0.000575095437160496,0.0301191786657313,0.529263138771057,0.352540791034698,0.0722712576389313,0.508964121341705,1.5859375
1.633,-0.000102559459585477,8.4831593476053e-05,0.0286820999439609,-0.00161269739417602,-0.00140185228287162,-4.83960354400459e-05,0.000141638710009933,-0.000593563628469587,-0.00197346032194694,-0.466175985229837,-0.562888192948735,7.16985014001876e-05,0.0301191786657313,0.318265497684479,0.312301963567734,0.242784261703491,0.534025549888611,1.5859375
1.634,-0.000102504504770045,8.42712579425287e-05,0.0286799840965209,-0.00173351973918709,-0.00179117408315587,-4.81905336084942e-05,-3.36610048235429e-05,-0.000526673325509071,-0.00225642318073527,0.256360463448306,-0.114157328938338,0.000292390085702102,0.0301191786657313,0.439858168363571,-0.0944072082638741,-0.190690979361534,0.822964429855347,1.5859375
1.635,-0.000102468790141432,8.35752119864345e-05,0.0286777116752579,-0.0016731796594275,-0.00193256427882289,-4.80700744773799e-05,0.000103895597726964,-0.000865128716092452,-0.00228715624543128,-0.148105576564575,-0.131070584935955,-0.000103815420852134,0.0301191786657313,0.358548045158386,0.0635019615292549,-0.146211266517639,0.597209095954895,1.5859375
1.636,-0.000102334152722396,8.26520044485122e-05,0.0286754396196812,-0.00170001483572101,-0.00190565769490381,-4.81917671715237e-05,0.000165435757871444,-0.000981094352226906,-0.00225583805786825,0.104053541429278,0.177521760063099,-0.000123879096920615,0.0301191786657313,0.616730451583862,-0.375485211610794,0.15795211493969,0.146588504314423,1.5859375
1.637,-0.000102150411147623,8.16136533855632e-05,0.0286732928971269,-0.00148855103462676,-0.00163874615377426,-4.82887802606413e-05,0.000203660645875422,-0.00109688318559721,-0.00203703620685811,0.265968609055621,0.285907123486692,-6.16723303725432e-05,0.0301191786657313,0.633368849754333,-0.00587229058146477,0.0372438840568066,0.376538693904877,1.5859375
1.638,-0.000101882811930892,8.0494774284518e-05,0.0286712309175564,-0.00120716299965596,-0.00156080398915576,-4.81788159194529e-05,0.000331757323360883,-0.00114276069066432,-0.00208574838245897,0.226427141530589,-0.14842915934347,0.000223954354915139,0.0301191786657313,0.390169143676758,0.167458653450012,-0.0808212235569954,0.307650476694107,1.5859375
1.639,-0.000101524058897409,7.93951926888411e-05,0.0286691936360601,-0.00097917283534707,-0.00177314089416149,-4.79139675131357e-05,0.000384415974537795,-0.00105828419230526,-0.001987966321029,0.173008333585047,-0.218674867535718,0.000217522227451917,0.0301191786657313,0.462467700242996,0.0223396383225918,-0.351371973752975,0.105618484318256,1.5859375
1.64,-0.000101017801291414,7.83926737591333e-05,0.0286674095893436,-0.000894169332879497,-0.00210988944428244,-4.77261219025138e-05,0.000625605020925566,-0.000947791449111899,-0.0015801053699569,-0.0217271428543781,-0.363602178345856,8.52307114301849e-05,0.0301191786657313,0.44035929441452,0.35658872127533,-0.347563058137894,0.276964873075485,1.5859375
1.641,-0.000100282633326762,7.75464365362296e-05,0.028665900548611,-0.000908241468230634,-0.00230706231404413,-4.77136071168616e-05,0.000843339243312488,-0.000745171621938953,-0.00143741263362156,4.14078523174591e-05,0.0229760676761835,-7.89653545735998e-05,0.0301191786657313,0.518791377544403,0.132448062300682,-0.256120055913925,0.27125495672226,1.5859375
1.642,-9.93343434270446e-05,7.68390969665026e-05,0.0286645534895959,-0.00102978280644765,-0.0020629947638033,-4.80554983472992e-05,0.00105493882997708,-0.000668958899462882,-0.00125607056498594,-0.208394269416586,0.403327825068975,-0.000530103067774964,0.0301191786657313,0.605216503143311,0.330851912498474,0.227601438760757,0.220115453004837,1.5859375
1.643,-9.82817446887476e-05,7.62818606480365e-05,0.0286631889869269,-0.00106119013554196,-0.0014399095977488,-4.85324858843228e-05,0.00105438035871028,-0.000445982861678969,-0.00147175495608655,0.1548113332452,0.680607457750889,-0.000341183680303976,0.0301191786657313,0.31784462928772,0.0175795778632164,-0.0359796173870564,0.0649948269128799,1.5859375
1.644,-9.72251327146445e-05,7.59008386647864e-05,0.0286618940227323,-0.000886036659079263,-0.00099385456265482,-4.87311720132055e-05,0.00106182447714917,-0.000317553123321604,-0.00111841667890166,0.150529329926762,0.0988132144792348,-3.41521911970391e-05,0.0301191786657313,0.141659289598465,-0.0997418165206909,-0.0857929661870003,0.443625926971436,1.5859375
1.645,-9.6192702896371e-05,7.55019639212089e-05,0.0286609459088749,-0.00116082174744272,-0.00119856085422183,-4.88502389210943e-05,0.0010024249031563,-0.000477558771945623,-0.000779475190014977,-0.62013655540518,-0.446545457424849,-0.000191162367659426,0.0301191786657313,0.0727519243955612,0.544772624969482,0.387414336204529,0.199581533670425,1.5859375
1.646,-9.53807447970401e-05,7.52076484156041e-05,0.0286601103929377,-0.00125220512715721,-0.00132227674000019,-4.88927434374453e-05,0.0006218800630459,-0.000111488479891051,-0.000890851473257638,0.459543406841049,0.232578932498496,0.000105066256524309,0.0301191786657313,0.434980392456055,0.241890355944633,0.277871310710907,0.328866213560104,1.5859375
1.647,-9.48109425262e-05,7.51496076232083e-05,0.0286591454272682,-0.000742979812319428,-0.00115474948468302,-4.87151202723801e-05,0.000519154265509287,-7.97846895615962e-06,-0.00103821104939853,0.425059425143421,0.0606940173832283,0.00017571920963132,0.0301191786657313,0.487684488296509,0.097062736749649,0.10030934214592,0.304549396038055,1.5859375
1.648,-9.42755526638004e-05,7.51525959952655e-05,0.0286581172112266,-0.000682858615011032,-0.00137528937761002,-4.86744518544135e-05,0.000550336391944666,1.35462433734231e-05,-0.00101770967985735,-0.319340710075213,-0.440197015043375,-0.000144187174197925,0.0301191786657313,0.264953464269638,0.0422781258821487,-0.0595930814743042,-0.043304830789566,1.5859375
1.649,-9.37336947354612e-05,7.52655557539716e-05,0.0286573282307861,-0.0010280072523863,-0.0017692845479821,-4.88604740196408e-05,0.000531170240809983,0.000213997615124555,-0.000560958899172961,-0.280735442107531,-0.24299382744166,-0.00020354538910205,0.0301191786657313,0.721518933773041,0.0918974131345749,-0.042753167450428,0.0171986222267151,1.5859375
1.65,-9.30884962925413e-05,7.55805864350383e-05,0.0286568365543286,-0.00112069594466327,-0.00203829900315728,-4.88570986685311e-05,0.00075717777413731,0.000416208695898869,-0.000422449315548338,0.117738807291445,-0.221832242970618,0.000199022699050726,0.0301191786657313,0.429785490036011,-0.0436582043766975,0.214824467897415,0.074922114610672,1.5859375
1.651,-9.23796050523823e-05,7.60416044754174e-05,0.0286565138618901,-0.000976400122555912,-0.00174006940094207,-4.89343176255375e-05,0.000662841461731845,0.00050488058382188,-0.00022319834471532,0.130984003612615,0.73914151065744,-0.000338374988845889,0.0301191786657313,0.595726549625397,-0.0959495306015015,-0.118258930742741,0.306382060050964,1.5859375
1.652,-9.16100108457193e-05,7.65075969788713e-05,0.028656389615783,-0.00111329690307841,-0.00123609616412463,-4.93697426326989e-05,0.000879204244691223,0.000428231670423478,-2.56981603642824e-05,-0.368764662915958,0.138401382893532,-0.000401482071435689,0.0301191786657313,0.0257783234119415,0.44200137257576,0.0240325108170509,0.217879980802536,1.5859375
1.653,-9.08238423029556e-05,7.70836291491559e-05,0.0286564532943579,-0.00113426612632501,-0.00105131965727028,-4.95768645132344e-05,0.000694921814437428,0.000723371110299108,0.000152577495360215,0.328574324294614,0.184694690197858,6.39601954757041e-06,0.0301191786657313,0.454338729381561,-0.0962534546852112,0.168424069881439,0.296458870172501,1.5859375
1.654,-9.01366093662622e-05,7.77730048332921e-05,0.0286566659087691,-0.00101685082872753,-0.00114737519992476,-4.95279994012776e-05,0.000679163747508297,0.000654997173147132,0.000272263933716234,-0.126132321594415,-0.347716667186508,4.61780775974874e-05,0.0301191786657313,0.150011673569679,-0.083081915974617,0.572931230068207,-0.0466379225254059,1.5859375
1.655,-8.96742466422356e-05,7.84980658269936e-05,0.0286570587158823,-0.00109116191847487,-0.00111142137518725,-4.96686368540722e-05,0.000246969028675963,0.00079541912657973,0.000512559757758536,-0.00548393461735474,0.40960435663778,-0.000316094715727852,0.0301191786657313,0.773358106613159,-0.00775200128555298,0.027369374409318,0.484903931617737,1.5859375
1.656,-8.93005684894417e-05,7.92327197217225e-05,0.0286575054987494,-0.00133962888530035,-0.00129386693868315,-4.97592347277198e-05,0.000498822078485315,0.000675860764112972,0.000381082115977244,-0.426819015020764,-0.722182084096277,0.000159259912826461,0.0301191786657313,-0.0449776202440262,0.0448248572647572,0.0613679438829422,0.402261734008789,1.5859375
1.657,-8.89302061528133e-05,7.9894745739428e-05,0.0286580434848371,-0.00165140309937428,-0.00163189426662416,-4.98159105668528e-05,0.000240602621440113,0.000650341779157134,0.000693836307992265,-0.117353859620687,0.134166659525048,-0.000294234591971805,0.0301191786657313,0.226506620645523,-0.0840801373124123,-0.263781398534775,0.367682278156281,1.5859375
1.658,-8.86463307011361e-05,8.05078557793704e-05,0.0286589554818662,-0.00158017008749158,-0.00147714872034139,-4.99656848655938e-05,0.000327964380561426,0.000575773739360558,0.00112863901608978,0.237971491582738,0.135119059168397,7.20053602441461e-06,0.0301191786657313,0.487955033779144,-0.0229137390851974,0.0263293161988258,0.649925231933594,1.5859375
1.659,-8.8280074938822e-05,8.09791480346682e-05,0.0286600527598126,-0.00144614188390589,-0.00141763298431495,-4.99778664777573e-05,0.000404816096314614,0.000366628645568301,0.00106548431848348,-0.00625744819709932,-0.0301994090512016,-4.92626737578872e-05,0.0301191786657313,0.463789582252502,0.328522324562073,-0.225581973791122,0.443340420722961,1.5859375
1.66,-8.77707759759416e-05,8.14022935746726e-05,0.0286611207256229,-0.0012274637302443,-0.00166595543861634,-4.9678488815541e-05,0.000612026978547792,0.000478214172568648,0.00106989921576955,0.383210245582674,-0.398089180222127,0.000548381365236432,0.0301191786657313,0.0823483467102051,-0.0786542147397995,-0.151142537593842,0.294957160949707,1.5859375
1.661,-8.71921355433925e-05,8.18575643741707e-05,0.0286624300637212,-0.00102606179270982,-0.00171199990248251,-4.95201182180161e-05,0.000545298520783394,0.000431331516109211,0.00154689423939431,-0.0340090337708256,0.318022451645901,-0.000278522282904787,0.0301191786657313,0.421831995248795,0.350043743848801,-0.274838984012604,-0.121756792068481,1.5859375
1.662,-8.65428118865973e-05,8.25090939042681e-05,0.0286641499726176,-0.000728174304794055,-0.00148667492426162,-4.94553819270216e-05,0.000754491796873525,0.000869189915506648,0.00189132979323428,0.547173213689368,0.0751573779749207,0.000346796730661035,0.0301191786657313,0.374370962381363,0.354468286037445,-0.0248629748821259,0.364434719085693,1.5859375
1.663,-8.57665669250937e-05,8.345175367618e-05,0.0286660195715167,-0.000525642869164052,-0.00140400409125549,-4.93860377646094e-05,0.000798593995351764,0.00101476134183005,0.00184700201170348,-0.196689133482661,0.0708544457566513,-0.000239722494749232,0.0301191786657313,0.0221987068653107,0.268013596534729,0.178852319717407,-0.192182630300522,1.5859375
1.664,-8.5105602291978e-05,8.46778127924368e-05,0.0286680586713794,-0.000712825269727795,-0.00100399820035391,-4.97256574392146e-05,0.000526606301252808,0.0014378380958713,0.00222922773497469,-0.132069326105931,0.623647423906841,-0.000384225633027934,0.0301191786657313,0.520155727863312,0.222620129585266,0.132459178566933,0.187568977475166,1.5859375
1.665,-8.45490998716566e-05,8.62072650060083e-05,0.0286702611115667,-0.00102184247318055,-0.0008202175460836,-5.00029194658858e-05,0.000587534202631435,0.00162291746711119,0.00217460904392586,-0.408399561392507,-0.300799626582932,-8.30691598131958e-05,0.0301191786657313,0.557333886623383,0.374298930168152,0.499860882759094,0.196566313505173,1.5859375
1.666,-8.40283717500812e-05,8.79700388817941e-05,0.028672247554632,-0.00125393584138726,-0.00124910055483892,-4.99151235091588e-05,0.00045172915477621,0.00190381708277486,0.00179813433941299,-0.00129530483438846,-0.441368579078539,0.000234246761223797,0.0301191786657313,0.385120123624802,0.103442475199699,0.224573001265526,0.275179356336594,1.5859375
1.667,-8.36212030374318e-05,8.99163898443381e-05,0.0286740331653601,-0.00125901589007367,-0.00154767822470825,-4.9781960635098e-05,0.000360890137871572,0.0019894023747336,0.00177216135663213,-0.0139166917483253,-0.0753182410746748,-2.76100525304287e-05,0.0301191786657313,0.0560513436794281,0.0449089705944061,0.0642270892858505,0.467860996723175,1.5859375
1.668,-8.33562453607745e-05,9.18783282049789e-05,0.0286758890095608,-0.00145308805134307,-0.00124146627614816,-5.02284353687266e-05,0.000172253951258409,0.00193654568254669,0.00193744960582217,-0.326833048919543,0.602255792299585,-0.000768712544497531,0.0301191786657313,0.0132633149623871,0.174465239048004,-0.117660805583,0.483173966407776,1.5859375
1.669,-8.32305264993094e-05,9.38272060660867e-05,0.0286779289381787,-0.00169490721467823,-0.000717450472501417,-5.08818723701232e-05,8.26045093838308e-05,0.00196313045112142,0.00214083066173105,-0.100188574235581,0.309304315785698,-0.000394101030122596,0.0301191786657313,0.271534472703934,-0.166608691215515,0.119256138801575,0.390046566724777,1.5859375
1.67,-8.31820106365483e-05,9.57346463731872e-05,0.0286801528483766,-0.00177347011999822,-0.000793350955107622,-5.09041635936569e-05,1.41420173939831e-05,0.00185299501214247,0.00230542951454615,-0.0425889700172973,-0.438904133230324,0.000339576925961638,0.0301191786657313,0.105701677501202,-0.144778400659561,0.467464566230774,0.321016788482666,1.5859375
1.671,-8.33553840426923e-05,9.75603019600805e-05,0.0286824987258603,-0.00171073515427769,-0.00104998755408483,-5.06884323416834e-05,-0.000361705577749239,0.00179852109071581,0.00238490005864702,0.144958264549692,-0.00768413822076818,2.27148653452095e-05,0.0301191786657313,0.360119253396988,0.110575750470161,0.0232876688241959,0.36697593331337,1.5859375
1.672,-8.37048924127616e-05,9.93914951588016e-05,0.0286848905121888,-0.00143114508915844,-0.00126453192019364,-5.04005168342481e-05,-0.000338761089110181,0.00186249577539102,0.00239738945082167,0.333497132731179,-0.364954612517246,0.000448709536695193,0.0301191786657313,0.159454077482224,0.0857320576906204,0.0918401405215263,0.498831331729889,1.5859375
1.673,-8.41145260187061e-05,0.000101237747333948,0.0286872977021538,-0.00131980878658799,-0.00142781067703886,-5.02662046435454e-05,-0.000481252459798897,0.00182988104363359,0.00241568588343269,-0.145026152835865,0.0788582723612475,-0.000238105711644362,0.0301191786657313,0.427198559045792,-0.295698583126068,0.174883902072906,0.352656960487366,1.5859375
1.674,-8.46145866593206e-05,0.000102985634858907,0.0286897695741963,-0.00180844253561403,-0.00127272373911283,-5.08244955312875e-05,-0.000517958916898753,0.00166966459538799,0.00252656895903549,-0.707383684807252,0.188222816902092,-0.000746650619910561,0.0301191786657313,-0.00911575555801392,-0.0393309444189072,-0.0950571149587631,0.457276940345764,1.5859375
1.675,-8.51962346868731e-05,0.000104630357369036,0.028692443078744,-0.00230940355393408,-0.00102437008193257,-5.15025250606982e-05,-0.000643688227066673,0.00162335609115496,0.00281838833387134,-0.170429708235339,0.241590372300504,-0.000468850897645594,0.0301191786657313,0.349473237991333,-0.335321426391602,0.134882241487503,0.326361805200577,1.5859375
1.676,-8.58632921635357e-05,0.000106186460557188,0.0286953602860732,-0.00217866529226879,-0.00100355731250824,-5.15304624060242e-05,-0.000690364841851388,0.00148875459460107,0.00301404453742126,0.390775646390203,-0.206685554326853,0.000392787647780544,0.0301191786657313,0.332388043403625,-0.217275455594063,0.862670063972473,0.528425812721252,1.5859375
1.677,-8.67934075158781e-05,0.000107578558814483,0.0286981816139625,-0.00178981818952795,-0.000866190244099565,-5.15229633952785e-05,-0.00116817064035443,0.00129386179514946,0.00262796169996196,0.27958678155613,0.440395132309567,-0.00036661645130027,0.0301191786657313,0.274269282817841,-0.27741801738739,0.351726591587067,0.531836926937103,1.5859375
1.678,-8.80663574760871e-05,0.000108754091463777,0.0287007869914978,-0.00179926315538274,-0.000628508298508281,-5.18142394172472e-05,-0.00137608834232395,0.00105813751365271,0.0025815543139824,-0.298423611011166,-0.0307190778190486,-0.000139981685150945,0.0301191786657313,0.0767727121710777,-0.0211295373737812,0.536312222480774,0.385225713253021,1.5859375
1.679,-8.96569576741436e-05,0.000109814056628542,0.0287033127494839,-0.0019871797491052,-0.000669653702403995,-5.19046323188554e-05,-0.00180462441158777,0.00106318890481254,0.0024689440873413,-0.0322955348793094,-0.0458698770848512,-2.95478752439975e-05,0.0301191786657313,0.00811176002025604,-0.282391667366028,0.463172972202301,0.441896319389343,1.5859375
1.68,-9.16774908375065e-05,0.000110790143137849,0.0287058189449616,-0.00205886991076686,-0.000708374557616224,-5.19567445045332e-05,-0.00223555574266464,0.000890329050917507,0.00254185162112332,-0.0951993314865384,-0.0279892545190932,-7.29613924476647e-05,0.0301191786657313,0.55988484621048,-0.0878628194332123,-0.388398349285126,0.371191501617432,1.5859375
1.681,-9.37274870081155e-05,0.000111672540606932,0.0287084453376832,-0.0019637032162094,-0.00164677698892249,-5.09129564880695e-05,-0.00187131446033672,0.000874134893745143,0.00270940518727303,0.256738866824801,-1.60418814644206,0.00188753939733662,0.0301191786657313,0.286557912826538,-0.334879994392395,0.205771684646606,0.519620656967163,1.5859375
1.682,-9.56877599045823e-05,0.000112421748646218,0.0287111727614493,-0.00193409054405471,-0.00259232859593923,-4.99758188619026e-05,-0.00205507861265127,0.000624882194340064,0.00274396280476426,-0.20666500348322,-0.048435549979667,-0.000309922366223955,0.0301191786657313,0.534037113189697,0.125280514359474,-0.0273034386336803,0.364421129226685,1.5859375
1.683,-9.77010850136089e-05,0.000113101105194044,0.0287138416867417,-0.0018830724111476,-0.00204955977626141,-5.0567055097428e-05,-0.0019689260457143,0.000733458797787786,0.00259274278197817,0.291765291326809,0.981058699228153,-0.000752023662221473,0.0301191786657313,0.582222819328308,-0.3411705493927,-0.134750112891197,0.565345883369446,1.5859375
1.684,-9.95712604212278e-05,0.000113694459698668,0.0287164476675649,-0.00192915481805681,-0.00121221136419438,-5.14935493489688e-05,-0.00176726877326764,0.000454365720118747,0.00261772018690862,-0.372135587485403,0.467712360540251,-0.000808034369075832,0.0301191786657313,0.409979909658432,-0.190605908632278,0.0106355873867869,0.358497947454453,1.5859375
1.685,-0.00010132223282634,0.000114116273764922,0.0287190950612848,-0.00221482779907571,-0.00113858733712083,-5.18074992168494e-05,-0.0017347603797968,0.000391252760351986,0.00267556952761497,-0.126329321215167,-0.343372491517319,0.0002702309021179,0.0301191786657313,0.147667557001114,-0.139459237456322,-0.062362477183342,0.433035731315613,1.5859375
1.686,-0.00010309973613642,0.000114472328629353,0.0287218535271695,-0.00213989280995899,-0.00161400462852334,-5.12353987542902e-05,-0.00182338462078066,0.0003206571112505,0.00283952156811509,0.254142649178654,-0.487349253982781,0.000728079347910091,0.0301191786657313,0.685686826705933,-0.203869432210922,-0.144092753529549,0.501591682434082,1.5859375
1.687,-0.000104797575606071,0.000114715716771702,0.0287246470258223,-0.00192071329774938,-0.00231059227580766,-5.03069859667526e-05,-0.00157759874556507,0.000165228998689787,0.00274632305215864,0.125972748515773,-0.727479174313906,0.000856630072335122,0.0301191786657313,0.62978857755661,0.0310709774494171,0.211730971932411,0.518791258335114,1.5859375
1.688,-0.000106381027581792,0.000114862979705751,0.0287271884907074,-0.00181316068272187,-0.00246556269580921,-5.00640116349871e-05,-0.00159061567345919,0.00012876853235354,0.00233633081188099,0.0604999216358612,0.44971829119835,-0.0004316056476993,0.0301191786657313,1,-0.0276805907487869,-0.311753690242767,0.367350667715073,1.5859375
1.689,-0.000107718563891962,0.000114999503742998,0.0287294194434896,-0.0017626134609221,-0.00222197438459561,-5.03060958809698e-05,-0.00108456349685346,0.000143965492870819,0.00212489498053883,0.0268894741945571,-0.0298009142792437,-5.62666112104299e-06,0.0301191786657313,0.608920276165009,-0.266532957553864,-0.000358704477548599,0.316219568252563,1.5859375
1.69,-0.000108751982089975,0.000115097101942834,0.028731535589696,-0.00189028208358182,-0.0020498238115911,-5.06941773723568e-05,-0.000981647385264066,5.21836366645662e-05,0.00210631491786642,-0.248405077936329,0.324375573262712,-0.000681161293716792,0.0301191786657313,1,-0.173196494579315,-0.064872145652771,0.288981258869171,1.5859375
1.691,-0.000109547697950023,0.000115140415435925,0.0287335227160228,-0.00206467325588371,-0.002043788309756,-5.09523426095448e-05,-0.000610870940129345,3.5543398965319e-05,0.00186751205791434,-0.0553489896486551,-0.314915130287422,0.0002269878164958,0.0301191786657313,0.664355516433716,0.254150003194809,-0.146322444081306,0.472706645727158,1.5859375
1.692,-0.000110048225503954,0.000115239497742781,0.0287352123302238,-0.00182481999767874,-0.00235865108476166,-5.03772983591055e-05,-0.000393350427903289,0.000160520813858874,0.00151268387668182,0.468312285501047,-0.233788131092315,0.00077146164038542,0.0301191786657313,0.335654556751251,-0.16698382794857,0.0141159202903509,0.631056368350983,1.5859375
1.693,-0.000110477138956031,0.000115291002677529,0.028736664314916,-0.00172869218631725,-0.0020728440184303,-5.05747335162177e-05,-0.000462681224722071,-5.76055879923235e-05,0.00139076796624375,-0.299943691745189,0.726266657849136,-0.00109311181347372,0.0301191786657313,1,0.0131734479218721,-0.0265558511018753,0.409687399864197,1.5859375
1.694,-0.000110763715346336,0.000115241083566815,0.0287378325831016,-0.0020176221186925,-0.00173697219469299,-5.12648798292048e-05,-0.00010936910347542,-4.0541248045531e-05,0.000946244601207696,-0.202335502364261,-0.141389077896382,-0.000101827814838117,0.0301191786657313,0.683461368083954,-0.356861114501953,0.474141091108322,0.211209774017334,1.5859375
1.695,-0.000110931955548184,0.000115162701568588,0.0287386584257025,-0.00213744093120238,-0.0017495942932131,-5.14332330858736e-05,-0.000226930818473422,-0.000115337118911195,0.000705635070555032,-0.00622860786709793,0.118164306483799,-0.000209841698421134,0.0301191786657313,0.620403349399567,-0.0461625382304192,-0.00343538261950016,0.545483529567719,1.5859375
1.696,-0.000111096822935436,0.000115004462161861,0.0287392154367447,-0.0020540202431131,-0.00182394030396397,-5.1333920754626e-05,-0.000103510759404571,-0.000201550288012574,0.000408594336174716,0.151222424555786,-0.247116828210528,0.000362948906157659,0.0301191786657313,0.411259084939957,-0.256951004266739,-0.10218783468008,0.315184593200684,1.5859375
1.697,-0.000111174050669106,0.000114763876314937,0.0287396805638665,-0.00188120740738013,-0.00204364358329037,-5.09783833582134e-05,-5.24232486458792e-05,-0.000280522095821891,0.000521135544296149,0.150077425713016,-0.135512301341269,0.000241629640390209,0.0301191786657313,0.302014589309692,-0.339536070823669,-0.0746513605117798,0.563657224178314,1.5859375
1.698,-0.00011124198999112,0.00011434665285406,0.0287402349569724,-0.0020472528243401,-0.00193842655367784,-5.13393316716737e-05,-8.27603877150045e-05,-0.000552410331332367,0.000587228810222756,-0.435631243304183,0.316863056992342,-0.000882657753892219,0.0301191786657313,0.40948224067688,-0.0309989098459482,-0.283354461193085,0.21822914481163,1.5859375
1.699,-0.000111245605552797,0.000113850623647839,0.0287408913268787,-0.00210642557457907,-0.00176877217556048,-5.16685474183376e-05,7.61566494989003e-05,-0.000439706273034032,0.000724812047488209,0.332253511757803,-0.021163946144565,0.000280065206199396,0.0301191786657313,0.630651712417603,-0.331069886684418,0.183463647961617,0.40447586774826,1.5859375
1.7,-0.000111159963925467,0.000113322925360331,0.0287415268612522,-0.00186163180933377,-0.00182314886314847,-5.14373164302029e-05,9.47729020757016e-05,-0.000616914343271074,0.000546298347477848,0.0950854507435829,-0.0728550961685834,0.000103166646520275,0.0301191786657313,0.377822458744049,-0.434160441160202,0.354099929332733,0.11773556470871,1.5859375
1.701,-0.000111178816586004,0.000112667903106138,0.0287421107785509,-0.00182686231891986,-0.00159424490481351,-5.16970658881455e-05,-0.000130618950096916,-0.000693360350897838,0.000621081606632779,-0.032397680749807,0.468880163723413,-0.000562805313592467,0.0301191786657313,0.510336995124817,-0.141126289963722,0.0619202889502048,0.162440463900566,1.5859375
1.702,-0.000111294237211299,0.000112007406561871,0.0287427200374175,-0.00174935144831258,-0.00138974258853338,-5.19080567911168e-05,-9.90443390314098e-05,-0.000628386857541244,0.000597145851734184,0.168728758323,-0.113385830625406,0.000170902223362688,0.0301191786657313,0.350457847118378,0.154019519686699,0.13622097671032,0.435226172208786,1.5859375
1.703,-0.000111444299852863,0.000111415478428404,0.0287431705971681,-0.00156426632051958,-0.00161302118278529,-5.16227221543097e-05,-0.000202235025201295,-0.000556925684832574,0.000304439413063347,0.154659808328827,-0.274475649582366,0.000305453718846696,0.0301191786657313,0.361125707626343,-0.278825432062149,-0.204698979854584,0.389663726091385,1.5859375
1.704,-0.000111602315847511,0.000110781476762272,0.0287435533206176,-0.00175491528667467,-0.00203208914342508,-5.15208009344015e-05,-0.000116586475232893,-0.000709738725683932,0.000460513809488464,-0.482133549030835,-0.453168423697695,-0.000167153166322646,0.0301191786657313,0.634934961795807,0.327167153358459,-0.0567244440317154,0.31830158829689,1.5859375
1.705,-0.000111645242839622,0.000110193858724829,0.0287438261385635,-0.00185948954811043,-0.00239935713280047,-5.1325442992578e-05,2.81245209516223e-05,-0.000465626172547678,8.5966641369946e-05,0.300199996301651,-0.185962135518115,0.00051741909393865,0.0301191786657313,0.543894708156586,-0.157406657934189,0.0984782874584198,0.75257670879364,1.5859375
1.706,-0.0001116184283728,0.000109583852557679,0.0287437228309151,-0.00190302602907853,-0.00215217861171353,-5.16872707820859e-05,2.70323290644656e-05,-0.000753645276627479,-0.000291718075096104,-0.372256216829883,0.613337412826977,-0.0011427456237535,0.0301191786657313,0.931312918663025,-0.0266556292772293,-0.178271993994713,0.319675326347351,1.5859375
1.707,-0.000111394525536173,0.000108851021083176,0.0287432952884026,-0.00204193012850745,-0.00190669290966547,-5.21734386427219e-05,0.000421347014215688,-0.000711471443835507,-0.000562502997973297,0.131857071779997,-0.183859718639875,0.000277221357820922,0.0301191786657313,0.343219339847565,-0.0613770708441734,0.222413882613182,0.367804855108261,1.5859375
1.708,-0.000111059936777781,0.000108135752043429,0.028742642388391,-0.00175152761637409,-0.0017703450358219,-5.2074801285773e-05,0.000249138309583138,-0.000721000444697423,-0.000742575545426275,0.374117780461928,0.420248666910161,-0.000105978782220826,0.0301191786657313,0.316289156675339,-0.225503712892532,-0.0541426278650761,0.487625598907471,1.5859375
1.709,-0.000110820447237729,0.000107323629115951,0.028741908149536,-0.00165384933922981,-0.00142371886025512,-5.23608661540109e-05,0.000232046921464845,-0.000903577840154153,-0.000725591975405598,-0.200123762349119,0.183589838255897,-0.000387345757112514,0.0301191786657313,0.154344946146011,-0.270285367965698,0.145585045218468,0.330090045928955,1.5859375
1.71,-0.000110697721759063,0.000106362175292903,0.0287412357417196,-0.00197232448832775,-0.00125003811916158,-5.28269068928999e-05,1.49926337277269e-05,-0.00101738435527977,-0.000619086829417198,-0.349595381812444,0.118635877565485,-0.000432384923761937,0.0301191786657313,0.345570951700211,0.28324681520462,0.323687076568604,0.203082114458084,1.5859375
1.711,-0.000110784980780842,0.00010548624813363,0.0287404492520368,-0.001739702387246,-0.00126260844827589,-5.27239974172922e-05,-0.000189156989788507,-0.000736744493894296,-0.000952732177196969,0.753747319706456,-0.140120675962076,0.000588737241447049,0.0301191786657313,0.511574387550354,-0.145535498857498,-0.0766758546233177,0.753692030906677,1.5859375
1.712,-0.000110915731958353,0.000104600229462866,0.028739366745362,-0.00147102382755495,-0.00183540755703319,-5.21345082709068e-05,-7.61364645078266e-05,-0.00103649766119675,-0.00121113219366419,-0.281945060477385,-0.853006341829692,0.000337130156318907,0.0301191786657313,0.290008813142776,-0.0136220008134842,0.274491727352142,0.26546323299408,1.5859375
1.713,-0.000111111334126446,0.000103592805697369,0.0287380861145958,-0.00174466426359389,-0.00218295867282686,-5.22220729477496e-05,-0.000316651082604282,-0.000977093511751026,-0.00134911334063372,-0.190546556538459,0.24557290104952,-0.000528764369685675,0.0301191786657313,0.555187106132507,-0.0702691525220871,-0.28952944278717,0.483359158039093,1.5859375
1.714,-0.000111309049998416,0.000102569562304701,0.0287367115775243,-0.0019387878094039,-0.00200584869761763,-5.2687089598269e-05,-7.833243728212e-05,-0.00106825742400987,-0.00139913620232934,-0.143647271917979,0.0622378117970839,-0.00029038084644186,0.0301191786657313,0.352364778518677,-0.243549585342407,-0.0193284787237644,0.587963700294495,1.5859375
1.715,-0.000111402528934503,0.000101377337914537,0.0287352887814096,-0.00213969887261466,-0.00177658060101899,-5.32215540332004e-05,-0.000107190796705569,-0.00131476474483017,-0.00144560761583747,-0.201038652006368,0.334928270133761,-0.000654303366706291,0.0301191786657313,0.510247349739075,0.272694528102875,-0.0696457549929619,0.160379722714424,1.5859375
1.716,-0.000111459956023728,0.000100211423162338,0.0287337651552707,-0.00161351758236537,-0.00163735935444757,-5.2979351530702e-05,-7.01511565185034e-06,-0.0010211438981303,-0.00160055788100782,1.11554248914615,-0.0926257003121321,0.0010139272657534,0.0301191786657313,0.280251443386078,-0.177421897649765,0.193145275115967,0.530187427997589,1.5859375
1.717,-0.000111558871977449,9.9087528556655e-05,0.0287321029505325,-0.000977243085429647,-0.00159151376257326,-5.24957767038536e-05,-0.000190136115607166,-0.00123033339667544,-0.00172276117387964,-0.0045755811804146,0.171264863269583,-0.000162483761432543,0.0301191786657313,0.665634036064148,0.0873400345444679,-0.154092967510223,0.0833877846598625,1.5859375
1.718,-0.00011162922898312,9.79536452696961e-05,0.0287303613300642,-0.00113888764022952,-0.00186269583599341,-5.25527336887599e-05,4.76054604245802e-05,-0.00103683979817693,-0.00175951519596066,-0.27210363199226,-0.641571831694306,5.56082847045725e-05,0.0301191786657313,0.240772366523743,0.230136096477509,0.431910514831543,-0.0810473263263702,1.5859375
1.719,-0.000111760483287169,9.71045119506805e-05,0.0287285426904559,-0.00118174574857774,-0.00190110537057086,-5.26427089222459e-05,-0.000309517195036051,-0.000662289249137773,-0.0018765344154225,0.199122388888381,0.571173723373102,-0.000229190218397577,0.0301191786657313,0.761653065681458,0.212030857801437,-0.196104347705841,0.384342432022095,1.5859375
1.72,-0.000111912438650693,9.64887276385744e-05,0.0287265216978865,-0.00116045461512063,-0.00175469022557563,-5.27789205229112e-05,5.66834270989828e-06,-0.000569792186758507,-0.0021637043307935,-0.159107501067924,-0.314779989514806,-1.97797408070051e-05,0.0301191786657313,0.418357223272324,0.188886031508446,0.443667471408844,0.326072454452515,1.5859375
1.721,-0.000112034097857808,9.5976278990193e-05,0.0287241538845016,-0.00139696593309626,-0.00173670998595594,-5.30992961236265e-05,-0.000248323213248622,-0.000454056046083936,-0.00256974926359989,-0.24967857596584,0.343978568197528,-0.000567315268564059,0.0301191786657313,0.488777905702591,-0.0115444082766771,0.115434743463993,0.185818329453468,1.5859375
1.722,-0.000112292235099109,9.55666450781083e-05,0.0287215507044257,-0.00156938153688467,-0.0014883410918409,-5.35206547778166e-05,-0.000266459163556809,-0.000364490940811055,-0.00263510554962169,-0.0490646075959448,0.0874203022643282,-0.000182166706760214,0.0301191786657313,0.185483247041702,-0.0253650024533272,0.062166653573513,0.157468378543854,1.5859375
1.723,-0.000112638186644857,9.52525884406674e-05,0.0287189953875047,-0.00145692072044467,-0.00143153677475625,-5.35474562912697e-05,-0.000424893386621761,-0.000264574947034521,-0.00247449787767149,0.244744700181458,0.010220107015181,0.000116373926318351,0.0301191786657313,0.0203027129173279,-0.469759166240692,-0.0219893604516983,0.445849716663361,1.5859375
1.724,-0.000113166069178962,9.48249432467862e-05,0.0287167183737773,-0.00167558601811398,-0.00141495367550512,-5.37978491021995e-05,-0.000630586206394172,-0.000588973485506569,-0.00207894377983391,-0.62132409873013,0.0168834636961868,-0.000563635779857833,0.0301191786657313,0.314005553722382,0.172703206539154,0.140254750847816,0.165266424417496,1.5859375
1.725,-0.000113861287610444,9.43448462554505e-05,0.0287146123135617,-0.00179791633456464,-0.00150915413920211,-5.38616386775992e-05,-0.000760446313785236,-0.000370872990324029,-0.00213200324408631,0.409398498318771,-0.182276590536352,0.000450274053358695,0.0301191786657313,0.200415194034576,-0.383814930915833,0.447582423686981,0.361253440380096,1.5859375
1.726,-0.000114811199429447,9.38623792719894e-05,0.0287125034263001,-0.00154160076528232,-0.00142128758511788,-5.37876135258131e-05,-0.00113819813659055,-0.00059521265972654,-0.00208481317233169,0.0380665242036372,0.33033224508098,-0.000315900962731334,0.0301191786657313,0.448100686073303,-0.219932734966278,0.0170258171856403,0.365134865045547,1.5859375
1.727,-0.000115940387791289,9.31994235982981e-05,0.0287104510399253,-0.00163343596354357,-0.00145765682761109,-5.38895453625621e-05,-0.00112073598607844,-0.000730043422130796,-0.00201900599639703,-0.19469152600861,-0.395586338819837,0.000131509113796859,0.0301191786657313,0.355751156806946,-0.0776069313287735,-0.226470306515694,0.241716295480728,1.5859375
1.728,-0.000117014310951248,9.24806646656521e-05,0.0287085550399343,-0.00165674528263276,-0.00212122147606556,-5.33584462956149e-05,-0.00103164253475309,-0.000707567825265482,-0.00177251196842273,0.155766699492653,-0.758995163816438,0.000802375699687955,0.0301191786657313,0.376326262950897,-0.173049300909042,-0.0679310336709023,0.320334285497665,1.5859375
1.729,-0.000118052129633818,9.17319080954874e-05,0.028706863738295,-0.00150739648656831,-0.00253096612614249,-5.28704921074485e-05,-0.00104672189366864,-0.000790829835888305,-0.00160960878752284,0.106299831189317,0.0417543947604824,4.64299416210829e-05,0.0301191786657313,0.417801916599274,-0.141671940684319,-0.302699714899063,0.436781048774719,1.5859375
1.73,-0.000119028229571999,9.08730517337206e-05,0.0287053517973979,-0.00154862646567414,-0.00224105339057825,-5.32268379478396e-05,-0.000904202269390097,-0.000926623531002857,-0.00141384398528014,-0.174493417519829,0.457469410995821,-0.000667890317631515,0.0301191786657313,0.680166363716125,0.0894629806280136,-0.452378928661346,0.313182294368744,1.5859375
1.731,-0.000119736939191473,8.99816473174751e-05,0.0287039775890162,-0.00153566623156906,-0.00211562358123872,-5.33889271845389e-05,-0.000513567226874199,-0.000856661419774399,-0.00133406340070854,0.198969594582864,-0.240101943638359,0.000365717673136584,0.0301191786657313,0.449849098920822,-0.108679637312889,-0.285178244113922,0.59772801399231,1.5859375
1.732,-0.000120171524868245,8.90184694153485e-05,0.0287026787186497,-0.00156047736024696,-0.00234634228358352,-5.33000968059305e-05,-0.000357515222554116,-0.00106925508779384,-0.00126314871170708,-0.23763137279531,-0.161969463720567,-0.000233268027389595,0.0301191786657313,0.663891851902008,-0.146102532744408,-0.113369524478912,0.291858851909637,1.5859375
1.733,-0.00012044208160215,8.79213637170753e-05,0.0287014404818164,-0.00170912066631127,-0.00239909514734521,-5.35146013822541e-05,-0.000184410342355078,-0.0011242047463058,-0.00121278461602062,-0.0175615282528739,0.0689368007746856,-0.000154064865161093,0.0301191786657313,0.310732334852219,0.22085502743721,-0.359600365161896,0.479418814182281,1.5859375
1.734,-0.000120568812429851,8.68219961315293e-05,0.0287002660540751,-0.00146882674585384,-0.00216004150185515,-5.34934299021295e-05,-6.81381909446527e-05,-0.00107651756249469,-0.00113582747074259,0.435876263244933,0.344236163213167,0.00017180166581398,0.0301191786657313,0.0972527265548706,-0.0653758719563484,0.0298474133014679,0.44324654340744,1.5859375
1.735,-0.000120748256964389,8.56908835013374e-05,0.0286992089864343,-0.0011990181829618,-0.00148011195630022,-5.37485695719653e-05,-0.000286144623857113,-0.00118739719931512,-0.000978150461672355,0.0370950165590772,0.834228741615848,-0.000583416379380313,0.0301191786657313,0.755840837955475,0.0843182355165482,0.067212700843811,-0.205931514501572,1.5859375
1.736,-0.000120954461435358,8.46748520022892e-05,0.0286982569309553,-0.000872317149441934,-0.00131820538412897,-5.37079158284826e-05,-0.000125653531181537,-0.000847626669506162,-0.000925563019534277,0.5320223726643,-0.55103416177196,0.000579971661112281,0.0301191786657313,0.0539514422416687,0.0344243794679642,0.0431077554821968,0.366181224584579,1.5859375
1.737,-0.00012119980215819,8.38118756382001e-05,0.0286974144567154,-0.000801875159046999,-0.00185584183579082,-5.35150601481682e-05,-0.000367744892330491,-0.00087889459109526,-0.000759373386430513,-0.40424842460895,-0.383970748119236,-0.000309514587441649,0.0301191786657313,0.220959156751633,0.0798326730728149,0.421691298484802,0.151522114872932,1.5859375
1.738,-0.0001217560805703,8.2995196118522e-05,0.0286966338366323,-0.00131013477828559,-0.00177708712870588,-5.41771409987568e-05,-0.000743571466217564,-0.000751876025613091,-0.000801356590806195,-0.47502281468152,0.516458393166413,-0.000900295099820956,0.0301191786657313,0.58738911151886,0.0390253290534019,0.0628368705511093,0.474911689758301,1.5859375
1.739,-0.000122473204997786,8.22084508357253e-05,0.0286957360253646,-0.00176455765325857,-0.00155436350910451,-5.48217623048686e-05,-0.000689636914919021,-0.000818876503005883,-0.000993305152403248,-0.312061884641247,-0.13022478145292,-0.000207455219604783,0.0301191786657313,0.296041578054428,0.058639220893383,0.00529613345861435,0.310784310102463,1.5859375
1.74,-0.000123204748052418,8.14136781330934e-05,0.0286947829025282,-0.00165415318155404,-0.00181599955547028,-5.45244485903318e-05,-0.000775050003347772,-0.000771661062836702,-0.000912623267844063,0.504300600227345,-0.325694639647506,0.00072830255419177,0.0301191786657313,0.423177510499954,-0.507460296154022,-0.0626941323280334,0.370028674602509,1.5859375
1.741,-0.00012397241995482,8.0479143190276e-05,0.0286940382864343,-0.00139672714216546,-0.00218124070816689,-5.40250541760656e-05,-0.000762762458457416,-0.00109836323181896,-0.000577097373033151,-0.0525529417791785,-0.311069472321247,0.000107160238353406,0.0301191786657313,0.604311048984528,0.0678168833255768,-0.157660990953445,-0.115597546100616,1.5859375
1.742,-0.000124654276466752,7.95217059070868e-05,0.0286935801710468,-0.00103024027121078,-0.00247734723276682,-5.34040500252964e-05,-0.000603716475680932,-0.00082032959875475,-0.000339975195000377,0.687642557193837,-0.205317110560646,0.000980684799940477,0.0301191786657313,0.632074236869812,0.17519199848175,0.172630995512009,0.354383260011673,1.5859375
1.743,-0.000125267715904198,7.87264370085234e-05,0.0286931004300345,-0.000594707952255147,-0.00231017790936601,-5.2935694023315e-05,-0.000622242958051429,-0.00077319398642479,-0.000618637838215666,0.072055501847849,0.491620732958613,-0.000135539022039828,0.0301191786657313,0.788681983947754,0.345185101032257,-0.105142749845982,0.377804934978485,1.5859375
1.744,-0.000125768259514398,7.80164754387402e-05,0.028692324382035,-0.000823016680495104,-0.00201739971340843,-5.33604335148929e-05,-0.000377641162348712,-0.00064574681117853,-0.000932483753567364,-0.464606947361708,0.0154865108459872,-0.00058613688837336,0.0301191786657313,0.784831702709198,0.38736218214035,-0.196389526128769,0.145895600318909,1.5859375
1.745,-0.000125997882375606,7.75190312445299e-05,0.0286913143307251,-0.00111344760616009,-0.00234308412422507,-5.35705053006374e-05,-8.41304055048221e-05,-0.000347938978182256,-0.0010868110767616,-0.038105610998605,-0.580110939965408,0.000238532696895702,0.0301191786657313,0.486208945512772,-0.125938296318054,0.0566762834787369,0.439954876899719,1.5859375
1.746,-0.00012610176676984,7.70891109290224e-05,0.0286902246309413,-0.00140701811010361,-0.00253383546366775,-5.39281960008076e-05,-0.00012476649516831,-0.000509899800679988,-0.00109196897747077,-0.468864091106584,0.247333330051469,-0.000906874994814469,0.0301191786657313,0.625564396381378,0.207891970872879,-0.0195713937282562,0.372101366519928,1.5859375
1.747,-0.000126182132965947,7.66193840151536e-05,0.028689040367328,-0.00156311547568608,-0.00211273829653622,-5.45660833881634e-05,-3.36156258760258e-05,-0.000428908556250409,-0.00127554701795015,0.197819853283784,0.482727643851599,-0.000251100998683208,0.0301191786657313,0.49269312620163,-0.164130061864853,-0.161995381116867,0.218075186014175,1.5859375
1.748,-0.000126161816944745,7.6166649896963e-05,0.0286878967355223,-0.00123747258913522,-0.00179613110139296,-5.45457009191175e-05,7.59293717516392e-05,-0.000478541511464503,-0.00101180022507906,0.36850449744272,0.06797201536818,0.000248957871946829,0.0301191786657313,0.284825295209885,-0.0820629894733429,0.23225349187851,0.247338265180588,1.5859375
1.749,-0.000126202316132732,7.56727903871352e-05,0.0286869334758895,-0.000967580112381544,-0.00161847993690071,-5.44588331901075e-05,-0.000155312774272137,-0.000510877901160172,-0.000914451123539456,0.102098319495595,0.239719699571143,-0.000103543965126478,0.0301191786657313,0.391527444124222,0.103749662637711,-0.0122830495238304,0.170750796794891,1.5859375
1.75,-0.000126369075222913,7.52191447848499e-05,0.0286860777019026,-0.000907990361573059,-0.00166076479365344,-5.44542996636643e-05,-0.000178456677239638,-0.000397171497563033,-0.000796933256348969,0.00306114024452026,-0.312133829688511,9.07811474903403e-05,0.0301191786657313,0.330935060977936,-0.111237779259682,0.0752584785223007,0.0251085311174393,1.5859375
1.751,-0.000126606250802803,7.48585466483722e-05,0.0286854326465962,-0.00100064412496577,-0.00199569969589922,-5.44449039674433e-05,-0.000297787935907335,-0.00032370029822008,-0.000493438519432111,-0.162244891374574,-0.269536265731821,-9.67298974219512e-05,0.0301191786657313,0.384983539581299,-0.100733868777752,0.367494851350784,0.0658746063709259,1.5859375
1.752,-0.0001270364972728,7.45643790531586e-05,0.0286849810664483,-0.00117469014001024,-0.00192479425651593,-5.47522364167108e-05,-0.000561751846937864,-0.000263796306340683,-0.000409682037220221,-0.138938032853367,0.389467142688454,-0.000463990506042151,0.0301191786657313,0.581642866134644,0.165887832641602,0.0855042561888695,0.530563414096832,1.5859375
1.753,-0.000127586950419772,7.4275440225426e-05,0.028684437490832,-0.00135172112459758,-0.00172368447109498,-5.51273010609421e-05,-0.000538123092818087,-0.000312948966506929,-0.000676541127927607,-0.167366299170129,-0.0409732295111793,-0.000194742342234487,0.0301191786657313,0.532396495342255,0.197625905275345,0.544881463050842,0.0664043724536896,1.5859375
1.754,-0.000128260656395665,7.40824145825673e-05,0.0286836309909242,-0.00109533493521454,-0.00166468594609518,-5.49963102960405e-05,-0.000808529557981541,-7.52160062815365e-05,-0.000935490741510644,0.611115520089348,0.140663212524392,0.000405085449065479,0.0301191786657313,0.736451387405396,-0.132198750972748,-0.103066086769104,0.195460632443428,1.5859375
1.755,-0.000128958678594084,7.39871167902288e-05,0.0286827498654465,-0.000719086276517929,-0.00206231825450773,-5.45397141080706e-05,-0.00059057480538445,-0.000117621604498072,-0.000826470881297944,0.0428998242936473,-0.830566761483605,0.000307409426011568,0.0301191786657313,0.378722488880157,0.144186854362488,0.14597649872303,0.391485542058945,1.5859375
1.756,-0.000129625022844156,7.38697160208852e-05,0.0286818756974472,-0.000984403510670583,-0.00252970658800307,-5.47697021411331e-05,-0.000744377853959553,-0.000115577509408592,-0.000920904308393132,-0.499647005572385,0.0129814202880028,-0.000767872083129148,0.0301191786657313,0.666197538375854,0.260293960571289,0.0642621368169785,0.391618072986603,1.5859375
1.757,-0.000130341611705551,7.37945981561141e-05,0.0286808210184345,-0.00140558664484565,-0.00229493671302679,-5.55699429347634e-05,-0.000687607556076481,-3.21812083955394e-05,-0.00118757894957338,-0.230834280317093,0.391364445447715,-0.000660329800158301,0.0301191786657313,0.436772495508194,0.13242968916893,-0.11219546943903,0.357103049755096,1.5859375
1.758,-0.000131011818111025,7.37816790739041e-05,0.0286796586297943,-0.00139233663814465,-0.00189224082226042,-5.59515431297619e-05,-0.000650610517218279,6.16261204596082e-06,-0.00113675100753313,0.252596888204301,0.305689293433862,-4.11478310828495e-05,0.0301191786657313,0.421069592237473,0.0510867759585381,-0.339110821485519,0.136401057243347,1.5859375
1.759,-0.000131579562330765,7.38446818892728e-05,0.0286787001653852,-0.000924072602059611,-0.00196478796273429,-5.55125838204162e-05,-0.000485854222760058,0.000116732752326182,-0.000780493634426064,0.558827501726085,-0.431495677684386,0.000748725090954833,0.0301191786657313,0.243199527263641,-0.0570668503642082,0.00949382409453392,0.15692101418972,1.5859375
1.76,-0.000132140105039081,7.3971985277635e-05,0.0286780744128103,-0.000627373785983794,-0.00220921484893495,-5.51419578220802e-05,-0.000636488903897771,0.000136058221145907,-0.000471464875447073,-0.0423621206456159,0.00409687183910372,-0.000122862990498099,0.0301191786657313,0.74541437625885,0.123805657029152,0.0178855061531067,0.0179054141044617,1.5859375
1.761,-0.000132710553305969,7.42091964965747e-05,0.0286776069153253,-0.000782037887710967,-0.00230083124907849,-5.53668049638745e-05,-0.000505676297536125,0.000338523682233191,-0.00046331499937984,-0.225866483402648,-0.164067088087317,-0.000284354211769032,0.0301191786657313,0.510179281234741,0.109901949763298,0.230334177613258,0.367314994335175,1.5859375
1.762,-0.000133281435844904,7.45475975601737e-05,0.0286770605422405,-0.00121744955508524,-0.00216880780100899,-5.60611512772091e-05,-0.000635123545906552,0.000341038232801132,-0.00062876122229919,-0.529745489554317,0.389833738316487,-0.000958822718687082,0.0301191786657313,0.70047664642334,0.369910091161728,-0.107049070298672,0.159478724002838,1.5859375
1.763,-0.000133824885771213,7.5032421167776e-05,0.0286763770747345,-0.0012820366015734,-0.002055039358626,-5.62908919485849e-05,-0.00045167687609942,0.000628414693785436,-0.000737566217212017,0.41345807100113,-0.192482561769245,0.00052930923298213,0.0301191786657313,0.21378630399704,-0.196308702230453,0.0601081363856792,0.590683817863464,1.5859375
1.764,-0.000134375625910784,7.5513712939911e-05,0.0286757114864325,-0.0012444447566228,-0.0020249533220672,-5.63365116343917e-05,-0.000649285178798131,0.000334776079494145,-0.000593616340243335,-0.34778614945272,0.241780512349053,-0.000620518345031459,0.0301191786657313,0.818879961967468,-0.0261474773287773,0.190246373414993,0.465847074985504,1.5859375
1.765,-0.00013498432828174,7.57894597600574e-05,0.0286749758934622,-0.0016223927636238,-0.00202444302519832,-5.6808395460628e-05,-0.000568475269987105,0.000219376124396801,-0.00087646490960142,-0.309321099886605,-0.241580399303435,-0.000198435863094228,0.0301191786657313,0.56562477350235,0.132349744439125,0.0626282319426537,0.645776867866516,1.5859375
1.766,-0.000135551001566234,7.59500520274179e-05,0.0286739701282403,-0.0017333470517284,-0.00230433217540948,-5.67415081671463e-05,-0.000566736827183223,0.000102826661257872,-0.00113385921901084,0.115035063455748,-0.246186473224266,0.000308425218542103,0.0301191786657313,0.29075038433075,-0.10797880589962,-0.054277777671814,0.539382338523865,1.5859375
1.767,-0.000136167267019845,7.59554767562903e-05,0.0286729130336219,-0.00152879123349215,-0.00228457048699574,-5.65623108985669e-05,-0.000665602571065961,-9.27758597211241e-05,-0.000980162443177829,0.239608658679202,0.277193696085627,-2.35411371396056e-06,0.0301191786657313,0.619416236877441,-0.220406621694565,-0.320784568786621,0.39798691868782,1.5859375
1.768,-0.000136708641789543,7.57695923756641e-05,0.0286720668390916,-0.00134594842857973,-0.0022777664219093,-5.64189642568991e-05,-0.000417858455961747,-0.000279696710638504,-0.000712460427862768,0.078864860765143,-0.265620221565235,0.000223801132413609,0.0301191786657313,0.533772766590118,0.12683068215847,0.25287127494812,0.236896172165871,1.5859375
1.769,-0.000137195156754111,7.55405506593406e-05,0.0286712984550024,-0.00107799661753383,-0.002272984982943,-5.61448737803616e-05,-0.00055495837007282,-0.000180313083490016,-0.000823659834420435,0.385990081226193,0.271066028229909,0.000250194294712602,0.0301191786657313,0.58553946018219,-0.00940278358757496,-0.179725617170334,0.202725186944008,1.5859375
1.77,-0.000137676927795736,7.53758780496948e-05,0.0286705752995408,-0.000821305585909108,-0.0021750529058928,-5.59595551874459e-05,-0.000408474671478176,-0.000150708955457381,-0.000622788109012386,0.0611208384394343,-0.101566752862911,4.83512388869896e-05,0.0301191786657313,0.510085582733154,0.136313885450363,-0.0586155578494072,0.0346359014511108,1.5859375
1.771,-0.000138069841549686,7.53289303549033e-05,0.0286700460081691,-0.00077833734953164,-0.0023019716250386,-5.59220749223321e-05,-0.000378304021945593,5.60159539193727e-05,-0.000435986706323839,0.0138763414176813,-0.120246001995354,-1.3521446975142e-06,0.0301191786657313,0.433113217353821,0.233335927128792,0.233701944351196,0.209298357367516,1.5859375
1.772,-0.000138541222866044,7.54659038678244e-05,0.0286695675930886,-0.000857025343086697,-0.00212435933377218,-5.61682242579131e-05,-0.00056227685952273,0.000217404361569653,-0.000520054848967395,-0.149603285707483,0.422750282313796,-0.000442256719642737,0.0301191786657313,0.637806296348572,0.211351782083511,-0.448275446891785,0.13976813852787,1.5859375
1.773,-0.000138935399700784,7.57805704830502e-05,0.0286691675513408,-0.000973252480760439,-0.00222931742478974,-5.63116460146063e-05,-0.000227627131033739,0.000412260112332885,-0.000280378085868602,-0.0533138068129888,-0.603465935320402,0.000186444102000684,0.0301191786657313,0.572149872779846,0.103473223745823,0.171479910612106,0.283649176359177,1.5859375
1.774,-0.000139200035280422,7.62183928418044e-05,0.0286688417115097,-0.00110812840866761,-0.0026095289095924,-5.63554554942058e-05,-0.000303889784751385,0.000464206753969763,-0.000370896912735427,-0.181783007471799,-0.058202456394929,-0.000294344384219607,0.0301191786657313,0.69281142950058,0.271608591079712,-0.0449017994105816,0.302008807659149,1.5859375
1.775,-0.000139446529157961,7.67546697875086e-05,0.0286684020167048,-0.00115657004308934,-0.00253885505787122,-5.65405812413822e-05,-0.000188983809940505,0.000608460636830448,-0.000507964660641479,0.0953559668727677,0.179421596485186,-5.12290416603252e-05,0.0301191786657313,0.616572499275208,-0.0917907804250717,-0.410557836294174,0.257885575294495,1.5859375
1.776,-0.000139493381281498,7.73434374298383e-05,0.0286680635767636,-0.00116827238462852,-0.00251246978696212,-5.66427753860843e-05,9.47579584264423e-05,0.000569393676887151,-0.000169540320708282,-0.117023421853369,-0.132971885931707,-0.000145979680325801,0.0301191786657313,0.702393889427185,0.00683780387043953,0.119607284665108,0.0444899797439575,1.5859375
1.777,-0.000139386111779779,7.79842266484481e-05,0.028667922128022,-0.00113318749511995,-0.00246575594971204,-5.66946666604728e-05,0.000120040433964592,0.000711799704436123,-0.000113422319587708,0.175080838809792,0.213479646869232,3.37013920545495e-05,0.0301191786657313,0.916930794715881,-0.110116250813007,0.121215268969536,0.372912347316742,1.5859375
1.778,-0.000139188817181808,7.86370146362215e-05,0.0286677204991751,-0.00120305510487923,-0.00233475129828877,-5.69329433162125e-05,0.000275061337118871,0.000594639927691502,-0.000289338900082408,-0.297292044049808,0.0148553828821306,-0.000459574893904202,0.0301191786657313,0.634732842445374,-0.0203448534011841,-0.241751283407211,0.218366354703903,1.5859375
1.779,-0.000138812352400131,7.92481876882009e-05,0.0286675398994892,-0.00142499283245158,-0.0024756394797345,-5.71850545378894e-05,0.000476696740238972,0.000629162482574551,-7.21689778720451e-05,-0.0899260658781896,-0.257318056826226,8.91488562830808e-06,0.0301191786657313,0.798075377941132,0.0997850596904755,-0.0753842145204544,0.37408447265625,1.5859375
1.78,-0.000138237796788015,7.98860123913237e-05,0.0286674089822139,-0.00137245952377285,-0.00273226631116833,-5.69766705647012e-05,0.000670537566397283,0.000646290282809359,-0.000189299829131109,0.1783214422038,-0.186002503054211,0.000336436893617537,0.0301191786657313,0.462881773710251,0.0280781704932451,-0.112827077507973,0.391460329294205,1.5859375
1.781,-0.00013755860856011,8.05139640208498e-05,0.0286672784382037,-0.00121385799291569,-0.00254752315565957,-5.6936001759933e-05,0.000689114931490661,0.000608878898151144,-7.19986131561477e-05,0.0948051791922599,0.507042002535395,-0.000274343397062531,0.0301191786657313,0.613518476486206,-0.000390284694731236,-0.164301380515099,0.397999852895737,1.5859375
1.782,-0.000136795216830484,8.10927399749647e-05,0.0286672448282446,-0.00125509979371194,-0.00209283870783256,-5.73527449518885e-05,0.000840329997049362,0.000549210045244581,4.57361201645307e-06,-0.167633163718051,0.284636318195495,-0.000456968433837062,0.0301191786657313,0.420827507972717,0.120517075061798,-0.366089075803757,0.316080868244171,1.5859375
1.783,-0.000135871371388196,8.16734644812496e-05,0.0286673858026166,-0.00133792166742338,-0.00210516571183917,-5.75037056291805e-05,0.00100709158672302,0.000612734641998995,0.000276598856267737,0.0214879927007643,-0.301394571916106,0.000175952811931769,0.0301191786657313,0.433567762374878,0.0836260467767715,0.101351700723171,0.253870278596878,1.5859375
1.784,-0.000134914662694978,8.23250943307119e-05,0.0286676906995293,-0.00120928312421681,-0.00226006524709923,-5.73047216221312e-05,0.000905785810405685,0.000689776683269853,0.000332948655422066,0.19917095427505,0.035380583917625,0.000153484759604902,0.0301191786657313,0.185541689395905,0.057058610022068,0.176976189017296,-0.0935486555099487,1.5859375
1.785,-0.000134153292570354,8.31441567002338e-05,0.0286682006078099,-0.000821205900103142,-0.0018259469644236,-5.71672183506955e-05,0.000620419563152985,0.000945668393382094,0.000685895788456791,0.470628802365998,0.71840625451224,7.81062609462339e-05,0.0301191786657313,0.433082848787308,0.118074730038643,-0.296327829360962,0.550666213035583,1.5859375
1.786,-0.000133456711328113,8.40440895079922e-05,0.0286689340791452,-0.000894919102472917,-0.00163590916318922,-5.73679317072973e-05,0.000773706424885163,0.000855111274701901,0.000780418901226607,-0.59869127364136,-0.383529791793549,-0.000416886794076821,0.0301191786657313,0.0466314852237701,0.258330017328262,0.416667968034744,0.147271633148193,1.5859375
1.787,-0.000132926955130541,8.50178153613648e-05,0.0286697373587405,-0.0013756858440992,-0.00169079770169275,-5.78696856310401e-05,0.000286820971666953,0.00109493385566378,0.00082559509405934,-0.240109744989097,0.288116238695601,-0.000508310244713312,0.0301191786657313,0.352130323648453,0.0349104963243008,-0.22311244904995,0.128251120448112,1.5859375
1.788,-0.000132608875829303,8.61793602237432e-05,0.0286707488234658,-0.00139425519956919,-0.00180589304518913,-5.78632132302026e-05,0.000348566804651488,0.00122825124081888,0.00119591960993352,0.202979938670067,-0.484816471423151,0.000501217587280695,0.0301191786657313,0.449136912822723,0.107216119766235,0.522844195365906,0.247999727725983,1.5859375
1.789,-0.000132421341963894,8.74580977460777e-05,0.028671839379506,-0.00111223785524223,-0.00202447799929118,-5.74691648602688e-05,2.59465031389316e-05,0.00132760123511477,0.00098509994845565,0.282145175192883,0.104662307753485,0.000179844752156725,0.0301191786657313,0.47980597615242,-0.109483830630779,0.17036084830761,0.457473516464233,1.5859375
1.79,-0.00013244615186043,8.870993475107e-05,0.028672811459306,-0.00125232965184251,-0.00188886597714732,-5.77655582714165e-05,-7.45044832435007e-05,0.00117759776016633,0.000958616223687645,-0.527342367981103,0.130347696092513,-0.000703153652478622,0.0301191786657313,0.605625689029694,0.0675000846385956,-0.0785343199968338,0.122912324965,1.5859375
1.791,-0.000132461503668278,8.99671690754028e-05,0.0286738334575638,-0.00158153602827681,-0.0020688669894777,-5.80247115586907e-05,4.2431647233791e-05,0.00133886351079747,0.00108458703398952,-0.0488564079153874,-0.441332451085255,0.000258116218828331,0.0301191786657313,0.312244415283203,-0.114753603935242,0.324643343687057,0.471958637237549,1.5859375
1.792,-0.000132566381755098,9.1235886667595e-05,0.0286749017704522,-0.00168707114012209,-0.00210581106043792,-5.81893627233931e-05,-0.000251743841041903,0.00119987333935943,0.00105156782879432,-0.138234691842866,0.374837337683347,-0.000573936713323875,0.0301191786657313,0.807796776294708,0.0373286791145802,-0.296749323606491,0.280664205551147,1.5859375
1.793,-0.000132639746616162,9.24679779443509e-05,0.0286759848713051,-0.00157178266430442,-0.00223084685154286,-5.80148522861812e-05,0.000103426096839218,0.00126377591985422,0.00111393919123405,0.333039963702554,-0.58975062235953,0.00084501874261698,0.0301191786657313,0.188938170671463,0.0226100012660027,0.274896532297134,0.566839814186096,1.5859375
1.794,-0.000132707854804383,9.36738115324306e-05,0.0286770622443628,-0.00139111655953205,-0.00221977699539178,-5.78511554469863e-05,-0.00023875030606596,0.00114737652252504,0.00104040918119199,-0.0225314077170398,0.605548591411799,-0.000556721122331466,0.0301191786657313,0.713051557540894,0.0434680506587029,-0.389387130737305,0.438825041055679,1.5859375
1.795,-0.000132769184296679,9.48064964839364e-05,0.0286781375849061,-0.00151286143094932,-0.00208784483401821,-5.81541483857251e-05,0.000116108919955274,0.00111909963202299,0.00110954133601092,-0.191999206473879,-0.374762598782981,2.26861472216364e-05,0.0301191786657313,0.35133358836174,0.119199901819229,0.446145117282867,0.242680177092552,1.5859375
1.796,-0.000132824906230739,9.59926097868056e-05,0.0286791761455585,-0.00150975711346864,-0.00201279930273077,-5.82834876672322e-05,-0.000224752265785421,0.00125249185290001,0.000968002496668647,0.190530482208573,0.498035669828146,-0.00026996031826541,0.0301191786657313,0.672376990318298,0.320132941007614,-0.111291870474815,0.495384454727173,1.5859375
1.797,-0.000132960716167844,9.7295985829668e-05,0.028680015624504,-0.0012720501266963,-0.00190366468611863,-5.81991284445138e-05,-4.66512746697307e-05,0.0013528951704582,0.000711096224614861,0.217695176756476,-0.307048270367176,0.000371859013273911,0.0301191786657313,0.496488273143768,-0.130437538027763,0.053242415189743,0.513715863227844,1.5859375
1.798,-0.000133020293867719,9.85619602924619e-05,0.0286807198527904,-0.00148675456732191,-0.0022539383207194,-5.827516581558e-05,-7.46228856085768e-05,0.00118106759360624,0.000697063316107309,-0.592476539175755,-0.300632752762965,-0.000555013248358123,0.0301191786657313,0.544311702251434,0.23643097281456,-0.063316136598587,-0.0365111231803894,1.5859375
1.799,-0.000133066460170317,9.99294216378353e-05,0.0286814766886255,-0.00157248275618815,-0.00246594943407521,-5.82580665762222e-05,-1.91590586253378e-05,0.00155377708075069,0.000815919970200471,0.436295514300669,-0.0682987290965026,0.000578766030830708,0.0301191786657313,0.452837586402893,-0.303196549415588,-0.103148877620697,0.585536003112793,1.5859375
1.8,-0.000133073981597504,0.000101331929995461,0.0286823681386927,-0.00159720167464256,-0.00232048305060955,-5.8473219278099e-05,4.963538079039e-06,0.00125236478541882,0.000966203467487319,-0.48191639561036,0.319713342866226,-0.000959790552647905,0.0301191786657313,0.686121106147766,0.0497200936079025,-0.029941700398922,0.102642714977264,1.5859375
1.801,-0.000133006977416409,0.0001026798806984,0.0286833574716183,-0.00176150002053674,-0.00209302029316368,-5.89601236695714e-05,0.000130142750095758,0.00144438695625729,0.00101180290892971,0.190340382029997,0.07605447866363,7.59720868530152e-05,0.0301191786657313,0.44585195183754,-0.150489717721939,0.210075780749321,0.59661865234375,1.5859375
1.802,-0.000132950166056396,0.000104019809405319,0.0286843097856352,-0.00177876747903907,-0.00189038808756983,-5.92360876368048e-05,-1.49448173111088e-05,0.00123636286454095,0.000892577647482693,-0.223841586167758,0.275202789781659,-0.000567968152685326,0.0301191786657313,0.549523234367371,-0.126477032899857,-0.400946825742722,0.586888611316681,1.5859375
1.803,-0.000132828410496598,0.000105165932614672,0.0286852808508604,-0.0020851513728095,-0.00213130241126477,-5.93604840064543e-05,0.00025639651206976,0.00105847788051223,0.00104875851326421,-0.311104354599501,-0.69047757040904,0.000356787869758327,0.0301191786657313,0.419550985097885,0.116618119180202,0.132625877857208,0.252346009016037,1.5859375
1.804,-0.000132635515977283,0.000106306039697782,0.0286863153344941,-0.00187768176860705,-0.00251281422855112,-5.87009288639528e-05,0.0001273917137623,0.0012203832252338,0.00101974257491003,0.664934651650068,0.0275018303523286,0.000818347625923947,0.0301191786657313,0.645888388156891,-0.0800931751728058,-0.229018539190292,0.789361178874969,1.5859375
1.805,-0.000132403456404337,0.00010738916306342,0.0286872675897047,-0.00157119946495072,-0.00247397828731782,-5.83836412868521e-05,0.000336516411909155,0.000944931590211384,0.000884559345029529,-0.134412884805704,0.040584813037865,-0.00028435955640222,0.0301191786657313,0.13163760304451,-0.101179026067257,-0.19942843914032,0.425150096416473,1.5859375
1.806,-0.000132118885404753,0.000108297020612347,0.0286883203704844,-0.00185167877727732,-0.00207520171275843,-5.91817366477621e-05,0.000235370928796532,0.000872915793274068,0.00121967301880904,-0.354550601547206,0.650611107485185,-0.00112941228724737,0.0301191786657313,0.886647462844849,0.181561201810837,0.0520186275243759,0.508978009223938,1.5859375
1.807,-0.000131779480758734,0.000109194666218099,0.0286893277854478,-0.00199794888631598,-0.00184502206303206,-5.96460178017288e-05,0.000444404549522842,0.000923365116661212,0.000795695789025375,0.0962944136758159,-0.247373791395724,0.000300038809422468,0.0301191786657313,0.494808793067932,0.0442893356084824,0.454118371009827,0.220595270395279,1.5859375
1.808,-0.000131461549227178,0.000110186802499916,0.0286900210188131,-0.00160093163683554,-0.00192463262149721,-5.92082813120065e-05,0.000191556008467693,0.00105846603821776,0.000590805911640406,0.588284342397162,0.109595398037558,0.000456058762824878,0.0301191786657313,0.389274388551712,-0.225320011377335,-0.156206369400024,0.385393112897873,1.5859375
1.809,-0.000131250710764075,0.000111182182452037,0.0286907389982353,-0.00138990514402387,-0.00198923774967872,-5.90087316623134e-05,0.000229693556665021,0.00093155281353534,0.000844187160666875,-0.22345472572694,-0.220235283252948,-0.000143273555968466,0.0301191786657313,0.404288798570633,-0.217442810535431,0.109763234853745,0.160328879952431,1.5859375
1.81,-0.000131077035497515,0.000112119247778199,0.0286916896051242,-0.00178940181681204,-0.00209941750849546,-5.94396304021139e-05,0.000117292432209892,0.000945212732108585,0.00105605180483944,-0.472462278000786,0.0289308363089391,-0.000638772665530211,0.0301191786657313,0.606373369693756,0.0580222867429256,-0.0632865950465202,0.238153979182243,1.5859375
1.811,-0.000130907257370981,0.000113135120722183,0.0286927456133003,-0.00199228195420744,-0.00219453548851013,-5.96375163715024e-05,0.000221510852077783,0.00108775102057325,0.00105542417807309,0.116001505293104,-0.192926738077828,0.000281959768001098,0.0301191786657313,0.407970577478409,-0.04939104616642,0.00613725930452347,0.339205920696259,1.5859375
1.812,-0.000130712947372492,0.000114234564391657,0.0286938364124633,-0.00175582045908301,-0.00221156842406806,-5.93942079474274e-05,0.000167174467930333,0.00110992501749538,0.00112543982595278,0.290363769257788,0.163172849994363,0.000127031825767271,0.0301191786657313,0.508894383907318,-0.255321264266968,-0.0222261548042297,0.503467440605164,1.5859375
1.813,-0.000130533974867846,0.00011524571973936,0.028694988779526,-0.00180081505539864,-0.00203232067925017,-5.96768519258717e-05,0.000191861144061505,0.000913396160378536,0.00117855696492488,-0.370106816546304,0.148492434333947,-0.000625229582016746,0.0301191786657313,0.962528228759766,0.0203101579099894,0.113054998219013,0.44036653637886,1.5859375
1.814,-0.000130235189210247,0.000116161820812381,0.0286959708677135,-0.00210968112152249,-0.00221211971415273,-5.98888493308358e-05,0.000404194100600369,0.000920912633574941,0.000786024374275218,-0.169323648153106,-0.458031383420161,0.000256718841871041,0.0301191786657313,0.267601668834686,-0.111038640141487,-0.167293727397919,0.525311052799225,1.5859375
1.815,-0.000129849614641404,0.000117029578193433,0.0286968408618238,-0.0021996417633707,-0.00242665515427118,-5.98181706608081e-05,0.000365854857452956,0.000815641747833907,0.00095311448076461,0.00974788714403299,0.085114444695492,-0.000156623272166662,0.0301191786657313,0.700477361679077,-0.0928817689418793,0.0362413674592972,0.736481308937073,1.5859375
1.816,-0.000129435906750887,0.000117736506137709,0.0286976390216405,-0.00223592534845719,-0.00224942433948853,-6.01458142948097e-05,0.000462660068504336,0.000598851697035329,0.000643108200894647,-0.0749898163467901,0.223474087294961,-0.000432820398357074,0.0301191786657313,0.833455204963684,-0.109777376055717,-0.0699051320552826,0.459631621837616,1.5859375
1.817,-0.000128853219516031,0.000118302847026699,0.0286981996582629,-0.00213889438091743,-0.00224089590591306,-6.01082485736093e-05,0.000702382547141289,0.000533526445539003,0.000478228593822753,0.240731759408251,-0.205791678420856,0.000468828827471845,0.0301191786657313,0.472501248121262,-0.231480479240417,0.535380065441132,0.50710254907608,1.5859375
1.818,-0.000128310563504592,0.00011875188300949,0.0286985441333798,-0.00198387460913872,-0.00192719115840118,-6.0331667018243e-05,0.000385683565438005,0.000364066982529687,0.000211086775311757,0.0272105439504832,0.749674862773279,-0.000852047117933524,0.0301191786657313,0.73501580953598,-0.210614994168282,-0.141210302710533,0.206004798412323,1.5859375
1.819,-0.0001278045072199,0.000119124016349348,0.02869881552203,-0.00187829034954878,-0.00170493687661289,-6.05426395927644e-05,0.000627466630487713,0.000379622383367074,0.000331280953064499,0.154534891477188,-0.360260196189144,0.000447321126695483,0.0301191786657313,0.450961649417877,-0.125367969274521,0.134204253554344,0.154543042182922,1.5859375
1.82,-0.000127219711967068,0.000119548986131552,0.0286991968976325,-0.0016616886055634,-0.0021025665488879,-5.99958069642526e-05,0.000540040669395794,0.000468899477674884,0.000431041059826023,0.220050966705817,-0.328211109479897,0.000484518005736948,0.0301191786657313,0.204347088932991,-0.512117803096771,0.250317692756653,0.905146837234497,1.5859375
1.821,-0.000126831579007485,0.000119732892731008,0.0286996157034732,-0.00230555522166803,-0.00195993337451908,-6.09680865304441e-05,0.000237803798283834,-9.59597777648919e-05,0.000406540116225094,-1.33432678482322,0.575026304187529,-0.00222372137261307,0.0301191786657313,0.502926349639893,0.379178643226624,-0.163106516003609,0.0474860966205597,1.5859375
1.822,-0.000126533316804773,0.000119874045422936,0.0287000279306513,-0.00253740667163923,-0.00169319736544921,-6.1663881730567e-05,0.000360109703818355,0.000378501403752621,0.000417639430028977,0.92482423494723,-0.108890197523029,0.000939710636208006,0.0301191786657313,0.316246628761292,-0.250218093395233,0.331039190292358,0.757709383964539,1.5859375
1.823,-0.00012630768164379,0.000120094920635421,0.0287003459343954,-0.0017863876410608,-0.00168405947607931,-6.10315092051117e-05,9.19320098491776e-05,5.94890803103645e-05,0.000218573093726511,0.37963888818318,0.124875932454533,0.000159779063576613,0.0301191786657313,0.438852876424789,-0.0402691289782524,0.00898966565728188,0.787520945072174,1.5859375
1.824,-0.000126220327200645,0.000120040227897404,0.0287004541931106,-0.00184764693513482,-0.00179196365562492,-6.10568688794721e-05,8.21583455616008e-05,-0.000167994397966136,-1.602057967014e-06,-0.483694881001391,-0.310767734035005,-0.000228070590515128,0.0301191786657313,0.360591113567352,-0.115828827023506,0.101800218224525,0.266254901885986,1.5859375
1.825,-0.000126197246743787,0.000119892054758748,0.0287005009025411,-0.002212142141735,-0.00204031185658496,-6.12298461377669e-05,-3.72055707755248e-05,-0.000126290454559633,9.47849219501285e-05,-0.150106288831267,-0.121159314788465,-8.89270538613646e-05,0.0301191786657313,0.434002727270126,-0.250619113445282,-0.183246716856956,0.614583075046539,1.5859375
1.826,-0.000126192909564738,0.000119650776573288,0.0287006468445916,-0.00239710578512628,-0.00220804744409661,-6.13007564238544e-05,4.46581588093381e-05,-0.000354639174536829,0.000196815218144802,-0.170207153907799,-0.169958218430854,-5.07090983839643e-05,0.0301191786657313,0.529530107975006,-0.0960885435342789,0.389305949211121,0.369180202484131,1.5859375
1.827,-0.000126247424205757,0.000119297593233523,0.028700730734791,-0.00220537483319525,-0.00199936272012084,-6.14114863508597e-05,-0.000150769669874972,-0.000353016099143662,-2.72392047282296e-05,0.497915773639512,0.525400182837595,-0.00015741795118041,0.0301191786657313,0.577670753002167,-0.299941837787628,-0.203574776649475,0.634081900119781,1.5859375
1.828,-0.000126305319899999,0.000118805266262168,0.0287007292899838,-0.00194289649417204,-0.0018162223652432,-6.14225127755219e-05,3.56056925927139e-05,-0.000632654556124172,2.41617650328511e-05,-0.0389555847560613,-0.205491744744648,0.000111551400774506,0.0301191786657313,0.675240516662598,-0.0408577956259251,-0.0567207410931587,0.176802486181259,1.5859375
1.829,-0.000126192591699253,0.000118237272683153,0.0287007634229577,-0.00178542728966179,-0.00228561065443462,-6.08253435805395e-05,0.000186728509204107,-0.000504649939100535,4.41017499721137e-05,0.313422255674126,-0.607556974286087,0.000917389942875487,0.0301191786657313,0.430219829082489,0.107682161033154,0.182442247867584,0.573125243186951,1.5859375
1.83,-0.000126076381060328,0.000117721046170859,0.0287006674036913,-0.00164017443439629,-0.00242268590446001,-6.05691088853e-05,4.52475490322998e-05,-0.000528761217294221,-0.000235384644713334,-0.0584261626158394,0.367182760202274,-0.000474985459961916,0.0301191786657313,0.385348826646805,0.195820435881615,0.0269818156957626,0.31664103269577,1.5859375
1.831,-0.000126066871094421,0.000117279607376193,0.0287003933152302,-0.00163907795409628,-0.0017925773937668,-6.12084747393382e-05,-2.22223520064335e-05,-0.000354617679884347,-0.00031251464522066,0.0614854339544975,0.725831825436659,-0.000658788183434406,0.0301191786657313,0.814525306224823,-0.0619954466819763,-0.378017604351044,0.286062359809875,1.5859375
1.832,-0.000125873568732468,0.00011694601949216,0.028700119652156,-0.00168748213784202,-0.00186860919261593,-6.12499465790783e-05,0.000407433794206464,-0.000312442530403078,-0.000234828719423761,-0.143885702452,-0.853336267050691,0.000572818801562097,0.0301191786657313,0.140361249446869,0.0846237689256668,-0.0935583859682083,0.323759257793427,1.5859375
1.833,-0.000125535795563543,0.000116688271826707,0.0286999767520665,-0.00178662130483113,-0.00244688292951461,-6.08856030219762e-05,0.000265053137606726,-0.000202784554345557,-5.13233388644072e-05,-0.02774797652023,-0.151952395887194,4.33633118063261e-05,0.0301191786657313,0.524697601795197,-0.184080511331558,0.0362313352525234,0.367106229066849,1.5859375
1.834,-0.000125272545434885,0.000116450242633799,0.0286999399325658,-0.00193142596103983,-0.00227657025657093,-6.13192038398935e-05,0.000262573540817888,-0.000272309402382026,-2.23564864779874e-05,-0.222281227758368,0.446984808488061,-0.000817376507013573,0.0301191786657313,0.851889729499817,-0.23720309138298,0.0355124771595001,0.37804639339447,1.5859375
1.835,-0.000124911187134648,0.000116126767785428,0.0286998550887089,-0.00216607387145185,-0.001990148599571,-6.19743405607664e-05,0.000461501325255533,-0.000373052140327612,-0.000146986676224924,-0.184397120510339,0.0526553645746625,-0.000331181545005313,0.0301191786657313,0.494835376739502,-0.0112541690468788,-0.217425525188446,0.5274778008461,1.5859375
1.836,-0.000124377568220121,0.000115728896517269,0.0286997099739362,-0.00216447065478906,-0.00211207339716574,-6.18917227011018e-05,0.000604838674090514,-0.000422703816348122,-0.000143161127429358,0.18772898530598,-0.261766120632735,0.000459017557836055,0.0301191786657313,0.416167825460434,0.0615065693855286,-0.0125238075852394,0.730828464031219,1.5859375
1.837,-0.000123784763183267,0.000115241054071773,0.0286994570178861,-0.00197145582034288,-0.0022025919180684,-6.16228687433384e-05,0.000580434679957878,-0.000553966480770718,-0.000362089474772066,0.149190034018302,0.105491152922106,-1.85561967117887e-06,0.0301191786657313,0.845568299293518,-0.126702651381493,-0.177951872348785,0.558921098709106,1.5859375
1.838,-0.000123044872227893,0.00011461356873514,0.0286990147163995,-0.0019381201330109,-0.00234471778593027,-6.15019601597488e-05,0.000897943159044578,-0.000701037325765577,-0.000521904202048422,-0.0887057616054724,-0.348509944518838,0.000187901301463997,0.0301191786657313,0.613616645336151,0.145364701747894,0.295188903808594,0.452770978212357,1.5859375
1.839,-0.000122194014167676,0.000113947555330975,0.0286982965711787,-0.00185795163234676,-0.00226923048921618,-6.15429784902588e-05,0.000804653957035807,-0.000631796816435177,-0.000913199163206009,0.229317848991012,0.48051918890372,-0.000271677081469508,0.0301191786657313,0.398747980594635,0.0112494230270386,0.279826998710632,0.425846070051193,1.5859375
1.84,-0.000121487699007903,0.000113316858630192,0.0286972961367909,-0.00165115962688341,-0.00147086270416791,-6.21496749881878e-05,0.000613534387012392,-0.000631023995953843,-0.00108674506958399,0.131997895935267,0.906514479777435,-0.000780454091304044,0.0301191786657313,0.623914837837219,0.20589616894722,0.234994143247604,0.340188592672348,1.5859375
1.841,-0.000120878957778364,0.000112764009011952,0.0286960437280214,-0.00147240974141179,-0.0010706679800621,-6.24562526883032e-05,0.000606577766420029,-0.000476290308945768,-0.00141661449468277,0.180090844719029,-0.206664256429538,0.000204009080468434,0.0301191786657313,0.120699346065521,-0.0907334685325623,-0.0558274984359741,0.764489769935608,1.5859375
1.842,-0.000120337819499207,0.000112156384293379,0.0286946496846118,-0.00184906426093026,-0.00162283137790418,-6.23342192476173e-05,0.000472735459271517,-0.000736258788021013,-0.00137078298893546,-0.829191371373609,-0.748395500027588,-4.74111114391527e-05,0.0301191786657313,0.397866785526276,-0.026421956717968,0.0241245180368423,0.257416903972626,1.5859375
1.843,-0.000119885841676074,0.000111463677695788,0.0286933262244076,-0.00234358370184306,-0.00234226941060182,-6.20697582127683e-05,0.000427052070992923,-0.000646550205656966,-0.00127561631511888,-0.0295630865358733,-0.500177125757992,0.000535779684461657,0.0301191786657313,0.517352104187012,-0.254672706127167,0.132431924343109,0.524503767490387,1.5859375
1.844,-0.000119485860073543,0.000110720549585158,0.0286920283131868,-0.00221734379100194,-0.00239309930768916,-6.18980685134218e-05,0.000372780804574746,-0.000840374615056131,-0.00131947137057516,0.250601433270604,0.412011061398086,-0.00023943238254508,0.0301191786657313,0.541756570339203,-0.250857710838318,-0.0178163200616837,0.513870179653168,1.5859375
1.845,-0.000119085292267207,0.000109783687620691,0.0286907258345053,-0.0019471945685854,-0.00182569863774673,-6.22945958776988e-05,0.000431792957164563,-0.00103475618948953,-0.00128497688911063,0.221619220620348,0.573957468531049,-0.000457751412161165,0.0301191786657313,0.525860607624054,-0.127170711755753,-0.12071879953146,0.46549654006958,1.5859375
1.846,-0.000118590310453041,0.000108697270683986,0.0286894714086829,-0.00176219177168504,-0.00157287993849521,-6.24565269342625e-05,0.00055951291669505,-0.00113921911311794,-0.00122341723630504,0.103570799139721,-0.131291427043008,0.000147982684363126,0.0301191786657313,0.408009558916092,-0.0819804668426514,0.127135694026947,0.21038518846035,1.5859375
1.847,-0.00011807277700758,0.00010758949936775,0.0286883001283204,-0.00158123946574495,-0.00178406816188362,-6.21644357132745e-05,0.000474579655252348,-0.00107785004539924,-0.00111876627855137,0.213900768296253,-0.233248938841913,0.000342870109873922,0.0301191786657313,0.143802553415298,-0.0151936523616314,-0.183853849768639,0.129731073975563,1.5859375
1.848,-0.000117630408145284,0.000106582233981158,0.0286873980547259,-0.0013305153684414,-0.00194093789986907,-6.18467911732701e-05,0.000409482228288019,-0.000938813139383959,-0.000685972993616829,0.22474447003908,-0.0382618760074745,0.000198862433594925,0.0301191786657313,0.581548631191254,0.0819670334458351,-0.0363304279744625,0.514970898628235,1.5859375
1.849,-0.000117169553969923,0.000105625091952269,0.0286866365462832,-0.00143761447028814,-0.00204760496780372,-6.19559429861916e-05,0.000511481693054884,-0.000974982907631892,-0.000836325110826783,-0.40603069245904,-0.145011964212844,-0.00040853067675426,0.0301191786657313,0.711116313934326,0.296547055244446,-0.0568170920014381,0.16181081533432,1.5859375
1.85,-0.000116565603291467,0.000104799572957445,0.0286857328687223,-0.00156575370597786,-0.00225882560315559,-6.19880036962783e-05,0.000694847212309184,-0.000676180455982593,-0.000970219356345744,0.184831250873065,-0.219380116271708,0.000348843882138097,0.0301191786657313,0.476995795965195,-0.23746719956398,-0.122982040047646,-0.0440494418144226,1.5859375
1.851,-0.000115831363755215,0.00010417719983788,0.0286849852519989,-0.00135033623256241,-0.00225484857738198,-6.17833846163762e-05,0.000773659162648826,-0.000570285725811403,-0.000525705209379416,0.191176302081721,0.227518840088345,3.30176904196397e-07,0.0301191786657313,0.995040357112885,-0.177710950374603,-0.0993460938334465,0.131152108311653,1.5859375
1.852,-0.00011487215915082,0.000103622621517145,0.028684470360177,-0.00135553638521882,-0.00224761010591318,-6.18620655443713e-05,0.0011440819670678,-0.000539060378081768,-0.00050386945940605,-0.197297446316535,-0.210511288942887,-0.000153875524466858,0.0301191786657313,0.38123807311058,0.110373795032501,-0.143427431583405,0.479010730981827,1.5859375
1.853,-0.000113706952393669,0.000103084754311721,0.028683982186487,-0.00169777484467185,-0.00218149629907415,-6.24159980930905e-05,0.00118694218729369,-0.000534711808136296,-0.000472280098568358,-0.394251753932358,0.327766703137229,-0.000842695011234932,0.0301191786657313,0.726643562316895,0.261257827281952,-0.182355493307114,0.36195832490921,1.5859375
1.854,-0.00011238304415948,0.00010263400048144,0.0286834326883444,-0.00177747945653886,-0.00200225358520616,-6.27539550057676e-05,0.00146162334340342,-0.000366844548459814,-0.000626071781169593,0.255573477351567,-0.0112367234521555,0.000223134096533545,0.0301191786657313,0.129319339990616,0.0311523973941803,-0.155950665473938,0.468129932880402,1.5859375
1.855,-0.000110962455171814,0.000102252488990286,0.0286829216977874,-0.00152243019223185,-0.00176562249265795,-6.27601006866207e-05,0.00138170028124116,-0.000397727051745688,-0.000396610084044374,0.188343103211523,0.424415670681807,-0.000239091252787905,0.0301191786657313,0.570579648017883,-0.16045868396759,0.18667171895504,-0.0323475003242493,1.5859375
1.856,-0.000109587071267693,0.000101923994828113,0.0286826145288712,-0.00127455566130165,-0.00142819883087317,-6.28772462856197e-05,0.00137151366200365,-0.000261171747178602,-0.000218035788560219,0.243582446897131,0.167315696178099,6.04703963017192e-06,0.0301191786657313,0.305776178836823,-0.0645342096686363,0.395039707422256,0.206473082304001,1.5859375
1.857,-0.000108352573636395,0.000101686462552856,0.0286824080678032,-0.00125184334844822,-0.00119310648852009,-6.30807179891058e-05,0.0010999257948609,-0.000214206473358725,-0.000194822885587433,-0.202175151835301,0.244581708000176,-0.000366953130369664,0.0301191786657313,0.554935932159424,0.127866744995117,0.0546328388154507,0.0580263063311577,1.5859375
1.858,-0.000107214648923295,0.000101596155782307,0.0286822391169226,-0.00135737395762486,-0.00143623467692157,-6.30360345685865e-05,0.00117454869952831,3.36697738539558e-05,-0.000143090488943061,0.0189318428498912,-0.66037181694665,0.000438102162998159,0.0301191786657313,0.431359887123108,0.122477382421494,0.398399472236633,0.32930400967598,1.5859375
1.859,-0.000106144177847711,0.000101673996333794,0.0286819869476153,-0.00141195830848181,-0.00188900465936978,-6.2818549313004e-05,0.00096427205624571,0.00012219455289445,-0.000360681792584757,-0.113573756175496,-0.122246466473945,-9.02965915778791e-05,0.0301191786657313,0.215816974639893,0.232233852148056,-0.122665464878082,0.221092313528061,1.5859375
1.86,-0.000105199468757518,0.000101906064970664,0.0286817215775074,-0.00138402898767632,-0.00180083475444166,-6.29264221942982e-05,0.000926012776078487,0.000341365716893736,-0.000170327210985283,0.160649991437507,0.277399168508324,-0.000119180834259104,0.0301191786657313,0.815682232379913,-0.238584473729134,0.0192986615002155,0.236433386802673,1.5859375
1.861,-0.000104157389939061,0.000102214449533438,0.0286815707130611,-0.00148309872319988,-0.00177702500686586,-6.31034424172228e-05,0.00115803791375953,0.000276234498909646,-0.000131409076911415,-0.332369185555726,-0.231429019927327,-0.00020263599020855,0.0301191786657313,0.618085205554962,-0.0589675977826118,0.384621798992157,0.247912183403969,1.5859375
1.862,-0.00010304667021703,0.000102510333030414,0.028681357190958,-0.00178538588414799,-0.00178009071058508,-6.34756271007397e-05,0.0010638968600702,0.000317343129261214,-0.000295114817722392,-0.193827144410333,0.228577802857776,-0.000479590282991499,0.0301191786657313,0.254144102334976,-0.223664492368698,-0.135066911578178,0.387791484594345,1.5859375
1.863,-0.000101981981680552,0.00010276529771916,0.0286812335891088,-0.00197465858699869,-0.00150669900650845,-6.39964969586515e-05,0.00106739521559134,0.000194109518659533,4.71034819516306e-05,-0.136276067355157,0.250161696714002,-0.000450185887894642,0.0301191786657313,0.618088722229004,0.0823490098118782,0.0788281336426735,0.415068000555038,1.5859375
1.864,-0.000100864573117682,0.000102979154700133,0.0286811993972679,-0.00181974738744181,-0.0015066425706179,-6.39438388567726e-05,0.00116748622103292,0.000232619571999005,-0.000115115257137297,0.40302152986578,-0.245200455644127,0.000508713281278187,0.0301191786657313,0.215158432722092,-0.21694877743721,0.486816465854645,0.430724710226059,1.5859375
1.865,-9.9882994869378e-05,0.000103135544460654,0.028681078680767,-0.00156423549125333,-0.00133786530714254,-6.39435705758196e-05,0.000797780321380944,7.89755273674386e-05,-0.000126240501802976,0.0406044805293559,0.539383508094161,-0.00049927954193385,0.0301191786657313,0.521772861480713,0.0111233666539192,-0.228346928954124,0.348698049783707,1.5859375
1.866,-9.89688331514646e-05,0.000103226382562447,0.028681021873356,-0.0015560235860684,-0.00134592518679279,-6.39989171258293e-05,0.00103015303661292,0.000102616213944316,1.23127429212355e-05,-0.0264629753612702,-0.54746929860373,0.000379298809422152,0.0301191786657313,0.239313572645187,-0.134320303797722,0.379547238349915,0.307317495346069,1.5859375
1.867,-9.80844355332763e-05,0.000103310687727576,0.0286810628406133,-0.00167103959162784,-0.00158506347278974,-6.39583471402361e-05,0.000738024620722143,6.67968826223774e-05,6.94838465210202e-05,-0.173010131341101,0.134079502913852,-0.000340125090450451,0.0301191786657313,0.335064232349396,-0.0164785385131836,0.182552710175514,0.241800531744957,1.5859375
1.868,-9.74071053996928e-05,0.000103414852547103,0.028681174776624,-0.00169949423604738,-0.00132815151331069,-6.429328622648e-05,0.000618677478184363,0.000141554558910414,0.000154126875758101,0.122535700385691,0.313476529364811,-0.00027007590292556,0.0301191786657313,0.664585590362549,-0.191604167222977,0.0309709887951612,0.146604344248772,1.5859375
1.869,-9.67052731677347e-05,0.00010356940736694,0.0286813984353682,-0.00153299068598882,-0.00142406930754668,-6.41630567006501e-05,0.000784180326971073,0.000166524097302103,0.00029274343564203,0.165803636034109,-0.475563404208345,0.000460315917916288,0.0301191786657313,0.238892585039139,0.233489617705345,0.367481052875519,0.511529088020325,1.5859375
1.87,-9.6061670461968e-05,0.000103763496559659,0.0286815636470173,-0.00142571111494112,-0.00154692171270518,-6.40382414944796e-05,0.000503144012790832,0.000220910412792924,3.82261283848385e-05,0.020224232434044,0.262344207813761,-0.000255243164109081,0.0301191786657313,0.518269181251526,0.00664912536740303,0.287918090820312,0.352254748344421,1.5859375
1.871,-9.55936787986005e-05,0.000103991584154953,0.0286815269688536,-0.00154093105396674,-0.00126021551241831,-6.44201182073978e-05,0.000435071373634033,0.000235958753834447,-0.00011083674205646,-0.21955819973809,0.236569237997249,-0.000418337890349574,0.0301191786657313,0.456292986869812,-0.0766464173793793,-0.0340205803513527,0.202766478061676,1.5859375
1.872,-9.51144612523798e-05,0.000104257820920994,0.0286815128896933,-0.00171091604693501,-0.00134692323452096,-6.45202655280563e-05,0.000522741927984316,0.000297474491394965,8.22335945999958e-05,-0.0766093231633821,-0.383844956586058,0.000235566551973207,0.0301191786657313,0.218049183487892,-0.0139536913484335,-0.066615417599678,0.339623063802719,1.5859375
1.873,-9.46110084213495e-05,0.00010456674472003,0.0286817112342799,-0.0017108270350105,-0.00170092872619643,-6.42508807953135e-05,0.000482238314647851,0.000320395472666512,0.000313792384545817,0.0753495136691466,-0.229482857826078,0.000217697285947072,0.0301191786657313,0.401704728603363,-0.164664506912231,0.0904682278633118,0.456354141235352,1.5859375
1.874,-9.41447245074666e-05,0.000104820372931171,0.0286820567654281,-0.00177507426692811,-0.00171657745271581,-6.43663639317005e-05,0.000450424896995556,0.000187609047891058,0.000376959809846696,-0.187046772899476,0.202882386847204,-0.000440021288533489,0.0301191786657313,0.354779660701752,-0.0146245947107673,0.0429729819297791,0.582118809223175,1.5859375
1.875,-9.370712182004e-05,0.00010495096448183,0.0286824146025055,-0.001985925737754,-0.00138954363206954,-6.49529075578137e-05,0.000426953315174495,7.51774132503665e-05,0.000338626199906398,-0.179362956171582,0.365732017608287,-0.000601132300813408,0.0301191786657313,0.393645823001862,-0.300211429595947,0.147535860538483,0.147470355033875,1.5859375
1.876,-9.33065484257027e-05,0.000105015257339771,0.0286828925707827,-0.00193515656750185,-0.00111480787402766,-6.52933284133184e-05,0.000376119270548352,5.31674734867807e-05,0.00061637416793617,0.266076142272132,0.112875353283701,-2.47878225628465e-05,0.0301191786657313,0.152277752757072,-0.0803245678544044,0.418239206075668,0.50417548418045,1.5859375
1.877,-9.31001882443233e-05,0.000105014768872648,0.0286834785734447,-0.0016841366162142,-0.000881963633819125,-6.54478015018611e-05,3.88788748723802e-05,-5.54302131909746e-05,0.000555458907631129,0.169721617771136,0.291387782256573,-0.00025408704349033,0.0301191786657313,0.279652297496796,-0.133745700120926,0.34439691901207,0.58176600933075,1.5859375
1.878,-9.31682729945991e-05,0.000104864388569192,0.0286839822462896,-0.0017641643723176,-0.000805339218522076,-6.56174586284308e-05,-0.000174090814682051,-0.000244430088613539,0.000451878330667679,-0.306873459730913,-0.157569937919362,-5.04634667206456e-05,0.0301191786657313,0.276155412197113,-0.189250528812408,0.706786036491394,0.283741533756256,1.5859375
1.879,-9.35565354985761e-05,0.000104598041159092,0.0286843783165936,-0.00198385239052193,-0.000887894318040284,-6.57036970839187e-05,-0.000601964027634234,-0.000286899715919354,0.000340345009602585,-0.0744822143276532,0.0124973416784354,-0.000117136588705298,0.0301191786657313,0.461121737957001,0.145500317215919,0.209733501076698,0.622931003570557,1.5859375
1.88,-9.41760760750813e-05,0.00010429038375478,0.0286845641941194,-0.00189117860671869,-0.00123501626637441,-6.53444905887035e-05,-0.000639371474446926,-0.000329012827426497,3.17176947372312e-05,0.235796476522725,-0.615679054076363,0.000729070168358427,0.0301191786657313,0.399488210678101,-0.000490084290504456,0.0128763318061829,0.602727234363556,1.5859375
1.881,-9.48039560929172e-05,0.00010390134368465,0.0286845595682934,-0.00170154283604494,-0.00191009805070605,-6.45933345757577e-05,-0.000620705042479952,-0.000450016436875458,-4.07604274585403e-05,0.0952879526371429,-0.559252615758438,0.000552779168899939,0.0301191786657313,0.55362606048584,0.11435990780592,0.219594091176987,0.48622339963913,1.5859375
1.882,-9.54391436184871e-05,0.000103454768135657,0.0286843821539298,-0.00159346284698519,-0.0020604871855345,-6.43989346502671e-05,-0.000650675550500987,-0.000443924842902649,-0.000313274659831863,0.0938719349750274,0.293663510945969,-0.000217602528861808,0.0301191786657313,0.346028447151184,0.285014808177948,0.207482159137726,0.362361073493958,1.5859375
1.883,-9.61586604786878e-05,0.000103097407007431,0.0286839789002895,-0.00136237769458904,-0.00133377187937157,-6.48395244229327e-05,-0.00078377804217405,-0.000272697328419178,-0.000492642099948509,0.307718429740304,0.963300110693476,-0.000560962426424122,0.0301191786657313,0.886389970779419,0.218679994344711,-0.362913191318512,0.413417011499405,1.5859375
1.884,-9.6676703093601e-05,0.000102872433819055,0.0286834131496643,-0.00120099244403388,-0.00133101405196584,-6.48212073768306e-05,-0.000253757764330005,-0.000178529935771302,-0.000638199943625215,-0.0258952825813442,-0.954905226536346,0.000540808217969397,0.0301191786657313,0.190862089395523,-0.150421977043152,0.0366906672716141,0.00425943732261658,1.5859375
1.885,-9.69924658077884e-05,0.000102753039676275,0.0286829968059043,-0.00135618317927427,-0.00205860246259968,-6.45489051516179e-05,-0.000382073516342891,-5.95796910563637e-05,-0.000195133671665754,-0.242472539404262,-0.309410411473852,-0.000111669345472238,0.0301191786657313,0.12655121088028,0.322162657976151,0.319691926240921,-0.105990439653397,1.5859375
1.886,-9.75441778026534e-05,0.000102923587781326,0.0286828601423839,-0.00119448745704484,-0.00158030234827163,-6.48026853800054e-05,-0.000717820682837988,0.000398742874254314,-7.83566218167177e-05,0.520663718692964,1.13392291580372,-0.000359345865736188,0.0301191786657313,0.764795005321503,-0.0283069685101509,-0.118478156626225,0.471545279026031,1.5859375
1.887,-9.81060214553341e-05,0.000103278209945913,0.0286827284107927,-0.00118344787639363,-0.00105254793251777,-6.51555424000527e-05,-0.000403563361639523,0.000310750473908477,-0.000184834151249905,-0.499859480609074,-0.215889734902554,-0.000215642689950645,0.0301191786657313,0.40976482629776,-0.0448108613491058,0.38909375667572,0.309397518634796,1.5859375
1.888,-9.86019529042491e-05,0.000103592388619895,0.0286824946410617,-0.00185776401461976,-0.00134716076546635,-6.54202733421094e-05,-0.000589783844520235,0.000321764669734962,-0.00028231386549146,-0.671443513642519,-0.296908885637511,-0.000260668468687264,0.0301191786657313,0.371964007616043,0.333781659603119,-0.088677853345871,0.311668545007706,1.5859375
1.889,-9.91624524699878e-05,0.000104038690764516,0.0286822012639276,-0.00196378834088564,-0.00178747891481014,-6.50672894950688e-05,-0.000534182735919301,0.000570994619628387,-0.00030420612032305,0.482934393592906,-0.468808500364264,0.000909190304932546,0.0301191786657313,0.443854928016663,-0.112380139529705,-0.214520439505577,0.259419143199921,1.5859375
1.89,-9.9619559134886e-05,0.000104616525585029,0.0286820415440857,-0.00137514082154282,-0.00218908113297705,-6.41111308179454e-05,-0.00038294762812036,0.000581246847721278,-1.58504011255336e-05,0.538574289298869,-0.231571818933227,0.000752670661866872,0.0301191786657313,0.590368628501892,-0.0361272990703583,0.0180716775357723,0.396931231021881,1.5859375
1.891,-9.99552139590389e-05,0.000105177173054353,0.0286820059982912,-0.00119621237544483,-0.00209272294494759,-6.40179002644459e-05,-0.000288074247838734,0.000539197097101913,-5.51504589848782e-05,-0.228077824081651,0.396069854769127,-0.000586804914896351,0.0301191786657313,0.692025661468506,-0.0399018079042435,0.149478167295456,-0.0729213505983353,1.5859375
1.892,-0.000100200513569825,0.000105831743110006,0.0286819961535762,-0.00140897635614069,-0.00157215176168636,-6.46752362216674e-05,-0.000199609798963617,0.000770816548324848,3.51942450547479e-05,-0.144233766312085,0.507602838297508,-0.000581911336847174,0.0301191786657313,0.683145046234131,-0.0288785025477409,0.199207201600075,0.253692805767059,1.5859375
1.893,-0.000100364919259154,0.000106630269462334,0.0286819725399079,-0.00163509965944165,-0.00128719827494809,-6.5141574251637e-05,-0.000127656337885068,0.000827680190896604,-8.21382521045761e-05,-0.250631534254564,-0.012299131826692,-0.000231789170253004,0.0301191786657313,0.588344275951385,0.115091994404793,0.25286203622818,0.436067581176758,1.5859375
1.894,-0.000100498125845643,0.000107479392020716,0.0286817524150207,-0.00182732498903839,-0.00149518858667782,-6.51475856949801e-05,-0.000140055162794182,0.000871871541944731,-0.00035738328481616,-0.0859250738189042,-0.348083265648482,0.000211580076566819,0.0301191786657313,0.606062293052673,0.0890432223677635,0.336250275373459,0.3687963783741,1.5859375
1.895,-0.000100668098655208,0.000108387240385361,0.0286812550565901,-0.00174198329980757,-0.00177567433260672,-6.4853169684298e-05,-0.00020154263388584,0.00094337697635928,-0.000636447774087186,0.230250816094303,-0.139311992129129,0.000290442022536327,0.0301191786657313,0.144748240709305,-0.110219046473503,0.210804402828217,0.543906152248383,1.5859375
1.896,-0.000100999881026511,0.000109257452810244,0.0286806488973311,-0.00172557456282772,-0.00147445215241638,-6.51764393198029e-05,-0.000459746014995607,0.000797462833748284,-0.000575673767274971,-0.20376769584697,0.659070666973289,-0.000852563803144603,0.0301191786657313,0.523442804813385,0.181797698140144,0.130177944898605,0.230937957763672,1.5859375
1.897,-0.000101448625187156,0.000110158363347487,0.0286800270234503,-0.00165954994823225,-0.00108495813901666,-6.55805478833038e-05,-0.000435515981646084,0.00100369823094608,-0.000667555149365232,0.314069916932959,0.0168193701893315,0.000104916893292566,0.0301191786657313,0.372162908315659,-0.112633183598518,0.299645125865936,0.253922492265701,1.5859375
1.898,-0.000101963960865418,0.000111170961684592,0.0286793845773964,-0.00145674208276025,-0.00124052264020167,-6.53953794107487e-05,-0.000595533979264247,0.00102045064574401,-0.000617242788843469,0.0358507880003502,-0.286791060309425,0.000186414270111889,0.0301191786657313,0.459361732006073,-0.109673291444778,0.18654403090477,0.468579977750778,1.5859375
1.899,-0.000102585800454358,0.000112138348440737,0.028678741576331,-0.00175609150520504,-0.00165691696145217,-6.53528127791958e-05,-0.000650625687220345,0.000916906830277982,-0.000668146379831034,-0.555171046585572,-0.436637378275259,-0.000150802527579435,0.0301191786657313,0.170355901122093,0.0277704484760761,0.115602791309357,0.197484895586967,1.5859375
1.9,-0.000103333788996016,0.000113129538748753,0.0286781833999763,-0.00203331489647084,-0.00175672140767539,-6.55880156412714e-05,-0.00084565235091189,0.0010670336723103,-0.000448477560188702,0.0688591039013357,0.258980351400322,-0.000289260405840381,0.0301191786657313,0.480439692735672,-0.281447291374207,-0.063871905207634,0.707588136196136,1.5859375
1.901,-0.000104133723991011,0.000114036271246599,0.0286777585441114,-0.00220118345527836,-0.00159316107070073,-6.59879701192523e-05,-0.000753581251444741,0.000748263500570346,-0.000401079653938675,-0.36217278958212,0.0224687292403551,-0.000409939808163633,0.0301191786657313,0.512617945671082,-0.250580817461014,0.108446896076202,0.543519854545593,1.5859375
1.902,-0.000104881500475589,0.000114685729557492,0.0286773608668024,-0.00245824351493536,-0.00163880717027141,-6.62199033176769e-05,-0.000742467427925926,0.000552703597196127,-0.000394040477382667,-0.0861677828329502,-0.103881797910647,-4.69163998976739e-06,0.0301191786657313,0.00659686326980591,0.234116300940514,0.0161231383681297,0.490276485681534,1.5859375
1.903,-0.000105739378933254,0.000115299010593659,0.0286770138090795,-0.00198667338154514,-0.0014713576885605,-6.60828490390841e-05,-0.000970823718001677,0.000670217788617768,-0.000300601922601715,0.893956118461251,0.387599333620192,0.000231397429361176,0.0301191786657313,0.353063225746155,-0.577295899391174,-0.206435933709145,0.385647684335709,1.5859375
1.904,-0.000106657988721369,0.00011581331628243,0.0286769843325991,-0.00154370952538653,-0.00142639052268221,-6.58676440785655e-05,-0.000866621691525506,0.000356620937913429,0.000240269904690004,-0.123736594947368,-0.310610250209976,9.8524591663413e-05,0.0301191786657313,0.271765470504761,0.0451681390404701,0.166368544101715,0.319736540317535,1.5859375
1.905,-0.000107606168250715,0.000116210787977987,0.0286772564494868,-0.0017405743022285,-0.00165977514449856,-6.58976403267175e-05,-0.00103100399649236,0.000439424694814732,0.000303667634041414,-0.218980056653756,-0.0981075919142944,-0.000172793691650587,0.0301191786657313,0.314405739307404,0.0647863373160362,-0.215013042092323,0.12957301735878,1.5859375
1.906,-0.000108600198820699,0.000116756208447224,0.0286777332892052,-0.00173522765950786,-0.00185163179156705,-6.57692484389294e-05,-0.000958664180313937,0.000651012176049382,0.00064893897010541,0.225340667798364,-0.237704849015777,0.000386721324149306,0.0301191786657313,0.28342416882515,-0.373024642467499,0.117307879030704,0.356331259012222,1.5859375
1.907,-0.000109631534719766,0.00011731909366448,0.0286785306282727,-0.00183508752008017,-0.00179358770543963,-6.59947788879123e-05,-0.00110358253939636,0.000475918768529285,0.000944644749274471,-0.39893730667097,0.333603398321044,-0.000793755685123316,0.0301191786657313,0.61176598072052,0.0139595232903957,-0.199048981070518,0.302494585514069,1.5859375
1.908,-0.000110618140682962,0.000117839293345588,0.0286795273167219,-0.00206317300752867,-0.00177687247366525,-6.62891654776843e-05,-0.000870358048761721,0.000565785041262678,0.00104796693698704,0.00021030969001716,-0.306124861853463,0.000278712195041151,0.0301191786657313,0.475509941577911,-0.247876346111298,-0.0380935221910477,0.636964678764343,1.5859375
1.909,-0.000111461076762735,0.000118279092836095,0.0286806000963107,-0.00223202348148631,-0.00207000793445448,-6.61994986108638e-05,-0.000817736937511366,0.000315918929147911,0.00109689115123651,-0.293365348171801,-0.205529696538911,-0.000148547591426174,0.0301191786657313,0.695471882820129,-0.142909958958626,0.22469300031662,0.293586850166321,1.5859375
1.91,-0.000112268898166557,0.000118602051133843,0.028681650541682,-0.00221348447810833,-0.00207579885617045,-6.62377037556894e-05,-0.000798197180650894,0.000329927332456736,0.00100368677147668,0.322747600580044,0.191665902876849,6.70910350335292e-05,0.0301191786657313,0.533310055732727,-0.376606106758118,0.0976888909935951,0.517649352550507,1.5859375
1.911,-0.000113065878037618,0.000118804266041899,0.0286826905350272,-0.00204216531169347,-0.00175345417293862,-6.64870897795211e-05,-0.000793987768170252,7.40979503255319e-05,0.00107554471989867,-0.0252818881871116,0.364601163133845,-0.000498801065712327,0.0301191786657313,0.714131474494934,-0.230194687843323,-0.149548158049583,0.403510898351669,1.5859375
1.912,-0.000113729845111285,0.00011882517987898,0.0286838106022463,-0.00208179051495767,-0.00180681820533095,-6.65295326376381e-05,-0.00053506266277346,-3.17743823421872e-05,0.00116380750545267,-0.0435623317314413,-0.457343357343629,0.000410824686674025,0.0301191786657313,0.690546452999115,0.0669097676873207,0.299967586994171,0.638675153255463,1.5859375
1.913,-0.000114276021712997,0.00011875782976482,0.0286847498845551,-0.00208299934927235,-0.00215381911351904,-6.61997068767128e-05,-0.000559506179296392,-0.000102757935241583,0.000715420399628038,0.0414181714047673,-0.147728318504746,0.000150142295774379,0.0301191786657313,0.387697041034698,0.018592081964016,-0.491642653942108,0.402559220790863,1.5859375
1.914,-0.000114710763970169,0.000118675281273897,0.0286856224919601,-0.00188137674774536,-0.00232869625230092,-6.58255069474478e-05,-0.000311713794101823,-6.36957098506672e-05,0.00102864558012911,0.307911312442732,-0.15710894106115,0.000487056723548814,0.0301191786657313,0.610028207302094,-0.130529001355171,0.244742050766945,0.335516750812531,1.5859375
1.915,-0.000115049200902699,0.000118601593862127,0.0286865995414759,-0.00166831008587059,-0.00207720890470458,-6.58585270350009e-05,-0.000363570359874649,-8.49569297368525e-05,0.00092513123660252,0.0624273450098393,0.590414780341035,-0.000534771154957096,0.0301191786657313,1,-0.0380533933639526,-0.27635869383812,0.298917204141617,1.5859375
1.916,-0.00011516911967795,0.000118542008899196,0.0286874952928171,-0.00170197213254815,-0.00203052202444145,-6.6001725178122e-05,0.000122855807434858,-3.41424630659511e-05,0.000866033448209707,-0.120221886121124,-0.507248554445127,0.000272173143066097,0.0301191786657313,0.577118396759033,0.00373311690054834,-0.0551688596606255,0.225804075598717,1.5859375
1.917,-0.000114993550517208,0.000118568231088834,0.0286883922636593,-0.00177342329437367,-0.00241889234112907,-6.57840630817752e-05,0.000225690298589765,8.67192667443533e-05,0.000927328684839646,-0.00428533779861835,-0.167548073457745,9.02710050406858e-05,0.0301191786657313,0.377675831317902,0.00854897499084473,0.170009061694145,0.669202983379364,1.5859375
1.918,-0.000114840602137248,0.000118589387480109,0.0286892179989979,-0.00200915419048263,-0.00200661000356228,-6.65707573639374e-05,8.30769887816752e-05,-4.26836765088438e-05,0.000724126447535729,-0.403847692122479,0.880945653621634,-0.00147862356208009,0.0301191786657313,0.564044952392578,0.314824849367142,0.0693160891532898,0.550145983695984,1.5859375
1.919,-0.000114734768105873,0.000118609349999908,0.0286897631508906,-0.00211225442075394,-0.00127133723374068,-6.75990480836219e-05,0.000132982815119891,8.29228208016369e-05,0.000366757484609102,0.222984597562309,0.397620547718684,-0.000371863626306076,0.0301191786657313,0.674103736877441,-0.371145069599152,0.0790996998548508,0.672950148582458,1.5859375
1.92,-0.000114542125356498,0.000118520090681928,0.028690076418237,-0.00218965189885975,-0.001469006055601,-6.74943948624218e-05,0.000250848128832915,-0.000260185174846796,0.000259890099370125,-0.355528277645438,-0.737005082591077,0.000529852888220226,0.0301191786657313,0.490508854389191,-0.384872853755951,0.116642773151398,0.376201301813126,1.5859375
1.921,-0.000114305255350507,0.000118173789709186,0.0286904069881341,-0.00245663441770312,-0.0022392605073777,-6.68385235975677e-05,0.000218312486321799,-0.00043046769494848,0.000400800657000166,-0.107922085128439,-0.600543059146555,0.000607825241239507,0.0301191786657313,0.488000065088272,-0.258310675621033,0.056935828179121,0.7004075050354,1.5859375
1.922,-0.000114094856278355,0.000117602897567885,0.0286907715560429,-0.00249131023395538,-0.0024184738208832,-6.67076075173689e-05,0.000201489210877283,-0.000710568450596244,0.000328341698485303,0.0491299316191575,0.287646613884653,-0.000394356821292299,0.0301191786657313,1,-0.0215403884649277,-0.0859102606773376,0.549050688743591,1.5859375
1.923,-0.000113710311271951,0.00011686206017577,0.0286909383396255,-0.00212597135972142,-0.00224009522248141,-6.65532171919558e-05,0.000568014675534132,-0.000773406566218547,5.76757362221734e-06,0.5858781014844,0.0235954103409322,0.000623123601946148,0.0301191786657313,0.712183475494385,0.0486877709627151,-0.310830444097519,0.504333734512329,1.5859375
1.924,-0.000112975595790593,0.000116083079516152,0.0286909163897965,-0.00151750822625136,-0.00232624130344991,-6.57871136882093e-05,0.000900429715213612,-0.000788485825571236,-4.95743578037499e-05,0.472120660048816,-0.17020273664416,0.000674596145791338,0.0301191786657313,0.565654814243317,0.105525754392147,-0.343352347612381,0.338535010814667,1.5859375
1.925,-0.000111943172511926,0.000115343832300906,0.0286909175720399,-0.00125342710765983,-0.00241371798656426,-6.54452039858811e-05,0.00116351915665833,-0.000692045460805622,5.17028881886508e-05,-0.00985794636445527,0.0211218916841978,-9.51278204603876e-05,0.0301191786657313,0.573234498500824,-0.084099218249321,-0.164456903934479,0.364474326372147,1.5859375
1.926,-0.000110696802310838,0.000114636634466168,0.0286910137011968,-0.00166811145522086,-0.00217735117498776,-6.62216029407858e-05,0.00133080829379299,-0.000719956718511318,0.000140395164220841,-0.706317752038518,0.392486976856928,-0.00126731196298004,0.0301191786657313,0.726526260375977,0.30866527557373,-0.0530938021838665,0.216510817408562,1.5859375
1.927,-0.000109263573619334,0.00011406648128484,0.0286910555159644,-0.00197385455193535,-0.00184433614207837,-6.6979947920931e-05,0.00153753828604572,-0.00041938917297446,-5.63359148618567e-05,0.174786059249387,0.191052002525411,-9.79707781145552e-05,0.0301191786657313,0.361726135015488,-0.082215279340744,-0.166692093014717,0.277027606964111,1.5859375
1.928,-0.000107691263416918,0.000113667414945929,0.0286911251493169,-0.00168575747939174,-0.00170024102507418,-6.69185154942298e-05,0.00160819765495198,-0.000380704191319157,0.00019492090411074,0.326183984905137,0.0645015055093652,0.000175850608299318,0.0301191786657313,0.574885964393616,0.0154224038124084,-0.330853223800659,0.171841591596603,1.5859375
1.929,-0.000105936412504757,0.000113359823825732,0.0286914351588768,-0.0013424987816453,-0.00198719914332341,-6.64248814632451e-05,0.00189872500138606,-0.000237387510554804,0.000423809703202667,0.27059640933476,-0.553146489222005,0.00063177376191818,0.0301191786657313,0.462293833494186,-0.101218029856682,0.35736346244812,0.384708493947983,1.5859375
1.93,-0.000104128184200229,0.000113094113028826,0.0286917856381493,-0.00149495851938463,-0.00201662495958952,-6.66558175379528e-05,0.00171842649782429,-0.000293044517759288,0.000277312654246244,-0.532384391967517,0.50556148423029,-0.0010700176222696,0.0301191786657313,0.809942603111267,0.314492404460907,-0.119446232914925,0.245712995529175,1.5859375
1.931,-0.000102255527661688,0.000112939244338972,0.0286919492187309,-0.00179118008775943,-0.0017496793823342,-6.72687433538321e-05,0.00202821868214402,-1.5627228550649e-05,5.02899852927755e-05,0.0169284375745069,-0.0343828554661235,-1.91306505655279e-05,0.0301191786657313,0.235139012336731,-0.0618993006646633,0.095382384955883,0.361282914876938,1.5859375
1.932,-0.000100298017800601,0.000112922433725079,0.0286920564239997,-0.00178437441655527,-0.00152840918260598,-6.75473649183189e-05,0.00188882858517228,-1.80382008023555e-05,0.000163939839207303,-0.00505747463728706,0.424054025841747,-0.000487302046201286,0.0301191786657313,0.404663532972336,-0.0661431699991226,0.089497447013855,0.270077675580978,1.5859375
1.933,-9.842199906544e-05,0.000112928026986238,0.0286922585966864,-0.00174001222692592,-0.00121321668841325,-6.78909911950853e-05,0.00186575730860106,2.87102273627382e-05,0.000239894803392669,0.0814961266269605,0.130546294289098,-0.000139363935428306,0.0301191786657313,0.338642954826355,-0.193530321121216,0.32667276263237,0.138021633028984,1.5859375
1.934,-9.66517820158866e-05,0.000112980232740949,0.0286925597455083,-0.00165211369561005,-0.00112188212644167,-6.79895032313915e-05,0.0016761788134833,7.50659762486298e-05,0.000361941479988282,0.0710347730954986,0.0340972703996406,-5.63981328653516e-05,0.0301191786657313,0.248044341802597,-0.155121684074402,0.0144967883825302,0.439764857292175,1.5859375
1.935,-9.50046441850601e-05,0.000113002374068736,0.0286930013326181,-0.00181229619823362,-0.00129085574049077,-6.80056136119767e-05,0.00161762743679738,-2.95438321849511e-05,0.000520646278746191,-0.347906607017751,-0.320922463191423,3.34570997533738e-06,0.0301191786657313,0.461736083030701,-0.0217201951891184,0.512429118156433,0.330693304538727,1.5859375
1.936,-9.35009780116993e-05,0.000112993214838011,0.0286933955706195,-0.00202561393942573,-0.00142743372437441,-6.80941791575407e-05,0.00138980137263375,1.24134691707311e-05,0.000268252308585226,-0.0234432724113468,0.0876584560445825,-0.000184732673879091,0.0301191786657313,0.214409798383713,0.13836658000946,0.274947553873062,0.636492371559143,1.5859375
1.937,-9.22260416002636e-05,0.000112986472185335,0.0286935427692381,-0.00195179855819216,-0.00113452112833087,-6.84329943010376e-05,0.00116265446555049,-2.62815100765348e-05,2.65540196429439e-05,0.151114146514545,0.423919486335034,-0.000428241031436552,0.0301191786657313,0.0422267615795135,-0.187604144215584,0.235751137137413,0.429910749197006,1.5859375
1.938,-9.12099587670841e-05,0.000112904976664439,0.0286936540320991,-0.00186078638742936,-0.00068223526540302,-6.89230428525534e-05,0.000873266849170711,-0.000137003388571398,0.000195502270817325,0.00759583186605633,0.36503603639821,-0.000438047197196061,0.0301191786657313,0.0878811478614807,0.0305028110742569,0.434070706367493,0.31043329834938,1.5859375
1.939,-9.05193291384768e-05,0.000112808716520735,0.0286938376097017,-0.00172072134560695,-0.000479309802520923,-6.91561489576387e-05,0.000510203119708197,-5.65750508728047e-05,0.000171623429484341,0.23518267307507,-0.0099535569672431,1.69655519495885e-06,0.0301191786657313,0.0946325287222862,-0.148488864302635,0.484979420900345,0.186850994825363,1.5859375
1.94,-9.0203108351685e-05,0.000112773367819387,0.028694064819705,-0.00153221362459692,-0.000665612161185386,-6.90087223196301e-05,0.000121685386741606,-1.53370155319723e-05,0.000282507890043027,0.0921319448342979,-0.311729594264185,0.000225497534692454,0.0301191786657313,0.242382764816284,-0.0576694160699844,0.139987856149673,0.253553539514542,1.5859375
1.941,-9.01381487079966e-05,0.000112784351288972,0.028694414672937,-0.00156754558551416,-0.00127392926967283,-6.8593964611896e-05,4.78567914106077e-06,3.74004719630524e-05,0.000416703301227438,-0.152869753603713,-0.742518432668073,0.00046074359961592,0.0301191786657313,0.394213140010834,0.234984964132309,0.410959988832474,0.145736336708069,1.5859375
1.942,-9.02360314822558e-05,0.000112964442964846,0.0286947282535138,-0.00150754826250241,-0.0017247589099711,-6.8213111940274e-05,-0.000202869049554316,0.00032178557226452,0.000210782511169264,0.255384670351726,-0.041746475375442,0.000206135762146315,0.0301191786657313,0.215428233146667,0.254299402236938,-0.036240853369236,0.502626955509186,1.5859375
1.943,-9.0467244675671e-05,0.000113329888879484,0.0286949065399962,-0.00140991414509558,-0.00150457118112489,-6.83601574307247e-05,-0.000257993589423936,0.00040817029658198,0.000146005217690268,-0.0853924191132571,0.420495525400092,-0.000463643403637424,0.0301191786657313,0.215960174798965,-0.0407629087567329,0.0958770513534546,0.425794541835785,1.5859375
1.944,-9.07860849111622e-05,0.000113719373820905,0.0286950864099363,-0.00177591575862631,-0.000999948785860549,-6.9098161200376e-05,-0.000376414900080605,0.000373226597332811,0.000213507476620807,-0.549827164166996,0.453902105520057,-0.000810537479079425,0.0301191786657313,-0.0623676776885986,-0.0300150811672211,0.0443138182163239,0.555708050727844,1.5859375
1.945,-9.12807043442074e-05,0.00011404890566639,0.0286953857370391,-0.00232795684370954,-0.00066142440165906,-6.97851729851706e-05,-0.000610323765735111,0.000289509478271379,0.000384622091016491,-0.410633289351211,0.133618406991474,-0.00038726187597229,0.0301191786657313,0.0870851576328278,-0.262185752391815,0.208665564656258,0.444961786270142,1.5859375
1.946,-9.20107556462533e-05,0.000114267413421903,0.0286958642230973,-0.0024751223355952,-0.000796443664971304,-6.97204048596411e-05,-0.00085028512594763,0.000148765505914782,0.000571707098376543,0.153363586787003,-0.369098546365449,0.000498374698958993,0.0301191786657313,0.0916870012879372,-0.1575867831707,0.393379271030426,0.512617409229279,1.5859375
1.947,-9.30378827025336e-05,0.000114354739160075,0.0286964282520321,-0.0020760876499468,-0.00111356959251849,-6.91664406642367e-05,-0.00120537621766241,2.37467896049751e-05,0.000556019843907096,0.537881583877537,-0.184988951932508,0.000469756092419507,0.0301191786657313,0.441084980964661,-0.358258366584778,0.0462062060832977,0.584702849388123,1.5859375
1.948,-9.42247945245814e-05,0.000114230195733968,0.028697013493889,-0.00183411480379282,-0.00154347411842036,-6.86348817633409e-05,-0.00117147838392678,-0.000273651059534322,0.000614009663216852,-0.11596198256538,-0.56402059936261,0.000399552570566527,0.0301191786657313,0.0858749896287918,0.0828957557678223,0.195095017552376,0.16321425139904,1.5859375
1.949,-9.55326923310132e-05,0.000114056467299896,0.0286977026276739,-0.00168184869605471,-0.00164178971801027,-6.84574813702987e-05,-0.00144467277804134,-7.52119686833977e-05,0.000763567557418773,0.379597752125484,0.387063663424656,-8.35869064761172e-05,0.0301191786657313,0.661342859268188,-0.0093146413564682,-0.422127664089203,0.326485842466354,1.5859375
1.95,-9.67679492604901e-05,0.000114002504038963,0.0286985366903392,-0.0014263546251317,-0.00174901883916256,-6.8224768811298e-05,-0.00102779998928269,-3.43898166352046e-05,0.000903805601512277,0.0647765208531934,-0.574817300626031,0.000441893314260914,0.0301191786657313,0.217752888798714,0.122459508478642,0.193095818161964,0.290717273950577,1.5859375
1.951,-9.78987128397822e-05,0.000114034884840063,0.0286994316565223,-0.00147615134308879,-0.00182815805851259,-6.82858953338084e-05,-0.00123402771881474,9.91573784279522e-05,0.000885696634969834,-0.150779240717749,0.43135357828781,-0.000568069990501523,0.0301191786657313,0.457960367202759,0.358949899673462,0.153948217630386,0.118955671787262,1.5859375
1.952,-9.91518049538832e-05,0.000114319889695457,0.0287002330613473,-0.00138965886122136,-0.00128841598438576,-6.87271609960405e-05,-0.00126907559320167,0.000469553547640668,0.000717051178639206,0.298841590541491,0.500845732183839,-0.000239340651263059,0.0301191786657313,0.177272170782089,-0.431160062551498,-0.162960514426231,-0.0590304136276245,1.5859375
1.953,-0.000100423356223335,0.00011479714509541,0.028701299761791,-0.00140137543502692,-0.00108139550497407,-6.89488147265216e-05,-0.00127308915298519,0.000485115612987952,0.00141406208578741,-0.319084206444656,-0.143828322086161,-0.000147448958571889,0.0301191786657313,0.468491494655609,0.0239680390805006,0.0341416448354721,0.227733224630356,1.5859375
1.954,-0.000101671877598699,0.000115341208031727,0.0287027209588983,-0.00178804813593923,-0.00159126971120574,-6.88347936796951e-05,-0.00122752050432785,0.000605237941793075,0.00142759152263316,-0.353641744395311,-0.743571315697216,0.000350933150085718,0.0301191786657313,0.66381573677063,0.010998360812664,0.513275146484375,0.61657178401947,1.5859375
1.955,-0.000102968164539936,0.000115895216326914,0.0287038637254367,-0.00222036096373343,-0.00204830863075649,-6.8863599884228e-05,-0.00136784129253272,0.000505808191748241,0.000858862102006189,-0.398986687678588,-0.0563229463726494,-0.00044788924230172,0.0301191786657313,0.23926454782486,-0.0732909962534904,-0.101240620017052,0.571675956249237,1.5859375
1.956,-0.000104354987080865,0.000116347871962552,0.0287047602929249,-0.00241397107553056,-0.00178639721199355,-6.94903161702065e-05,-0.00140436952148849,0.000401341643437208,0.000933424437767309,0.0589841585422428,0.503091786616878,-0.000676787185707759,0.0301191786657313,0.130850285291672,0.104324847459793,-0.0237506702542305,0.942588329315186,1.5859375
1.957,-0.000105824726378811,0.000116641520554427,0.0287055869195018,-0.00227288308589014,-0.00116927209871913,-7.02441710043189e-05,-0.00153146779242655,0.000185614310907197,0.000719820505958337,0.184488698058104,0.563252598507276,-0.000652491867439178,0.0301191786657313,0.415590882301331,-0.472218006849289,0.0890996009111404,0.240415215492249,1.5859375
1.958,-0.000107365356638644,0.000116752110882206,0.0287064422048718,-0.00202358462950864,-0.00105569486509781,-7.03192450952628e-05,-0.00154945517094774,3.44549680655017e-05,0.000989618302219678,0.24793967776503,-0.368670922372653,0.000481049851400536,0.0301191786657313,0.47045511007309,-0.241359531879425,0.105673409998417,0.343894898891449,1.5859375
1.959,-0.000108917064361712,0.000116743782421322,0.0287074532122884,-0.00182043303041691,-0.0017683690307171,-6.95029647612699e-05,-0.00155872764592323,-5.21433509051584e-05,0.00103177848165736,0.105111363149682,-0.872161765829594,0.000899815855399535,0.0301191786657313,0.602953433990479,0.135055750608444,0.452649116516113,0.290346801280975,1.5859375
1.96,-0.00011055442589114,0.000116769032504973,0.0287082807280728,-0.00159011006553581,-0.00226218410118778,-6.88301806817115e-05,-0.00171909619945473,0.0001008839255319,0.000623785022010439,0.294161519452995,0.00756443142545282,0.000287223173889281,0.0301191786657313,0.877888917922974,0.0809748470783234,0.0778823271393776,0.190635055303574,1.5859375
1.961,-0.000112170181495904,0.000116955920664744,0.0287087717717196,-0.0013387371607166,-0.00219228795523994,-6.86466803077046e-05,-0.00151252762032033,0.000271296373679673,0.000358203286754825,0.141433050299289,0.108215502461703,2.00965462276834e-05,0.0301191786657313,0.430017173290253,0.103620022535324,-0.484529852867126,0.209387049078941,1.5859375
1.962,-0.000113545891619363,0.000117313420292432,0.0287092644434504,-0.00137013760292992,-0.00215943727804847,-6.877709442632e-05,-0.0012396441265957,0.000443614350780433,0.000626296892943793,-0.196327105108504,-0.0552651512921905,-0.000260774535226082,0.0301191786657313,0.697343587875366,0.312537491321564,-0.126453757286072,0.271527826786041,1.5859375
1.963,-0.000114675619838273,0.000117886906342038,0.028709775741727,-0.00155312780117429,-0.00223990442690218,-6.90020629718902e-05,-0.00102115108168218,0.000703958970701706,0.000396624942400463,-0.123543612770699,-0.0881134352688213,-0.000146751359702701,0.0301191786657313,0.575852990150452,0.00226341746747494,0.00221324525773525,0.399142563343048,1.5859375
1.964,-0.000115661443937655,0.00011859791952784,0.0287101058453797,-0.00184682934472145,-0.00213345559972398,-6.95301154247652e-05,-0.000950261509534752,0.000720013260024294,0.0002637235615061,-0.38782008881443,0.268692364358421,-0.000794561229324779,0.0301191786657313,0.788895130157471,-0.203879937529564,-0.0851999074220657,0.0759633183479309,1.5859375
1.965,-0.000116488126818902,0.000119365179541641,0.0287104148310871,-0.00205773911015937,-0.00203524957983987,-6.9942217910679e-05,-0.000703321728518289,0.000815736366564276,0.000353861254900684,0.0178185796078581,-0.0998753891213479,6.20153092114647e-05,0.0301191786657313,0.646350979804993,-0.354887664318085,-0.210153177380562,0.285620927810669,1.5859375
1.966,-0.000117074080642831,0.00012012676164409,0.0287108724007427,-0.00206211572397326,-0.00227233978871281,-6.97513778264991e-05,-0.000470566155850416,0.000707823216024456,0.000560744338044897,-0.0278130292115783,-0.313170637777228,0.000248503008168933,0.0301191786657313,0.462348401546478,-0.233737856149673,0.0874533355236053,0.547882795333862,1.5859375
1.967,-0.000117570184522263,0.00012074045881811,0.0287113975462166,-0.00220767571551359,-0.00220104146345849,-7.00922342438126e-05,-0.000521215382148323,0.000521037118404318,0.000489443454873306,-0.226355811202233,0.433488856586941,-0.000866666135919375,0.0301191786657313,0.555818915367126,0.108833938837051,-0.316382795572281,0.326244115829468,1.5859375
1.968,-0.00011796896710003,0.000121333942827701,0.028711902581613,-0.00203808216869578,-0.00193738786943686,-7.0302678081724e-05,-0.000275395828408887,0.000664714638845699,0.000520250039213312,0.516912091182232,0.0237032851166282,0.000450706652341544,0.0301191786657313,0.475845754146576,-0.494594931602478,0.21891488134861,0.370222091674805,1.5859375
1.969,-0.000118298075523362,0.00012187804978668,0.0287124664326536,-0.00184094031576389,-0.0017685624060867,-7.03367856620396e-05,-0.000381656738186779,0.000422904008985605,0.000606960378734381,-0.175234704853393,0.267607594326489,-0.000509731660283554,0.0301191786657313,0.529531955718994,-0.109009563922882,-0.376607328653336,0.459168374538422,1.5859375
1.97,-0.000118542423618586,0.00012226762905851,0.0287131359279864,-0.00212068612898744,-0.00195075042102318,-7.04738931762705e-05,-0.000108837235389654,0.00035821949554645,0.00073144540873988,-0.311207929421544,-0.582613018717756,0.000273598501275291,0.0301191786657313,0.330360263586044,0.0380519926548004,0.161408260464668,0.54473352432251,1.5859375
1.971,-0.000118732956194749,0.000122614924304074,0.028713767999706,-0.00228357747085581,-0.00217850190947513,-7.04584614372727e-05,-0.00027323992588257,0.000337505607319601,0.000532895934607295,0.0261612107192473,0.184202828516157,-0.00026940060241914,0.0301191786657313,0.738660216331482,0.178619876503944,-0.233023226261139,0.918265819549561,1.5859375
1.972,-0.000118855782669629,0.000122875476136153,0.0287140590317635,-0.0022494747203345,-0.00220490202006803,-7.04565943365765e-05,2.67441902214851e-05,0.000183785427434099,5.00614489357921e-05,0.0321341563939534,-0.229471665552062,0.000250791182701031,0.0301191786657313,0.41981104016304,-0.156302243471146,-0.0372937507927418,0.408307135105133,1.5859375
1.973,-0.000118830861272484,0.000123032547741674,0.0287141315699461,-0.00209800793041014,-0.0021797965541697,-7.03683264910993e-05,2.32673898453853e-05,0.000129583477156218,9.48684990301164e-05,0.229786459484866,0.272050994977574,-0.000108624240452577,0.0301191786657313,0.541552543640137,-0.127531215548515,-0.0274095758795738,0.488387316465378,1.5859375
1.974,-0.00011877381827742,0.000123117000518032,0.0287141829210532,-0.00193816341720299,-0.00186868439616305,-7.0599762783452e-05,9.25586044114044e-05,3.86014056145065e-05,7.98484891364886e-06,0.048110654844819,0.268575042873923,-0.000305918023055545,0.0301191786657313,0.332031697034836,-0.0439841523766518,0.100866928696632,0.107119888067245,1.5859375
1.975,-0.000118740153218722,0.000123242774577563,0.0287142487849799,-0.00170996846623471,-0.00154399426380048,-7.07898955849551e-05,-2.2970119298688e-05,0.00021121191630225,0.00012344352186098,0.346834661902803,0.294886795721347,-5.3323946551236e-05,0.0301191786657313,0.259326756000519,0.329000532627106,0.25653874874115,0.464634150266647,1.5859375
1.976,-0.000118880953134195,0.00012354010893927,0.0287142043407901,-0.00142116096876636,-0.00127546190347663,-7.08660154127294e-05,-0.000256449062303363,0.000381339522332318,-0.00021146721450632,0.154559359015832,0.171675117968085,-9.601760072822e-05,0.0301191786657313,0.0988956987857819,0.0826266035437584,0.133388698101044,0.230308920145035,1.5859375
1.977,-0.000119263588563564,0.000124001646370534,0.0287140362421769,-0.00147143035785838,-0.00125046673051191,-7.09884739777955e-05,-0.000508178188352717,0.000541787430956755,-0.000124849299250586,-0.242320857517493,-0.128773033919175,-0.000132436485345384,0.0301191786657313,0.408480286598206,0.0383002199232578,0.0512621700763702,0.283998876810074,1.5859375
1.978,-0.000119786963633285,0.000124598444641947,0.0287138913546201,-0.00185959839347071,-0.00173948784286819,-7.09174188138206e-05,-0.000541637035025777,0.000654084604251425,-0.000164733553702118,-0.432829388629075,-0.720174234628798,0.000250720218792062,0.0301191786657313,0.31608048081398,-0.0864827930927277,0.316040754318237,0.347133934497833,1.5859375
1.979,-0.000120457992103321,0.000125260911680852,0.0287136757105433,-0.00225706959019659,-0.00211720509910391,-7.10053273800249e-05,-0.000802236931375005,0.000673381238973617,-0.000266162230286855,-0.260310409394592,0.0597144042279043,-0.00044584277645038,0.0301191786657313,0.226255655288696,-0.0247803255915642,0.0551025047898293,0.467703700065613,1.5859375
1.98,-0.000121342345372362,0.000125932298450251,0.0287134065419147,-0.0023006381208068,-0.00175748800026916,-7.15881283479547e-05,-0.000964191973007008,0.000669840600013241,-0.000272034342097711,0.181665465978677,0.560663816281317,-0.000601889187787187,0.0301191786657313,0.475684702396393,-0.380827307701111,-0.303184568881989,0.716494619846344,1.5859375
1.981,-0.000122206671688503,0.000126425408488425,0.028713196412052,-0.00238083144308546,-0.00166820108720781,-7.18365272835975e-05,-0.000764598592574266,0.000317803955829311,-0.000148391088401423,-0.321223168106162,-0.406155605996587,0.000165344824741947,0.0301191786657313,0.270355045795441,-0.168406322598457,0.455228358507156,0.645760178565979,1.5859375
1.982,-0.000123152497124485,0.000126650971644783,0.0287129134693961,-0.00261119007431035,-0.00175870717687242,-7.20119213704074e-05,-0.00112691834850876,0.000135249384443585,-0.000416638723677189,-0.0803446405233923,0.244032241926371,-0.000496779000890538,0.0301191786657313,0.408724635839462,-0.225392460823059,-0.241744384169579,0.795968770980835,1.5859375
1.983,-0.000124219273301397,0.000126638111468643,0.0287124956207346,-0.00263916928757311,-0.00184087561054369,-7.1989636694525e-05,-0.00100768744563558,-0.000160121061979739,-0.000418823746996595,0.0315841845405883,-0.388564254691253,0.000522171223057544,0.0301191786657313,0.153081893920898,-0.122894108295441,0.162945568561554,0.830154001712799,1.5859375
1.984,-0.000125361860872454,0.000126348892437449,0.0287119944307135,-0.00252128550162536,-0.00192447862716417,-7.18126431804578e-05,-0.00127767320795756,-0.000418526123284982,-0.000582944381547795,0.173620258633777,0.238234654410195,-0.000216525341899944,0.0301191786657313,0.315976947546005,-0.210842311382294,0.0385167114436626,0.533040881156921,1.5859375
1.985,-0.000126691484349985,0.000125858349702472,0.0287114258807165,-0.00222474463349472,-0.00167427148725561,-7.19217008646744e-05,-0.00138015692037042,-0.000564167937754906,-0.000553974200676722,0.342440005402887,0.191966353807073,9.24485507485624e-06,0.0301191786657313,0.586624085903168,-0.319355994462967,0.03856560587883,0.496188431978226,1.5859375
1.986,-0.000128043470462957,0.000125195009231469,0.0287108537940651,-0.00204217778067549,-0.00182610382932041,-7.16572236370006e-05,-0.00132522189618191,-0.000763374083267839,-0.000589838602951897,-0.0225903814799497,-0.458390484407021,0.00041871025586507,0.0301191786657313,0.534261226654053,0.0826852843165398,0.429596900939941,0.575124740600586,1.5859375
1.987,-0.000129473921034641,0.000124423051892202,0.0287100173259346,-0.00205575015861008,-0.00209864913047068,-7.14371273975445e-05,-0.00153731778903802,-0.00078061913093828,-0.00108173294956271,0.00153923902858764,-0.0205852596086339,-4.60276467245165e-05,0.0301191786657313,0.446389406919479,-0.0919853001832962,0.0788143575191498,0.527749001979828,1.5859375
1.988,-0.000131044582095284,0.000123597760012159,0.0287088746741829,-0.00211088970376928,-0.00202637564488095,-7.16528785980053e-05,-0.00160394442233413,-0.000869804452442979,-0.00120293000059174,-0.0944059710008611,0.140792185339852,-0.000338239440499314,0.0301191786657313,0.37609076499939,0.166321724653244,0.0747785717248917,0.679997265338898,1.5859375
1.989,-0.000132699374037634,0.000122714466699619,0.0287075189685681,-0.00213402261544127,-0.00185078736542626,-7.19549204526437e-05,-0.00170477407369094,-0.000896805218545697,-0.00150711598902708,0.0568448006142371,0.158743627498363,-0.000198796677489905,0.0301191786657313,0.511641144752502,-0.00226566195487976,-0.32752999663353,0.240329518914223,1.5859375
1.99,-0.000134300344706807,0.000121881539145599,0.0287061042194605,-0.00182277591103047,-0.0021391681039037,-7.13867878392449e-05,-0.00149973881184872,-0.000771408452053119,-0.00132196106000218,0.485081841167743,-0.662621077405645,0.00115750864486246,0.0301191786657313,0.388111680746078,-0.328220695257187,0.105234637856483,0.705193102359772,1.5859375
1.991,-0.000135866155203915,0.00012093813016226,0.0287047536884664,-0.00191874571605669,-0.00250990769362499,-7.12473796613544e-05,-0.00163428185576621,-0.00111433849677789,-0.00137825506748839,-0.645900418933099,0.0125562105641296,-0.000971906701696811,0.0301191786657313,0.860450148582458,0.0118295736610889,-0.0566590242087841,0.237635716795921,1.5859375
1.992,-0.000137387974291252,0.000119890224445202,0.0287032983871055,-0.00226525792570624,-0.00255542088363045,-7.17405317525177e-05,-0.00141023550013164,-0.000979739999711234,-0.00153142348164664,0.047636696268746,-0.0963582964452568,0.000114310016707042,0.0301191786657313,0.252701014280319,-0.0572212263941765,-0.143603503704071,0.802383959293365,1.5859375
1.993,-0.000138836982999576,0.000118796401462229,0.0287017473045844,-0.00226675048094491,-0.00230383623417269,-7.21239976604338e-05,-0.00148612797276994,-0.0012067165878447,-0.00156970689602591,-0.0458564976087304,0.523806750009753,-0.000779152793946227,0.0301191786657313,1,-0.202859282493591,-0.090330459177494,0.831303775310516,1.5859375
1.994,-0.000140156110062731,0.00011742398005286,0.0286999753031539,-0.00244493301498354,-0.00224570122677964,-7.24747274674087e-05,-0.0011526720350037,-0.0015368233315497,-0.00197266931036201,-0.258287724381124,-0.425582319159536,0.000180543923550449,0.0301191786657313,1,-0.0799209251999855,0.265785843133926,0.465465068817139,1.5859375
1.995,-0.000141249972653465,0.000115864028975288,0.0286977684560217,-0.00232393795741684,-0.00273182645998319,-7.17127506209003e-05,-0.0010386257334622,-0.00158410838396156,-0.00243879722649253,0.471762334415455,-0.421190012054661,0.00116970157388846,0.0301191786657313,0.521852314472198,0.107104510068893,-0.105383023619652,0.606158494949341,1.5859375
1.996,-0.000142268474689629,0.000114264497753614,0.0286952427386437,-0.00169012056672259,-0.00279904622765556,-7.07055519471034e-05,-0.000999150192983344,-0.00161916942553144,-0.00261093185835343,0.633598833496648,0.299313059573252,0.000623154517266583,0.0301191786657313,0.844021379947662,-0.103398859500885,-0.188354849815369,0.463394552469254,1.5859375
1.997,-0.000143129584136159,0.000112597822044912,0.0286925825280165,-0.00138847148118245,-0.00255325594364293,-7.05287541458155e-05,-0.000722458622295467,-0.001716204134819,-0.00270793126943975,-0.102228690248038,0.125348673863336,-0.000308223842680102,0.0301191786657313,0.522730350494385,0.0913958698511124,-0.13528499007225,0.46010959148407,1.5859375
1.998,-0.000143819071981458,0.000110889510832428,0.0286898482241029,-0.00170899730488662,-0.00235948793869676,-7.11900190788484e-05,-0.000655637890449256,-0.00169891345208263,-0.00275915327996813,-0.447479159229089,0.208572821849195,-0.000842854848382458,0.0301191786657313,0.555024743080139,-0.200870931148529,-0.289272248744965,0.180660367012024,1.5859375
1.999,-0.000144386509333934,0.000109200779084705,0.0286872598651061,-0.00205302579561967,-0.00235498514081435,-7.1694888934104e-05,-0.000479787539870506,-0.00167695081712094,-0.00241701262498028,-0.145161110088553,-0.201347297770311,-3.07722709319603e-05,0.0301191786657313,0.407407104969025,-0.264806836843491,-0.0462046712636948,0.559494256973267,1.5859375
2,-0.000144892475872606,0.000107408645345269,0.0286849038536595,-0.00221814337156114,-0.00241638887294364,-7.19132622988283e-05,-0.000532540832354443,-0.00190626494214594,-0.0022940317316763,-0.135592258798504,0.0924978886713985,-0.000361527656299695,0.0301191786657313,0,0,0,0,1.5859375
