Time,x,y,z,alpha,beta,gamma,vx,vy,vz,valpha,vbeta,vgamma,target_z,u1,u2,u3,u4,mass_multiplier
0,0.0001,0.0001,0.0306191786657313,0,0,0,0,0,0,0,0,0,0.0301191786657313,0.059831615537405,-0.0479893423616886,-0.227822154760361,0.0352750420570374,1
0.001,0.000100208707055758,0.000100065829445355,0.030618265771512,-0.000842082834727691,0.000546986068029232,-4.61346516544836e-11,0.000421266480725408,0.000138411866732601,-0.00182215263020277,-1.49167865710077,0.969513639351037,-2.66078428834978e-07,0.0301191786657313,-0.237074941396713,0.178148448467255,-0.328682214021683,-0.568344175815582,1
0.002,0.000100783843109155,0.000100621388917772,0.030615822008032,-0.00170297726974428,0.00168581642695676,-4.33494938167911e-07,0.00073757299932941,0.000977538086485843,-0.00306045824627206,-0.0434210006416631,1.05467056675375,-0.000945593370028178,0.0301191786657313,-0.175015300512314,-0.553000926971436,-0.0183770395815372,0.303030401468277,1
0.003,0.000101604938549721,0.000101405061489251,0.0306119604857502,-0.00218260701981346,0.00242587966128707,-5.92759903383921e-07,0.000910680363591611,0.000594703042511309,-0.00465709340303669,-0.808376769096764,0.262273932838206,0.000757819269517992,0.0301191786657313,-0.530776381492615,-0.488734513521194,0.64214164018631,-0.049452219158411,1
0.004,0.000102218304528837,0.000101982848691271,0.030606506952848,-0.00265630103419696,0.00291014410730879,-5.9567395371829e-07,0.000321842839911826,0.000564999068101009,-0.00624201410591654,-0.0364703638330202,0.597849582471026,-0.000813657301970032,0.0301191786657313,-0.457197695970535,-0.848187267780304,0.122786968946457,0.0727895945310593,1
0.005,0.000102485896352263,0.000102350715427261,0.0305997374860105,-0.00261592608451188,0.00289952025527152,-6.5189860842807e-07,0.000213616115582461,0.000171512368805201,-0.00728990908439167,0.10700975322047,-0.612984243111802,0.00070472888370343,0.0301191786657313,-0.568637609481812,-0.68785572052002,0.292081564664841,0.288525342941284,1
0.006,0.000102526510857146,0.000102301746048808,0.0305917712536119,-0.00253628529444566,0.00216266897804013,2.67781690599378e-07,-0.000137422883794709,-0.000268890033469372,-0.00863384730219146,0.0351955863404766,-0.695828439996538,0.000921007363687441,0.0301191786657313,-0.501458466053009,-0.748799443244934,0.512441158294678,0.573924422264099,1
0.007,0.000102139700769288,0.000101676480679644,0.0305822863781319,-0.00283598219212748,0.00192197441476577,9.11942042769454e-07,-0.000637355795378851,-0.000978003856250141,-0.0103264777026153,-0.563148358854674,0.265470368388774,0.000176813501889496,0.0301191786657313,-0.333954155445099,-0.441417336463928,0.282934784889221,0.261459529399872,1
0.008,0.000101407985500827,0.000100592076013387,0.0305711481971281,-0.00293408828190513,0.00226586658937367,4.4560775869229e-07,-0.000822956524440456,-0.00118976162362258,-0.0119383259884513,0.38985394348492,0.342286655863409,-0.00103685756299518,0.0301191786657313,-0.518247306346893,-0.548937678337097,0.0323798507452011,0.526032447814941,1
0.009,0.00010052324138886,9.91463634532747e-05,0.030558527082219,-0.00250218124862084,0.00240103389157176,-3.29370799079243e-07,-0.00094536036215773,-0.00170431124183258,-0.0132922293218007,0.381707964811975,-0.104018203901928,-0.000363392009455243,0.0301191786657313,-0.721916079521179,-0.744206190109253,-0.0453554391860962,0.230261296033859,1
0.01,9.94669053524656e-05,9.72144534585005e-05,0.0305448695756861,-0.0022320560702409,0.00218669769857351,-4.05422839300229e-07,-0.00116877119768926,-0.00216108286697745,-0.0140120141431122,0.104665725707945,-0.279368598197082,0.00021144056130614,0.0301191786657313,-0.322803497314453,-0.634442269802094,0.0773472934961319,0.250727891921997,1
0.011,9.82871557875551e-05,9.48532878331968e-05,0.0305302701390804,-0.00225850672720987,0.00174252214624899,1.54157165255242e-07,-0.00119468355350734,-0.0025606800151986,-0.0151742356047862,-0.143287897818116,-0.511573863079202,0.00076409959809902,0.0301191786657313,-0.548431932926178,-0.49693375825882,0.332722842693329,0.292352259159088,1
0.012,9.68813975174194e-05,9.21297002899913e-05,0.0305144599121171,-0.00237150786731478,0.00174804823123272,2.39055248485442e-07,-0.00161628120208207,-0.00288568914567521,-0.0164331603825497,-0.0487578646971902,0.514103161168949,-0.000625312397391217,0.0301191786657313,-0.668262243270874,-0.744213402271271,-0.390554010868073,0.0102963000535965,1
0.013,9.52965267473084e-05,8.90952557697975e-05,0.0304979410258682,-0.00228025491253947,0.00205975578706288,-2.69739440117434e-07,-0.00155145675937089,-0.00318453526449817,-0.0165935674870394,0.219644048646759,0.0341966835588546,-0.000295159835348078,0.0301191786657313,-0.250299632549286,-0.73720520734787,0.263331711292267,0.0982728153467178,1
0.014,9.36859889186628e-05,8.57208401306907e-05,0.0304808520274944,-0.00207513638002256,0.00199329286110876,-4.2709541103747e-07,-0.00167049942897072,-0.00356652207026233,-0.0175719173706658,0.154611874614896,-0.156990985483823,4.63546302283043e-06,0.0301191786657313,-0.775770306587219,-0.569422006607056,0.552056849002838,0.0289915576577187,1
0.015,9.16322545081346e-05,8.20493840240298e-05,0.0304628719834692,-0.00182995924923394,0.00243633920064115,-1.18262740933517e-06,-0.00242988346249846,-0.0037784597688985,-0.0183720564750064,0.290430534068634,0.928474359229849,-0.00132112056394496,0.0301191786657313,-0.25555956363678,-0.53411340713501,-0.386674284934998,0.0170524977147579,1
0.016,8.94064038787616e-05,7.81752921572958e-05,0.0304442729564459,-0.00155562340740863,0.00230403009899582,-1.47637722491822e-06,-0.00202462175389657,-0.00397273706860139,-0.0188127031302988,0.207935939583291,-1.16385440830567,0.000723248000937748,0.0301191786657313,-0.697635412216187,-0.948641419410706,0.325872987508774,-0.0332401096820831,1
0.017,8.71135051677157e-05,7.39543077520569e-05,0.0304253503868196,-0.00175898148260107,0.00148447703556571,-6.04742797616353e-07,-0.00256768966472556,-0.00446790786176373,-0.0190196911356972,-0.553441435319753,-0.297022592479867,0.000729086489391632,0.0301191786657313,-0.544121205806732,0.0823397934436798,-0.124124526977539,0.0771572515368462,1
0.018,8.4498045626368e-05,6.9605701873834e-05,0.0304059294328391,-0.00169918108321889,0.00135092055586226,-5.13453222605875e-07,-0.00266490687293142,-0.00423174361093485,-0.0198075628444991,0.669272822425873,0.0513065944781684,-0.000548420149470879,0.0301191786657313,-0.0731400698423386,-0.748230695724487,-0.0268919449299574,-0.138580337166786,1
0.019,8.19312522050573e-05,6.52356966859943e-05,0.0303859432371977,-0.00114621872218594,0.00126350790911261,-8.63833732100971e-07,-0.0024704745328201,-0.00451387705693697,-0.0201512213073503,0.323824286032074,-0.213512990764232,-9.61285511870494e-05,0.0301191786657313,-0.337315589189529,-0.385559737682343,0.0803789719939232,-0.00764832645654678,1
0.02,7.94054240041929e-05,6.06607275916362e-05,0.0303655241644762,-0.000987663390153439,0.00128845941697733,-9.87372520633301e-07,-0.00258142994790786,-0.00463847794914794,-0.0206719072769128,-0.027997833504674,0.248230416808923,-0.000120417142022734,0.0301191786657313,0.0349681973457336,-0.45722097158432,-0.28101459145546,-0.430526912212372,1
0.021,7.70602865543195e-05,5.60942417688712e-05,0.0303448078957316,-0.000887922294072181,0.00107038116799697,-9.49103850178545e-07,-0.00211172037585342,-0.00449688319141762,-0.0207467866110261,0.21790650015932,-0.640439089036638,0.000177502120081413,0.0301191786657313,-0.137577086687088,-0.290676951408386,0.22094002366066,0.268499583005905,1
0.022,7.49034520529887e-05,5.14498243035365e-05,0.030323601427688,-0.00104064509768378,0.000796808512502295,-7.62639407625443e-07,-0.00220470405164195,-0.00479143849879789,-0.021649908134607,-0.471846454177384,0.147465083277604,0.000115232876895028,0.0301191786657313,-0.27152481675148,-0.249713405966759,-0.13921794295311,-0.376617729663849,1
0.023,7.27422116127289e-05,4.67869170161491e-05,0.0303019556833606,-0.00106872296398337,0.00110766876579938,-9.61818220623911e-07,-0.00211600931333161,-0.00453615880564742,-0.0216272245031632,0.433949859457187,0.395434227699649,-0.000501133213897268,0.0301191786657313,-0.314639091491699,-0.427995324134827,-0.0685192048549652,-0.0799762308597565,1
0.024,7.06311107979295e-05,4.21798906695161e-05,0.0302803212080317,-0.000698829918167749,0.0014963364650343,-1.41660328090154e-06,-0.0021036304663734,-0.00468211908462687,-0.0216274631509455,0.235652289157197,0.286690624503562,-0.000309457596190445,0.0301191786657313,-0.254769206047058,-0.444706618785858,-0.131896466016769,-0.153514727950096,1
0.025,6.85872267584198e-05,3.74379638945479e-05,0.0302587657275744,-0.000627674935119944,0.00145097118677348,-1.47027338126549e-06,-0.00198544059761174,-0.00480360301261917,-0.0214695225720411,-0.0946307690065417,-0.371600828641589,0.000195755284833346,0.0301191786657313,-0.439650774002075,-0.219494506716728,-0.411454170942307,-0.324763298034668,1
0.026,6.66910704876608e-05,3.27287496688996e-05,0.0302375695613122,-0.00051605024525737,0.000821085241831046,-1.32933523344647e-06,-0.00181301176277161,-0.00461759438141641,-0.0209094271498515,0.305286426171767,-0.74744589864306,6.71062995089916e-05,0.0301191786657313,-0.309478729963303,-0.527457475662231,0.221777051687241,0.143469795584679,1
0.027,6.47476006112921e-05,2.78849283014259e-05,0.0302166203629552,-0.000720659813911643,0.000660533943791678,-1.23749143376983e-06,-0.00207529363990489,-0.00506884476039286,-0.0209748070977853,-0.649436470666133,0.454240614330785,4.81874200505394e-05,0.0301191786657313,-0.456234514713287,0.0767564177513123,-0.261341542005539,-0.308367788791656,1
0.028,6.26798737885993e-05,2.30190208186251e-05,0.0301958316046491,-0.000699255721916064,0.00125992255705216,-1.56682845942058e-06,-0.00205581978583167,-0.00466569962724516,-0.0205896586233182,0.698053026294626,0.598898261479945,-0.000719019660679618,0.0301191786657313,-0.2210333943367,-0.447423994541168,-0.196435928344727,-0.130495309829712,1
0.029,6.07127107275871e-05,1.82591294505348e-05,0.0301754886017431,-0.000133310435516039,0.00146190418588098,-2.08159072334624e-06,-0.00187786363590074,-0.00485996957321974,-0.0200840358497573,0.318042021887709,-0.245491493884602,-0.00024582070902905,0.0301191786657313,-0.0590812563896179,-0.388730734586716,0.312808573246002,-0.465496987104416,1
0.03,5.87805964972589e-05,1.34479197921553e-05,0.0301555391328375,0.000128197075666877,0.00113326076415846,-2.28358479370527e-06,-0.00198950310478466,-0.00476649000690972,-0.0198023686935052,0.158955025127668,-0.341254795818262,-0.000131959972670025,0.0301191786657313,-0.272501736879349,0.0586723312735558,-0.36565500497818,-0.221246972680092,1
0.031,5.69126596797521e-05,8.80246729868327e-06,0.0301359888078389,0.000295625351209168,0.000552480848767475,-2.4436597754196e-06,-0.00175251344596858,-0.00452803616116445,-0.0192864803299433,0.15052114430833,-0.689601805238073,-0.0001666012366829,0.0301191786657313,-0.437051653862,-0.365718364715576,0.0495863258838654,-0.286820709705353,1
0.032,5.50314293442105e-05,4.24266993770955e-06,0.0301170891097905,0.000116051768723404,0.000483923453779936,-2.43577231273662e-06,-0.00201056770169478,-0.00459142776898391,-0.0185019537048932,-0.452527470340168,0.559484464721748,0.000145393079052453,0.0301191786657313,-0.277882844209671,0.277968287467957,0.150333762168884,-0.344303816556931,1
0.033,5.29210572589679e-05,-9.39852751959672e-08,0.0300986807218414,0.000143235778748646,0.00137966624526721,-2.47831251387609e-06,-0.00220276481403815,-0.00408467718245548,-0.0183027574884983,0.510787305121021,1.01440538830264,-0.000317283025899601,0.0301191786657313,-0.415216654539108,-0.0851733535528183,-0.247166529297829,-0.377430975437164,1
0.034,5.07453456956153e-05,-4.0694276844319e-06,0.030080874288932,0.000689314699279483,0.00185959557729189,-2.92449243044501e-06,-0.00214544963504066,-0.00387275031897578,-0.0173005525700835,0.465424406182755,-0.170093773477602,-0.000549948793757982,0.0301191786657313,-0.726783633232117,-0.160649940371513,-0.0243945494294167,-0.323416024446487,1
0.035,4.84098902229488e-05,-7.90132288519109e-06,0.0300641513966506,0.00079512858988667,0.00150356974407971,-3.20675303777662e-06,-0.00252826297429521,-0.00379347044828166,-0.0161371149188423,-0.265264209502429,-0.465076593390275,3.16870468040025e-06,0.0301191786657313,-0.256328821182251,0.0814284831285477,0.178988710045815,-0.620867013931274,1
0.036,4.57868662803119e-05,-1.14358468928661e-05,0.0300483819584491,0.000702474211875755,0.000917302652971703,-3.3759839892511e-06,-0.00272327960750815,-0.00327713732574706,-0.0153928483169747,0.110753002972792,-0.577906356466406,-0.000290076698539179,0.0301191786657313,-0.0896401703357697,-0.0531450025737286,0.129701837897301,-0.431969672441483,1
0.037,4.30391535269918e-05,-1.45893139314861e-05,0.0300333207062642,0.000741602675155277,0.000419999931297034,-3.60499487195298e-06,-0.00277721408403808,-0.00303186749804139,-0.0147213314651411,-0.0321172794116871,-0.309155815999626,-0.000130520089195981,0.0301191786657313,-0.345757186412811,-0.111917845904827,-0.319667100906372,-0.26177990436554,1
0.038,4.03038964620645e-05,-1.75938219339226e-05,0.0300191945320525,0.000494192726333332,0.000266168577553724,-3.63641087552935e-06,-0.0026956352213403,-0.0029761050094507,-0.0135226089952023,-0.394865249462839,0.029326146500416,5.28945620928224e-05,0.0301191786657313,-0.3067387342453,-0.415840893983841,-0.051963921636343,-1,1
0.039,3.75545230295344e-05,-2.03607749544708e-05,0.0300065865542192,0.000464251744231486,0.000624748255923714,-3.57497318637101e-06,-0.00280083798783313,-0.00255892343510751,-0.0116865621124267,0.349144273602066,0.593773081464607,1.87646596978064e-05,0.0301191786657313,-0.0283108223229647,-0.114980220794678,-0.0732129365205765,-0.30370432138443,1
0.04,3.48306048196892e-05,-2.2879016528286e-05,0.0299953449042743,0.000759614651134426,0.000957324712630546,-3.61604171583707e-06,-0.00264543722211721,-0.0024811501612588,-0.0107913389277718,0.17993732352944,-0.0135488172733108,-0.000112810321982672,0.0301191786657313,-0.0878244042396545,0.0796624571084976,0.316038072109222,-0.577167391777039,1
0.041,3.20793139226084e-05,-2.51366805177022e-05,0.0299849231983481,0.00111250264337387,0.000927830027269055,-3.82646582064439e-06,-0.00285799323031127,-0.00203870589782242,-0.0100461532434628,0.448427867681581,-0.0469946370802913,-0.000269193348833136,0.0301191786657313,-0.350121647119522,0.0367065519094467,-0.0412524044513702,-0.23362435400486,1
0.042,2.91497269066578e-05,-2.71220679933968e-05,0.0299753939445006,0.00118089920097144,0.000793345762687586,-3.96689582560228e-06,-0.00300297461865547,-0.00193361766611909,-0.00900854390786337,-0.319887736405952,-0.19867352594961,-2.6233252083226e-06,0.0301191786657313,-0.216138586401939,0.285238444805145,0.0157957002520561,-0.722274541854858,1
0.043,2.60992145344573e-05,-2.86987682413365e-05,0.0299669419964064,0.00117609241708413,0.000542415127643937,-4.12469046029429e-06,-0.00310102786060168,-0.00122206233618704,-0.00789239668480685,0.314001201775119,-0.252993492135893,-0.000268851997480797,0.0301191786657313,-0.294876217842102,-0.287344127893448,-0.101347386837006,-0.602635622024536,1
0.044,2.29570674346852e-05,-2.98528482324071e-05,0.0299598794376992,0.00115591175797283,0.00034988530933051,-4.26796538421925e-06,-0.00318579677592089,-0.00108669836244276,-0.00623251624091955,-0.344314923947572,-0.0963893069180945,-8.12450616084575e-06,0.0301191786657313,-0.0530494786798954,0.659490704536438,-0.393665075302124,-0.366787195205688,1
0.045,1.99412237596268e-05,-3.05768566900488e-05,0.0299540418426535,0.00118204378249038,-2.68354058262967e-05,-4.49885636344405e-06,-0.00285094922254224,-0.000363474349829725,-0.00544046432139398,0.390514775268927,-0.575448669223941,-0.000379164589806239,0.0301191786657313,0.419906288385391,0.21954371035099,-0.00575573369860649,-0.0775948762893677,1
0.046,1.72795018029269e-05,-3.08818185581104e-05,0.0299487251985255,0.00122162549802894,-0.000626949394150146,-4.93989266248107e-06,-0.00247964217832279,-0.000247207469456109,-0.00518980063547987,-0.317795277418857,-0.490854371594334,-0.000450529623269647,0.0301191786657313,0.0463628806173801,0.314594298601151,-0.0760233625769615,-0.280475050210953,1
0.047,1.48495175273018e-05,-3.09444518364259e-05,0.0299438898071343,0.00090788702267685,-0.000581821586291354,-5.06301682845489e-06,-0.00238101849716894,0.00012366778540402,-0.00447960907954195,-0.23536699907084,0.560037901030989,0.000189322450121029,0.0301191786657313,0.0409718453884125,0.120672360062599,-0.380030661821365,-0.402237057685852,1
0.048,1.26474326174425e-05,-3.06593345843246e-05,0.0299400221059503,0.000796499766761907,1.12018637784236e-05,-4.83263754436081e-06,-0.00201972266750593,0.000446786475118272,-0.00325640470336096,0.0372253015780589,0.479395849769811,0.000194512448061512,0.0301191786657313,0.15172666311264,0.142198175191879,-0.246744751930237,-0.260637015104294,1
0.049,1.08079021054307e-05,-3.00993040633009e-05,0.0299372226800108,0.000874885338044976,0.000174117277875333,-4.78240113199746e-06,-0.00165935818448335,0.000672280483856366,-0.00234257204231764,0.0990017376613376,-0.196270694999548,-0.000117652273918813,0.0301191786657313,-0.277910053730011,0.31124410033226,-0.104839183390141,-0.0731106549501419,1
0.05,9.09116494801984e-06,-2.93231474359305e-05,0.0299353153765388,0.000934750531940345,0.000123336280036571,-4.82541280533155e-06,-0.00177484446201992,0.000879249331451308,-0.0014729535872675,0.00439520188534662,0.100727701769758,3.69721367678113e-05,0.0301191786657313,0.0364572629332542,0.0190900042653084,0.016059810295701,-0.641166806221008,1
0.051,7.33760970122204e-06,-2.82266579280439e-05,0.0299344491690015,0.0010809048530242,0.000177324134700637,-4.82476322938297e-06,-0.00173243216613241,0.00131254221070002,-0.000259700019126785,0.249589166434779,-0.0109515546857395,-4.49510076386708e-05,0.0301191786657313,-0.0265635401010513,-0.0862128660082817,-0.206342875957489,-0.1755231320858,1
0.052,5.69011578632338e-06,-2.69344974074467e-05,0.0299347674006719,0.000889785627678131,-2.3444164673405e-05,-4.94921253935132e-06,-0.00156525062004385,0.00127398310079365,0.000893405506158529,-0.588218538936857,-0.346915920641218,-0.0001908304275136,0.0301191786657313,0.0750760063529015,0.385252267122269,0.189849883317947,-0.215735599398613,1
0.053,4.08010101134989e-06,-2.5458547015888e-05,0.0299358690769928,0.000540313843242403,-0.000152217153606256,-5.03945618302026e-06,-0.00165618766343099,0.0016803006359587,0.00130796487289478,-0.0340997539932742,0.11356719288875,1.6200935270513e-05,0.0301191786657313,0.188263326883316,0.369248002767563,-0.321006387472153,-0.242164805531502,1
0.054,2.63356666532986e-06,-2.35672039908758e-05,0.029937557173157,0.000835334090994753,-0.000323682970555085,-5.08569957524685e-06,-0.00123965590031256,0.0020996634727257,0.00206571210963149,0.546747190289508,-0.418970754651672,-0.000109254618060316,0.0301191786657313,0.00798643007874489,-0.0552598088979721,0.533630728721619,-0.208410143852234,1
0.055,1.17030827572727e-06,-2.14527113805192e-05,0.0299398859760201,0.00103939756018169,-3.62899764079464e-05,-4.88588927760603e-06,-0.00168372837299526,0.00212821059496514,0.00258904491410879,-0.191673974143244,0.917237233540515,0.000503928162861968,0.0301191786657313,0.191039770841599,0.158762589097023,0.158820390701294,-0.45746248960495,1
0.056,-4.929634649318e-07,-1.91166470319431e-05,0.0299428236997138,0.00087078836557845,0.000682518806225079,-4.49056070461751e-06,-0.00163722757597341,0.00254502253510707,0.00328247114314649,-0.112861699399731,0.346617927098317,0.000193471737519779,0.0301191786657313,-0.372095465660095,0.126437142491341,0.153828263282776,-0.0951729863882065,1
0.057,-2.32820202895313e-06,-1.65198328814186e-05,0.0299465423831347,0.000552478302131257,0.000915819940305237,-4.25784724589207e-06,-0.00203088601641353,0.00265202255878781,0.00415022041138061,-0.455004998548738,0.0597851752227455,0.000232483246595945,0.0301191786657313,-0.291272401809692,0.155706003308296,0.159701615571976,-0.241447240114212,1
0.058,-4.52530587615661e-06,-1.37314330710202e-05,0.0299511321452831,0.000275708922765475,0.000708044978211863,-4.17429503141165e-06,-0.00236533567699834,0.00292770218489386,0.00502463528906363,-0.0415880542410105,-0.431567696787116,-6.23986492177326e-05,0.0301191786657313,-0.557340562343597,0.0302131492644548,0.490999221801758,-0.0213684756308794,1
0.059,-7.3129203222687e-06,-1.08024125340945e-05,0.0299565232571345,0.000211743775606173,0.000677218219721441,-4.17256879492456e-06,-0.00320772767245472,0.00293188289245237,0.00575097541376725,-0.0798865331882904,0.365472839484133,5.84163493662534e-05,0.0301191786657313,-0.246889472007751,-0.0268481001257896,-0.277812421321869,0.0554507672786713,1
0.06,-1.04989015556619e-05,-7.91908531690798e-06,0.0299628020756669,3.33842659314395e-05,0.000452845820603496,-4.13011208566516e-06,-0.00316737207932462,0.00283756353364027,0.00679982593293472,-0.242771134811843,-0.767641903584662,3.28205448889778e-05,0.0301191786657313,-0.0669742822647095,-0.346335023641586,0.288731396198273,0.16666367650032,1
0.061,-1.38198808831395e-05,-5.29741175895192e-06,0.0299699024265817,-0.000508446424836569,-0.000253246471541742,-4.06917489792491e-06,-0.00348101173846698,0.00241256709810921,0.00739437613638187,-0.719133016508709,-0.487800317757825,2.19838496518971e-05,0.0301191786657313,0.429638534784317,0.179838389158249,0.353143841028214,0.161496207118034,1
0.062,-1.72954111092423e-05,-2.86476476099781e-06,0.0299771536133473,-0.000705076163832249,-0.000656511686133578,-3.96101492983192e-06,-0.00347476041277122,0.00245510892235896,0.0071039508970232,0.361414592419564,-0.234942990888648,0.000207033854579911,0.0301191786657313,0.0293808132410049,-0.258445471525192,0.116000801324844,0.167200237512589,1
0.063,-2.08422538533875e-05,-5.72336572115703e-07,0.0299845233767914,-0.000290152586724406,-0.000515053408471369,-3.85165370531126e-06,-0.00361854318787112,0.00212773526227696,0.00762922158936547,0.362885252241996,0.471637393895645,1.43639337752409e-05,0.0301191786657313,0.556034505367279,0.139505118131638,-0.267976045608521,0.325243473052979,1
0.064,-2.41563335793126e-05,1.48355069001167e-06,0.0299921271146863,3.19952732109512e-05,-0.000625977745187158,-3.79376543246934e-06,-0.00301327958530757,0.00198229946351007,0.00757326401347028,0.199157251082523,-0.674478194494529,4.28065454290803e-05,0.0301191786657313,0.16544833779335,-0.0663751512765884,0.598576664924622,0.318987846374512,1
0.065,-2.73925792256419e-05,3.30884368285286e-06,0.0299995536009426,-0.000140601407328423,-0.000642102686463571,-3.88946334650697e-06,-0.00345937892686683,0.00167114085493729,0.00727534350076384,-0.507378798215608,0.632923579843459,-0.000240840890296725,0.0301191786657313,0.319878786802292,-0.0094262883067131,-0.236395686864853,-0.0833057090640068,1
0.066,-3.06657175824546e-05,5.02144786757075e-06,0.0300070738842158,-0.000425382221291407,-0.000397237896075492,-4.01111694570133e-06,-0.00308690660002792,0.00175686335324676,0.00775880384303295,-0.00175686498985184,-0.208532341946,3.44567660585468e-05,0.0301191786657313,0.0641432031989098,0.265863716602325,-0.180969998240471,0.180728554725647,1
0.067,-3.36973622757693e-05,6.82860369423276e-06,0.030014927199717,-0.0001440475856211,-0.000752213821411462,-3.87020580472353e-06,-0.0029805133487344,0.00185556265956751,0.00794242959185256,0.491908083092532,-0.426480640798828,0.000222371712609013,0.0301191786657313,0.420711517333984,-0.415762960910797,0.116485491394997,0.234787091612816,1
0.068,-3.66120165543408e-05,8.42689536346942e-06,0.0300229379826753,-0.000221454955541945,-0.00112896209409079,-3.92816226790771e-06,-0.00285341902403003,0.00134363584752303,0.00807339457869678,-0.630249868537147,-0.247550094544985,-0.000373690225732617,0.0301191786657313,-0.0735356211662292,-0.0600735917687416,0.0317171700298786,-0.114681057631969,1
0.069,-3.95761232307874e-05,9.81225396379412e-06,0.030031288192459,-0.000606725167243211,-0.000842789129187424,-4.26781890094929e-06,-0.00307273650898226,0.00143065396012618,0.00861991161602358,-0.0549229298979194,0.74050420746538,-0.000286316082179825,0.0301191786657313,0.507342100143433,0.208903431892395,0.0402718186378479,0.175126597285271,1
0.07,-4.25152103720741e-05,1.12817524669579e-05,0.030039715268495,-0.00033146936200145,-0.000424216525684066,-4.3389274773098e-06,-0.00280387066695925,0.00150611982777155,0.00823007888058076,0.533155770988596,-0.00850830983788069,0.000109057260852853,0.0301191786657313,-0.0196006745100021,0.0735576897859573,-0.215333074331284,0.3516905605793,1
0.071,-4.52953807240538e-05,1.26910966776302e-05,0.0300480275813464,-1.40826601455551e-05,-0.000661406487422005,-4.26252895024959e-06,-0.00275948256723068,0.0013104433109328,0.00838874244774049,0.0223544163360114,-0.418000633181941,-5.01548364133405e-06,0.0301191786657313,0.130130127072334,0.115006886422634,-0.0240187421441078,0.212779462337494,1
0.072,-4.80595484483351e-05,1.39759946286339e-05,0.0300563854992798,-0.000167283284627969,-0.00106624350403884,-4.34518290548525e-06,-0.00277326989594861,0.00126118343184216,0.00832150698824351,-0.296059030075449,-0.304520500630883,-0.000161259718585075,0.0301191786657313,0.313151776790619,-0.135484308004379,-0.256305903196335,0.271404027938843,1
0.073,-5.06806386637699e-05,1.50937712101756e-05,0.0300647552320716,-0.000719196985314729,-0.00146854462336136,-4.65586647102612e-06,-0.00247412056870415,0.000980329376775635,0.00841214716044506,-0.680322584150188,-0.413339812210076,-0.000400558731475008,0.0301191786657313,0.17712539434433,-0.210466057062149,-0.025679063051939,0.242992401123047,1
0.074,-5.31639061640627e-05,1.59285189875378e-05,0.0300732012675011,-0.00127517792598655,-0.00145068656695225,-5.17243550035573e-06,-0.00249302177539561,0.00069506216583117,0.00847410146184711,-0.304934540020208,0.434532312921025,-0.000562580224252884,0.0301191786657313,0.660198092460632,-0.210897892713547,0.0748104304075241,0.359500050544739,1
0.075,-5.55066504740068e-05,1.6440911547265e-05,0.0300814182162484,-0.00129098650629806,-0.00109634975848609,-5.4690509805333e-06,-0.00219097826322115,0.000331010352345771,0.00795563334063844,0.273545910827591,0.184270061591526,1.62609152619971e-05,0.0301191786657313,0.557652115821838,-0.0532907545566559,-0.107762888073921,0.519550442695618,1
0.076,-5.75110112114835e-05,1.65849016286236e-05,0.0300890878650828,-0.0008494415131081,-0.00123415178637421,-5.14771018300664e-06,-0.00182047245068434,-4.59260038730047e-05,0.00737979429933623,0.504303597634559,-0.432306226052803,0.000523488284446059,0.0301191786657313,0.346820443868637,-0.0562432706356049,0.189323589205742,0.415324151515961,1
0.077,-5.9360251028547e-05,1.63809766495664e-05,0.0300961730539131,-0.000422973857630231,-0.00139972388843043,-4.78151174432284e-06,-0.00187986187760383,-0.000364736535146344,0.00678748340203781,0.250143342826604,0.132428784523394,0.000143264629214989,0.0301191786657313,0.36597466468811,-0.243580237030983,-0.377058476209641,-0.0385037809610367,1
0.078,-6.10346085356342e-05,1.59582345411533e-05,0.0301031196891069,-0.000250773996427074,-0.00147468445914511,-4.65800443150144e-06,-0.00147102214782923,-0.000482090133920522,0.0071003718549527,0.0555202071299433,-0.269068650941136,6.39483015843225e-05,0.0301191786657313,0.375778347253799,0.011973817832768,-0.41148453950882,0.116975180804729,1
0.079,-6.22881497569658e-05,1.54556964990906e-05,0.0301102134495996,-0.000258386767552426,-0.00186565626072184,-4.63278106899168e-06,-0.00104112032573351,-0.000522967249340807,0.00708249070035445,-0.0670863151982361,-0.4247426999597,-2.6280740997377e-05,0.0301191786657313,0.663650631904602,0.0785784870386124,0.103319771587849,-0.0139932557940483,1
0.08,-6.32150301476943e-05,1.49922702940868e-05,0.0301169849651265,-0.000203234683711575,-0.00198196424206501,-4.57190191616164e-06,-0.000814505975745753,-0.000404803319157541,0.00645750208129216,0.165267945029357,0.214846153754321,0.000137562090329444,0.0301191786657313,0.750579357147217,-0.372192621231079,-0.614237844944,0.117955356836319,1
0.081,-6.35899945615063e-05,1.44088876504704e-05,0.0301234931603922,-0.000439545607297454,-0.00213926347976857,-4.82359429643253e-06,6.09889976539538e-05,-0.000759278544949007,0.00655433070953135,-0.578938032218743,-0.492246366403506,-0.000576963446155152,0.0301191786657313,0.428308546543121,0.407364785671234,-0.26719057559967,0.133451119065285,1
0.082,-6.33670919842988e-05,1.37893585616767e-05,0.0301297612412842,-0.000527690780011946,-0.00224842562867698,-4.91438548522183e-06,0.000383062355931311,-0.000480026075590124,0.00597926601818048,0.42207525140953,0.297373195198772,0.000415754017757034,0.0301191786657313,0.376150667667389,0.0606100261211395,-0.200465321540833,0.166369840502739,1
0.083,-6.28664303310171e-05,1.32895929685389e-05,0.0301355589912784,-6.19483910963579e-05,-0.00157783888089163,-4.52488149749186e-06,0.000623545504468937,-0.000523561016122476,0.00561321880877956,0.40192019132247,0.886491209650293,0.000299737973257611,0.0301191786657313,0.577473878860474,0.0666211470961571,-0.443045496940613,-0.0363843217492104,1
0.084,-6.19265512234758e-05,1.28194571936743e-05,0.0301410732137409,0.000265881479906061,-0.00119066729261446,-4.29820097247458e-06,0.00125800082022699,-0.000419964329196367,0.00541203875520879,0.179509992991405,-0.196441540560872,7.07275849159232e-05,0.0301191786657313,0.0475262254476547,0.409925252199173,-0.00787630304694176,-0.2409847676754,1
0.085,-6.07390001315759e-05,1.266711137165e-05,0.0301463551826723,0.000639876304604943,-0.00114397767143367,-4.0495108355465e-06,0.00111825858021329,0.000110663598312852,0.00514907084373942,0.480810024951679,0.281159441883983,0.000381986440256284,0.0301191786657313,0.21966478228569,0.210245281457901,-0.327289015054703,-0.389405608177185,1
0.086,-5.94879997526779e-05,1.30141240337453e-05,0.0301515588037663,0.000982828541442996,-0.00111548141458147,-3.85812374137373e-06,0.00138364684876356,0.000579218344780751,0.00525442740681579,0.125412430155019,-0.225646780395622,-6.24711929752218e-05,0.0301191786657313,0.166905850172043,0.0528527647256851,-0.126076549291611,-0.486867368221283,1
0.087,-5.80760335841742e-05,1.38011393852722e-05,0.0301568980652424,0.000788531755487361,-0.00129836295133863,-4.10569766984281e-06,0.00143906266986828,0.000995767432789629,0.00542009315517189,-0.469336185345628,-0.0933870584088749,-0.000391554949942617,0.0301191786657313,0.0442440360784531,0.387997150421143,-0.147001370787621,-0.195862948894501,1
0.088,-5.66501952744152e-05,1.50320387383811e-05,0.0301622032245878,0.000270942760349973,-0.0011771122902058,-4.45930856773913e-06,0.00141418665821472,0.00146985203197018,0.00518708227182784,-0.448318903529573,0.310838388307581,-0.000260761257273958,0.0301191786657313,0.0997216403484344,0.28869816660881,-0.113263502717018,-0.160231411457062,1
0.089,-5.52331708850568e-05,1.66958712313993e-05,0.0301672546082713,-2.65127732433865e-05,-0.000819461092803106,-4.62900265274513e-06,0.0014233524552607,0.00185973855141957,0.00491306796536071,-0.0835228948185388,0.325490604842663,-6.0497454729729e-05,0.0301191786657313,0.408390700817108,-0.0375724397599697,0.181168973445892,0.069073885679245,1
0.09,-5.37916508183102e-05,1.85319745467937e-05,0.0301718247674076,-0.00029507326715694,-0.000674390940555959,-4.75542218492109e-06,0.00146131716371015,0.00181548312141868,0.00422606172980825,-0.39559805213368,-0.063825633583384,-0.000153767137689991,0.0301191786657313,0.212026759982109,-0.0462427288293839,-0.230603218078613,0.214528918266296,1
0.091,-5.22240573903597e-05,2.02726695961586e-05,0.0301758838973229,-0.000776636510665403,-0.00107179759475257,-4.86320707349108e-06,0.0016705727347696,0.00167091306928002,0.00389019522826916,-0.460049048877656,-0.632270400042405,-1.89385218364939e-05,0.0301191786657313,-0.175759553909302,-0.245978116989136,0.342312812805176,0.220507740974426,1
0.092,-5.0844338258452e-05,2.17992518026137e-05,0.0301796005564886,-0.00118453236758176,-0.000924714295063976,-5.2454637637922e-06,0.00109216135134251,0.00138699964836893,0.00354164907783604,-0.265932542052873,0.891954710298882,-0.000731486012049282,0.0301191786657313,0.447046190500259,-0.292129725217819,-0.337810456752777,0.168424129486084,1
0.093,-4.95040869934055e-05,2.30534195181047e-05,0.0301830251095804,-0.00119730791956795,-0.000659384307341454,-5.45407662189135e-06,0.00158961092801817,0.00112261211861275,0.003305805817547,0.237944376863999,-0.414977036375309,0.000338667986001435,0.0301191786657313,0.187036871910095,-0.250398129224777,-0.435197561979294,0.120059534907341,1
0.094,-4.77345131986513e-05,2.40771447963288e-05,0.0301863484940534,-0.00074661375276599,-0.00144260075478758,-4.79730959401792e-06,0.00194255476404048,0.000921849635654449,0.00333870263730221,0.554542296869038,-0.962535723243801,0.000811888062671387,0.0301191786657313,0.517474770545959,-0.0658799111843109,0.0588208511471748,0.219145178794861,1
0.095,-4.56972869543103e-05,2.49222784842118e-05,0.0301892658827697,-0.000267446956447202,-0.00204294779853218,-4.16798403879426e-06,0.00212690725839069,0.00076505980869547,0.00249651720196961,0.290864999838382,-0.0951783464784778,0.000320440745094303,0.0301191786657313,0.134553790092468,-0.0152679532766342,-0.10485103726387,-0.425669461488724,1
0.096,-4.35684958619013e-05,2.58822499103366e-05,0.0301917791296444,0.00024205027818916,-0.00140481945774663,-3.66467860724029e-06,0.0021368392489938,0.00114884642011238,0.00252811026718952,0.604684547682052,1.22118650371063,0.000609357303196886,0.0301191786657313,0.563634693622589,-0.116122119128704,-0.315108954906464,0.168922290205956,1
0.097,-4.11462540077084e-05,2.69340096521868e-05,0.0301940430106981,0.000142274801799087,-0.000601100738809489,-3.53493683835637e-06,0.00271373653001843,0.000956404109724725,0.00199943279085372,-0.780164693998422,0.209400439423438,-0.000255528919294773,0.0301191786657313,0.132741928100586,0.2690349817276,-0.0823971778154373,-0.17472916841507,1
0.098,-3.84000681363538e-05,2.80994793369998e-05,0.0301958329074489,-0.00043249261621886,-0.000552102295296848,-3.71996831383115e-06,0.00277976308812842,0.00137859155943088,0.00158030543716594,-0.241238452317131,-0.113555775703439,-6.09905578975135e-05,0.0301191786657313,-0.0650074109435081,0.148715689778328,0.381080090999603,-0.11164178699255,1
0.099,-3.5850989834775e-05,2.96233439347816e-05,0.0301971185206741,-0.000384302329417851,-0.000259350680376362,-3.80193862525857e-06,0.00232259523388761,0.00166869406389186,0.000991177521979546,0.320732858320498,0.637004389529155,-0.000103542090814484,0.0301191786657313,0.140215635299683,0.121664613485336,0.0332930535078049,-0.0881966352462769,1
0.1,-3.35228787380269e-05,3.14134634246536e-05,0.0301978704363348,2.41265136394431e-05,3.94797620422885e-05,-3.85321667284444e-06,0.00233689418022933,0.00190802290002972,0.000513444400517085,0.395887687363491,-0.0995219710233064,-2.54676901709226e-05,0.0301191786657313,0.0466003566980362,-0.383275896310806,0.274530410766602,0.00139442784711719,1
0.101,-3.13113410828762e-05,3.31972266420892e-05,0.0301982480433405,-0.00022590008250139,-0.000147680784898408,-3.88526403449774e-06,0.00208582845419512,0.00166272543519047,0.000242098850635982,-0.840397136483232,-0.224157471950552,-5.60461480287742e-05,0.0301191786657313,-0.480585813522339,0.14619679749012,0.205440670251846,-0.250860244035721,1
0.102,-2.95371308942928e-05,3.50658861770638e-05,0.0301984763399549,-0.000708939940965325,5.30741489707808e-05,-4.01823535156609e-06,0.00146633084019032,0.00207838655037627,0.000214401522105151,-0.0204630925472167,0.582190510036954,-0.000241798483000831,0.0301191786657313,0.0665543898940086,-0.268812298774719,-0.130639061331749,0.167839348316193,1
0.103,-2.80164534124676e-05,3.70228717198986e-05,0.030198595163768,-0.000908679191475029,9.78133305263613e-05,-4.02431059809416e-06,0.00157563493837197,0.00183853908875151,2.36623071580566e-05,-0.337466794385048,-0.495774094689703,0.000248310078197483,0.0301191786657313,-0.228050485253334,0.0430188477039337,0.374383985996246,0.181043341755867,1
0.104,-2.67121816081967e-05,3.8868286971404e-05,0.0301983133968162,-0.00102326009644305,-0.000106952394277765,-3.93035043000367e-06,0.00103307070901647,0.00185382675164671,-0.000585367951058693,0.127952866826624,0.135768831282372,-8.47400265862245e-05,0.0301191786657313,0.0897735208272934,-0.336462944746017,0.398880392313004,0.37832835316658,1
0.105,-2.58314554146837e-05,4.04987028971781e-05,0.0301973628303349,-0.00115898865971201,9.15761370836433e-05,-4.05718206364369e-06,0.000731034305143612,0.00140965789992945,-0.00131350559582486,-0.371540802917021,0.217427342197065,-0.000135368082242876,0.0301191786657313,-0.01907854154706,-0.513829588890076,0.27884429693222,0.015248529613018,1
0.106,-2.52427994448008e-05,4.17677728926434e-05,0.0301959856934779,-0.00146934466817366,0.000231906767826061,-4.14376970159225e-06,0.000448488967850021,0.0011323107044881,-0.00143942896470074,-0.181662854882673,0.0329982938331969,-1.95307895616707e-05,0.0301191786657313,0.0122487917542458,-0.214527070522308,0.149010866880417,0.357219249010086,1
0.107,-2.48699185676097e-05,4.27488405897177e-05,0.0301942735929594,-0.00148599233381763,2.14945921445166e-05,-3.98110872579238e-06,0.000296482812533832,0.000832063957050512,-0.0019804192164747,0.147196061815878,-0.400769418490426,0.000308341248648577,0.0301191786657313,-0.143185526132584,-0.225373819470406,0.237932816147804,0.13293394446373,1
0.108,-2.47545540235053e-05,4.35143367961128e-05,0.0301921419246137,-0.00107639707249281,-0.000210001982902641,-3.78848337634352e-06,-6.68288524875319e-05,0.000696015739015473,-0.00228082350588204,0.573250574617612,-0.0089126213982017,5.56947120108029e-05,0.0301191786657313,-0.159386962652206,-0.564910113811493,-0.0426772646605968,0.519185066223145,1
0.109,-2.48987851291915e-05,4.38417198642086e-05,0.0301898133714473,-0.00114415211864871,-0.000193866333129102,-3.81952150041442e-06,-0.000221189413335451,-3.8862091986763e-05,-0.00237448411432958,-0.69077779935398,0.0368677649155653,-0.00011175070563335,0.0301191786657313,-0.0320164114236832,-0.0452507808804512,-0.112586125731468,-0.294977158308029,1
0.11,-2.51180158021509e-05,4.39797623643751e-05,0.0301874856576076,-0.00113907474300278,-0.000304400009390513,-3.7505723291531e-06,-0.000218300601476626,0.00031421531512145,-0.00227957533185801,0.696346099831233,-0.232152336724433,0.000245446678072325,0.0301191786657313,-0.130462393164635,-0.243319526314735,-0.346719622612,0.243003994226456,1
0.111,-2.52846520413772e-05,4.4165673600626e-05,0.0301852563712248,-0.000615886515459515,-0.00066300663701115,-3.47992858307222e-06,-0.00011832841602439,5.39066347365281e-05,-0.00217781486699426,0.229255690856498,-0.401811567183331,0.000202937573422454,0.0301191786657313,-0.0739618092775345,-0.20225927233696,-0.211010679602623,-0.183791771531105,1
0.112,-2.53927585393618e-05,4.42706773242566e-05,0.0301832077313736,-0.000418952361220169,-0.000876263245175789,-3.34643228017129e-06,-9.97792274910037e-05,0.000154193803001201,-0.00191880666152029,0.118983285014614,0.0231883249952757,3.61965467029638e-05,0.0301191786657313,0.0598945915699005,0.11998575925827,0.178990811109543,-0.100737705826759,1
0.113,-2.55862980031617e-05,4.45678211173083e-05,0.0301810592209874,-0.000250885458834462,-0.00043245129694839,-3.37369405301047e-06,-0.000283135059678824,0.000438123818054781,-0.00237573874580596,0.176815261690209,0.758297125531023,-7.76656428557462e-05,0.0301191786657313,0.34125953912735,-0.126780048012733,-0.292471498250961,-0.190697282552719,1
0.114,-2.56460828995602e-05,4.50825938228141e-05,0.0301786648009333,-0.000260399988954064,-0.00026089971799864,-3.40766117190583e-06,0.000163803157092138,0.000591267564882384,-0.00241142251455239,-0.194083768795438,-0.451728124553231,2.13670211934708e-05,0.0301191786657313,0.00808758288621902,0.0977917686104774,0.071090891957283,-0.0820127874612808,1
0.115,-2.55437194638564e-05,4.58006176004158e-05,0.0301760968027932,-0.000473614671106389,-0.000609830677711905,-3.40926662145691e-06,3.83365510964272e-05,0.00084612858355787,-0.00272202481746984,-0.185146422014219,-0.165848242579834,-3.41891733554701e-05,0.0301191786657313,-0.109842821955681,-0.186062812805176,0.00973268877714872,0.00180702295619994,1
0.116,-2.55951446209722e-05,4.66318132396823e-05,0.0301733721296308,-0.000835520842301619,-0.000476188378044093,-3.5962917901422e-06,-0.000139613209388863,0.000819706229404215,-0.0027254672699726,-0.455775050984474,0.40022653739269,-0.000317350369252281,0.0301191786657313,0.125720396637917,0.140215486288071,-0.372606813907623,-0.153921157121658,1
0.117,-2.55692034800869e-05,4.76412418666654e-05,0.0301706399710025,-0.000826690320370343,-0.000453614133700323,-3.62262353936771e-06,0.000190780003566512,0.00119836579342009,-0.00273699684568989,0.465573333114515,-0.357914763959217,0.000261768290781683,0.0301191786657313,0.0965604558587074,-0.298789292573929,-0.177073895931244,0.341948390007019,1
0.118,-2.53083071902429e-05,4.86477454939982e-05,0.0301678164487593,-0.000825480414783738,-0.000867230717163521,-3.48808733674488e-06,0.000327209484596791,0.000816000376567227,-0.00290767042591649,-0.4636477913569,-0.372236640324262,-6.81828298630368e-05,0.0301191786657313,-0.147414714097977,-0.535037994384766,0.0530654788017273,-0.060235258191824,1
0.119,-2.5110735290659e-05,4.93467227298022e-05,0.0301650817743238,-0.00142886589429247,-0.00067271067714977,-3.93912115015382e-06,7.03287233113682e-05,0.00058788839295913,-0.00256065899939184,-0.604022844426154,0.713470062643399,-0.000797366807001314,0.0301191786657313,0.464162349700928,-0.350472271442413,0.00519368052482605,-0.0416965782642365,1
0.12,-2.48920967003003e-05,4.989873601776e-05,0.0301624006602528,-0.00165402663418014,-0.000251877990434499,-4.38624650289654e-06,0.00036981036700684,0.000518407876319256,-0.00279913218896128,0.201958845886073,0.0329737884111503,-1.95577753522727e-05,0.0301191786657313,0.279672771692276,-0.719219863414764,0.0214541051536798,-0.147771775722504,1
0.121,-2.44501962179151e-05,5.02747145761726e-05,0.0301597385751706,-0.0013098745173262,-0.000465690560893868,-4.17339413028017e-06,0.000511486248671758,0.000232366146401571,-0.00252481238800479,0.403758395509013,-0.406426701216491,0.000376252703633962,0.0301191786657313,-0.240527883172035,-0.343722224235535,0.235177576541901,0.286897987127304,1
0.122,-2.41689423442626e-05,5.03328351364247e-05,0.0301571581476619,-0.00107040768431596,-0.000327183537502297,-4.20003575563044e-06,5.34992655714983e-05,-0.000117240546785502,-0.002634039973051,0.0201885304423394,0.648934748158147,-0.000393895129884379,0.0301191786657313,-0.140105381608009,-0.183148965239525,-0.34533953666687,-0.139178663492203,1
0.123,-2.40608046007043e-05,5.02751455145845e-05,0.0301547642623755,-0.000825906938319094,3.70876472889486e-05,-4.41613704005306e-06,0.000165653662042227,-5.26159918170149e-07,-0.00215326333686404,0.410784361290858,-0.00370348746252428,-2.45158298960625e-05,0.0301191786657313,-0.0607245564460754,-0.256955832242966,0.417959064245224,-0.0992138981819153,1
0.124,-2.41117190757285e-05,5.0278962131759e-05,0.0301525395571693,-0.000513030468018194,0.000186183869432997,-4.49575080940789e-06,-0.000265570309861782,5.48660127456776e-06,-0.00229442787736094,0.142077675820041,0.266289765538527,-0.000106975210301048,0.0301191786657313,0.024588193744421,-0.226322561502457,-0.287937700748444,-0.0167370028793812,1
0.125,-2.42710021506873e-05,5.02637520314427e-05,0.0301503771861965,-0.000642160403700018,-0.000147959627906923,-4.40905738585684e-06,-5.64182151940913e-05,-3.47044391953734e-05,-0.00202947583032025,-0.368728685504215,-0.853938362382947,0.000252400480715593,0.0301191786657313,-0.217862010002136,0.124188497662544,0.276444971561432,-0.0350695513188839,1
0.126,-2.4561681638086e-05,5.03631233214119e-05,0.0301482268434545,-0.000814224358043497,-0.000541676634078013,-4.30277495988562e-06,-0.000527088069354017,0.000234204385339039,-0.00226915088411891,0.063056405925059,0.154206389455751,-6.78066579682329e-05,0.0301191786657313,0.0679619461297989,-0.502780079841614,0.0964064449071884,0.0405570417642593,1
0.127,-2.51375357707085e-05,5.04491256229046e-05,0.0301460177135295,-0.00107664125582916,-0.000262655605635504,-4.5113515985129e-06,-0.000621885012019505,-5.83346351090388e-05,-0.00214824883295303,-0.52318405780328,0.335558855952626,-0.000290278746722772,0.0301191786657313,0.123861536383629,-0.380705624818802,-0.189979285001755,0.0229366403073072,1
0.128,-2.56633008135824e-05,5.03098695936587e-05,0.030143983137847,-0.00153073085634833,-0.00027797638167597,-4.55401857513138e-06,-0.000430475914150395,-0.00021593596159402,-0.00192010798010942,-0.279352383885452,-0.362123882802069,0.000243908421484403,0.0301191786657313,-0.392758369445801,-0.234340265393257,0.183071881532669,0.342482447624207,1
0.129,-2.63615679375088e-05,4.99516807823383e-05,0.0301420542728166,-0.00164890097736182,-0.000155011649036832,-4.70673870545113e-06,-0.000963842267359105,-0.00049880531263861,-0.00193625770577888,0.0708454730556112,0.574541902817302,-0.000529482527125571,0.0301191786657313,0.348568499088287,-0.0848881006240845,0.244236946105957,0.33261501789093,1
0.13,-2.73101613452336e-05,4.93731474642298e-05,0.0301397451693738,-0.00129776744213196,9.64664773211033e-05,-4.95649910137175e-06,-0.000931559097596666,-0.000661082832705504,-0.00267865829247068,0.54974527954603,-0.131731621799277,4.68745388133986e-05,0.0301191786657313,0.121442168951035,-0.377139776945114,-0.0956804975867271,0.282403588294983,1
0.131,-2.81823335022809e-05,4.85232393384933e-05,0.0301370549902713,-0.000962019472804668,-0.000450557410911567,-4.65270565319642e-06,-0.000818068686246847,-0.00104094543038947,-0.00269986734837988,0.0470648196523351,-0.834871892072262,0.000432669989280545,0.0301191786657313,-0.264396190643311,-0.267459601163864,-0.129278689622879,0.0123212486505508,1
0.132,-2.91016491312602e-05,4.74421102811618e-05,0.030134574625473,-0.000926358568838617,-0.00094849594058839,-4.39885192848877e-06,-0.00102451938463471,-0.00112175087205922,-0.00226044218143108,0.0192985695207068,-0.0502008557773617,1.71016557165935e-05,0.0301191786657313,0.107208095490932,-0.516994595527649,-0.14788319170475,0.059181671589613,1
0.133,-3.00765483255221e-05,4.61586793663798e-05,0.0301324808869933,-0.00115121564100864,-0.000832415919394131,-4.59445978906459e-06,-0.000924898535397991,-0.00144267601333378,-0.00192658576954022,-0.411026462576662,0.251243349171794,-0.000363850819648728,0.0301191786657313,-0.0639242231845856,0.0335166305303574,-0.493738114833832,0.0542387813329697,1
0.134,-3.08770494568462e-05,4.47855601442981e-05,0.0301307128761107,-0.00114310993512322,-0.000690539649202597,-4.71022833359314e-06,-0.000675835100485636,-0.00130446701952141,-0.00160910028375437,0.427055787486583,-0.00216647745222382,0.000144124066781622,0.0301191786657313,0.0345531553030014,-0.0874741971492767,0.0874971449375153,0.265315413475037,1
0.135,-3.1622276634443e-05,4.34081384421182e-05,0.0301289646771012,-0.0007275170626552,-0.000475027173573702,-4.68897174998872e-06,-0.000812902222611947,-0.00145430673192694,-0.00188592903362355,0.310693958026603,0.379979668946954,-8.90154658967788e-05,0.0301191786657313,0.256625086069107,-0.18635268509388,-0.189305543899536,0.0739080309867859,1
0.136,-3.22969469538643e-05,4.19081069109885e-05,0.0301270786053876,-0.000574596624067007,-0.000478317946614093,-4.67781913116028e-06,-0.000537442523759098,-0.00154730629483568,-0.0018849549957617,-0.0350005560720919,-0.385530865497751,9.33443267689703e-05,0.0301191786657313,-0.237397074699402,0.0182139277458191,-0.195606485009193,-0.203225567936897,1
0.137,-3.28993396644118e-05,4.05070844102611e-05,0.0301254198251045,-0.000405498899852521,-0.000709717757918013,-4.565421350744e-06,-0.000669347373776985,-0.00125707246704257,-0.00143210239008113,0.337136242842229,-0.025177813931049,0.000117905488211062,0.0301191786657313,0.486828327178955,-0.13752718269825,0.241341769695282,0.0768205970525742,1
0.138,-3.35209370301437e-05,3.92117606750558e-05,0.0301237150624898,-0.000373606062497526,-0.000746790745997882,-4.56564606876597e-06,-0.000574648898891338,-0.00133404248265635,-0.00197471282573401,-0.274916016685251,-0.0421157710587337,-0.000122362700734772,0.0301191786657313,0.197840660810471,-0.0144019993022084,-0.370533496141434,0.153640806674957,1
0.139,-3.39192264929206e-05,3.78616156298091e-05,0.0301217465128328,-0.000795168552029242,-0.00102082898713434,-4.68926925067947e-06,-0.000225209325012147,-0.00136299034193833,-0.00196104183566191,-0.464596667749679,-0.441845723552918,-8.57479889499615e-05,0.0301191786657313,0.320260167121887,-0.202458336949348,-0.088765487074852,0.0960264801979065,1
0.14,-3.40420998410571e-05,3.64391824656632e-05,0.0301197336764261,-0.00119399724804167,-0.00132181152227034,-4.80646701284115e-06,-2.37037209635349e-05,-0.0014786388524835,-0.00206294882121084,-0.236445192407931,-0.0912118808780525,-0.000130012346768432,0.0301191786657313,0.365015506744385,-0.200055420398712,-0.372258007526398,-0.243995904922485,1
0.141,-3.38355644606398e-05,3.50448607595481e-05,0.0301178488954375,-0.000894249347006029,-0.00141177228327967,-4.54009878581019e-06,0.000435022342182884,-0.00131341243257741,-0.00170613905797862,0.767426526330457,-0.0669455475438382,0.000607088541192957,0.0301191786657313,0.397998362779617,-0.207624763250351,-0.331463366746902,0.079386830329895,1
0.142,-3.3174546864657e-05,3.36662926734122e-05,0.0301161725096632,-0.000235371958077764,-0.00141937843882806,-4.03839856044641e-06,0.000886009109983477,-0.00144945388609305,-0.00164570038973807,0.401742972210927,0.0552144795177714,0.000286543658519548,0.0301191786657313,0.230731129646301,-0.147861123085022,-0.23893079161644,0.248762756586075,1
0.143,-3.21653736308551e-05,3.2094076672617e-05,0.030114498964635,-0.000341335999001505,-0.00112201199963348,-4.15343986315264e-06,0.00113460368465698,-0.00169396364502312,-0.0017001569937839,-0.581334011766514,0.471659153493015,-0.000462958497536502,0.0301191786657313,0.226702556014061,0.542483270168304,-0.304147005081177,-0.326344341039658,1
0.144,-3.08716585721532e-05,3.0796047238802e-05,0.03011275468736,-0.000175579584165112,-0.000718800121891752,-4.20519390065266e-06,0.00145588074977847,-0.000906005458274377,-0.00178700407908114,0.87380091673867,0.244850869176724,0.000301203463928335,0.0301191786657313,0.0579042285680771,-0.239871621131897,-0.122542463243008,-0.183987677097321,1
0.145,-2.93896548982458e-05,2.98969057337149e-05,0.030111173645407,0.00033570860093334,-0.000462089800162106,-4.02845812885744e-06,0.00151067056237691,-0.000896941088664111,-0.00137517534461971,0.034778016303704,0.213187901876967,2.93540333428013e-05,0.0301191786657313,-0.195099979639053,-0.00742821395397186,0.371518015861511,-0.248954176902771,1
0.146,-2.81468303183264e-05,2.91207607552714e-05,0.0301098460415633,0.000107615411405359,0.000191948202559735,-3.97114022376854e-06,0.000982293823941837,-0.000654210859751651,-0.00127928096909958,-0.433852837682163,0.942779954642118,8.266581387681e-05,0.0301191786657313,-0.103660389780998,0.0777343809604645,-0.0643612295389175,-0.419636309146881,1
0.147,-2.71982208453083e-05,2.86989394996856e-05,0.0301087859461846,-0.000146305336649577,0.000623779595597404,-3.92752047728706e-06,0.000919101492725854,-0.000188687360494985,-0.000841401428298198,-0.0147492306873359,-0.173804415742046,6.93578220479958e-07,0.0301191786657313,-0.253145217895508,-0.0669108182191849,-0.0377509742975235,0.22299200296402,1
0.148,-2.63817241002882e-05,2.84271704608657e-05,0.0301080191923616,-0.000516046223972331,5.66814198969767e-05,-3.78496934061445e-06,0.000709724465754191,-0.000351407749571426,-0.00069191180446209,-0.635537629797541,-0.823270254598757,0.000233783764968241,0.0301191786657313,-0.125686585903168,-0.104502394795418,0.0278240144252777,-0.0995610281825066,1
0.149,-2.57669669371496e-05,2.81204321766694e-05,0.0301074685967287,-0.000923498592900688,-0.000712298174911073,-3.54401390012526e-06,0.000513958335267883,-0.000258953000691408,-0.000409706812412719,-0.0849856666992957,-0.53416912896428,0.000218903956893626,0.0301191786657313,0.236787483096123,-0.418836116790771,0.305103033781052,-0.195359259843826,1
0.15,-2.53283736695947e-05,2.78219851594684e-05,0.030107111486261,-0.000812798602080018,-0.00084459843716729,-3.43834858584913e-06,0.000362582123231377,-0.000338793148135928,-0.000304527065381437,0.280416665884668,0.300008788438816,-2.15333530413184e-05,0.0301191786657313,0.23492968082428,0.0105771720409393,0.0627937912940979,0.123655468225479,1
0.151,-2.49395806580662e-05,2.74827601368678e-05,0.0301066626142777,-0.000399963430043194,-0.000422316157689421,-3.45411293212194e-06,0.000418613670158237,-0.000343297889252202,-0.000592144558026584,0.44925847132454,0.446514769224606,-1.16223813270013e-05,0.0301191786657313,0.566653966903687,0.0614090859889984,-0.14051716029644,-0.263902723789215,1
0.152,-2.4267907185419e-05,2.73048916288448e-05,0.0301060089632788,0.000229556513950569,-0.000549242975627121,-3.36357315777747e-06,0.000922491417990662,-1.87539128432436e-05,-0.000714325569962967,0.662139854301513,-0.665261326619204,9.6643296304145e-05,0.0301191786657313,-0.271988540887833,0.0276651382446289,-0.0586207956075668,0.0935704633593559,1
0.153,-2.3474413300562e-05,2.72780881373175e-05,0.0301054037833491,0.000340480343705406,-0.000758920463628293,-3.38791065868094e-06,0.000663694761151783,-3.57571391825234e-05,-0.000496224134458119,-0.462733838304739,0.294288973753139,-0.000156323548053747,0.0301191786657313,0.154411494731903,0.214359596371651,0.148982316255569,-0.0746645331382751,1
0.154,-2.2847825970393e-05,2.73835821820863e-05,0.0301047618670146,-0.000228300139934468,-0.000251186557207204,-3.56161888737105e-06,0.000594253739449477,0.000250899149741422,-0.000786445038088083,-0.541740577706431,0.603236574670074,-0.000169023166814428,0.0301191786657313,0.0885257944464684,-0.0617689825594425,-0.256742268800735,-0.0961441025137901,1
0.155,-2.21391552309994e-05,2.76869747165589e-05,0.0301041334022956,-0.000702622854830983,-6.53424141065063e-05,-3.6335329025583e-06,0.000824263094908377,0.000359736128686996,-0.000470960780839255,-0.297794945346054,-0.270182076598628,7.46137136184219e-05,0.0301191786657313,-0.0886490195989609,-0.111549496650696,0.162607192993164,-0.123952254652977,1
0.156,-2.1443132899285e-05,2.80992608655874e-05,0.0301037564435636,-0.000713845901640564,-0.000218664269979068,-3.58538463540725e-06,0.00056738918681403,0.000464782859752912,-0.000283214214322562,0.275060201548119,0.000704132496373914,1.41597496252783e-05,0.0301191786657313,0.110946208238602,0.140028655529022,0.0175989214330912,0.00689752399921417,1
0.157,-2.08654100727502e-05,2.86612914286835e-05,0.0301033967752441,-0.000182282850899648,-0.000323571084574802,-3.50480319921687e-06,0.000587335778570571,0.00065479573938598,-0.000435807178670768,0.66095627991651,-0.183986529739963,0.000116886526493398,0.0301191786657313,0.120614036917686,-0.0743267387151718,-0.0632024258375168,0.196299582719803,1
0.158,-2.02344502055383e-05,2.92362076026901e-05,0.0301029234186639,1.21571489492149e-05,-0.000572493237993528,-3.4888948059475e-06,0.000672432667177979,0.00049399611244799,-0.000510384736986125,-0.316451298687335,-0.253566434937191,-0.000119699306562859,0.0301191786657313,0.184970796108246,0.452661752700806,0.347957015037537,0.105796799063683,1
0.159,-1.96636462848168e-05,2.99030589444318e-05,0.0301020178302247,-0.00021593104247157,-0.000455480553068829,-3.59670322636063e-06,0.00047089387644925,0.000841022212546243,-0.00129819322256396,-0.0887273821577026,0.459892271049184,-9.56129093866935e-05,0.0301191786657313,-0.111348733305931,-0.218388214707375,0.0205591395497322,0.0993194654583931,1
0.16,-1.92733058721241e-05,3.0653426767609e-05,0.0301008379646748,-0.000633021168305296,0.000131534227786911,-3.762208914182e-06,0.000315359332711705,0.000663997822716178,-0.00106128396413912,-0.648200157459549,0.577012923903682,-0.000171968704820655,0.0301191786657313,-0.0847572833299637,-0.000266008079051971,-0.00632420787587762,0.159787118434906,1
0.161,-1.90023194825501e-05,3.13049909352052e-05,0.0300997880579794,-0.00111835193513941,0.000410838532801401,-3.82367838414055e-06,0.000229324560984028,0.000643573734405728,-0.00103785613243935,-0.212280955741431,-0.0808435976130027,7.87476059417112e-05,0.0301191786657313,-0.244593858718872,-0.283027231693268,0.406208097934723,0.226581037044525,1
0.162,-1.90470759711401e-05,3.18029595962693e-05,0.0300987497179515,-0.00123432089085976,0.000439497082390471,-3.8365553249875e-06,-0.000317205962889231,0.000354266542350829,-0.00103810202772322,0.00550614968732188,0.130685860693933,-0.000108071054792255,0.0301191786657313,-0.0661074817180634,-0.358219861984253,0.0487516075372696,0.175006449222565,1
0.163,-1.94199501560032e-05,3.20036944635841e-05,0.0300978333478292,-0.00112844089051328,0.000207339346756515,-3.7266439703032e-06,-0.00043052051665837,4.67776683638189e-05,-0.000794373897244936,0.180513745397108,-0.540558841868368,0.000294768811634929,0.0301191786657313,-0.0334446281194687,-0.589341878890991,0.290227234363556,0.183564990758896,1
0.164,-2.00016169719073e-05,3.17959867566997e-05,0.0300971425308742,-0.00113314943482747,-0.000253041892871113,-3.47685525525776e-06,-0.000736142189618678,-0.000460814495658043,-0.00058740475348793,-0.187075954925692,-0.274848261661114,0.000125716339336704,0.0301191786657313,0.133543789386749,-0.49566376209259,-0.180667757987976,0.191400140523911,1
0.165,-2.06403545156999e-05,3.11182588799675e-05,0.0300967397449364,-0.00135442071481577,-0.000711686815389136,-3.23697134563261e-06,-0.000545992191818253,-0.00089184830636159,-0.000218800052928553,-0.201585552263044,-0.53615938212777,0.000300127917231768,0.0301191786657313,0.367918372154236,-0.208788022398949,-0.0604322776198387,0.159597977995872,1
0.166,-2.10558464534039e-05,3.01421948641466e-05,0.0300964666302026,-0.00120362685576052,-0.00118561841600548,-2.81171265159585e-06,-0.000289862116082391,-0.00106149357250086,-0.00032694801565087,0.468973490504488,-0.301988723022503,0.000484889525558934,0.0301191786657313,0.502481818199158,-0.445934295654297,-0.45359343290329,0.387444525957108,1
0.167,-2.10111794468299e-05,2.87990426045648e-05,0.0300961927151233,-0.000965395296753441,-0.00158750002714013,-2.43305323888166e-06,0.000373899250481774,-0.00162571109306003,-0.000220959428487817,-0.0425890517543278,-0.407343382285102,0.000159575297358537,0.0301191786657313,0.424969792366028,-0.0714529603719711,-0.423968732357025,-0.022210031747818,1
0.168,-2.03551467940342e-05,2.72055309786766e-05,0.0300960567960767,-0.000664889006177419,-0.00174026868547411,-2.08492428610541e-06,0.000934501711961704,-0.00156472641435837,-5.15422125390366e-05,0.574624935194676,0.137047809039214,0.000479392732272987,0.0301191786657313,0.634931445121765,-0.206026315689087,-0.0629336386919022,0.22676607966423,1
0.169,-1.91985355506036e-05,2.55043750258036e-05,0.0300958214816836,-0.000346879813603093,-0.00125232570858416,-1.93214660360042e-06,0.00138219808362697,-0.00184016609812055,-0.000418105254376103,-0.00657012333156483,0.725924322884254,-0.000159486148871801,0.0301191786657313,0.486330151557922,0.0212250649929047,-0.179702267050743,-0.0352806597948074,1
0.17,-1.7590297860574e-05,2.37209860859092e-05,0.0300953372985434,-0.000292835235530624,-0.000567661708998915,-2.05095444760772e-06,0.00184052104973715,-0.0017277355959146,-0.000549968958453669,0.107293772138661,0.486840423782318,-6.19018713023398e-05,0.0301191786657313,0.447724759578705,-0.155496940016747,-0.310690104961395,-0.239284723997116,1
0.171,-1.54705093284414e-05,2.20573405749043e-05,0.0300949380155441,-0.000146507825316818,-0.000548146779707381,-2.03906925078101e-06,0.00239831844429006,-0.00160172262789135,-0.000249208823791638,0.155968388547249,-0.443037456497824,6.48366320480873e-05,0.0301191786657313,0.027850154787302,0.0931205898523331,0.0739914998412132,-0.127849757671356,1
0.172,-1.31222792545247e-05,2.05696788653879e-05,0.0300947118054434,6.36210107499795e-05,-0.000638895273028605,-1.97083852304658e-06,0.00229841598881167,-0.0013764896384386,-0.000203159172788049,0.219475067727426,0.287761141610098,6.95386573076783e-05,0.0301191786657313,0.1734349578619,-0.23645555973053,-0.0867910459637642,-0.0944729819893837,1
0.173,-1.07440989463151e-05,1.9153995744926e-05,0.0300946548191029,-6.95966566191269e-05,-0.000315651913531836,-2.00258645755014e-06,0.00246109827980396,-0.00145399474750118,8.83996765080272e-05,-0.448408431587081,0.289868047920311,-0.000105340324017209,0.0301191786657313,0.207899197936058,0.0589456632733345,-0.0279099699109793,-0.292272657155991,1
0.174,-8.20314685320717e-06,1.78667124056352e-05,0.0300948139148909,-0.000257907101585393,-0.000152146410627195,-2.06195966612199e-06,0.00262262675492697,-0.00112030282943991,0.000229284556617027,0.117970866539904,0.00738951630751191,-8.15023131366596e-06,0.0301191786657313,0.252216249704361,-0.108392752707005,-0.295713722705841,0.0218737050890923,1
0.175,-5.37077044936753e-06,1.67172868327134e-05,0.0300951438313101,-0.000243877697038108,-0.000527215793603441,-2.03314246371988e-06,0.0030395581156929,-0.00117901844245375,0.000430211412500759,-0.08963413979026,-0.660161151351122,4.52814841337929e-05,0.0301191786657313,0.151856690645218,-0.0495422594249249,0.0102769508957863,0.00356496870517731,1
0.176,-2.29585254458107e-06,1.55402634765451e-05,0.0300955772871874,-0.000333547156306152,-0.000861712990570808,-2.03694956502076e-06,0.00310826530220754,-0.00117466471570459,0.000436410223436124,-0.0652789948096262,0.076717057202485,-6.18147364949284e-05,0.0301191786657313,0.518612146377563,-0.147940516471863,-0.123755037784576,-0.285906732082367,1
0.177,1.05127439365423e-06,1.44452138021797e-05,0.0300960770304119,-0.00019352202460444,-0.000768902786804064,-2.00798719340867e-06,0.00358698907652127,-0.00101730810182554,0.000562459529466982,0.314938305070982,0.0971819085680387,0.000105138406517164,0.0301191786657313,0.475126981735229,0.110647387802601,-0.245642900466919,-0.279232293367386,1
0.178,4.91506885731389e-06,1.36021217456069e-05,0.0300966623786731,0.000357544005093095,-0.000749263151151718,-1.80377498848472e-06,0.00414051946814573,-0.000674828855324523,0.000607733936511484,0.659666670902258,-0.0503757553437289,0.00024338244856599,0.0301191786657313,0.207683816552162,0.413672506809235,-0.0371081829071045,-0.112012207508087,1
0.179,9.14355500003085e-06,1.3139971405998e-05,0.0300971305425111,0.000948056201607398,-0.000463181039360757,-1.48041744152394e-06,0.00432014212237935,-0.000255213823033337,0.000328631895617398,0.383732401037866,0.567365835254064,0.000374585065143218,0.0301191786657313,0.286173701286316,0.0683683007955551,-0.0186285302042961,-0.180793151259422,1
0.18,1.35919791531753e-05,1.29747738479746e-05,0.0300974430628055,0.000751921687583237,0.000119536719532965,-1.18078702104896e-06,0.00458255754605175,-7.40220188532058e-05,0.000296204844019069,-0.7263317134569,0.474809394125747,0.000226879565036909,0.0301191786657313,0.112139165401459,0.135506227612495,0.103805765509605,-0.323047697544098,1
0.181,1.82004382796725e-05,1.30884804621908e-05,0.0300977721453,-3.24719431186472e-05,0.000532338545896373,-9.62652974223488e-07,0.00463929706069559,0.000307095792624004,0.000361465048716465,-0.659825491512927,0.2687980983541,0.000171622440686933,0.0301191786657313,-0.137868016958237,0.346087455749512,0.14987687766552,-0.378722310066223,1
0.182,2.27585993960388e-05,1.37082079656515e-05,0.0300981849601059,-8.23198353413336e-05,0.000791401459235631,-9.98773639349082e-07,0.00448121805485882,0.000931235372219842,0.000463613689295036,0.566178718648325,0.202611995612838,-0.000270608666051747,0.0301191786657313,-0.0425461679697037,0.137497991323471,0.309975028038025,-0.24893781542778,1
0.183,2.71427128350782e-05,1.48076217737078e-05,0.0300986301032492,0.000594669872282018,0.000924996457093186,-1.32520039031192e-06,0.00429014791151468,0.001261271399388,0.000426553339332119,0.626228286505466,0.0470679834886015,-0.000318093680072724,0.0301191786657313,0.00467783212661743,-0.201617002487183,0.276152104139328,-0.131263941526413,1
0.184,3.1375032176994e-05,1.60383044777153e-05,0.0300991190389256,0.000546323272884804,0.000826878411863456,-1.36077327983486e-06,0.00417532345670057,0.00120105995778241,0.000550705549657569,-0.712154264238333,-0.206670440543789,0.000243784235744949,0.0301191786657313,-0.587898552417755,0.15369376540184,0.225893139839172,-0.591992139816284,1
0.185,3.52739603713939e-05,1.75511837728895e-05,0.0301000249613845,9.09280740533719e-05,0.00103318155324145,-1.15633564856665e-06,0.00362678282858444,0.00182781162157199,0.00125901960420741,-0.0973216407812905,0.580751839599744,6.67242971338952e-05,0.0301191786657313,-0.265632838010788,0.193014621734619,-0.0687016695737839,-0.00698481500148773,1
0.186,3.88875215539344e-05,1.9477785738317e-05,0.0301013804998112,-3.35555000526536e-05,0.00129056441731746,-1.08125426345751e-06,0.00360379701606667,0.00202651205424523,0.00145057053240158,-0.128241683758183,-0.112993930809249,7.56105889026472e-05,0.0301191786657313,-0.556480526924133,0.0734853297472,0.243517816066742,-0.109299995005131,1
0.187,4.22391430693215e-05,2.16012451979699e-05,0.0301030044526329,-0.00013382291671721,0.00133325154768497,-1.03153547925672e-06,0.00310199635777544,0.00222157493483935,0.00179553025499925,-0.0553156543579521,0.197777279131031,8.80962117313677e-06,0.0301191786657313,-0.342338144779205,-0.17763739824295,0.600743412971497,-0.0941374748945236,1
0.188,4.50381676640455e-05,2.38161109395399e-05,0.030104839033763,-0.000334910739364846,0.00173033246948388,-9.27460447996964e-07,0.00250229940992139,0.00221065285010911,0.00187225996709113,-0.305526328356195,0.510596735748637,0.000178697213239381,0.0301191786657313,-0.441148102283478,-0.370083302259445,0.449199438095093,0.160873398184776,1
0.189,4.72730008587947e-05,2.58484292617348e-05,0.0301068209075477,-0.000966538054831478,0.00210728497575357,-3.75829035892394e-07,0.00197284929531036,0.00186106030183711,0.00208971225275887,-0.814386387211498,0.162803856919369,0.000836567258268885,0.0301191786657313,-0.769717574119568,-0.0617208182811737,0.934139847755432,0.00732843577861786,1
0.19,4.86583234026967e-05,2.77377209376432e-05,0.0301088961648141,-0.00127313912873777,0.00261735892468206,-3.78463076433633e-07,0.0008052934787551,0.00192065052806061,0.00205969563869935,0.264911330312354,0.740527655617378,-0.00091247783716136,0.0301191786657313,-0.576424717903137,-0.592002213001251,0.65188056230545,0.15409679710865,1
0.191,4.90854533605104e-05,2.94138508572375e-05,0.0301111226652526,-0.00107469152124098,0.00291050598731721,-8.9734659081131e-07,5.3596355733467e-05,0.00143177112139307,0.00239101149727542,0.081170944056738,-0.218590206688922,-1.81732993392392e-05,0.0301191786657313,-0.942339420318604,0.133111208677292,0.665516197681427,0.205100834369659,1
0.192,4.86060045604206e-05,3.08720034008649e-05,0.0301135097077338,-0.000643052184873572,0.00256347871630058,-1.38560828011336e-06,-0.00101342523776219,0.00148117095556215,0.00238132682849663,0.674825024027354,-0.394886103606474,-0.000824878418530462,0.0301191786657313,-0.744058132171631,-0.428352952003479,0.365956902503967,0.0899322852492332,1
0.193,4.72508638992899e-05,3.2186758794127e-05,0.0301161855994926,-0.000360064500476402,0.00190322627981472,-1.63220207971548e-06,-0.00170111365258091,0.00114726346156908,0.00296688020930909,-0.176557830561946,-0.774091249324378,0.000318022338641787,0.0301191786657313,-0.910436570644379,-0.243956238031387,0.73539125919342,-0.0885011628270149,1
0.194,4.49726201003537e-05,3.33154096336324e-05,0.0301193596307877,-0.000651463781632275,0.00174865037209343,-1.3546899291228e-06,-0.00285420407846736,0.001112998864587,0.00337780898468396,-0.341066182862005,0.490657835630019,0.000132450464423729,0.0301191786657313,-0.311187714338303,-0.27248814702034,0.0647256970405579,0.285976946353912,1
0.195,4.20565457545582e-05,3.42564888499614e-05,0.030122827648545,-0.00121070425392943,0.00169232437713168,-7.61528073045525e-07,-0.00297908854392873,0.000775157256030878,0.00355549357855323,-0.64855942637593,-0.595806118026898,0.000977128038629339,0.0301191786657313,-0.312218129634857,-0.197535917162895,0.174571990966797,-0.123513303697109,1
0.196,3.89583056732812e-05,3.50706599571384e-05,0.0301265539484604,-0.00130352360949897,0.000880491653512393,-6.51855267541634e-08,-0.00322467289146638,0.000854006678005566,0.00389353688685816,0.478553654854336,-0.846859825713883,0.000356941959832129,0.0301191786657313,-0.163265898823738,-0.467871308326721,0.255306899547577,0.797245740890503,1
0.197,3.56178024736245e-05,3.54779489890738e-05,0.0301302677357307,-0.0013746978990322,0.000295845330073108,3.04147889984563e-07,-0.00346179760273562,-3.62285251664933e-05,0.00353250145103039,-0.602512249568221,-0.197623435452865,0.000228595537623073,0.0301191786657313,-0.159554779529572,-0.28347435593605,0.0803212970495224,0.18460676074028,1
0.198,3.21009150462708e-05,3.53263884866191e-05,0.0301338460940599,-0.00164034114015749,0.000413939913614415,2.17131461255349e-07,-0.00357185399482117,-0.000264075762431854,0.00362160537534149,0.131834860053065,0.39395032252095,-0.000401389481353547,0.0301191786657313,-0.143835604190826,-0.071844220161438,0.260324984788895,0.235102087259293,1
0.199,2.84112912861735e-05,3.50117091068927e-05,0.0301373270605039,-0.00104418734675933,0.00102227887598017,-5.12341190361809e-07,-0.00380285849321059,-0.000370284374948159,0.00333861605694959,0.919676689657908,0.668307326738063,-0.000914598156266619,0.0301191786657313,0.354619324207306,-0.290692925453186,0.165212094783783,0.486286282539368,1
0.2,2.47414704404188e-05,3.43812919629608e-05,0.0301403475158333,-0.000553526495687323,0.000990926809245094,-8.56401547455476e-07,-0.00353898012363973,-0.000893553746252926,0.00270190141303707,-0.0482722974689005,-0.730857800247457,0.000228038044335844,0.0301191786657313,-0.0873077809810638,-0.178723901510239,0.121921852231026,0.044796958565712,1
0.201,2.11597294474875e-05,3.34464969006083e-05,0.0301430438344882,-0.000691282659885229,0.00015531743340957,-5.59344482287116e-07,-0.00363268213590965,-0.000974995323084337,0.00268891202591436,-0.191900506665455,-0.755394154060063,0.000282401995802946,0.0301191786657313,-0.336385756731033,-0.274215519428253,-0.147500604391098,0.313312470912933,1
0.202,1.74696669151961e-05,3.22875157697545e-05,0.0301458572379941,-0.00112766497984749,-0.000232754330273508,-4.43609232458897e-07,-0.00375167389677522,-0.00133869083986234,0.00293542296418795,-0.574346773465593,0.0567669947547333,-0.000128506270374492,0.0301191786657313,0.449605822563171,-0.341344088315964,-0.105257101356983,0.151215493679047,1
0.203,1.39530337893595e-05,3.08139521412176e-05,0.0301486769229251,-0.00151486478332849,-0.000340449577181115,-4.30314436083989e-07,-0.00328438041733049,-0.00160522959895648,0.00270246639900594,-0.105644523431054,-0.257202373073682,0.000173295780330348,0.0301191786657313,-0.26064121723175,-0.774510264396667,-0.0881318598985672,0.0504144579172134,1
0.204,1.06033940620954e-05,2.89439622500372e-05,0.0301517383441579,-0.00153531337549123,-0.000101604405515123,-6.58330946645691e-07,-0.00341369962720216,-0.0021340428652995,0.00341672434362795,0.0745512453952156,0.666804013752275,-0.000576297390216102,0.0301191786657313,0.248560130596161,-0.257480263710022,-0.0949138551950455,0.216187834739685,1
0.205,7.34060348712824e-06,2.66830397534282e-05,0.0301550434630344,-0.00112079056176736,0.000295899142707418,-1.03761318870355e-06,-0.003110266945304,-0.00239150021226967,0.00319174950498436,0.662758394403404,0.0267252817828223,-0.000144637417670036,0.0301191786657313,0.365162640810013,-0.493725389242172,0.0924764722585678,0.0760485976934433,1
0.206,4.35326818880684e-06,2.41097198410141e-05,0.0301581454482194,-0.000552460648290862,-2.32515306847275e-05,-9.98448330236101e-07,-0.00286840131120065,-0.00276049445796912,0.00301023924568,0.348629597843625,-0.598672335836615,0.000164279371695745,0.0301191786657313,0.163309574127197,-0.0126096457242966,0.0597299300134182,-0.0670114010572433,1
0.207,1.52475317002759e-06,2.14049332786948e-05,0.0301610184036639,-8.21324918406178e-05,-0.000530856003786114,-8.39960439869003e-07,-0.00279411683302911,-0.00265427641847227,0.00273460631633392,0.490603264264423,-0.308175636185835,0.000135593265670716,0.0301191786657313,0.144070640206337,-0.0580083392560482,-0.142854452133179,0.125772744417191,1
0.208,-1.16784677690839e-06,1.86963107639686e-05,0.0301636394948158,5.04135669850452e-05,-0.000662590808926881,-8.20861162598163e-07,-0.00259369507310202,-0.00276465733189205,0.00250652153553815,-0.245827426281063,0.0660025591491302,-0.000108140712933432,0.0301191786657313,0.402429044246674,0.311533808708191,-0.370968788862228,0.083198219537735,1
0.209,-3.46777454918355e-06,1.60425752653913e-05,0.0301658882140425,-0.00014027575887164,-0.000813185297863897,-9.05195463474229e-07,-0.00200919272306897,-0.00254241969679687,0.00199031347335512,-0.0830134652419117,-0.338306816522284,-3.17189620189826e-05,0.0301191786657313,0.265223413705826,-0.334693372249603,-0.327892512083054,-0.199331164360046,1
0.21,-5.26441113867121e-06,1.3465622586071e-05,0.0301680157136671,-0.000341353805689036,-0.00106720415964076,-1.00465004804207e-06,-0.00158769241940145,-0.00261050760817709,0.0022627724259077,-0.264226304817915,-0.116267425340256,-0.000153419418227686,0.0301191786657313,0.253400981426239,0.17277093231678,-0.168697372078896,-0.0414049401879311,1
0.211,-6.71372995548833e-06,1.0963939212273e-05,0.0301700939252451,-0.000275260077161213,-0.000874031246552151,-1.03155320241299e-06,-0.00131036287077046,-0.00239472472611767,0.00189304107454763,0.387091382200804,0.451687492016897,9.61318894473845e-05,0.0301191786657313,0.208844497799873,-0.437958121299744,-0.102879852056503,-0.0603362992405891,1
0.212,-7.92268701149506e-06,8.4314386083786e-06,0.030172035891912,-0.000171164527965171,-0.000279826872130282,-1.05738980682446e-06,-0.00110343331837042,-0.00267123277225731,0.00198927186969029,-0.193865592484419,0.594495255869618,-0.000105758159366323,0.0301191786657313,0.154443740844727,0.0876041352748871,-0.475578844547272,-0.314787328243256,1
0.213,-8.78378849869167e-06,5.93488310715107e-06,0.0301741305928862,3.06438348876632e-05,-0.000189300750105193,-1.08186687297618e-06,-0.000619363264951929,-0.00232521087477296,0.00219828198257292,0.556105788481197,-0.434819904997021,2.95685128365095e-05,0.0301191786657313,-0.188327386975288,0.269752830266953,0.13746877014637,-0.0440576151013374,1
0.214,-9.55088172452697e-06,3.73584488174585e-06,0.0301761476002672,0.000647505780696525,-0.000236441464437387,-9.92980159431056e-07,-0.000914622661080582,-0.00207957470029379,0.00183547130146905,0.540838359655748,0.346782745444904,0.000172897668427536,0.0301191786657313,0.360267460346222,-0.183427751064301,-0.117816962301731,-0.0685482993721962,1
0.215,-1.02867038401003e-05,1.59468841678267e-06,0.030177870285455,0.000564566293251219,-0.000263920689254142,-1.03058986988813e-06,-0.000558467127705048,-0.00220240196995116,0.00160935548423687,-0.677494912579794,-0.395449105111222,-0.000239872894780384,0.0301191786657313,-0.0075567252933979,0.175994202494621,-0.207107871770859,-0.33905303478241,1
0.216,-1.07851807831732e-05,-4.07577490338746e-07,0.0301795071060477,7.56951559734253e-05,-0.000647755872080823,-1.22646125344517e-06,-0.000442216995487826,-0.00179975045685412,0.0016630264444022,-0.182534175219468,-0.285187684527791,-9.61510041895856e-05,0.0301191786657313,-0.00722365826368332,0.113222196698189,-0.0700484961271286,-0.219833478331566,1
0.217,-1.12304393161001e-05,-2.0751351950437e-06,0.0301811185496067,0.000149422042105744,-0.000609648220802446,-1.21575787437322e-06,-0.000448103237214102,-0.00153719734262543,0.00155904299703553,0.316496099923632,0.349489807476794,0.000114539315605097,0.0301191786657313,0.00402627885341644,-0.0396980792284012,-0.376849591732025,-0.0363589264452457,1
0.218,-1.15486353833535e-05,-3.62225109571531e-06,0.0301827262937986,0.00032438712183413,-0.0003436412094877,-1.15093409291944e-06,-0.000186876070806428,-0.001558975792938,0.00165508368385938,-0.00160597095527809,0.120564316802372,1.55657897964858e-06,0.0301191786657313,0.427062094211578,-0.08637785166502,0.125169485807419,-0.181754544377327,1
0.219,-1.16337379776994e-05,-5.15455651600522e-06,0.0301841415812989,0.000230826333747351,-0.000362388439624525,-1.1892069902153e-06,1.64365448898304e-05,-0.00150535702512625,0.00117464550321998,-0.159015713765549,-0.153943480170636,-7.05123954310679e-05,0.0301191786657313,0.112666964530945,0.30606997013092,-0.0731800943613052,0.0352731645107269,1
0.22,-1.15642163989524e-05,-6.56123607565164e-06,0.0301850356449932,0.000217433057874994,-0.000496065144393492,-1.22453178486026e-06,0.000121226472178625,-0.00130885279169401,0.000614321369147508,0.138787544563921,-0.0823635199801898,8.39167508007976e-06,0.0301191786657313,-0.124431967735291,0.194770783185959,-0.292578130960464,-0.159376680850983,1
0.221,-1.13993608448145e-05,-7.74153536405708e-06,0.0301856651426375,0.000519991037485802,-0.000476603228162236,-1.15425581848072e-06,0.000208479128062106,-0.00105539233081548,0.000644200143985811,0.398635165940649,0.116689466306058,0.000117757696519621,0.0301191786657313,0.191540718078613,0.0392218045890331,0.200527712702751,-0.286855638027191,1
0.222,-1.12161811706426e-05,-8.68936494889037e-06,0.0301861181745354,0.0008289272734854,-0.000176570682321739,-9.91723119625476e-07,0.000160654712350063,-0.000843759187770667,0.000262597007081905,0.150842094711205,0.41307611758388,0.000182780017460992,0.0301191786657313,0.218749284744263,0.0110269114375114,-0.0402258932590485,-0.123466357588768,1
0.223,-1.09641453390589e-05,-9.5082991961154e-06,0.0301862195351153,0.000614469955073241,-3.12280083939888e-05,-9.44457833718104e-07,0.000344299126063894,-0.000792671659752056,-5.91748735517596e-05,-0.525493372802378,-0.154152679612895,-7.96416722837765e-05,0.0301191786657313,-0.0124704390764236,0.187822878360748,-0.0260954760015011,-0.686436891555786,1
0.224,-1.06277538169584e-05,-9.97041201735943e-06,0.0301862345144413,0.000572831998645141,-0.000228811131843639,-1.01162066012961e-06,0.000326955225546869,-0.000133165926533301,8.87167809527986e-05,0.450321801369592,-0.193942654540239,-2.29239153783603e-05,0.0301191786657313,-0.0233689900487661,-0.102219618856907,0.095687597990036,0.348291546106339,1
0.225,-1.03660822647793e-05,-1.03109539358985e-05,0.0301860629515898,0.00031016860471907,-0.000233163675937203,-1.07459802034526e-06,0.000196770420910587,-0.000544719734335143,-0.000430388095084275,-0.909629121725255,0.186017256816032,-0.00010315082872006,0.0301191786657313,0.0194700080901384,0.287946313619614,0.0043671540915966,-0.379153698682785,1
0.226,-1.01777959204791e-05,-1.05990647229603e-05,0.0301855239113193,4.15333762464427e-07,-3.75633266382198e-05,-1.12282969944033e-06,0.000181571564490939,-3.04079651717496e-05,-0.000646765199774655,0.359015977610146,0.160440568394501,-1.16525220202953e-05,0.0301191786657313,-0.00690635666251183,0.0248622074723244,-0.189639911055565,-0.145604774355888,1
0.227,-9.93318155400601e-06,-1.05751309784275e-05,0.0301848669997083,0.000496100786707137,-0.000108169127500744,-1.15186773719245e-06,0.000306806256524276,7.3771078628541e-05,-0.000666546525158924,0.516114419985491,-0.283206593671416,-6.57129858240839e-05,0.0301191786657313,-0.0724116712808609,-0.222703754901886,0.140068545937538,-0.382876545190811,1
0.228,-9.72660019416477e-06,-1.0463251809337e-05,0.0301842775420224,0.000803166732589196,-0.000178960422520861,-1.16254926529891e-06,0.000106377540038906,0.0001472419535772,-0.000512388713923215,0.0280081511733787,0.157366677301984,5.26780661625463e-05,0.0301191786657313,-0.0274569503962994,0.253196895122528,-0.0406804606318474,-0.265847980976105,1
0.229,-9.62782105082523e-06,-1.01371206790963e-05,0.0301836655645335,0.000813723402868725,-3.25927797945372e-05,-1.11593096541185e-06,9.24931187748768e-05,0.00050409357287232,-0.000710632620022993,-0.0102264471339806,0.101868231446266,2.59607755651529e-05,0.0301191786657313,-0.0163295045495033,0.068685807287693,-0.274322479963303,-0.306793123483658,1
0.23,-9.44196448708288e-06,-9.51119138396081e-06,0.0301830312626964,0.000673837482445403,-0.000205598827451712,-1.21163430977234e-06,0.000277362288213895,0.000748589159036497,-0.000557916214671696,-0.238168560620878,-0.405627154661714,-0.000195513815090529,0.0301191786657313,-0.148927584290504,0.367377936840057,-0.263813853263855,-0.376370370388031,1
0.231,-9.13611055851296e-06,-8.48750861251869e-06,0.0301825093353982,0.00071719798619516,-0.000559416067967479,-1.33684145131596e-06,0.000331303711998818,0.0012972581715761,-0.000485773986533078,0.310102842235526,-0.219327958664832,-9.99687475685591e-06,0.0301191786657313,-0.203394293785095,0.160950422286987,-0.213083669543266,-0.114742487668991,1
0.232,-8.82454894235599e-06,-7.10683730058207e-06,0.0301820401596303,0.000796169458637527,-0.000467682645013952,-1.28665114829118e-06,0.00029280334381849,0.00146344791296015,-0.000452345724846614,-0.173476353322875,0.38071788302793,0.000102747959310829,0.0301191786657313,-0.0344639718532562,0.0753728821873665,0.387585639953613,-0.447395205497742,1
0.233,-8.71761560656238e-06,-5.45706168301523e-06,0.0301814683056418,0.000625718256822771,0.0003711954969596,-9.98640887761582e-07,-7.07104328014545e-05,0.00183710495639657,-0.000690311261278512,-0.13281410631278,1.09960262544414,0.000384490794715844,0.0301191786657313,-7.65100121498108e-05,0.173755168914795,0.0605974495410919,-0.0979004055261612,1
0.234,-8.80475126562781e-06,-3.52910690045004e-06,0.0301805992775912,0.000384886531723375,0.000984260396879251,-7.23157544957331e-07,-9.82917032876813e-05,0.00202100332575797,-0.00104619747886799,-0.298143233223056,-0.01317621765709,0.000139428713970638,0.0301191786657313,-0.262402802705765,0.0305848997086287,-0.0671150386333466,-0.199926763772964,1
0.235,-8.96873767977652e-06,-1.42498897908974e-06,0.0301796239905422,0.000114085592461718,0.000452280238382575,-6.78267229048402e-07,-0.000233935246538269,0.00218982874181744,-0.000904139306837615,-0.186751227198336,-0.924549480090058,-2.94135993906933e-05,0.0301191786657313,-0.377032190561295,-0.160333141684532,0.402678787708282,-0.356109917163849,1
0.236,-9.52201996527629e-06,8.4154451351717e-07,0.0301787892254196,5.28037783896239e-05,-2.42094613809549e-05,-7.0476905866812e-07,-0.000875080209588385,0.00234407240694737,-0.000765309711764751,0.0709035869527975,0.0775345852515856,-1.46457657441542e-05,0.0301191786657313,-0.387207865715027,-0.429748833179474,0.322310477495193,0.00519751291722059,1
0.237,-1.06915680966374e-05,3.01134643332849e-06,0.0301780942264097,-0.000269966592481889,0.000517578924942461,-6.98524322384486e-07,-0.00145884927462459,0.00199954016755448,-0.000624330585763687,-0.646322219737847,0.874377548696988,3.61637530577425e-05,0.0301191786657313,-0.182454630732536,-0.0784783065319061,0.0478231236338615,-0.35156387090683,1
0.238,-1.22360382798693e-05,5.13535649131078e-06,0.0301775710950454,-0.000432244886202595,0.000975232713108007,-7.67317170691229e-07,-0.00162625661377756,0.00224986228491059,-0.000422118843562207,0.350160378107819,-0.0671479117744909,-0.000189158543164734,0.0301191786657313,-0.50407463312149,-0.233633130788803,0.288041889667511,-0.000311896204948425,1
0.239,-1.41720349110374e-05,7.30476853471394e-06,0.0301772066051536,-0.000118228899183537,0.000832028415876723,-9.25057294764997e-07,-0.00224605873316073,0.0020874164703972,-0.000306959977590938,0.198685877072587,-0.191384139696741,-9.63549905821588e-05,0.0301191786657313,-0.180917903780937,-0.331203997135162,0.00971978902816772,0.216464400291443,1
0.24,-1.64930330828613e-05,9.18212359714319e-06,0.0301768939587663,-0.000372574729860559,0.00020109943414201,-8.20348817320848e-07,-0.0024017604935672,0.00167102062690706,-0.000318110042108062,-0.651644658933092,-0.928389036148719,0.000242240784031011,0.0301191786657313,-0.419530957937241,0.287416726350784,0.480322867631912,0.150355413556099,1
0.241,-1.92764776639855e-05,1.09318565431086e-05,0.0301762639410538,-0.000628662071875707,-9.89886302336001e-05,-7.57805477924478e-07,-0.00316638044286446,0.00183074916077065,-0.00093980811238045,0.19107730674858,0.385400483264426,-0.000141077498666207,0.0301191786657313,0.515348970890045,-0.261768281459808,-0.302121490240097,0.424076974391937,1
0.242,-2.21354782998582e-05,1.25122804664298e-05,0.0301750638299283,-0.000710880873797661,-0.000523789785491431,-6.44665713700476e-07,-0.00255753403957626,0.00133240398929131,-0.00145837805779946,-0.339849784884849,-1.14088547995239,0.00032737621215266,0.0301191786657313,-0.588550448417664,-0.0403124168515205,0.2472083568573,0.102237090468407,1
0.243,-2.50727980947049e-05,1.38198470865238e-05,0.0301736012338163,-0.000754106744531164,-0.000640267119070997,-6.32589816085272e-07,-0.00331738020618511,0.00128363889032664,-0.0014658655852844,0.258137059475397,0.921349002583423,-0.000308739301735339,0.0301191786657313,0.614014148712158,-0.404763907194138,-0.549041509628296,0.322367131710052,1
0.244,-2.7958216648987e-05,1.48415896018715e-05,0.0301720347926695,-0.000759162730428463,-0.000622869882127729,-6.58786694973656e-07,-0.00245640995037084,0.000761523943103259,-0.00166543541263906,-0.268667423566685,-0.894312914283169,0.000260931609168579,0.0301191786657313,-0.0213491059839725,-0.150558516383171,0.2847820520401,0.248775213956833,1
0.245,-3.05886011811906e-05,1.54777350548251e-05,0.0301701220538533,-0.000930643865307165,-0.000938004616779137,-6.18492024706541e-07,-0.00280690648676445,0.00051314540902623,-0.00215736372791376,-0.0370568424365544,0.325561537019111,-0.00020400978016684,0.0301191786657313,0.199510127305984,-0.189429044723511,-0.412505239248276,0.0424861758947372,1
0.246,-3.32010072250693e-05,1.59352981045618e-05,0.0301680045274231,-0.0006902301550715,-0.000825542338663002,-5.87737691848389e-07,-0.00241981988996679,0.000400646136913134,-0.00207669743376341,0.457527340571161,-0.132130202373679,0.00023683775337325,0.0301191786657313,0.111845254898071,-0.273880779743195,0.150414690375328,0.167946726083755,1
0.247,-3.5691581147555e-05,1.61872423976628e-05,0.0301657694390891,-0.000373655787464874,-0.000664453896076232,-5.03274791618935e-07,-0.00256042958540281,0.000101340427286554,-0.00239125566535285,0.10179074767286,0.407684350165119,-6.57468503267455e-05,0.0301191786657313,0.0472382754087448,-0.340773075819016,0.00849892199039459,-0.17473541200161,1
0.248,-3.82868494708898e-05,1.62464877025171e-05,0.0301634648082006,-0.000318907446141884,-0.000256177115876739,-5.82562597717384e-07,-0.00262730949864823,1.6928578733813e-05,-0.00221692439522366,-0.00485560704753332,0.306447465641997,-7.34993219429663e-05,0.0301191786657313,0.197351202368736,-0.149346932768822,-0.0943875312805176,-0.159403100609779,1
0.249,-4.0841647759453e-05,1.62916385128199e-05,0.0301612401554466,-0.000247382005426956,-0.000392158664383796,-5.72303353152392e-07,-0.00248460818264746,7.26653061657775e-05,-0.00223084528666832,0.130738152722059,-0.552411769782681,8.34284186535031e-05,0.0301191786657313,0.311832517385483,-0.254464745521545,0.199863731861115,0.224926248192787,1
0.25,-4.33380964057413e-05,1.61932670374808e-05,0.0301587376422566,-0.000489262591651441,-0.00100440875684443,-6.01559962287723e-07,-0.00251435584456148,-0.000266581072617489,-0.00277120861448409,-0.555872708221643,-0.536135283803816,-0.000181923185986584,0.0301191786657313,-0.0969766825437546,0.0328235402703285,-0.128845244646072,-0.263029128313065,1
0.251,-4.59130146137413e-05,1.60778849446567e-05,0.0301560657646447,-0.000525940820884385,-0.00118142203498337,-5.79149692203629e-07,-0.00263750554338878,3.52556253315435e-05,-0.00257130935617871,0.488245196054024,0.213398359594929,0.000234501622966164,0.0301191786657313,0.427409708499908,-0.736778378486633,0.0174392014741898,-0.00692188739776611,1
0.252,-4.84606275339092e-05,1.58445900112795e-05,0.0301535393386626,-0.000504152941877574,-0.000975205447634064,-6.25557217581729e-07,-0.00245723279330897,-0.00050079472531149,-0.00248009101070168,-0.446482777317249,0.143471769712063,-0.000297233501867185,0.0301191786657313,-0.0245136916637421,-0.367434501647949,-0.0870531648397446,0.256485879421234,1
0.253,-5.09653439444842e-05,1.5124505180077e-05,0.0301510785804844,-0.00114569952769997,-0.000701573967018852,-1.0681545510316e-06,-0.00255049353778401,-0.000933179535103945,-0.00243978483049394,-0.684016298741593,0.331959414957247,-0.000490154773415645,0.0301191786657313,0.0721995383501053,-0.383830845355988,-0.104826390743256,0.379378110170364,1
0.254,-5.35122444205869e-05,1.39313132996914e-05,0.0301485913237635,-0.00167976531050161,-0.00055616327665676,-1.36846281462155e-06,-0.00254293788320201,-0.00144773054787633,-0.0025327378764511,-0.257360528238943,-0.0814293473644758,-2.27050775279053e-05,0.0301191786657313,-0.114617526531219,-0.331896603107452,-0.160187721252441,0.273607909679413,1
0.255,-5.6107219898121e-05,1.22942593441053e-05,0.0301461315203349,-0.00141992426790028,-0.000741325289283289,-1.12538073304691e-06,-0.00264922115534657,-0.00182827929176256,-0.00238561491624449,0.718791268567871,-0.252906254846523,0.000468991648220098,0.0301191786657313,0.128341853618622,-0.684639573097229,-0.0598248243331909,0.362349569797516,1
0.256,-5.87597459033344e-05,1.00832349214442e-05,0.0301437933199637,-0.000877553993789422,-0.00107940800227109,-6.82378108241011e-07,-0.0026595761926992,-0.00259690729416266,-0.00228963811954784,0.248242463239462,-0.352307529376987,0.000296350286872152,0.0301191786657313,0.210883602499962,-0.336424320936203,-0.0388963595032692,0.0161826461553574,1
0.257,-6.1409061759526e-05,7.37179586069825e-06,0.0301415138257611,-0.000486557012141248,-0.00135710555535321,-3.24375934557253e-07,-0.00264237703284361,-0.00282950256556898,-0.00226791666109824,0.450182293064748,-0.146907836459199,0.000354203820601261,0.0301191786657313,0.538150072097778,-0.319351136684418,0.339274644851685,0.392974972724915,1
0.258,-6.4068539525298e-05,4.26968400360591e-06,0.0301388306050994,-0.000430013228734029,-0.00129358199871509,-3.11458147717047e-07,-0.00267680899857601,-0.00337470833913264,-0.00309446538434003,-0.338507589950371,0.249690213439535,-0.000317403097857628,0.0301191786657313,0.681175708770752,-0.0812234953045845,-0.21230486035347,0.079606756567955,1
0.259,-6.648136937425e-05,8.45885203706113e-07,0.0301355179435811,-0.000579011468637078,-0.0015054181320077,-3.64832879906629e-07,-0.00215266898344632,-0.00347252811712571,-0.00352759866912777,0.0848858006336823,-0.628770469414975,0.00025034177351044,0.0301191786657313,0.54372501373291,-0.126944646239281,-0.675423383712769,0.0403632111847401,1
0.26,-6.82530458614123e-05,-2.68195137286303e-06,0.0301320486641402,-0.000281802204030583,-0.0025352423397092,2.07537526275559e-07,-0.00140205594516006,-0.00358658550705481,-0.00340866463131148,0.449561271055502,-1.19325359767396,0.000789138988813344,0.0301191786657313,0.340100079774857,-0.159343376755714,-0.188482865691185,0.0993659570813179,1
0.261,-6.95813561122322e-05,-6.37401569787168e-06,0.0301285820601468,7.72852674573929e-05,-0.00286277837343762,7.91999583249492e-07,-0.00125820412462009,-0.00380123109654115,-0.00352188059879013,0.196825813504909,0.605260788647664,0.00031637798489027,0.0301191786657313,1,0.18977589905262,-0.546351492404938,0.0236839726567268,1
0.262,-7.03500180443909e-05,-1.01196232014198e-05,0.0301247880604482,0.000372150573828606,-0.00236933152682338,1.2409382272871e-06,-0.000277746452477483,-0.00369402776586495,-0.00406227527084079,0.335030906479497,0.265339073424177,0.000470547950087146,0.0301191786657313,0.569002509117126,-0.0420350879430771,-0.614699006080627,-0.319024831056595,1
0.263,-7.02769999352502e-05,-1.37250353735491e-05,0.0301208806379529,0.000707034516151547,-0.00216437429212362,1.69490608081801e-06,0.000423652253024537,-0.00352130724561844,-0.00375082297523326,0.267745107256074,0.097815809742696,0.000337023094093066,0.0301191786657313,0.622642755508423,0.107305556535721,-0.256297588348389,-0.153315961360931,1
0.264,-6.96212419885615e-05,-1.71748977080362e-05,0.0301170064167311,0.000799910989948264,-0.0019867108511367,1.86297048765383e-06,0.000888317200138868,-0.00338074489209691,-0.003994360265164,-0.0922730891238847,0.217721025640951,-2.27839867969827e-05,0.0301191786657313,0.444395512342453,0.1262496560812,0.00644958019256592,-0.196193069219589,1
0.265,-6.86728455363696e-05,-2.04621000072868e-05,0.0301128714627494,0.000627460355565674,-0.00148212710884734,1.87627428127612e-06,0.00101293499393255,-0.0031936146125853,-0.00427231377415605,-0.202147556924882,0.67513256393102,5.00516628569982e-05,0.0301191786657313,0.417474657297134,0.52832043170929,-0.207238480448723,-0.51963210105896,1
0.266,-6.75082819607496e-05,-2.32684717111494e-05,0.0301085317748511,0.00105292724103906,-0.00106093608333391,2.2764670553066e-06,0.00131962588149153,-0.00242522343567168,-0.00440380531417072,0.959035617961957,0.0730051815048112,0.000580157091098469,0.0301191786657313,-0.0780751556158066,0.0222459640353918,-0.262882590293884,-0.293896615505219,1
0.267,-6.62088004475142e-05,-2.5623076937054e-05,0.0301043935398143,0.00158728441084164,-0.00101829841966939,2.59311522921024e-06,0.00128024185579289,-0.002289718442406,-0.00387132787455418,-0.0051769730498388,0.00645414624321813,-1.58787149435697e-05,0.0301191786657313,0.0631550326943398,0.716416299343109,-0.26517653465271,-0.422634094953537,1
0.268,-6.48882175468562e-05,-2.75179427070642e-05,0.0301005215983108,0.00168371842203261,-0.00115638232726857,2.50847346627836e-06,0.00136015144642405,-0.00150172875582499,-0.00386987714168276,0.180846738894348,-0.245981980730086,-0.000130786208095746,0.0301191786657313,0.271709322929382,0.489326238632202,0.168712466955185,-0.594792425632477,1
0.269,-6.35828469979246e-05,-2.86506413970081e-05,0.0300965630356268,0.00183736638625302,-0.00123064157580872,2.52345179863056e-06,0.00125066216559427,-0.000767247802796768,-0.00404408164562524,0.0940204078105009,0.117834632225385,0.00016325222820204,0.0301191786657313,0.0515716820955276,0.332654148340225,-0.0358808040618896,-0.637144088745117,1
0.27,-6.23910437577935e-05,-2.90988472193033e-05,0.0300926830602233,0.00174639365511242,-0.000946928666319331,2.73601574507509e-06,0.00113609981654211,-0.000130227980694018,-0.00371414363199188,-0.252437648524178,0.385729393232432,0.000219389657414768,0.0301191786657313,0.192424908280373,0.284869343042374,-0.208443745970726,-0.891665816307068,1
0.271,-6.11778539161479e-05,-2.88217296021172e-05,0.0300892730494239,0.00159758163477646,-0.000856004785193749,2.73399907246841e-06,0.0012910396946433,0.000683587016043104,-0.0031053045590584,-0.012161207699888,-0.219650770187133,-0.000215990057983228,0.0301191786657313,0.0646468251943588,0.586479008197784,-0.0987985730171204,-0.476506918668747,1
0.272,-5.9906071952052e-05,-2.77751797790828e-05,0.0300862031791964,0.00163948425540656,-0.00110663066639979,2.51855195942952e-06,0.00125086195758482,0.0014080790884007,-0.00303248743603812,0.0825505807750559,-0.218583726069528,-0.000164361086253179,0.0301191786657313,0.0693148523569107,0.206475883722305,-0.357427448034286,-0.510027885437012,1
0.273,-5.85730200355728e-05,-2.61443851352679e-05,0.0300834744116921,0.00145392267506074,-0.00138847628756355,2.12261552023918e-06,0.00141295297373735,0.00185480638063161,-0.00242438435481395,-0.413981528014028,-0.274508816087035,-0.00055128623090776,0.0301191786657313,0.296883761882782,0.200550049543381,0.0621837601065636,-0.3049695789814,1
0.274,-5.71605462337718e-05,-2.41415440573687e-05,0.0300810256808149,0.000820914301122911,-0.00138992806296238,1.58852422993405e-06,0.00141245828732852,0.00215619911108486,-0.00247139173531801,-0.708999492369749,0.274761034599302,-0.000434723828095508,0.0301191786657313,0.051215648651123,0.313846826553345,-0.135020643472672,-0.292133182287216,1
0.275,-5.57621243815606e-05,-2.17780852347996e-05,0.0300786591464909,0.000405846930342316,-0.000908581784318663,1.42652341184046e-06,0.00138905311035591,0.00257393621816273,-0.00226074039880539,-0.0329265261938503,0.578364673821731,9.23902367794997e-05,0.0301191786657313,0.35274863243103,0.151435941457748,0.00341415405273438,-0.11032272875309,1
0.276,-5.43063293139455e-05,-1.91292509294872e-05,0.0300763273412723,0.000494934297184076,-0.000602854958589516,1.50742216620259e-06,0.0015253784846025,0.00272351363158321,-0.00240099122085521,0.181488821189146,-0.0332280017848013,3.10275342487441e-05,0.0301191786657313,-0.190503492951393,0.173903465270996,0.167978286743164,0.0468589067459106,1
0.277,-5.29964809361641e-05,-1.63863816494998e-05,0.0300739366040985,0.000573356986195858,-0.000411630958222325,1.57259923394548e-06,0.00109697597374429,0.00276241572511723,-0.00237886141470942,-0.0512763634854787,0.373939845186391,8.5977594612846e-05,0.0301191786657313,0.205127999186516,-0.249386966228485,0.0597723387181759,-0.361570060253143,1
0.278,-5.19035286899413e-05,-1.36074022526965e-05,0.0300717879494385,0.00038611315218994,-0.000393929250558716,1.52938826580851e-06,0.00108946789188441,0.00279798574787043,-0.00191818588211257,-0.286880522456192,-0.33743726861096,-0.00015270622461606,0.0301191786657313,-0.115835048258305,0.281305730342865,-0.0988701432943344,0.0258484929800034,1
0.279,-5.08870080265622e-05,-1.07260165921391e-05,0.0300699314173867,0.000218030256381884,-0.000809473803846517,1.39744527949404e-06,0.000940760380767276,0.00296675323069611,-0.00179397716468695,-0.019410260081522,-0.39319828001285,-7.49117124860526e-05,0.0301191786657313,0.203006699681282,0.0827748775482178,-0.207588449120522,0.0226399265229702,1
0.28,-4.98551239933586e-05,-7.75005307631744e-06,0.0300682003802831,0.000191006669176092,-0.00133092040559233,1.30328493153087e-06,0.0011183984335656,0.00298635185869781,-0.00166722753743081,-0.037248414505209,-0.52398855433983,-0.00010132040411063,0.0301191786657313,-0.0517587661743164,0.014150021597743,0.250528275966644,-0.0419569611549377,1
0.281,-4.89460368561816e-05,-4.75216759627394e-06,0.0300665702700012,0.000139825547592324,-0.00108452561363425,1.26573909708938e-06,0.000703279232747937,0.00301080710476029,-0.00159206426753457,-0.062078598556628,0.957431736491508,1.6885240904794e-05,0.0301191786657313,0.093441367149353,0.0442373007535934,-0.366870284080505,-0.0482418015599251,1
0.282,-4.81251035437451e-05,-1.71059638336089e-06,0.0300651967703144,0.000104410082982815,-0.000399742013520256,1.2764722954195e-06,0.000944039510159586,0.00307349175090188,-0.00115529027739409,-0.00976468716222525,0.256400019275134,-7.01123447105667e-06,0.0301191786657313,0.0086043793708086,-0.226712867617607,-0.0450012646615505,0.166044875979424,1
0.283,-4.72172218939919e-05,1.20109876770972e-06,0.0300641904020927,-0.000260717897737582,-0.000371500010186816,1.19645524510048e-06,0.00087233636066399,0.00275430738113325,-0.000856966828338499,-0.642587674897856,-0.203501652552818,-0.000121040935691357,0.0301191786657313,-0.33105406165123,0.277683109045029,0.00313343107700348,-0.136325344443321,1
0.284,-4.65401064710906e-05,4.13638187023878e-06,0.0300635188839539,-0.000305914874269459,-0.000417625177333547,1.17833763413344e-06,0.000482761152186484,0.00311667206480834,-0.000486613782475478,0.550444641494115,0.123140790119484,8.57768543206798e-05,0.0301191786657313,0.252750962972641,-0.275827080011368,-0.469790190458298,0.255234062671661,1
0.285,-4.58220281528059e-05,7.0455169676908e-06,0.0300632417406798,-0.000131941731017502,-0.000979172466697252,1.22817794157015e-06,0.000946358696514052,0.00270324852408377,-6.95911602017594e-05,-0.247829482869071,-1.10459515303558,-7.44895808595053e-05,0.0301191786657313,0.0116627961397171,0.135159626603127,0.370216578245163,0.186511069536209,1
0.286,-4.50999470162148e-05,9.74131214942394e-06,0.0300630087400969,-0.000347473637920226,-0.00133220697656359,1.08746533289406e-06,0.000496247634027797,0.00269112785207355,-0.000395364335427697,-0.141217522531977,0.478827691020051,-0.000215930596086767,0.0301191786657313,0.403112858533859,0.168293043971062,-0.131753027439117,-0.082056388258934,1
0.287,-4.44611925839655e-05,1.25540359937958e-05,0.0300625886514255,-0.000138651364980058,-0.000899811548831047,1.10492787142036e-06,0.00078454841751091,0.0029328793087305,-0.000444463863664416,0.49937745614359,0.286224686096504,0.000201745820318598,0.0301191786657313,0.228546038269997,-0.00266037881374359,0.0667260885238647,0.157943740487099,1
0.288,-4.3676035192159e-05,1.54353251887189e-05,0.0300620831139385,0.000107594240775576,-0.000596623214233749,1.19667739406637e-06,0.000788633264358612,0.00282881867879743,-0.000565962472404345,-0.0717158328056385,0.251539205341786,-3.0736652602647e-05,0.0301191786657313,0.00174662470817566,0.0413880757987499,-0.222510144114494,0.212029159069061,1
0.289,-4.28540604552996e-05,1.82106195788659e-05,0.0300616217203368,-0.000275555151646172,-0.000544936046219562,1.07024429896185e-06,0.000855864975413792,0.00272630556148257,-0.000357031687392822,-0.611137714918059,-0.156772251065059,-0.000180451287216261,0.0301191786657313,0.380131244659424,-0.101248137652874,0.0459363386034966,0.0676748752593994,1
0.29,-4.19217148901502e-05,2.08997527106977e-05,0.0300612287534274,-0.000864652413274537,-0.0009257074144731,9.56664077733649e-07,0.00100546286624583,0.00265809435248182,-0.000428414635718516,-0.436979725801056,-0.511227951148117,-9.59076151913911e-07,0.0301191786657313,0.0953113287687302,-0.501472234725952,-0.233003690838814,0.17626228928566,1
0.291,-4.08528653035223e-05,2.33295502071228e-05,0.0300611027013752,-0.00135942223599033,-0.00133188478684464,8.61727464940287e-07,0.00112878368558258,0.00220776452737368,0.000174881062494799,-0.44414913256228,-0.203845810589426,-0.000193812783171422,0.0301191786657313,0.154676705598831,-0.16557788848877,0.0805115252733231,0.452175110578537,1
0.292,-3.97686268523984e-05,2.53470104053451e-05,0.0300611919823521,-0.00152963542479307,-0.00104899214396151,4.74857935639506e-07,0.00104270976301651,0.001830171747109,4.04010815014907e-06,0.136356382988831,0.704005402623502,-0.000533123979086375,0.0301191786657313,0.173439681529999,-0.033107727766037,-0.345098167657852,0.673060417175293,1
0.293,-3.8575431960069e-05,2.69527680586088e-05,0.030061132362517,-0.00122272488256426,-0.000556799995373329,1.88574317494528e-07,0.00134761091459502,0.00138020963292017,-0.000123052359983089,0.399509576748018,0.169463128029594,-1.42097381387316e-05,0.0301191786657313,0.0796332955360413,-0.479597538709641,0.0680381581187248,0.400548607110977,1
0.294,-3.72750020772917e-05,2.80299820758972e-05,0.030061102312206,-0.00104115061884971,-0.000392594208749419,1.1831427748632e-07,0.00125534900344776,0.000774653721403978,6.24507960617773e-05,-0.0807519422226598,0.124502928393602,-0.000110702922840851,0.0301191786657313,-0.0177247263491154,-0.0937056392431259,0.00843355618417263,0.19043630361557,1
0.295,-3.60772942818933e-05,2.87438752767193e-05,0.0300612492791582,-0.000902453055632127,-0.000325373241432386,8.30908972737632e-08,0.00114135384528901,0.000652492497936846,0.000230931683374243,0.322094361920231,-0.00194595032229817,3.58040260772121e-05,0.0301191786657313,-0.050809983164072,-0.162122786045074,0.0965863466262817,0.0578172653913498,1
0.296,-3.50408476044858e-05,2.93560308814814e-05,0.0300616211134711,-0.000489467497797964,-0.000297489970145705,1.22355376053207e-07,0.000932201358408486,0.000568480523571963,0.00051237747930512,0.404362879067594,0.0542630375026821,2.87892000171202e-05,0.0301191786657313,0.166680216789246,-0.253631591796875,0.216297298669815,0.0698423385620117,1
0.297,-3.41720653153733e-05,2.98325544314553e-05,0.0300621725851566,-0.000350482508806424,-0.000311361733032769,1.23680246932878e-07,0.000805866676966673,0.00038402119624898,0.000589983897153973,-0.158952238708046,-0.0757190908484139,-3.50973953332758e-05,0.0301191786657313,-0.135974571108818,-0.0973587930202484,0.414530843496323,0.251577943563461,1
0.298,-3.36325429526918e-05,3.01161812169177e-05,0.0300627079948995,-0.000762646923050934,-3.14682186321029e-05,-3.73316662027889e-08,0.000276817235682177,0.000187282956151279,0.000480749265734616,-0.568008322497163,0.569707518551495,-0.000270208089993667,0.0301191786657313,0.173331528902054,0.0629659816622734,-0.0335427820682526,-0.136824265122414,1
0.299,-3.33038027579929e-05,3.04381681876622e-05,0.0300632776950706,-0.000824572884665168,1.0086304899332e-05,-7.61862213316533e-08,0.000380831586181338,0.000456568693381117,0.00065776883488655,0.454576186809834,-0.492102577796953,0.000196852824953674,0.0301191786657313,0.0717801600694656,-0.163155347108841,0.344719052314758,0.0654936581850052,1
0.3,-3.30724867827884e-05,3.08493993162521e-05,0.0300639236537032,-0.000376789150909798,-0.000439555148073624,1.0461859112354e-07,7.88267710051222e-05,0.000362468969639905,0.000633731489187019,0.335481220292404,-0.301790119163666,0.00012029397290969,0.0301191786657313,0.185732886195183,-0.380091577768326,-0.0056222677230835,-0.107071854174137,1
0.301,-3.29640347385616e-05,3.11400537234302e-05,0.030064791147797,-0.000332168678133261,-0.000812115315133832,1.47997076815898e-07,0.000134736951236243,0.000218958455619492,0.001099401573751,-0.255778159569651,-0.355408353518547,-7.20370355262059e-05,0.0301191786657313,0.550277054309845,0.109031423926353,0.393886059522629,-0.219535142183304,1
0.302,-3.28223623029529e-05,3.15341813026134e-05,0.0300656726387142,-0.000326515586954432,-0.000973793146996381,1.65270841456788e-07,0.00014720921402243,0.000568405861035706,0.000664195469776892,0.263014528133676,0.0692599561944668,0.000104929538313209,0.0301191786657313,0.528889656066895,-0.423442959785461,-0.178079947829247,0.557594895362854,1
0.303,-3.24453492437848e-05,3.17443961458222e-05,0.0300662573635575,-0.000916955371555024,-0.00111756252928187,-1.45972369303138e-07,0.000604839307354906,-0.000141470135985611,0.000505285361444909,-1.30220226147856,-0.320953981018705,-0.000658070806925225,0.0301191786657313,-0.0586407333612442,-0.12312439084053,-0.131964281201363,-0.15880586206913,1
0.304,-3.1873143910301e-05,3.16822697854498e-05,0.0300670562344838,-0.00159372979458825,-0.000989471630577282,-7.20902674444801e-07,0.000541043001673705,2.25879410015928e-05,0.00109040484162344,0.104417942175878,0.546272708740469,-0.000443808033139283,0.0301191786657313,0.358750224113464,-0.305017858743668,-0.0993923097848892,0.121646419167519,1
0.305,-3.11985461457704e-05,3.16007675840365e-05,0.0300682239258431,-0.00110418037761341,-0.000551576627092357,-9.04258619982556e-07,0.000811520418259438,-0.000189311387243298,0.00124370786274774,0.757888614802878,0.229027579053232,6.57622238059624e-05,0.0301191786657313,0.477994799613953,-0.335865646600723,0.0349363647401333,0.0680031031370163,1
0.306,-3.02513670849828e-05,3.13000143036956e-05,0.0300694755954232,-0.0003862888417678,-0.000616024080279723,-7.14141838553672e-07,0.00108186363112263,-0.000417823882884946,0.00125868501484385,0.510736975190675,-0.338220473586849,0.000218371752486308,0.0301191786657313,0.263763815164566,0.0201301127672195,-0.246925860643387,0.159640371799469,1
0.307,-2.90110726453558e-05,3.08634714254424e-05,0.0300707584164621,-0.000102283537328963,-0.00112591799241741,-5.6745035825756e-07,0.0013939320270211,-0.000457750529043485,0.00130601460607953,-0.0066166283902999,-0.557601018423533,1.36685375863081e-06,0.0301191786657313,0.0246707126498222,0.253791600465775,-0.274404019117355,-0.13105520606041,1
0.308,-2.75562562249276e-05,3.05963328127161e-05,0.0300722121398601,3.97776936287825e-06,-0.00132155970623468,-5.05132375483441e-07,0.00151435868132746,-7.80048917054254e-05,0.00160011439087397,0.194624032146891,0.215997103613551,0.000115512163032989,0.0301191786657313,0.258963823318481,-0.0727605819702148,-0.485427528619766,-0.0611660704016685,1
0.309,-2.57976204747663e-05,3.05446546534902e-05,0.0300740499068606,-9.62386660747197e-05,-0.00111645916473196,-5.91070357103263e-07,0.00200398296670727,-2.46440038923975e-05,0.00207288249193209,-0.369756461788401,0.151355879028042,-0.000259352740962233,0.0301191786657313,0.457055747509003,0.00294280797243118,0.122351162135601,-0.200526863336563,1
0.31,-2.37092115638018e-05,3.06395348882711e-05,0.0300760635790533,-0.000413658577437688,-0.000764650503178782,-8.4497617969248e-07,0.00217615384220112,0.000216515313474312,0.00195336528121169,-0.191312226994411,0.47486799102631,-0.000213278752053189,0.0301191786657313,0.323612213134766,0.115520536899567,-0.521778583526611,-0.0590274594724178,1
0.311,-2.12289022276838e-05,3.09702866353074e-05,0.0300781599873086,-0.000419508619538479,-0.000745114900110422,-8.77773488561218e-07,0.0027837341266792,0.00044449819317187,0.00223720857488534,0.178850242989294,-0.430211991755416,0.000145903454490501,0.0301191786657313,0.105152010917664,0.156467452645302,0.297578811645508,0.117782302200794,1
0.312,-1.85647101165029e-05,3.14711976884805e-05,0.0300802130221728,-0.000240422362141677,-0.000638722767882909,-8.36269337778361e-07,0.00254707473167653,0.000555657606108628,0.00186843463403446,0.135815644496465,0.623234970267047,-5.99924237488675e-05,0.0301191786657313,0.156699910759926,0.026039756834507,-0.0639786198735237,-0.0182926319539547,1
0.313,-1.59566660185053e-05,3.20826630654088e-05,0.0300821202676819,-0.000203429668250692,-6.53817310954718e-05,-9.13547972825057e-07,0.00267446781719907,0.000666860330917802,0.00194453837968912,-0.0717275795420913,0.397756087860252,-7.21315321495266e-05,0.0301191786657313,-0.143494352698326,-0.0218320954591036,-0.411537766456604,-0.164930671453476,1
0.314,-1.31882343398111e-05,3.28472673988723e-05,0.0300844304869321,-0.000279793114677672,-3.46305969227741e-05,-9.39628525653546e-07,0.00286301775992271,0.000862670379013359,0.00267213256971833,-0.0654128012344996,-0.332846574965734,2.45210247676707e-05,0.0301191786657313,0.0249142795801163,-0.302046924829483,-0.192547380924225,-0.0738987028598785,1
0.315,-1.02538549837895e-05,3.36598844303305e-05,0.0300873853937417,-0.000592514257036857,-0.000535463284023867,-9.08218850792508e-07,0.00300209956992655,0.000765744283067953,0.0032344277435989,-0.487935040965938,-0.54161031540958,7.25047631092191e-06,0.0301191786657313,0.0909839943051338,-0.246930509805679,0.1546471118927,-0.129869475960732,1
0.316,-7.30384252963929e-06,3.44313263916027e-05,0.0300907340148151,-0.000966081105075743,-0.000654496162509312,-1.03259925632315e-06,0.00289817568921906,0.000780529271316413,0.00345997486868614,-0.175181811770261,0.337794850006824,-0.000267139980469345,0.0301191786657313,0.141330346465111,-0.0961174368858337,-0.0432267114520073,0.374483287334442,1
0.317,-4.34984946483313e-06,3.50816105859846e-05,0.0300941026608113,-0.0011431217729779,-0.000177605462621186,-1.37856125004276e-06,0.00301453595238328,0.000522543786410014,0.003275592261979,-0.139639415353582,0.512811931604036,-0.000360248029143412,0.0301191786657313,0.577361345291138,-0.0994993969798088,-0.155985847115517,-0.0117131471633911,1
0.318,-1.04268355471988e-06,3.56325440340154e-05,0.0300973056250509,-0.000895359598190799,-0.000250894237103319,-1.35676809209784e-06,0.00359879370719162,0.000577235736032064,0.00312851169164505,0.573314616408537,-0.629112946028868,0.000360648897886851,0.0301191786657313,-0.252940237522125,-0.0223266184329987,0.16801717877388,0.415951132774353,1
0.319,2.37569486896165e-06,3.60864536868341e-05,0.0301003559966176,-0.000514936799908953,-0.000267549237527671,-1.27797581095379e-06,0.00323992266596394,0.000328113180437864,0.00297058452583491,0.0983613418369607,0.60646678354675,-0.000181995925752289,0.0301191786657313,-0.160847470164299,0.0236125588417053,-0.346238106489182,0.103070467710495,1
0.32,5.69291537801194e-06,3.64320136940488e-05,0.0301035121184475,-0.000468300377672117,0.000258372480545583,-1.44023958004169e-06,0.00339964945889889,0.000362625445252052,0.00333850427052641,-0.0167158744092282,0.333339583398931,-0.000108492928697804,0.0301191786657313,-0.0967669188976288,-0.129484295845032,0.146877318620682,-0.0368745103478432,1
0.321,9.00995360955963e-06,3.68065892658567e-05,0.0301069259892476,-0.000552521467499453,0.000600713500295969,-1.53724888107831e-06,0.00323895443022752,0.000387302608580042,0.00348653845281984,-0.132750671248046,0.281099223889421,-6.67203829316168e-05,0.0301191786657313,-0.0125443488359451,-0.00394628569483757,-0.0674156695604324,0.249186307191849,1
0.322,1.2297391721991e-05,3.7144362037687e-05,0.0301103705500843,-0.000803611161340064,0.000490195836580245,-1.4305484614674e-06,0.00333579813694587,0.000290794663432528,0.00340050010941432,-0.310941462339353,-0.464063798683352,0.000262338593098005,0.0301191786657313,-0.736443638801575,-0.331460446119308,0.348823994398117,0.0850042626261711,1
0.323,1.52171782686538e-05,3.73274717921333e-05,0.0301140365305355,-0.00116335098513949,0.000757693137848049,-1.5252034315516e-06,0.0025090948184833,7.90953111277545e-05,0.00392781465164421,-0.324731085282843,0.941597626506989,-0.000490534035080185,0.0301191786657313,-0.0513695254921913,-0.326414585113525,-0.0769167393445969,-0.0253855809569359,1
0.324,1.77781981055911e-05,3.73534682297314e-05,0.0301181607340657,-0.00122595485836488,0.00113737166871552,-1.77914829802006e-06,0.00261673447485083,-2.62667009322918e-05,0.00431672166371961,0.212325153423399,-0.259485502514202,1.59082471872798e-05,0.0301191786657313,-0.369114816188812,0.0785113126039505,0.376267552375793,0.111892022192478,1
0.325,2.01377598460559e-05,3.7379087684368e-05,0.0301224000862909,-0.000628447869533903,0.000951653384879707,-2.02971878815461e-06,0.00210278816301888,7.21236534889744e-05,0.00415946663654403,0.840879293183734,-0.0616136112361529,-0.000442368488463302,0.0301191786657313,-0.288880437612534,-0.0688203126192093,0.263688415288925,-0.0792363435029984,1
0.326,2.20610290237423e-05,3.75023456471479e-05,0.0301266184828328,0.000129567500773182,0.000905195356224183,-2.43225174800799e-06,0.0017447557402634,0.000167764048232085,0.00427426950092163,0.498862972856824,-0.014695470334091,-0.000273781986347642,0.0301191786657313,-0.038323312997818,-0.0724675580859184,0.220945224165916,-0.121026955544949,1
0.327,2.37457410525072e-05,3.77222254815224e-05,0.0301308791373007,0.000182665222115498,0.000715353507176372,-2.51570333986706e-06,0.00162371927376374,0.000271495933585377,0.00424418420345825,-0.404935651610949,-0.31488057942377,0.000101263111111699,0.0301191786657313,0.0110212564468384,-0.0399486124515533,0.259399950504303,-0.566945672035217,1
0.328,2.53090080252093e-05,3.82448043752488e-05,0.0301352277415402,-0.000139774096518643,0.000411738889274256,-2.44165820717512e-06,0.00150105751189397,0.000775183980711237,0.00444950417287385,-0.167292629385293,-0.217203561777973,2.85909625255431e-05,0.0301191786657313,-0.458642035722733,-0.309926778078079,-0.0957712084054947,-0.0125837996602058,1
0.329,2.66989945501825e-05,3.89458558662033e-05,0.0301399851881618,-0.000713767376801528,0.000467316126497715,-2.36831328859211e-06,0.00128039045763277,0.000632418897492112,0.00506074808351334,-0.846718830694256,0.31821941490627,6.61514940055247e-05,0.0301191786657313,-0.0964203774929047,-0.128200113773346,-0.033555343747139,-0.306995749473572,1
0.33,2.79959271512625e-05,3.97142403883997e-05,0.0301452207603509,-0.00111019784220363,0.000691701675473486,-2.39303885773978e-06,0.00131571832174178,0.000907159273816088,0.00540588137035437,0.140732324600833,0.0829363177868556,-0.000129931297415275,0.0301191786657313,0.222045600414276,-0.283482879400253,0.301599889993668,-0.0580185800790787,1
0.331,2.93259900407948e-05,4.05961122086122e-05,0.0301504992389378,-0.00080681080648722,0.000620190839699486,-2.49737703672537e-06,0.00134415723913427,0.000854414755468905,0.00514811781868716,0.391634544247485,-0.204337693156531,-6.90760027879073e-05,0.0301191786657313,-0.324716538190842,0.161785155534744,0.513292908668518,0.12247272580862,1
0.332,3.03768634704724e-05,4.15240490526192e-05,0.0301553964796833,-0.000300533975997636,0.000957253985089178,-2.79882487230765e-06,0.000762160520626842,0.000997069856944148,0.00464427165463612,0.499065972701491,0.800449614509988,-0.000418810868102235,0.0301191786657313,0.0584839656949043,-0.292573153972626,0.149151518940926,-0.024346025660634,1
0.333,3.11628699330792e-05,4.24599863642847e-05,0.0301600071109532,-0.00025888254850123,0.00131033538881155,-2.87688994093926e-06,0.00081299194381653,0.000875107872287709,0.00457410988715744,-0.425483798758015,-0.171233392101316,0.000303985737205091,0.0301191786657313,-0.790045022964478,-0.155477046966553,0.410292565822601,0.0306588560342789,1
0.334,3.15550177886421e-05,4.3314714665368e-05,0.0301646945195316,-0.000912993637898978,0.00153817800946915,-2.50571750948225e-06,-2.46220676853528e-05,0.000840328077466887,0.00479710278586542,-0.73154154770087,0.573240674588595,0.000303452184139916,0.0301191786657313,0.0639632940292358,-0.290473103523254,0.125566095113754,-0.107946150004864,1
0.335,3.15782153499149e-05,4.41534811985479e-05,0.0301694778803979,-0.00140992525431095,0.00134215427488965,-1.93309311935508e-06,6.90671760956526e-05,0.000841691457363418,0.00476650404423627,-0.150656334282237,-0.915032213379994,0.000791992429951738,0.0301191786657313,-0.494181305170059,-0.289389371871948,0.282426476478577,0.188372731208801,1
0.336,3.13916934909042e-05,4.48830373832276e-05,0.0301742633661802,-0.00138072538899774,0.000645622031984777,-1.41653003948861e-06,-0.000446667580673416,0.000618030884039946,0.00480104601017651,0.198895482206769,-0.317896861662147,0.000145776571933615,0.0301191786657313,-0.150027871131897,-0.229164585471153,0.475855588912964,0.277825444936752,1
0.337,3.0738634396732e-05,4.53739577423541e-05,0.0301788052343453,-0.00112532594987394,0.000728731387780247,-1.57486528618023e-06,-0.000857849717468404,0.000362469567584229,0.00428101051858139,0.250608970531804,0.460646449121519,-0.000407381522605272,0.0301191786657313,-0.0378849394619465,-0.239082604646683,0.118506953120232,0.0890258252620697,1
0.338,2.9870019151344e-05,4.56756002669894e-05,0.0301829902498936,-0.000850176526793887,0.00100467101555338,-1.88945909318505e-06,-0.000877266061460186,0.000238924709008488,0.0040867638587649,0.234931979908067,0.0259104849746591,-0.000165210151059001,0.0301191786657313,0.0552147626876831,0.0236339569091797,0.393931984901428,-0.152627363801003,1
0.339,2.89109002863496e-05,4.60495930575209e-05,0.0301868204015115,-0.000371960295314706,0.000905157664411387,-2.13707027896248e-06,-0.00104188031061767,0.000504659118440047,0.00357181957877878,0.60795998699089,-0.204103700439091,-0.000283635069089248,0.0301191786657313,-0.00444896519184113,-0.399977922439575,-0.222051277756691,0.153953716158867,1
0.34,2.80048458889736e-05,4.63844320533644e-05,0.0301904373469239,-0.000454339446906954,0.000248768122638958,-2.06678967407115e-06,-0.000776816352860152,0.000166704059308417,0.003659454955015,-0.750966173385548,-0.956360236681759,0.000314689611825838,0.0301191786657313,-0.237065479159355,-0.0268686711788177,0.0755358785390854,-0.487048715353012,1
0.341,2.71301253109638e-05,4.68002776868077e-05,0.0301942123222012,-0.000775620317085182,-0.000196781246176673,-1.93227908518168e-06,-0.000976126850741575,0.000666388890895684,0.00388727260053631,0.178772509325145,0.16259444451312,-7.4934914944722e-05,0.0301191786657313,0.0666787624359131,-0.407211035490036,-0.429430812597275,0.437703251838684,1
0.342,2.63774453675706e-05,4.71938861423315e-05,0.0301980755927618,-0.00117996126516844,-0.000119689653641174,-2.01831031265698e-06,-0.000529827470916845,0.000125638371646245,0.00383684914573495,-0.891858053035734,-0.0282910044845616,-6.51267925724664e-05,0.0301191786657313,-0.014760123565793,-0.136813268065453,0.258612215518951,0.00968198664486408,1
0.343,2.57626265216655e-05,4.73432564186704e-05,0.0302017052238561,-0.00164449779251085,0.00034896517299615,-2.45900080830808e-06,-0.000695595737511371,0.000176990718106564,0.00342097554080664,0.0684969182963441,0.852118805430654,-0.000805889083416064,0.0301191786657313,0.0645875334739685,-0.270402044057846,0.450406551361084,0.0151770561933517,1
0.344,2.49539892303478e-05,4.7490985600358e-05,0.030204856902722,-0.00117910640180819,0.00130412689721014,-3.49714216607566e-06,-0.000913170582786331,0.000114711661691354,0.00288160530111748,0.751649783208286,0.832678269361517,-0.00110052454275455,0.0301191786657313,-0.221731066703796,-0.674171686172485,0.342739939689636,0.365413308143616,1
0.345,2.38767627886838e-05,4.72597537003049e-05,0.0302076394296354,-0.001039323712603,0.00178883229392975,-3.88879717938551e-06,-0.00123670982636838,-0.000576709558365257,0.0026821265741989,-0.500543757729449,0.0233992636447139,0.000450340478792244,0.0301191786657313,-0.168785467743874,0.0528523921966553,0.523636937141418,0.0725551545619965,1
0.346,2.24281765490689e-05,4.67508843128738e-05,0.0302099556480925,-0.00118644736901163,0.00143228832209506,-3.53335451608316e-06,-0.0016634070351279,-0.000440130190411964,0.00194971592416535,0.241185335071009,-0.656555440700166,0.000211191240889703,0.0301191786657313,-0.178022131323814,-0.213680222630501,0.281277358531952,-0.372068375349045,1
0.347,2.06311665115693e-05,4.64471024654461e-05,0.0302119083082513,-0.000514792390816862,0.000566617406708154,-3.47933969413461e-06,-0.00193790884762,-0.000173914642091691,0.0019542015332988,0.945032946709512,-0.877922575904728,-7.10141424231927e-05,0.0301191786657313,-0.22932693362236,-0.259538948535919,0.339405357837677,0.360405176877975,1
0.348,1.84923612661574e-05,4.60775119306191e-05,0.0302135930637741,-0.000301312919707999,0.000125899234298493,-3.49089667928126e-06,-0.00234298885658782,-0.000566077217857057,0.00141563753849182,-0.561848114201975,0.0891995564406814,-2.07455410120477e-06,0.0301191786657313,0.246190875768661,0.0398340709507465,-0.28885093331337,-0.195750787854195,1
0.349,1.63850518386534e-05,4.56644130719e-05,0.0302148932615078,-0.000738728890837807,-0.000152567614264041,-3.40313471491882e-06,-0.00187553854493639,-0.000257072075863845,0.00118431778683301,-0.210315933072164,-0.586324133823965,0.000193729956638005,0.0301191786657313,0.0587615855038166,-0.0398542135953903,-0.332829624414444,0.152646526694298,1
0.35,1.46744502241194e-05,4.53962488476537e-05,0.0302159461166829,-0.000960552185636003,-0.000697279725227562,-3.23001813651302e-06,-0.00155172408216347,-0.000277400386336459,0.000921496076113055,-0.181262071735474,-0.382857483882699,0.000106316863105196,0.0301191786657313,0.296169221401215,-0.13799324631691,-0.428258657455444,0.00694809854030609,1
0.351,1.34084625544663e-05,4.5131067595426e-05,0.0302167738978289,-0.000984201044220079,-0.00101775936943507,-3.08687561823007e-06,-0.00098495129305016,-0.000252920648533464,0.000734101741910247,0.139249602162158,-0.188295938534734,0.000153359055430606,0.0301191786657313,0.68134069442749,-0.383443832397461,-0.219695001840591,0.319052159786224,1
0.352,1.27726246069943e-05,4.46646885267043e-05,0.0302171574270675,-0.00116978166413693,-0.00113161771017822,-3.16419662160783e-06,-0.000289657466512495,-0.000677345073680599,3.45097018382569e-05,-0.46422668239069,-0.01526414535178,-0.000303392294607681,0.0301191786657313,-0.262998729944229,-0.239040434360504,0.123368576169014,0.305414170026779,1
0.353,1.2316506870703e-05,4.38460919995164e-05,0.0302170237365979,-0.00158962583767192,-5.68585842403881e-05,-4.23493401902064e-06,-0.000613076920324281,-0.000956100143878726,-0.000301209091663275,-0.275269737048928,1.90989519929901,-0.00169628306711986,0.0301191786657313,0.328772485256195,-0.36064738035202,-0.513404965400696,0.287314862012863,1
0.354,1.20663283132523e-05,4.27142112427304e-05,0.0302166262083986,-0.00167579180248845,0.000926170328531919,-5.13983748318125e-06,0.000119070319788514,-0.00130639859172407,-0.0004932126921641,0.125227578794235,-0.166891736067777,6.2682676285885e-05,0.0301191786657313,0.0541909486055374,-0.160976231098175,0.25383660197258,0.536356091499329,1
0.355,1.21375438683924e-05,4.12093768161075e-05,0.0302156724749574,-0.00142657788695829,0.00047944894908044,-4.8859496803999e-06,1.98152824104699e-05,-0.00170487916538244,-0.00141134530243389,0.319283278809527,-0.621183486884102,0.000374188326219034,0.0301191786657313,-0.207003772258759,-0.138576939702034,0.224000334739685,0.162904426455498,1
0.356,1.20035379825347e-05,3.94556377364907e-05,0.0302140517698751,-0.000857460109154486,0.000125876359665896,-4.73969513015149e-06,-0.000290043886486213,-0.00180774392470944,-0.00182793734623456,0.691098195530399,-0.00611451118402993,-7.08876606850451e-05,0.0301191786657313,0.0366513654589653,-0.54425173997879,0.222277641296387,0.0825409516692162,1
0.357,1.16545638254742e-05,3.7451338869797e-05,0.0302121132458576,-0.000576370349906966,0.000281008429711203,-4.83719295862883e-06,-0.000406410854550938,-0.00220297103541868,-0.00204733410766663,-0.186277151068231,0.278383110281544,-8.50201440703712e-05,0.0301191786657313,0.254363179206848,0.202882885932922,-0.0325292870402336,-0.000800520181655884,1
0.358,1.13832419512767e-05,3.53821379752132e-05,0.0302097140436664,-0.000505513925326076,0.000199237129577445,-4.84895169483579e-06,-0.000137659779635752,-0.00193734332172603,-0.00274778711044352,0.316482519228627,-0.421927727053213,5.632109611312e-05,0.0301191786657313,-0.137718304991722,-0.523295938968658,-0.0872427001595497,0.192597359418869,1
0.359,1.12384303121059e-05,3.32036979069819e-05,0.0302070022006942,-0.000769527413422405,-0.000126221275654005,-4.79704751521481e-06,-0.000154746178153218,-0.00241680577625435,-0.00267424177555191,-0.773469395942067,-0.154207362937934,-1.49950151471533e-05,0.0301191786657313,0.149490147829056,-0.0112985149025917,0.235236793756485,0.12644137442112,1
0.36,1.10569076069236e-05,3.07885547650499e-05,0.0302039579202624,-0.00126927675219151,-1.51898995725112e-05,-4.93624604169796e-06,-0.000207272932298363,-0.00241002093451491,-0.00341045518515531,-0.103931318930526,0.348498880119394,-0.000269870357889128,0.0301191786657313,0.149199634790421,-0.0519937872886658,-0.181382939219475,0.0167507268488407,1
0.361,1.09956357046943e-05,2.84115181711721e-05,0.0302004045901388,-0.000864420581632652,0.000100886581650938,-5.06990998649925e-06,8.5213199166334e-05,-0.00234840853270257,-0.0036933598555753,0.824667279036213,-0.142782795253756,-5.25499050066849e-06,0.0301191786657313,0.0257256180047989,-0.270352423191071,0.106241628527641,0.240384712815285,1
0.362,1.10612427029851e-05,2.59002341985001e-05,0.0301965102968495,-0.000298563953643503,7.61621011905003e-05,-5.10505271789086e-06,4.59220234608088e-05,-0.00267887275302345,-0.00409160228619099,0.185433505240086,0.0985349581445646,-5.0889411867598e-05,0.0301191786657313,-0.143551021814346,0.0559384003281593,-0.0351553112268448,-0.169395744800568,1
0.363,1.10778341244595e-05,2.33430040531609e-05,0.0301923785142759,5.84970640099603e-06,0.000277096022453587,-5.17638875763282e-06,-1.08738952734584e-05,-0.00243965290948466,-0.00416896437811183,0.359713635675778,0.256184144196483,-8.07645991827795e-05,0.0301191786657313,-0.21511247754097,-0.365836769342422,0.164544269442558,0.0826355218887329,1
0.364,1.09347682367748e-05,2.07443629383342e-05,0.0301881947456228,-0.000235471496563049,0.000687039157910126,-5.12557976906081e-06,-0.000271143092311686,-0.00275564110925548,-0.00419565745504806,-0.775202115019436,0.466956219962158,0.000204818554386023,0.0301191786657313,-0.231878399848938,0.157820597290993,-0.159615948796272,-0.55337005853653,1
0.365,1.06651196070234e-05,1.8305970907254e-05,0.0301841682800382,-0.000309644388969722,0.000773787125184289,-5.14160710451961e-06,-0.000267524047179017,-0.00212300800576445,-0.00385546585843826,0.647098314438339,-0.312173204457633,-0.000247618899917745,0.0301191786657313,-0.146256551146507,0.0449096411466599,-0.254063487052917,-0.0457135289907455,1
0.366,1.04666813004241e-05,1.62396595379139e-05,0.0301803399904266,0.000318580400489641,5.60269228274322e-05,-5.3637712142951e-06,-0.000135851641664621,-0.00201596017884162,-0.00379866446418249,0.469567458369221,-0.955053930139555,-0.000208225070270498,0.0301191786657313,0.110762387514114,-0.237268328666687,-0.212338507175446,0.129044100642204,1
0.367,1.0465026970503e-05,1.40823109617424e-05,0.0301765018524654,8.93101800474955e-05,-0.000893173739585725,-5.67690049857461e-06,0.000123764780608083,-0.00229676500532024,-0.00387475467549028,-0.864395800792441,-0.722396211650587,-0.000487107816542059,0.0301191786657313,0.153681620955467,0.261034280061722,0.127304419875145,-0.0500048696994781,1
0.368,1.05844569111855e-05,1.19289698219983e-05,0.030172321528446,-0.000510914987266757,-0.000849685677124289,-6.08842447435975e-06,0.000115542086027178,-0.00200626404832061,-0.00448150884086324,-0.191700721222807,0.795244210380356,-0.000342320560217875,0.0301191786657313,0.355109214782715,-0.110271252691746,-0.325868606567383,-0.259965181350708,1
0.369,1.09714755304921e-05,1.00074636662756e-05,0.0301678682372456,-0.000322143288091127,-0.000142434019682206,-6.2845033954595e-06,0.000663504353483989,-0.00183936756313919,-0.0044223102827975,0.529180552819527,0.455691205182832,-7.06927171479475e-05,0.0301191786657313,0.0988493710756302,-0.218422889709473,-0.550037384033203,-0.231864765286446,1
0.37,1.19077606859248e-05,8.18648982900452e-06,0.0301637018261941,0.000227329059655488,-0.000106783013442395,-6.3240544183607e-06,0.00120816191695093,-0.00180794391966672,-0.00390915718881842,0.447567683503856,-0.387215978931551,-5.44083005784596e-05,0.0301191786657313,0.122800320386887,-0.443973988294601,0.133931219577789,-0.118878066539764,1
0.371,1.31189639423845e-05,6.24740563991432e-06,0.0301598245564054,0.000131961728769199,-0.000238644996463985,-6.3969323549351e-06,0.00121350430327082,-0.00206938156183597,-0.00384295110681885,-0.60734198486706,0.156447013207575,-0.000100702388590995,0.0301191786657313,-0.00732246041297913,0.463123023509979,0.364834487438202,-0.204393491148949,1
0.372,1.41929420615286e-05,4.45368754380168e-06,0.0301556611704363,4.10248963399811e-05,0.000423129109177064,-6.46867277742658e-06,0.000941150049575577,-0.0015191542697065,-0.0044794794816495,0.449510205927464,1.01326724111669,-0.000115076843377564,0.0301191786657313,0.0840449556708336,-0.142028585076332,-0.232579857110977,-0.146808370947838,1
0.373,1.52941761146595e-05,2.93615815321812e-06,0.0301512812894222,0.000341326336904849,0.000830818083888727,-6.58619556093143e-06,0.00126425639722354,-0.00151895777724855,-0.00427792843044345,0.0868824744987209,-0.285494123330832,-0.000126976199963586,0.0301191786657313,-0.278131753206253,-0.151078939437866,0.205716252326965,-0.469869762659073,1
0.374,1.63971141504909e-05,1.53964775827839e-06,0.0301472125597872,0.000425404066906522,0.000591058105605458,-6.70262254987009e-06,0.000940790052675835,-0.00127587060314376,-0.00385792069054135,0.0659049474084533,-0.135573316698657,-8.70123536111265e-05,0.0301191786657313,-0.150154024362564,-0.117062762379646,0.018906831741333,-0.498908251523972,1
0.375,1.72999510371084e-05,4.08504988779501e-07,0.0301435926136288,0.000499786673502828,0.00038287362726597,-6.80988687706829e-06,0.000863597204847017,-0.000988138385513753,-0.00338072653530912,0.0688176986537576,-0.229308374811935,-0.000111273318149111,0.0301191786657313,-0.32310625910759,0.326110452413559,0.0220412611961365,-0.226459443569183,1
0.376,1.80499876894278e-05,-3.69162361397795e-07,0.0301402437669363,0.000668476804183682,0.000370217291913767,-6.87552468958685e-06,0.000637176190650851,-0.000569933084740242,-0.00331484819699588,0.230931200703491,0.208012049254326,-4.73667645735448e-06,0.0301191786657313,0.246288508176804,0.231455758213997,-0.46297487616539,0.0523599684238434,1
0.377,1.90014944016944e-05,-8.84630261034746e-07,0.030136861621506,0.000580225222468396,-9.13676561149747e-05,-7.07742795746924e-06,0.00126080704407957,-0.000460652537299289,-0.00344681385039815,-0.383707349075119,-1.01707352482828,-0.000376349098176216,0.0301191786657313,-0.137084931135178,-0.130379483103752,0.468092828989029,-0.265592813491821,1
0.378,2.00291343459292e-05,-1.30187578185511e-06,0.0301334069797021,3.52811077669226e-05,-0.000216106619795003,-7.27635843933427e-06,0.00079492695251732,-0.000369587877749903,-0.00346014283369098,-0.577515308797764,0.794822824911563,-8.87516043157119e-05,0.0301191786657313,0.186643093824387,-0.164605855941772,-0.533907532691956,-0.148584425449371,1
0.379,2.11371663835322e-05,-1.6756538891106e-06,0.0301301782220811,-0.000439998240411988,0.000148918138801068,-7.32927394242466e-06,0.00142289258944545,-0.000374037350410898,-0.00299653551714102,-0.262159308895405,-0.143633244162711,2.06655632889768e-05,0.0301191786657313,-0.118815273046494,-0.332292646169662,-0.00258937478065491,0.0916981622576714,1
0.38,2.25383637333449e-05,-2.21035567134734e-06,0.0301273031977384,-0.000684806724684437,0.000204059302639342,-7.36753471519691e-06,0.00138055097250342,-0.000692690677012037,-0.00275213660739428,-0.168715941811854,0.244205264853747,-0.000108080462977828,0.0301191786657313,0.220720261335373,-0.205313190817833,0.0677511841058731,-0.142851322889328,1
0.381,2.40114042868279e-05,-2.9141302190739e-06,0.0301245596282028,-0.000425283413918752,0.000336576304070374,-7.49793637266905e-06,0.00156675831813643,-0.00071725844999462,-0.00273321126632637,0.627136155681282,-0.00525911262428771,-0.00014990412968125,0.0301191786657313,0.10431170463562,0.00792889297008514,0.263540327548981,0.104134500026703,1
0.382,2.55473810330211e-05,-3.66871806865395e-06,0.0301216299324073,0.00028012628021093,0.000443190885138883,-7.67449510918894e-06,0.0015066593908608,-0.00079821649031301,-0.00312403927221792,0.619997992322326,0.197993839745664,-0.000155609826089911,0.0301191786657313,-0.352910667657852,-0.201413944363594,0.0316503942012787,-0.16289684176445,1
0.383,2.69383171120366e-05,-4.4978242375225e-06,0.0301187719746607,0.000595695337844799,0.000823809598381602,-7.69485662877045e-06,0.00127954419903695,-0.000862794870668441,-0.00259133564442884,-0.0582475971171976,0.477517878041192,0.000146829891859838,0.0301191786657313,-0.0556889697909355,0.250247120857239,0.229771986603737,-0.38209143280983,1
0.384,2.81541771549896e-05,-5.1238232067393e-06,0.0301161673940534,0.000704099269628474,0.00112690574531819,-7.69333291117391e-06,0.00115545616824485,-0.000391292301705663,-0.00261597226778359,0.250770308407577,0.0619067366870728,-0.00016599629955249,0.0301191786657313,-0.249486684799194,0.209452241659164,0.201703995466232,-0.439364969730377,1
0.385,2.91839255281177e-05,-5.27691528878522e-06,0.0301136692465941,0.0010040916092948,0.0010522006517154,-7.94938968251557e-06,0.000904360115853852,8.13236980083028e-05,-0.00237917501160144,0.279101050884569,-0.19006975770175,-0.000300435579951659,0.0301191786657313,-0.307872653007507,0.321013152599335,0.389350265264511,-0.449362993240356,1
0.386,2.98605890052084e-05,-4.91525321448512e-06,0.0301113230014806,0.00123420882884785,0.00102137254638042,-8.12731381838461e-06,0.000450121386682602,0.000638700901162843,-0.00231187671159561,0.12672199582961,0.136624911209348,-1.37700078853881e-05,0.0301191786657313,-0.447636544704437,0.227407187223434,0.382217943668365,-0.504225134849548,1
0.387,3.00320758429074e-05,-4.01520276314297e-06,0.0301091648442838,0.00116943127761238,0.00136972160800775,-7.88080366165289e-06,-0.000102756796861544,0.00116100739828722,-0.00200367287893019,-0.242907418191624,0.477753786638013,0.000452674011956283,0.0301191786657313,-0.281331926584244,0.161055892705917,-0.0315231680870056,-0.570642173290253,1
0.388,2.9895145030389e-05,-2.58716851513531e-06,0.0301074672269183,0.000846117052265042,0.00132777683519236,-7.66871867963204e-06,-0.000171329265775482,0.00169683769711136,-0.00139216781382405,-0.332098181637229,-0.549222398272866,-4.75389022624949e-05,0.0301191786657313,-0.145187765359879,0.127274975180626,0.618270635604858,-0.461728751659393,1
0.389,2.94732464041458e-05,-6.71063254707934e-07,0.0301060470521695,0.000530589219394817,0.000900106164396278,-7.67825468050987e-06,-0.000674902457200967,0.00213745762308867,-0.00144720590151085,-0.231600255634863,-0.208679968309245,1.8820745800836e-05,0.0301191786657313,-0.214368090033531,0.330147862434387,-0.029041200876236,0.0240092426538467,1
0.39,2.87728439226547e-05,1.57977078544739e-06,0.0301045844479963,0.000255038082066051,0.000555312442866826,-7.67317302718951e-06,-0.00072892430298065,0.0023667078689458,-0.00147697807607422,-0.261699279727514,-0.401835043314019,-1.11516810754843e-05,0.0301191786657313,-0.275859534740448,0.164022862911224,0.458759725093842,-0.388548731803894,1
0.391,2.77870861729259e-05,4.16833630938187e-06,0.0301031554371154,0.00029497087208771,0.000684739558786666,-7.70512287040503e-06,-0.00124041808222856,0.00280975122718396,-0.00138033934848527,0.322689699290864,0.624282337216048,-5.47832599891189e-05,0.0301191786657313,0.252610981464386,-0.308499932289124,0.285933643579483,-0.31283512711525,1
0.392,2.65830628186386e-05,6.97612189218404e-06,0.0301018411605412,0.000329886794994485,0.000995883233888655,-7.68726683064713e-06,-0.00116552556271829,0.0028064724772727,-0.0012476572131753,-0.267715844785532,-0.0766191234558865,9.76537833745755e-05,0.0301191786657313,-0.201049759984016,0.159091308712959,0.074172705411911,-0.161267802119255,1
0.393,2.5355979447223e-05,9.91499929254017e-06,0.0301006806408135,9.8017636861672e-05,0.00073954581038541,-7.63195529707161e-06,-0.00129089915252706,0.00307350659897444,-0.0010731455247744,-0.150802331719862,-0.378673053772623,6.48074671652531e-06,0.0301191786657313,-0.439374923706055,-0.30775198340416,0.35373717546463,-0.290027678012848,1
0.394,2.37852845874151e-05,1.29919912366787e-05,0.0300999150182159,-0.000179704078698659,0.000787769484056316,-7.57263549822085e-06,-0.00184905045413305,0.00308385622902865,-0.00045929418667485,-0.348115859825946,0.456514466068688,7.05648597889407e-05,0.0301191786657313,0.042649045586586,-0.126216307282448,0.0656659677624702,-0.23954676091671,1
0.395,2.19730956961714e-05,1.61432183724959e-05,0.0300995962124273,-0.000366367820226958,0.000861460470398379,-7.52244948820646e-06,-0.00177550569156616,0.00322087230902147,-0.000178854998424768,0.00791231319833794,-0.32951331614018,2.79236206535541e-05,0.0301191786657313,-0.235843449831009,-0.20356197655201,0.224634349346161,0.203747391700745,1
0.396,2.00514811903985e-05,1.9226359963989e-05,0.0300994624361637,-0.00058153162715355,0.000592416551830504,-7.41555813199568e-06,-0.00207058269813291,0.00294841251015031,-8.86477087936554e-05,-0.396771912683584,-0.151008937179227,0.000142245493756776,0.0301191786657313,0.160788089036942,-0.360243916511536,0.0578199476003647,0.116341471672058,1
0.397,1.80552612764309e-05,2.20198435089067e-05,0.0300994243451063,-0.00105743596481834,0.000184706180943696,-7.14875875740262e-06,-0.00192646376540718,0.00264441567546839,1.22822991402826e-05,-0.451641042158524,-0.573415205688518,0.000343284296202816,0.0301191786657313,-0.309236228466034,-0.118900820612907,0.296710997819901,0.335472285747528,1
0.398,1.59020824458373e-05,2.45325392406093e-05,0.0300993978509938,-0.00128879131613541,0.00022082707307909,-7.20889779959322e-06,-0.00237899167164969,0.00238455411042395,-6.5004155972796e-05,0.0340582086200043,0.626960865336063,-0.000480853025976121,0.0301191786657313,-0.177713632583618,-0.400032997131348,0.282196938991547,0.0829378366470337,1
0.399,1.33636795121872e-05,2.67777278003847e-05,0.0300994575566942,-0.00103693656654188,0.00104602004994255,-7.88042033628145e-06,-0.00269109932161877,0.00210479811903654,0.000184088543436964,0.40316320645177,0.82107097792911,-0.000731407093479327,0.0301191786657313,-0.0669522434473038,-0.096220463514328,-0.215716227889061,0.0607805848121643,1
0.4,1.07758430426384e-05,2.88685970084454e-05,0.0300998065517492,-0.000420167268910819,0.00103084471684588,-8.35900429585479e-06,-0.00248611188293861,0.00207242231385685,0.000512806405792723,0.678820006829482,-0.85096130730001,-0.000223644869122983,0.0301191786657313,-0.401629030704498,-0.244159162044525,0.343106597661972,0.323650330305099,1
0.401,8.01604756710523e-06,3.07471792692614e-05,0.0301003514578204,-0.000296694058966572,0.000375432124071449,-8.38029502858717e-06,-0.0030385035811359,0.00168536823065099,0.000576338046623167,-0.463063080256376,-0.316608173595884,0.000109012326617901,0.0301191786657313,-0.217847287654877,-0.29937806725502,0.163915574550629,0.0396270453929901,1
0.402,4.83681918567338e-06,3.23392386270238e-05,0.0301010893947641,-0.000981522696484575,0.00024187749621922,-8.28473084402148e-06,-0.00332135239159248,0.00150565007864034,0.000898141215488912,-0.750408649749542,0.070003310794577,2.37154590026048e-05,0.0301191786657313,-0.18738479912281,-0.404946714639664,0.208812028169632,0.156042143702507,1
0.403,1.36568686835392e-06,3.36813549575085e-05,0.0301021139719661,-0.00165244403579717,0.000478551280579059,-8.38538455161242e-06,-0.00361954596100391,0.00118532021357483,0.00115000785061364,-0.438381129439273,0.336749185323027,-0.000227917377430864,0.0301191786657313,-0.286876887083054,-0.0514410138130188,-0.490696668624878,0.344320803880692,1
0.404,-2.15816890852111e-06,3.47846400555453e-05,0.0301034887870827,-0.00155021817972803,0.000294311866347864,-8.27520452917341e-06,-0.00343136468237343,0.00102111852263371,0.00159763389920375,0.61274929749925,-0.669986871761327,0.000431485454019194,0.0301191786657313,0.188818216323853,-0.239986091852188,0.656000852584839,0.176180362701416,1
0.405,-5.78018743206914e-06,3.57042389997105e-05,0.0301048116768525,-0.000713738448833612,-8.32820684550411e-05,-8.06526894647774e-06,-0.00381609749375653,0.00081183335026494,0.00104862439995819,0.86139580802165,-0.00980179869122185,5.95549520382744e-06,0.0301191786657313,0.0557904951274395,-0.247768506407738,-0.24979530274868,0.547209978103638,1
0.406,-9.4825334258215e-06,3.62432360339507e-05,0.030105848740212,-0.000490599366668856,-0.000328646431795332,-8.03660693105002e-06,-0.00359209365597714,0.000264772744023756,0.00102481347379493,-0.468678743486501,-0.434162911243218,-4.96805366821472e-06,0.0301191786657313,-0.0953014343976974,-0.285289257764816,-0.285444855690002,-0.0422470346093178,1
0.407,-1.30201046558239e-05,3.64634742900606e-05,0.0301071781736509,-0.0010259702077431,-0.000695736397385638,-8.08269837593301e-06,-0.00348765246813384,0.000180571940486195,0.00163150329426826,-0.47803438088051,-0.225695744208864,-9.26736920907039e-05,0.0301191786657313,-0.0184495449066162,-0.257185786962509,-0.204131692647934,0.206822752952576,1
0.408,-1.64652803288331e-05,3.65225624645003e-05,0.0301089409899929,-0.00141149523718829,-0.000698667550410659,-8.28135763741855e-06,-0.00340410971710667,-5.83989344591961e-05,0.00189225564156459,-0.203899920068016,0.208853394033874,-0.000276912893851311,0.0301191786657313,0.489038676023483,-0.173476666212082,-0.153737351298332,0.187522143125534,1
0.409,-1.96429400257148e-05,3.63902781762656e-05,0.0301107171802399,-0.00126835942182478,-0.000735697005727357,-8.24020388501268e-06,-0.00295358548398971,-0.000207120273268593,0.00165944733560369,0.455406536068997,-0.282816164858061,0.000341857852041841,0.0301191786657313,0.0354305803775787,-0.547756016254425,0.0108295772224665,0.286082804203033,1
0.41,-2.26273658602571e-05,3.59101052146141e-05,0.0301124786479273,-0.00105332037773818,-0.000687380024515358,-8.20910431498234e-06,-0.00301567770409939,-0.000753721881987995,0.00186169931124094,-0.0727663712180778,0.357233549957413,-0.000270721077610211,0.0301191786657313,0.536966264247894,-0.0989537760615349,0.0442071110010147,0.300227463245392,1
0.411,-2.54818863471385e-05,3.50569153980853e-05,0.030114047251822,-0.00105153585440467,-0.000550273454455845,-8.32700275710252e-06,-0.00269393960015566,-0.000952452658911795,0.00127593369052743,0.0780595977658453,-0.122560623289746,5.6515540540841e-05,0.0301191786657313,0.570485413074493,-0.156899809837341,-0.053824707865715,0.288988381624222,1
0.412,-2.79652081299001e-05,3.39839797257874e-05,0.0301150798971004,-0.000960445716068439,-0.00099551013611413,-8.08536888774469e-06,-0.00227861391736368,-0.00119384852361029,0.000790144704252579,0.0859637945960426,-0.669229813503553,0.000360933435334005,0.0301191786657313,0.438791155815125,-0.146750584244728,0.312143594026566,0.206555500626564,1
0.413,-3.02509591665524e-05,3.27034705636121e-05,0.0301155607370005,-0.000839534253383759,-0.00123538594470007,-7.91942238498322e-06,-0.00229566418841944,-0.00136811482709335,0.000173002671153752,0.131380950409111,0.235726607666502,-5.68539550367755e-05,0.0301191786657313,0.639386296272278,0.165988504886627,0.0664646625518799,-0.000107705593109131,1
0.414,-3.23744428021795e-05,3.14536614121653e-05,0.0301154001092459,-0.000351133607525565,-0.000977156361532897,-7.76135586111337e-06,-0.00195053527634007,-0.00113663420339707,-0.000492659025250001,0.733196495633964,0.213532097895689,0.000313387728749104,0.0301191786657313,0.337485671043396,-0.425476372241974,-0.182422041893005,0.251815229654312,1
0.415,-3.41707301318128e-05,3.00788334595049e-05,0.0301149242663912,-0.000321659614009393,-0.000867681330318155,-7.78993793471017e-06,-0.00164248031684724,-0.0016125152481361,-0.000458809809087119,-0.673119082809382,-0.0249194722483784,-0.000352552132625259,0.0301191786657313,0.206556305289268,-0.267056107521057,-0.106238096952438,-0.19030986726284,1
0.416,-3.57438924510719e-05,2.84790994599105e-05,0.0301146147780054,-0.000941509041662384,-0.000867120161214437,-8.12446108566789e-06,-0.00150472731974312,-0.00158229358772645,-0.000160716409216639,-0.417543691828956,0.0210408037216169,-0.00024635645929621,0.0301191786657313,0.187303528189659,0.0378092601895332,-0.397634953260422,-0.118064120411873,1
0.417,-3.70707282904044e-05,2.7013680691553e-05,0.0301145777618652,-0.000792069775457137,-0.00104928845118947,-7.9831675510178e-06,-0.00115136213174043,-0.00135059128933102,8.64627579218701e-05,0.684456088763254,-0.346094422010721,0.000505618656669734,0.0301191786657313,0.516300678253174,-0.29130744934082,0.0718455091118813,0.249137476086617,1
0.418,-3.81089407440061e-05,2.54852450851156e-05,0.0301144609075975,-0.000391537801570881,-0.00131404282365511,-7.68402128148438e-06,-0.000928330905332616,-0.00170916587283283,-0.000318954303570792,0.0298237569127743,-0.125372437024332,1.08247533016877e-05,0.0301191786657313,0.390100508928299,0.227186858654022,-0.17268218100071,0.19859454035759,1
0.419,-3.88811309413411e-05,2.38223613003617e-05,0.0301139006554974,-0.000304819030698332,-0.00133994693561889,-7.65167429284119e-06,-0.000617400710483233,-0.00161815926576327,-0.000799810477684151,0.128050389700288,0.0767018254504174,4.36423944247044e-05,0.0301191786657313,0.197576358914375,-0.342679858207703,-0.246120065450668,-0.0669868439435959,1
0.42,-3.93909253933438e-05,2.21235610967686e-05,0.0301132926622609,-0.000409638576440444,-0.00110259888172917,-7.79827328711846e-06,-0.00040081029895758,-0.0017787444666614,-0.000416671849510878,-0.306921248748491,0.339999461568695,-0.00029871472366314,0.0301191786657313,0.502477169036865,0.274246245622635,-0.361292719841003,-0.125161170959473,1
0.421,-3.95072341800122e-05,2.05401817023867e-05,0.0301127756315234,-0.000264902259491706,-0.0011307558084953,-7.74975599426853e-06,0.000166502949244369,-0.00139075566303012,-0.000616519315003426,0.564916291770877,-0.388129046982079,0.000368310280569795,0.0301191786657313,-0.00886665284633636,-0.358040004968643,0.126930296421051,0.0955137759447098,1
0.422,-3.94659985528836e-05,1.89892046162017e-05,0.0301122290982662,-0.000162893224370786,-0.000948744376220046,-7.72321216802041e-06,-8.17922125343462e-05,-0.00171175148636501,-0.00047655520466147,-0.377571995242265,0.706477932112817,-0.000296005495151172,0.0301191786657313,0.783036768436432,-0.112933203577995,-0.140302494168282,-0.0107024312019348,1
0.423,-3.92330335516854e-05,1.72620893839783e-05,0.0301115651561554,-0.000582113664940165,-0.000831785275700968,-7.9396875287685e-06,0.000547136297374275,-0.00173941044964229,-0.000849908287333253,-0.35797975606298,-0.495656782401233,-4.12848093996919e-05,0.0301191786657313,-0.0803929567337036,-0.0809378400444984,-0.162329584360123,-0.115764960646629,1
0.424,-3.87169530319602e-05,1.55703903532443e-05,0.0301109035383927,-0.000609460517187472,-0.00107853600571671,-7.89525869615559e-06,0.000483262098539881,-0.00164457885876373,-0.000473863502158735,0.312797826524263,0.0597766374177017,0.000128661285061365,0.0301191786657313,0.310108631849289,-0.15265554189682,-0.369890809059143,0.297656863927841,1
0.425,-3.80238862004819e-05,1.37713834319166e-05,0.0301104149989004,-0.000451644973261631,-0.00119192697668543,-7.80884487294742e-06,0.000901088984814302,-0.00195463262647179,-0.000502822401144923,-0.0279472889391665,-0.256961670740532,9.15527977790973e-06,0.0301191786657313,0.218691691756248,-0.095887191593647,0.119249038398266,0.0676056891679764,1
0.426,-3.71515189380758e-05,1.17750087999761e-05,0.0301098092793251,-0.000424271298207718,-0.00103683633131191,-7.86504753458317e-06,0.000845367571558463,-0.00203888734957209,-0.000707898658902036,0.0821457275380945,0.532103241129978,-0.000113042251490075,0.0301191786657313,1,-0.108346804976463,-0.173064023256302,-0.198650345206261,1
0.427,-3.58914729748654e-05,9.79293727927304e-06,0.0301089190971057,-0.000117815570641866,-0.00117187308748192,-7.7291994533546e-06,0.00167185694529316,-0.00192880257356137,-0.00107091618065684,0.463866257678456,-0.762972290291204,0.000309992057802939,0.0301191786657313,0.100383557379246,-0.135086923837662,-0.129207447171211,0.203732579946518,1
0.428,-3.4196739247364e-05,7.73609579806524e-06,0.0301078546828035,-1.21340609958668e-05,-0.00150366846200675,-7.69064808103792e-06,0.00171522624991429,-0.00218576923330661,-0.00105722284561608,-0.268837714788843,0.179200121724379,-0.00025921915412944,0.0301191786657313,0.354148656129837,0.395265340805054,-0.307807177305222,-0.148500442504883,1
0.429,-3.22823251401701e-05,5.77944482858501e-06,0.0301067074436459,0.000143256498173466,-0.00120950873596219,-7.62222570838134e-06,0.00211581910877628,-0.00173061354188326,-0.00123608210476226,0.546994888542435,0.345490757911234,0.000351934684813284,0.0301191786657313,0.844430029392242,-0.185529842972755,-0.377981871366501,-0.0605443231761456,1
0.43,-2.97314955206772e-05,3.99634332794982e-06,0.0301054132904013,0.00034793185507704,-0.00137725790348013,-7.5681076188161e-06,0.00298291442936238,-0.00183764230145506,-0.00135103332834337,-0.178217957184606,-0.630884879770028,-0.000292045372597092,0.0301191786657313,0.0696668326854706,0.130376487970352,-0.0779129266738892,-0.37979519367218,1
0.431,-2.67556817577554e-05,2.36173105893695e-06,0.0301041925472852,0.000356478790137708,-0.00136375880406707,-7.59619434376191e-06,0.00296987072997363,-0.00143321571034177,-0.00109027108923135,0.197166264018488,0.660201199218272,0.000238253123144666,0.0301191786657313,0.0358563363552094,0.0337133258581161,-0.0729013681411743,-0.159893184900284,1
0.432,-2.37947531341491e-05,9.99075531269832e-07,0.0301031977653616,0.000424513587081926,-0.000294159964327293,-7.34285309045291e-06,0.00296218355299153,-0.00129352925061873,-0.000899198608253267,-0.0721059819018183,1.23583475063623,0.000238345021853034,0.0301191786657313,-0.00681327283382416,-0.23141798377037,-0.106109350919724,-0.437532812356949,1
0.433,-2.08137883234501e-05,-2.19593404584751e-07,0.0301026383455817,0.000259956670404113,0.000600640388949093,-7.17232531144418e-06,0.00300837502596902,-0.00114314535602011,-0.000220732402233441,-0.214517660579508,0.35460312959408,8.41678445820725e-05,0.0301191786657313,-0.0758713185787201,-0.127107009291649,-0.155779391527176,-0.392117321491241,1
0.434,-1.77780131389152e-05,-1.26056697722495e-06,0.0301027459842067,0.000138680493409116,0.000292811402125251,-7.19201682253257e-06,0.00306142357857375,-0.000938603687869942,0.000434368339397864,0.00305668624529299,-0.885601854151895,-0.00010415903433463,0.0301191786657313,-0.734752833843231,0.322316437959671,0.417308986186981,-0.175227046012878,1
0.435,-1.51988800704087e-05,-2.00353879317043e-06,0.0301032796490275,0.000447078844922815,0.000163548985353405,-7.2351898827705e-06,0.00209741907566363,-0.000550596501920565,0.000632472453463773,0.542909527139631,0.664162278396795,7.7630202311647e-05,0.0301191786657313,-0.137589156627655,0.170227691531181,-0.408230930566788,-0.118037186563015,1
0.436,-1.29987309862254e-05,-2.45458381395989e-06,0.0301041379569771,0.00083391873151594,0.000264600754633631,-7.32011425741419e-06,0.00230388060059717,-0.000355519676476559,0.0010823219646464,0.142931220069553,-0.475574554016287,-0.000274616454887071,0.0301191786657313,-0.175759449601173,0.0988861098885536,0.431263774633408,-0.272947907447815,1
0.437,-1.09504922760516e-05,-2.68263754832825e-06,0.0301052182799345,0.000736856494287193,9.42491978473029e-05,-7.43436304428968e-06,0.00179306038067381,-0.000100452612492936,0.00107759001253256,-0.312383373576424,0.17950522838937,5.13518231124729e-05,0.0301191786657313,0.0559492558240891,0.0885414779186249,0.144968494772911,-0.0261333882808685,1
0.438,-9.20070615476079e-06,-2.75380919320908e-06,0.0301062203537146,0.000147944579707669,0.000162533167936465,-7.3976609384907e-06,0.00170790912179853,-3.70226779638982e-05,0.000926266533155797,-0.726068053958143,-0.0529755976530021,2.34022291453999e-05,0.0301191786657313,-0.242433309555054,0.475690484046936,0.133524790406227,-0.243316754698753,1
0.439,-7.65022555097972e-06,-2.50146290841881e-06,0.0301071239883525,5.72246077221551e-05,0.00023938874662559,-7.431870223229e-06,0.00139480831122012,0.000541517200402887,0.000880475982240142,0.562816580122127,0.192872992413249,-0.000104677508906937,0.0301191786657313,-0.097402036190033,-0.260061681270599,0.0425235778093338,0.406991422176361,1
0.44,-6.31253644846289e-06,-2.23729975485678e-06,0.0301079922144891,-2.66246616757086e-05,0.000293267267087385,-7.44731927904141e-06,0.00128178515732949,-1.08622484841672e-05,0.000855476744839995,-0.707956305390322,-0.0928617843847711,7.80998366976843e-05,0.0301191786657313,0.04386867582798,0.060418002307415,0.112842306494713,-0.224650293588638,1
0.441,-5.05889572943482e-06,-2.12938147341774e-06,0.0301088728259171,-0.000330474258436272,4.60518932426133e-05,-7.40366609308651e-06,0.00122390965790735,0.00022880411331457,0.000905023532633945,0.169192726970442,-0.339140196167053,2.05745887236427e-05,0.0301191786657313,-0.202346533536911,-0.208902597427368,0.0459040552377701,0.00126273185014725,1
0.442,-3.94172172750621e-06,-1.98144923334992e-06,0.0301099409338235,-0.000138807779090404,-9.54187268503839e-05,-7.41141829729841e-06,0.0010101858497228,6.59147903569515e-05,0.00122958422091568,0.168961834512817,0.0913164639034178,-3.4466613861741e-05,0.0301191786657313,0.0455899052321911,-0.503223896026611,-0.107472643256187,-0.126261249184608,1
0.443,-2.87508998645385e-06,-2.06790689517378e-06,0.0301114595326713,-0.00019310040071776,-0.000110052459062939,-7.44904476457364e-06,0.00112300963962012,-0.000237580569339053,0.00180504935918907,-0.263358252113173,-0.113365350662791,-4.02261573146305e-05,0.0301191786657313,0.194887936115265,-0.187315315008163,0.26826286315918,-0.162151038646698,1
0.444,-1.78772943966112e-06,-2.31150454027483e-06,0.0301132345096028,-0.000283259208667065,-9.5063282465134e-05,-7.49515187870031e-06,0.00105238723427288,-0.00024890237375785,0.00174386599591998,0.103859503160366,0.14244101922024,-5.30629645855055e-05,0.0301191786657313,0.0445512495934963,-0.321369528770447,0.222967326641083,-0.155831694602966,1
0.445,-8.09831022654463e-07,-2.62418407023957e-06,0.0301150714659371,-0.000135339021839122,0.000199643368137347,-7.56766985476887e-06,0.000906689435744304,-0.000377466945004081,0.00192831091939025,0.158150370889013,0.380147628795661,-8.1784552846063e-05,0.0301191786657313,0.286111116409302,-0.624790728092194,-0.00909459218382835,-0.0121127367019653,1
0.446,2.2287807184574e-07,-3.2497638063691e-06,0.0301171477677006,-0.000373939640141794,0.000145720569325515,-7.55824277742789e-06,0.00115798637817367,-0.000870653057751866,0.00222218942841245,-0.575660515619558,-0.469997893281485,0.000105929462601412,0.0301191786657313,-0.0324899852275848,0.282677948474884,-0.12463004887104,0.162905633449554,1
0.447,1.41819538108146e-06,-4.062772885306e-06,0.0301192595508589,-0.000475343484148301,-0.000377202108493611,-7.43028576932758e-06,0.00122840268220844,-0.000755086433802781,0.00200058150272702,0.396135643512983,-0.450444270496117,0.000163596424785704,0.0301191786657313,0.0799236446619034,-0.065347321331501,-0.0711509883403778,0.112398333847523,1
0.448,2.69734258340569e-06,-4.88647839081402e-06,0.0301212367900717,2.57602917732397e-05,-0.000599020124231312,-7.27766154895448e-06,0.00132815078882517,-0.000896499249902353,0.00195268621515889,0.491360695102895,0.0608665912774103,0.000127041710830456,0.0301191786657313,0.09394171833992,-0.111599758267403,0.0341486185789108,0.244430333375931,1
0.449,4.03984370102103e-06,-5.93633768686692e-06,0.0301230817202883,0.000164946987633977,-0.000203606089974276,-7.22570376110454e-06,0.00136062841987102,-0.00120399428245165,0.00173644418520021,-0.240593868573211,0.639653238462529,-3.41549904412362e-06,0.0301191786657313,-0.169021382927895,-0.00209248065948486,-0.335527151823044,-0.0199427902698517,1
0.45,5.472800712043e-06,-7.14169715771605e-06,0.0301250152117034,-6.10828174312175e-05,0.000331038269694383,-7.23417069048438e-06,0.0015098923746802,-0.00120518937923577,0.00212817129750868,-0.155371279017602,0.310322818920047,-1.65375461647963e-05,0.0301191786657313,-0.0169799029827118,0.270360440015793,-0.0594910643994808,0.057265505194664,1
0.451,7.01594743620934e-06,-8.26639032280978e-06,0.0301270317875892,7.75870137850521e-05,0.000386215475813539,-7.30527153924854e-06,0.00157722779498228,-0.00104615129332801,0.0019041514144947,0.402185642693702,-0.206989630556493,-0.000128217755860108,0.0301191786657313,-0.118239410221577,-0.280520439147949,0.240005075931549,0.353903770446777,1
0.452,8.46391558795323e-06,-9.5819792256758e-06,0.0301288422054782,-7.01927111408517e-05,0.00032011197369572,-7.32238995793111e-06,0.00131926315485948,-0.00158285774473517,0.00171593868626057,-0.656403872950976,0.0939067409613672,7.67554619631448e-05,0.0301191786657313,-0.148315533995628,0.0598336234688759,0.202053844928741,-0.292178988456726,1
0.453,9.65949363993598e-06,-1.10270031158829e-05,0.030130607481148,-0.000193482172634487,0.000535052342457435,-7.36869960915598e-06,0.00107477234678848,-0.00130733458151424,0.00181319359778084,0.440035118309872,0.288752165877839,-0.000194381996572711,0.0301191786657313,-0.110044583678246,-0.11545355618,-0.338127970695496,-0.197817891836166,1
0.454,1.08510005006815e-05,-1.23125071383438e-05,0.0301326940627463,0.000423223845211671,0.000337539699852646,-7.61399507354099e-06,0.00130633235544395,-0.00126949841302591,0.00235712217198855,0.652057131061586,-0.631356941286895,-0.000302425424415166,0.0301191786657313,-0.470334410667419,-0.250056266784668,0.137576967477798,-0.191764831542969,1
0.455,1.19272108137309e-05,-1.36336224802328e-05,0.0301353254416458,0.000730190689293579,0.000187809716181312,-7.72250517311335e-06,0.000846458106605156,-0.00137548302388421,0.0029023488939739,-0.103423253151672,0.367070463590508,0.000121799805352486,0.0301191786657313,-0.192987114191055,0.0178841948509216,-0.0730408430099487,-0.172933280467987,1
0.456,1.27454236900453e-05,-1.49628525743584e-05,0.0301383578743034,0.000457826246615668,0.000548121961382217,-7.57419303321072e-06,0.000793443226782651,-0.00128130063070909,0.00315988778496944,-0.372881983312304,0.271930477958848,0.000144622214153507,0.0301191786657313,-0.152622520923615,0.0804150998592377,0.129095166921616,-0.487405300140381,1
0.457,1.34538332191044e-05,-1.60392301602397e-05,0.0301416456310652,0.000438935415075908,0.000742739148576781,-7.56815370772657e-06,0.000625736027710648,-0.000872776386762807,0.00341274893492596,0.340662576400032,0.0746800220933897,-0.000156051340209873,0.0301191786657313,-0.257951438426971,-0.0623817145824432,-0.016559973359108,-0.373623490333557,1
0.458,1.40142671421025e-05,-1.6816639515385e-05,0.030145288650644,0.000802655015815807,0.000637351979501593,-7.78885521990347e-06,0.000494748768009085,-0.000685886600119681,0.00386969410385964,0.304061384708227,-0.25815346320478,-0.000255133541768873,0.0301191786657313,0.262535601854324,0.305893123149872,0.308147370815277,-0.504955947399139,1
0.459,1.45179839525469e-05,-1.72145407772811e-05,0.0301489583302874,0.00130344518938122,0.000192173559036334,-8.19574001065249e-06,0.00050895914709278,-0.000115828321781677,0.00346836212129306,0.581316624550143,-0.525820833541306,-0.000471868362428703,0.0301191786657313,0.0334780067205429,0.24448224902153,0.253971219062805,-0.554929137229919,1
0.46,1.4953953000002e-05,-1.7060711840075e-05,0.0301523741172074,0.00170757538619878,-5.27040622967553e-05,-8.43502861247458e-06,0.000361439566247441,0.000418614303454679,0.00336129821106337,0.134035963355094,0.0925886083909408,5.48624526400902e-05,0.0301191786657313,0.134538993239403,0.222732186317444,-0.0837950482964516,-0.201960176229477,1
0.461,1.54184227986341e-05,-1.65287010588097e-05,0.0301556384380314,0.0012243107040684,4.78861338407839e-06,-8.42076077134379e-06,0.000567703842758518,0.000649246799457502,0.00316549353890488,-0.98627026812934,0.0104680057497268,-2.57989451241853e-05,0.0301191786657313,-0.22290712594986,0.470057457685471,-0.074406161904335,-0.403975903987885,1
0.462,1.594305158625e-05,-1.55654137235565e-05,0.0301588190936542,0.000497026578152157,0.000246331660744381,-8.33679993261782e-06,0.000483994056152812,0.00128238724429469,0.00319346900189166,-0.302297956056365,0.416658029659242,0.000118048062849566,0.0301191786657313,0.063522607088089,0.226528808474541,-0.0354501307010651,-0.53922301530838,1
0.463,1.64926224799402e-05,-1.40001139141135e-05,0.0301620415745524,0.000659813688788356,0.000473765146582908,-8.35906616725168e-06,0.000616926477676294,0.00184583746933738,0.00324918628677074,0.582775326417938,-0.0121124504478696,-0.000191860348841054,0.0301191786657313,-0.074686698615551,0.120985895395279,-0.0448414534330368,-0.183176726102829,1
0.464,1.71256151157142e-05,-1.20657387827784e-05,0.0301652728467684,0.00105128365365132,0.000328603974963439,-8.56471890475774e-06,0.000647976904690485,0.0020199301098121,0.00321126637682518,0.103411209543087,-0.241953161653441,-0.000194319482127492,0.0301191786657313,-0.390583276748657,0.0810168907046318,0.0491969734430313,-0.170277059078217,1
0.465,1.76208513865987e-05,-9.9814691970996e-06,0.0301685570462979,0.000770195662874853,0.00041005233551757,-8.5152898958718e-06,0.000343946703225789,0.00215147080503131,0.00335462628069556,-0.604563025328818,0.386087153954868,0.000261665326291244,0.0301191786657313,-0.0280606150627136,0.166746944189072,0.347732722759247,-0.320504784584045,1
0.466,1.78449125926282e-05,-7.65654039462751e-06,0.0301717451272265,0.000270433027253276,0.000889987056555251,-8.25605845422572e-06,0.000109026099178857,0.00250236860026085,0.00302034204876017,-0.28708042398682,0.46293258531536,0.000171315106037488,0.0301191786657313,-0.372140914201736,0.0972319394350052,0.026977576315403,-0.314023971557617,1
0.467,1.78361671612099e-05,-5.00016645947281e-06,0.0301748766966245,0.000247606239895727,0.00115428704439632,-8.25524190695148e-06,-0.000123619263202577,0.002810578655837,0.00324008956371006,0.237238430005564,0.00566314450691224,-0.000186260317544674,0.0301191786657313,-0.258336067199707,-0.143374100327492,0.243637427687645,0.000799879431724548,1
0.468,1.75559793737256e-05,-2.25904177431516e-06,0.030178063667786,0.000203568173094922,0.000976979527636608,-8.29683272662862e-06,-0.000437756590741495,0.00267323231293276,0.00313190232722654,-0.322151280523815,-0.31888236164624,9.94021654194754e-05,0.0301191786657313,-0.128633335232735,0.342272818088531,0.244490429759026,-0.295373111963272,1
0.469,1.70062212887662e-05,6.66403961872553e-07,0.030181011138348,0.000325010518101938,0.000552469545543593,-8.41293857822834e-06,-0.00066496326079295,0.00317621303090222,0.00276202098917379,0.52549489168748,-0.432312023170287,-0.00027247464958009,0.0301191786657313,-0.137442499399185,-0.231959730386734,0.117061480879784,0.350014120340347,1
0.47,1.62657266701832e-05,3.59970269399033e-06,0.0301836080801227,7.85718026496698e-05,0.00020266159002976,-8.4934388948632e-06,-0.000818873257928623,0.00269469505757211,0.00243097799570493,-0.965766418652437,-0.188472687425479,6.14115868237921e-05,0.0301191786657313,-0.142554447054863,-0.0108559280633926,0.0841459780931473,-0.476146817207336,1
0.471,1.53759261754587e-05,6.49144568860668e-06,0.0301861195019666,-0.00040647456360813,0.000230159067407554,-8.49862505436505e-06,-0.000960381668714241,0.00309271012835125,0.00258967214456649,0.0966721290535973,0.233126041834726,-0.000101988513842571,0.0301191786657313,0.0903402119874954,-0.245177686214447,-0.0977743342518806,0.192306309938431,1
0.472,1.4513591361423e-05,9.42516676801543e-06,0.0301885954989453,-0.000477015924323308,0.000247067496075899,-8.52799123984838e-06,-0.000764823636466794,0.00277694119814247,0.00236113904635931,-0.229493187329287,-0.204953635832272,4.65897743686945e-05,0.0301191786657313,-0.131981253623962,-0.0641798675060272,-0.281815111637115,0.0482231602072716,1
0.473,1.38276371203132e-05,1.21804956539626e-05,0.0301909818876187,-0.000533496689550452,-6.81238181362302e-05,-8.46456283110086e-06,-0.000610426604300749,0.00273523290277178,0.00240991703977327,0.120304053384414,-0.353889382017784,7.00526147715033e-05,0.0301191786657313,-0.305250197649002,0.104829013347626,0.100647546350956,-0.057231992483139,1
0.474,1.30646581208764e-05,1.50053181940136e-05,0.0301933060695085,-9.23639381128629e-05,0.000113671298522758,-8.50459482215626e-06,-0.000913617245113299,0.00291120963130394,0.00223724901140764,0.649363432593947,0.670672679609424,-0.00011160575237136,0.0301191786657313,-0.046772226691246,-0.170902371406555,0.0818507969379425,0.143197283148766,1
0.475,1.21206993098836e-05,1.78043571571152e-05,0.0301953891079448,0.000106624838815332,0.000769661567233969,-8.53052971239165e-06,-0.000968884138918392,0.00268671466846651,0.00192829524487842,-0.303139632955085,0.486936172197654,0.000119691253923042,0.0301191786657313,-0.0915369912981987,-0.161106705665588,0.218543604016304,-0.106057196855545,1
0.476,1.1061192445675e-05,2.04885253740229e-05,0.0301972167502418,-0.000385712145504587,0.00101217608352776,-8.3130804502396e-06,-0.00114792766233057,0.00268667596935208,0.0017263324052083,-0.574525308017828,-0.0598282337994791,0.000294964104758554,0.0301191786657313,-0.284932881593704,-0.056843638420105,0.301595777273178,-0.0872122645378113,1
0.477,9.71184387996749e-06,2.32228066475517e-05,0.030198834081069,-0.000746467236444719,0.000880565093553536,-8.11094610275731e-06,-0.00155120065093113,0.00278557370479657,0.00150783438569047,-0.0728196601216417,-0.17643777679255,7.14785415377433e-05,0.0301191786657313,-0.460787922143936,-0.240595564246178,-0.157516270875931,0.0575267672538757,1
0.478,8.06704827101703e-06,2.59318503188871e-05,0.0302004923251321,-0.000765793607706888,0.000508610732823153,-7.98113698818881e-06,-0.0017415171637502,0.0026340329832268,0.00180663060144926,0.0302331979577667,-0.484959544041171,0.000159190270560403,0.0301191786657313,-0.381682395935059,-0.243013098835945,0.341204464435577,-0.0935255140066147,1
0.479,6.05206849386101e-06,2.8550928477655e-05,0.0302022805136725,-0.000599483460145868,0.000429853655214181,-8.01511171122371e-06,-0.00228909202502606,0.00260361740784488,0.00176856079409226,0.255483325513904,0.33883854857295,-0.000206723459565996,0.0301191786657313,-0.190450444817543,-0.464756846427917,0.0141847766935825,0.394086003303528,1
0.48,3.69891685115035e-06,3.08531930454015e-05,0.0302039771218548,-0.00092355673068371,0.000631770248624964,-8.00918504806347e-06,-0.00241598594647485,0.00200579477437479,0.00162392283419484,-0.832511146501097,0.0116612369856954,0.000246809163987249,0.0301191786657313,-0.235752999782562,-0.0994826704263687,0.345935195684433,-0.0724853426218033,1
0.481,1.06794076842028e-06,3.29080187815987e-05,0.0302054530454264,-0.00128345546065396,0.000723772213547646,-7.97995483647895e-06,-0.00284572083574702,0.00210753215344545,0.00132716213480569,0.189883345403893,0.142848385417168,-0.000210644808627063,0.0301191786657313,0.329173147678375,-0.425208270549774,-0.259413659572601,0.23659360408783,1
0.482,-1.52451884510945e-06,3.48126842889732e-05,0.0302066518902753,-0.00112337886369303,-5.83293822228586e-05,-7.5629396816268e-06,-0.00234874868419042,0.0017026672529589,0.00107081318276598,0.0876164281474359,-1.52526002399335,0.000904382774962959,0.0301191786657313,-0.645583510398865,-0.605680108070374,0.687944054603577,0.177625045180321,1
0.483,-4.42183037055108e-06,3.6263487779617e-05,0.0302076961918101,-0.00124702391209546,-0.000216583546687071,-7.54422176418856e-06,-0.00344645292295067,0.00120126445628073,0.00101712205286285,-0.309859127880557,1.23263663327609,-0.000914033447451598,0.0301191786657313,0.296977609395981,-0.310068011283875,-0.301300793886185,-0.124326303601265,1
0.484,-7.62998706802484e-06,3.74588870474612e-05,0.030208704690463,-0.00115880231806411,0.000379975150665569,-8.03359596757147e-06,-0.00296709817634554,0.00118920912681987,0.0009992027984838,0.460062947250038,-0.184023602594989,-1.61499756243458e-05,0.0301191786657313,-0.286307990550995,-0.262963771820068,0.0170165672898293,0.563992202281952,1
0.485,-1.07203293791158e-05,3.83793634258093e-05,0.0302095112683025,-0.00102470729245248,0.000168473457047433,-7.97868314039718e-06,-0.00321569910196042,0.000652378120950101,0.000614427893054711,-0.223746171715997,-0.199202607747906,9.48944297070736e-05,0.0301191786657313,0.0945757925510406,-0.312466621398926,0.188543289899826,0.218181565403938,1
0.486,-1.3983667023439e-05,3.8884089290215e-05,0.030209870015715,-0.00128670368462556,-0.000112697552476844,-7.8320314984559e-06,-0.00331416103979893,0.000360304054038224,0.000104331339206407,-0.241080825846825,-0.307470532760436,0.000164230386911074,0.0301191786657313,0.414557427167892,-0.422474026679993,0.418040603399277,0.108875289559364,1
0.487,-1.73199393697917e-05,3.9102270638141e-05,0.0302095899590907,-0.00140637367681172,-0.00040399542044737,-7.66518188166643e-06,-0.00336185364253468,7.79388916741278e-05,-0.000662055317489632,0.027933721114311,-0.217952794417038,0.000136634375048459,0.0301191786657313,-0.174261212348938,-0.432998836040497,-0.280567944049835,0.442615836858749,1
0.488,-2.06691707317908e-05,3.89014349325718e-05,0.0302089205622353,-0.00150592306555068,-0.000554416556611228,-7.61358905343457e-06,-0.00333914027374177,-0.000475229361809192,-0.000676176079731567,-0.201541092446846,-0.0589673388528625,-5.0002239356232e-05,0.0301191786657313,0.0174569934606552,-0.331386297941208,-0.37168350815773,0.525123059749603,1
0.489,-2.38881154284997e-05,3.81597534031961e-05,0.0302081280396561,-0.00170785233725737,-0.000732339671548453,-7.56085823550023e-06,-0.00310191390266196,-0.00100531708862126,-0.00090769855734409,-0.153147228642703,-0.264568266225841,0.000148482426795289,0.0301191786657313,0.0574690252542496,-0.303147256374359,-0.197419255971909,0.0689249038696289,1
0.49,-2.69326523494126e-05,3.70845375912061e-05,0.0302071877425986,-0.00136770065067234,-0.000884900498659012,-7.29794998388655e-06,-0.00298972027397317,-0.00114806453522216,-0.000972149716469266,0.755332968951441,-0.0146324194061399,0.000339544984356267,0.0301191786657313,0.0691301673650742,-0.53043407201767,-0.00594897568225861,0.518330931663513,1
0.491,-2.99413389224446e-05,3.55802578891782e-05,0.0302060206133269,-0.00103322291811172,-0.000634689302548419,-7.32353047006029e-06,-0.0030264541852622,-0.00186286878508951,-0.0013608834862612,-0.15870258483785,0.446889893396734,-0.000344576521523262,0.0301191786657313,0.229005366563797,-0.23848782479763,-0.403806746006012,-0.0290496274828911,1
0.492,-3.27578086250373e-05,3.36945197834118e-05,0.0302046582175891,-0.000961510574241498,-0.00062513859708186,-7.34735421970001e-06,-0.00260833644621198,-0.00190973493666421,-0.00136297986277078,0.289957263401746,-0.436200130716469,0.00029174677106076,0.0301191786657313,0.122441135346889,0.0797281861305237,-0.329439371824265,-0.217410668730736,1
0.493,-3.52378940298843e-05,3.19575159824112e-05,0.0302032574807059,-0.000178200090395162,-0.00119696292077633,-6.78197004555514e-06,-0.00235821345702043,-0.00157245823389444,-0.0014372375413451,1.09719556165388,-0.581360853147443,0.000738902603017313,0.0301191786657313,-0.0985643714666367,-0.195900291204453,-0.46723011136055,0.00849810242652893,1
0.494,-3.75175165166382e-05,3.0331759255989e-05,0.0302019451188756,0.000389102066497372,-0.00148663368979022,-6.41643504062372e-06,-0.00220465806421174,-0.00168408966589566,-0.00118729521165232,-0.0855721114858674,0.0603846487680171,-9.30863899564844e-05,0.0301191786657313,0.630732536315918,-0.228532731533051,-0.0419571101665497,-0.447946906089783,1
0.495,-3.95266691218712e-05,2.87582936466566e-05,0.0302006265538039,2.1424851493565e-05,-0.00135071988365507,-6.72069597928981e-06,-0.00181382149390414,-0.00146065407919632,-0.00144852471321619,-0.55872431092409,0.173392670794475,-0.000447207166867998,0.0301191786657313,0.481806397438049,-0.0299383699893951,-0.498701870441437,-0.484590798616409,1
0.496,-4.1019395249721e-05,2.75130298998645e-05,0.0301992225097433,-0.000301919925904736,-0.00145717239737978,-6.97482837752617e-06,-0.00117453267936738,-0.00102855685942154,-0.00135881932866921,-0.0103904240157633,-0.364572865242306,1.59431051287636e-05,0.0301191786657313,0.0612952560186386,-0.105185210704803,-0.357367992401123,-0.0412463992834091,1
0.497,-4.21052354504314e-05,2.64942214259046e-05,0.0301978757544365,-0.000387924220697285,-0.00149959691222277,-7.07829272128535e-06,-0.000998073967727492,-0.001008686270975,-0.00133380683992617,-0.138332576157607,0.285723721468504,-0.000210188896976963,0.0301191786657313,0.313244163990021,0.0472810603678226,-0.471531093120575,-0.0466715171933174,1
0.498,-4.28647160753977e-05,2.55602856192848e-05,0.0301964464675386,-0.000393634981567591,-0.00129505541948541,-7.16762820429651e-06,-0.000520636259799993,-0.000859830287143087,-0.00152335201139976,0.130275635028888,0.0743087132018629,4.01842120966035e-05,0.0301191786657313,0.335638076066971,-0.145305067300797,-0.414765119552612,0.0277181584388018,1
0.499,-4.31584028991735e-05,2.46653947664882e-05,0.0301948460316421,-0.000382292471533976,-0.00135979602564721,-7.18352811324152e-06,-6.84503783174569e-05,-0.000930179300320916,-0.00167607491108282,-0.106952781325867,-0.188849718213334,-7.62185869151512e-05,0.0301191786657313,0.436994969844818,0.0148133262991905,-0.0318264365196228,-0.290865123271942,1
0.5,-4.31165646298296e-05,2.3892158040917e-05,0.030192968293024,-0.000189705595132288,-0.00137915516599694,-7.06495337521318e-06,0.000151498333981684,-0.000618857248105956,-0.00207725689143017,0.44826624442191,0.154068672022473,0.00028621879489356,0.0301191786657313,0.590380609035492,0.145506396889687,-0.371748030185699,-0.482109665870667,1
0.501,-4.26547996638462e-05,2.35500444950446e-05,0.0301907905000118,0.000573828367211754,-0.00149328428829658,-6.54533491939446e-06,0.000769621695029199,-7.33606163214966e-05,-0.00227622893354245,0.900535665790197,-0.352794560423109,0.000588465850433919,0.0301191786657313,0.384788393974304,-0.108156725764275,-0.172692239284515,0.210730031132698,1
0.502,-4.1742381207316e-05,2.33534589043515e-05,0.0301882496841873,0.000499542429891945,-0.00162079585025998,-6.70984476691672e-06,0.00105379321752869,-0.000318683235480638,-0.00280251409012877,-1.0266041038981,0.129112084837225,-0.000912062273426559,0.0301191786657313,0.0162796974182129,0.482149958610535,-0.0580069571733475,-0.426691055297852,1
0.503,-4.07372916423449e-05,2.34200033770885e-05,0.0301853032715257,-9.91431304230568e-05,-0.000911783074908604,-7.20916345864353e-06,0.000963001904730388,0.000455056909943154,-0.00308778363180752,-0.0337657067209771,1.12391572064031,-0.000116572251839866,0.0301191786657313,0.56495201587677,-0.308606028556824,-0.0359446406364441,-0.0510939583182335,1
0.504,-3.95875848615433e-05,2.37987663131525e-05,0.0301820187843862,-0.000447628530907257,-0.00025424367631492,-7.38647787779101e-06,0.00134158713876404,0.000305908158039569,-0.00347811271393603,-0.581614848346647,0.0434952552062481,-0.000129304456045437,0.0301191786657313,-0.139915600419044,0.174796164035797,0.309430480003357,0.159444078803062,1
0.505,-3.84720463537323e-05,2.41503458113319e-05,0.0301782185208859,-0.000808802527573006,-3.11262877430141e-05,-7.55112516959144e-06,0.00089285785281571,0.00040024471541737,-0.00411826774327466,-0.0587008639898207,0.353147647399338,-0.000195347844906695,0.0301191786657313,-0.336800813674927,-0.36170557141304,0.274820238351822,0.111892074346542,1
0.506,-3.78625326871229e-05,2.44046573974237e-05,0.0301741046995322,-0.000913510101337851,0.000432581138153279,-7.79428817532235e-06,0.000331848417496261,0.000110141224703997,-0.00410656469601831,-0.12681917363322,0.467700421543007,-0.000241788498983773,0.0301191786657313,-0.124837808310986,-0.095280334353447,0.536655306816101,0.0993333160877228,1
0.507,-3.78218737771673e-05,2.44835504720514e-05,0.0301697268917067,-0.000796506836981385,0.000739533168594664,-8.03143993222122e-06,-0.000246441229823569,4.6826296826044e-05,-0.00464472309418219,0.332067148984716,0.0753145031992619,-0.00020549875022494,0.0301191786657313,-0.0612116456031799,-0.68585342168808,0.218354165554047,0.0985533893108368,1
0.508,-3.82037350574677e-05,2.42554787966927e-05,0.0301651515639252,-0.000841279344826019,0.000258442075228177,-7.87220183973147e-06,-0.000520020129472142,-0.000499523588882991,-0.00450370816476346,-0.40567439634586,-0.919832016763325,0.000441386635596672,0.0301191786657313,-0.214456364512444,-0.0606571212410927,0.258317470550537,0.140178859233856,1
0.509,-3.89552022463113e-05,2.37226453269973e-05,0.0301605089621504,-0.000988534552404805,-0.00056333667550697,-7.47416214608165e-06,-0.000988901495185431,-0.000564888426802119,-0.00477773421837204,0.145448720766797,-0.536166572718539,0.000296094253272475,0.0301191786657313,0.134690329432487,-0.44162505865097,-0.0611918233335018,0.21685466170311,1
0.51,-3.99237242809948e-05,2.29388846215522e-05,0.0301557107445413,-0.00095762230864347,-0.00109900296277308,-7.22535905817168e-06,-0.000953146013375235,-0.00100193164401257,-0.0048153715530932,-0.0876172581971975,-0.413775801927026,0.000125179700738188,0.0301191786657313,0.390743225812912,-0.169639706611633,-0.0377820134162903,0.10659570991993,1
0.511,-4.07750493465073e-05,2.1871706132057e-05,0.0301507123975723,-0.000829463782301372,-0.00139785919920876,-7.01537554670395e-06,-0.000752792714684823,-0.00113359831525768,-0.0051771750582852,0.316360134207304,-0.116999197010681,0.000256314464725509,0.0301191786657313,0.206239804625511,-0.498799622058868,-0.0988375619053841,0.251933008432388,1
0.512,-4.14809379173493e-05,2.04749914753423e-05,0.0301455305947767,-0.000815632133978196,-0.00119011888116974,-7.12498254262783e-06,-0.000657660067060901,-0.00165914816271998,-0.00518295171345046,-0.286046349030162,0.480200739933307,-0.000439132608920033,0.0301191786657313,0.0328787565231323,-0.352878421545029,-0.565639734268188,-0.485797703266144,1
0.513,-4.19655326246634e-05,1.89109717562968e-05,0.030140834596894,-0.000592569276560467,-0.000865250951179287,-7.20190021530343e-06,-0.000309732907045876,-0.00147176118735336,-0.00420819816253736,0.682161084622646,0.0930220644347088,0.000253679078254937,0.0301191786657313,0.631462216377258,-0.279079675674438,-0.571748852729797,0.126273632049561,1
0.514,-4.18534139935221e-05,1.7303097362666e-05,0.0301366242316599,-0.000149578776687971,-0.00151403524961804,-6.91405412744928e-06,0.000524399705995557,-0.00174699336118195,-0.00420956952112994,0.107905458766679,-1.23088779862664,0.000148249909282343,0.0301191786657313,0.419926345348358,-0.101862132549286,0.206114545464516,-0.0222367849200964,1
0.515,-4.1331046735651e-05,1.5543956593762e-05,0.0301321861380636,-0.000166063032900169,-0.00204560500326046,-6.94085691010926e-06,0.000515920231106075,-0.00177165984684192,-0.00466238900890762,-0.131015530742097,0.28980658901588,-0.000215107538936014,0.0301191786657313,0.850292682647705,0.0134227424860001,-0.215820714831352,-0.142415031790733,1
0.516,-4.0473491454572e-05,1.38553490761357e-05,0.0301273051723344,-0.000166143579683855,-0.00170444106639713,-7.02285594389451e-06,0.00120079899873067,-0.00160650287948218,-0.00509532130972344,0.135234967118388,0.315547397218936,5.5161805373607e-05,0.0301191786657313,0.608297109603882,-0.154214456677437,-0.115222200751305,-0.277829766273499,1
0.517,-3.90599299139036e-05,1.23152539628395e-05,0.0301221743559728,3.1661317979165e-05,-0.00128086093410088,-6.92026948989621e-06,0.00162924672571504,-0.00147623807865855,-0.00516274612232097,0.218619657958925,0.436724967290176,0.000118484545194399,0.0301191786657313,0.397442519664764,-0.214576214551926,0.0169382393360138,-0.533724784851074,1
0.518,-3.73441027332123e-05,1.09777139776561e-05,0.030117140372606,0.000335051983868842,-0.000747447626298447,-6.74383119081412e-06,0.00180709590046625,-0.0012026152768887,-0.00490260065064606,0.321125543461882,0.510488443214762,0.000182561835437125,0.0301191786657313,0.547911643981934,-0.240522935986519,-0.393397480249405,-0.175028696656227,1
0.519,-3.52094001753594e-05,9.74984421679213e-06,0.0301123490290917,0.000248340353478025,-0.000896263820354212,-6.84961391472783e-06,0.00245996062724357,-0.0012526537817706,-0.00467745868139619,-0.468243844933305,-0.762803752079343,-0.000375637005839748,0.0301191786657313,-0.117970779538155,0.234647631645203,-0.0326488800346851,-0.295611321926117,1
0.52,-3.28464680670865e-05,8.71907581016574e-06,0.0301077712410507,5.91124338353036e-05,-0.00114919599825011,-7.02418772968727e-06,0.00226505320461981,-0.000808783099163287,-0.00447558195865624,0.135228963569016,0.319945864555681,5.29256247483044e-05,0.0301191786657313,0.434915900230408,-0.0169130265712738,-0.381326794624329,-0.148816779255867,1
0.521,-3.03094362986693e-05,7.97006991128032e-06,0.030103367258242,0.000162606649109847,-0.00106711110316742,-7.00309529388932e-06,0.00280896837494446,-0.000690705171769878,-0.00432987845185976,0.0500934663743828,-0.165614001883464,-2.80115400057346e-05,0.0301191786657313,-0.184796810150146,0.245702877640724,-0.156219929456711,-0.307068586349487,1
0.522,-2.75684179030592e-05,7.50651635612377e-06,0.0300992300843491,0.000461667917776824,-0.0007494409267895,-6.82995329936986e-06,0.00267697426240585,-0.000240016422733782,-0.00394238247364075,0.47809046432826,0.732716551590254,0.000338751472082606,0.0301191786657313,0.388425976037979,-0.00450175860896707,-0.16680446267128,-0.177243307232857,1
0.523,-2.47066681876317e-05,7.32995238569818e-06,0.0300953160946927,0.000625262620464686,-0.000348526282201164,-6.69005653808341e-06,0.00304990114419635,-0.000114903810654905,-0.0038831747704436,-0.186631213498948,-0.0136841116472296,-8.24104254095054e-05,0.0301191786657313,-0.0726551711559296,0.12121070176363,0.244616314768791,-0.259541034698486,1
0.524,-2.18177388132363e-05,7.36363964676208e-06,0.0300914706223124,0.000326227145090993,-9.12557984089212e-05,-6.71144283526104e-06,0.0027313347420075,0.000184703631038691,-0.00380520299895399,-0.341034820554499,0.476059334750597,2.57813049449937e-05,0.0301191786657313,-0.0429856367409229,0.287269979715347,0.067293182015419,-0.579987525939941,1
0.525,-1.91515160807614e-05,7.90202846992343e-06,0.030087829744072,0.000459659212060186,0.000256549913876814,-6.71970002752431e-06,0.00260534543970938,0.000889266681647114,-0.00347491579826126,0.572240385738236,0.146650793154666,-8.61624610152942e-05,0.0301191786657313,0.0817467123270035,0.102398835122585,-0.00705214589834213,-0.254120111465454,1
0.526,-1.65227416197945e-05,8.92915465197459e-06,0.030084451477778,0.00083131472350011,1.07156107630588e-06,-6.91728260227009e-06,0.00265077206991311,0.00116151506280714,-0.00327974051965813,0.0815330404026929,-0.587649999685377,-0.000310599814701836,0.0301191786657313,-0.293223857879639,0.212743386626244,0.53108149766922,-0.293818265199661,1
0.527,-1.42262416157264e-05,1.02858030290229e-05,0.0300811828672768,0.000694453138367854,4.23996561683056e-05,-6.95651597082403e-06,0.00194472539524504,0.00155266291259219,-0.00325530847253555,-0.326374910216843,0.664960482358037,0.000216813271186989,0.0301191786657313,-0.00815513916313648,0.23464298248291,-0.062738910317421,-0.623023748397827,1
0.528,-1.22677132153448e-05,1.21839032865706e-05,0.0300781878974017,0.000578131950393921,0.000388474874056962,-6.87250673703232e-06,0.00197587137750133,0.00224320874220614,-0.00273413364027852,0.113816249010363,-0.0457594027078123,-8.22062062974978e-05,0.0301191786657313,-0.296422004699707,0.0152738187462091,0.173164620995522,0.0555392205715179,1
0.529,-1.04855062467009e-05,1.4410569836765e-05,0.0300755597689315,0.000177335756739082,0.000378589450033306,-6.83797728617819e-06,0.00158962650863485,0.00221439663399863,-0.00252065335275058,-0.826145663225622,0.0335509057270455,0.000130813611450768,0.0301191786657313,0.0169789493083954,-0.130137786269188,0.14257824420929,-0.204886347055435,1
0.53,-8.94842569749311e-06,1.66737937148784e-05,0.0300731987523548,-0.00064215560344409,0.000187762584000569,-6.69526085284033e-06,0.00148362009635246,0.00231964045049692,-0.00220048217145654,-0.626715130780895,-0.364545613781472,0.000149352448242402,0.0301191786657313,0.0233721882104874,-0.215098947286606,0.524604082107544,-0.176718667149544,1
0.531,-7.67526855665208e-06,1.90156005782696e-05,0.0300710322266047,-0.000904722085143449,9.9472419654889e-05,-6.68827554850537e-06,0.00106346697795109,0.0023668543320436,-0.00213128938059083,0.153752613590368,0.210871121218167,-0.000156011519212008,0.0301191786657313,-0.0663415938615799,-0.120482549071312,0.328122675418854,0.244089096784592,1
0.532,-6.77520028035335e-06,2.12750938573775e-05,0.0300688495944137,-0.000661494128210105,0.000444354197756994,-6.914849356221e-06,0.00074068482149174,0.00215128136344521,-0.00223225137129775,0.26848022707809,0.400088734954056,-0.000253326017984127,0.0301191786657313,0.0249644070863724,-0.462718665599823,0.163589894771576,0.353799223899841,1
0.533,-6.084276971665e-06,2.31319987062818e-05,0.0300666912969053,-0.000837943063146066,0.000536814690650732,-6.93033518128772e-06,0.000642423263650933,0.00156604550578974,-0.00208318022652903,-0.583246227482983,-0.233315405328011,0.000235296136126714,0.0301191786657313,-0.235413432121277,-0.334891706705093,0.591927051544189,0.314471453428268,1
0.534,-5.77268354665326e-06,2.44836446564148e-05,0.0300645856000297,-0.00145907558800785,0.000603969207133774,-6.85713890025141e-06,-1.68501988932019e-05,0.00114413007349839,-0.00212655868699657,-0.517079645755073,0.351062922914529,-0.000152935052106872,0.0301191786657313,-0.0362444519996643,-0.48457071185112,-0.011653259396553,0.256300389766693,1
0.535,-5.78919917302956e-06,2.53912497354106e-05,0.0300626821135915,-0.00172298169887891,0.000479096914341618,-6.68356720234797e-06,-1.72709205624789e-05,0.000674885040144927,-0.00168024410906859,0.0471688919992779,-0.568867609150192,0.000480858504594642,0.0301191786657313,-0.573672413825989,-0.376537591218948,0.372063666582108,0.294265806674957,1
0.536,-6.18920690238039e-06,2.58605525248889e-05,0.0300612313483004,-0.00133482790935852,0.000410143361406823,-6.7216147625615e-06,-0.000781909920171571,0.000261366131859782,-0.00122132466158517,0.634894565248921,0.443838315799032,-0.000509203680017966,0.0301191786657313,0.123593956232071,-0.620156049728394,0.538860559463501,0.531287014484406,1
0.537,-7.13319119112513e-06,2.57077310815111e-05,0.0300599054676581,-0.00109470701040381,0.000766811975569546,-7.0554836963943e-06,-0.00110240520940324,-0.000566860357222649,-0.00142900660322096,-0.207903271084124,0.183587148435066,-6.49198411118423e-05,0.0301191786657313,0.251745581626892,-0.454428732395172,0.146862208843231,0.275683850049973,1
0.538,-8.18213602493294e-06,2.48984708100433e-05,0.0300585132316241,-0.00133858311311429,0.000296915868141048,-6.68631392430896e-06,-0.0010001618356053,-0.00104881662179942,-0.00135464320339544,-0.219737154405023,-1.01282650009844,0.000735654324917938,0.0301191786657313,-0.248769521713257,-0.27350777387619,0.529749631881714,-0.0545872747898102,1
0.539,-9.50806182361203e-06,2.38188402594962e-05,0.0300573022058715,-0.0010448388885704,-0.000156776655744593,-6.36724378733078e-06,-0.0016545864541288,-0.00111318612506291,-0.0010673526692616,0.738947917679154,0.205634361342032,-9.49861399886344e-05,0.0301191786657313,-0.239912793040276,-0.346107840538025,0.206757962703705,0.438011527061462,1
0.54,-1.1356193107048e-05,2.24307746441705e-05,0.0300563397855068,-0.000602439900406583,0.000359756199756688,-6.60986932610186e-06,-0.00203694724701092,-0.00166594861835981,-0.000857371375316471,0.0475024303510021,0.698920157540094,-0.000279775430789188,0.0301191786657313,0.343894273042679,-0.108109921216965,-0.436405956745148,0.0396773889660835,1
0.541,-1.30763085635576e-05,2.07415662042936e-05,0.0300556750130554,-0.000478537627807639,-2.1836361074435e-06,-6.57473558529631e-06,-0.00140815724780051,-0.00171402316423907,-0.000472376424424333,0.175946650330342,-1.33872708857823,0.000310478846995514,0.0301191786657313,0.0669629573822021,-0.035400502383709,0.111825779080391,0.135170251131058,1
0.542,-1.45277901015368e-05,1.89892412674203e-05,0.0300552232840989,-0.000335194948467928,-0.00112234406221799,-6.32203704098444e-06,-0.00150467005814781,-0.00179222540262496,-0.000430895226901365,0.0827096456573758,-0.645317647110142,0.000128897763149105,0.0301191786657313,-0.0233197212219238,-0.0779707506299019,-0.29023090004921,0.231734737753868,1
0.543,-1.59706461359003e-05,1.70981719240151e-05,0.03005498697726,-0.000444376888027217,-0.00125655893180372,-6.42033441744516e-06,-0.00138298103812567,-0.00198911858896189,-4.2501157139247e-05,-0.268607149620537,0.401501051503766,-0.000322784140973035,0.0301191786657313,0.384834915399551,-0.087834395468235,-0.0951976329088211,-0.251658767461777,1
0.544,-1.72021134833049e-05,1.52050061200817e-05,0.0300550958403426,-0.000385694512072663,-0.000661468682769337,-6.60088876403009e-06,-0.00107596504465296,-0.0017988340530373,0.000259338379050908,0.376128757369729,0.644044261445868,-4.08213174070834e-05,0.0301191786657313,0.092061460018158,-0.149729266762733,-0.161438703536987,-0.285983204841614,1
0.545,-1.82040609871389e-05,1.3482721135972e-05,0.0300556850352621,0.000135390809678467,-8.04817109642639e-05,-6.59898158028582e-06,-0.000923681531322787,-0.00165117241626042,0.00091685458373634,0.548550249429387,0.379344832025646,1.08244513241689e-05,0.0301191786657313,0.235624969005585,-0.00940021872520447,-0.193640261888504,-0.149325847625732,1
0.546,-1.89723622279092e-05,1.18946237602509e-05,0.0300567772983771,0.000485452658135754,-0.000206566970916095,-6.67319499214614e-06,-0.000615083342614342,-0.00152889091584385,0.00126605376554512,0.0752240232882451,-0.601413015948375,-0.000193283231854642,0.0301191786657313,-0.0135049745440483,0.156720608472824,0.131843090057373,-0.18830718100071,1
0.547,-1.96762263600575e-05,1.0506050963278e-05,0.0300581357584268,0.000416418759957483,-0.00059226298921374,-6.83889455288522e-06,-0.000795773314026132,-0.00124883323523097,0.00144946890116762,-0.192039291710068,-0.082308076718495,-0.000123232670525929,0.0301191786657313,-0.142622500658035,0.478197753429413,-0.0736666843295097,-0.138322085142136,1
0.548,-2.05350161636705e-05,9.50966605101886e-06,0.03005966020501,0.00039614426619928,-0.000396908187151028,-6.85081119033981e-06,-0.000920145318991989,-0.000745179002666789,0.00159807404499944,0.158613684951997,0.423200812028755,8.3833407363841e-05,0.0301191786657313,0.0827362611889839,0.0813843160867691,-0.269702136516571,-0.232134819030762,1
0.549,-2.13402613408715e-05,8.8911991033298e-06,0.0300615120601961,0.000440849450023614,-0.000252780261459651,-6.85146671708381e-06,-0.000690017515636422,-0.000493038975764379,0.00210300022879329,-0.0771043589686798,-0.169406637938728,-9.38587033283882e-05,0.0301191786657313,0.120878607034683,0.461896598339081,0.216420367360115,-0.272598206996918,1
0.55,-2.20988471061411e-05,8.69535364579177e-06,0.030063524206574,0.000596361880437668,-0.0003296669062037,-6.88467168830087e-06,-0.000827773136685816,9.86313401904127e-05,0.00192035239522039,0.351094092143672,0.0310315302401298,3.12015152968596e-05,0.0301191786657313,0.360292583703995,-0.204938933253288,-0.282578229904175,-0.144309893250465,1
0.551,-2.26976743326902e-05,8.76256388560324e-06,0.0300656642515294,0.000389133712062766,-0.000767628031392285,-7.13544463959437e-06,-0.00037467194543886,3.77013918763332e-05,0.0023575907312488,-0.714957612313086,-0.803795950257723,-0.000513961171321033,0.0301191786657313,0.0547805055975914,0.334997177124023,0.200987994670868,-0.39415967464447,1
0.552,-2.3179669820134e-05,9.10171975720295e-06,0.0300680518999465,7.34230958737383e-05,-0.000994377196267053,-7.37652262206012e-06,-0.000590817756561864,0.000641717231471893,0.00241587960317087,0.153891177023274,0.398370039781604,5.68997886941075e-05,0.0301191786657313,0.139312401413918,0.155589833855629,-0.125865668058395,0.186127603054047,1
0.553,-2.37071054447726e-05,9.73804622833607e-06,0.0300704312280783,5.08032548088096e-05,-0.000456713584919422,-7.392276285767e-06,-0.000459947958244054,0.00063137496385854,0.00234133197112284,-0.194757634677347,0.54845344857537,-7.59716984846941e-05,0.0301191786657313,0.215695202350616,-0.120637789368629,-0.313662856817245,-0.404467761516571,1
0.554,-2.39844095571471e-05,1.04953446663656e-05,0.0300731159476861,4.59004630239172e-06,-0.000335932795795244,-7.44265467966798e-06,-9.47424608712412e-05,0.000883163857568481,0.00302437373887135,0.110005690321344,-0.333440379483672,-2.31579714271772e-05,0.0301191786657313,-0.177720248699188,-0.202746167778969,0.289384663105011,0.243671908974648,1
0.555,-2.43037475883931e-05,1.12084227417716e-05,0.0300761719597551,-0.000337159806919634,-0.000226094722987939,-7.56722497774476e-06,-0.000542149190437938,0.000546895516310064,0.00308548838349651,-0.713271660079588,0.524408685289854,-0.000227753260635449,0.0301191786657313,-0.00380147993564606,0.150219783186913,0.0902673602104187,-0.054441399872303,1
0.556,-2.49108167421472e-05,1.18634825591806e-05,0.0300792712509528,-0.000623071874369372,0.000200508587825108,-7.75374536488016e-06,-0.000668175383271658,0.000765280334633402,0.00311094059723964,0.203676291362523,0.227991985568185,-0.000143338606307426,0.0301191786657313,-0.0670101717114449,-0.320869296789169,-0.0628902912139893,0.0760543793439865,1
0.557,-2.56011368897749e-05,1.24936025681818e-05,0.0300826089730188,-0.000477041827605155,6.01774452368256e-05,-7.77716657696104e-06,-0.000713795574342481,0.000494599493157171,0.00356109709905715,0.0524775970986185,-0.4758449697336,7.90290596413042e-05,0.0301191786657313,-0.127666160464287,0.0124250948429108,0.177490547299385,0.138762682676315,1
0.558,-2.64679786821457e-05,1.29609172157918e-05,0.0300861630436227,-0.000338861225434585,-0.000323017649897552,-7.71644808184035e-06,-0.00102275114183923,0.000439121826978177,0.00354464479475233,0.189603326006024,-0.203694460669224,2.79488943272311e-05,0.0301191786657313,0.0682400315999985,-0.388820588588715,0.063828282058239,0.0171228870749474,1
0.559,-2.75264913554767e-05,1.32559748238533e-05,0.0300898669024408,-0.000393645784898578,-0.000499775661414568,-7.74527456126606e-06,-0.00109596347221356,0.000152329359789706,0.00385973398024367,-0.285910402877993,-0.11173900708687,-9.75801462779382e-05,0.0301191786657313,0.191079795360565,-0.0288979131728411,-0.0571669489145279,0.0722227096557617,1
0.56,-2.85638483307076e-05,1.33926640851726e-05,0.0300937145071861,-0.000557820070437514,-0.000690265340116518,-7.78560712477727e-06,-0.000981053983176504,0.000122584372089582,0.00383297226782603,-0.00523431853519031,-0.2274359191006,2.40915722751809e-05,0.0301191786657313,0.194068759679794,0.18108294904232,0.13489006459713,-0.0583018437027931,1
0.561,-2.95689037530386e-05,1.36386637868022e-05,0.0300974193442296,-0.00014320868854085,-0.000719341771941031,-7.64547901166424e-06,-0.00102952252547345,0.000365313743888823,0.00357484358939596,0.734189670621303,0.172030859792264,0.000232394344738397,0.0301191786657313,-0.0436265170574188,-0.198180675506592,0.0376140251755714,0.00475803017616272,1
0.562,-3.06778645520461e-05,1.39340517142613e-05,0.030101114205719,0.000257230674629114,-0.000316931470425685,-7.51895469042196e-06,-0.00118491638367317,0.000222482890480975,0.00381179289948793,-0.0262143385115553,0.534026800624192,2.81488975527539e-05,0.0301191786657313,0.159600228071213,0.30286693572998,-0.317014366388321,-0.388720810413361,1
0.563,-3.17063404584026e-05,1.44448113859086e-05,0.0301050558296117,0.000494432790343291,-0.00031167128989983,-7.54400670377464e-06,-0.000873019917048065,0.000795902877890408,0.00406826094354854,0.44225108415199,-0.525565149792421,-0.000109534893252926,0.0301191786657313,0.153702080249786,-0.282015770673752,-0.278427273035049,-0.0764071866869926,1
0.564,-3.24503046113755e-05,1.5158806532195e-05,0.0301093400912451,0.000265065291303461,-0.00111328876440305,-7.93429705003845e-06,-0.000622712297809243,0.000634717739150961,0.00449632853683066,-0.845838704880734,-0.890847004853905,-0.000688602183322147,0.0301191786657313,-0.166055724024773,0.212110698223114,0.400797575712204,-0.514048278331757,1
0.565,-3.33685059804652e-05,1.61032306774867e-05,0.0301138782072914,-0.000128751119449942,-0.000954716582293523,-8.28854979006977e-06,-0.00121123418840346,0.00125633936845327,0.00457659677929811,0.145206299180863,1.16304190729846,-5.15329283597523e-05,0.0301191786657313,0.523234367370605,0.0161484107375145,0.0521645247936249,0.221784338355064,1
0.566,-3.44375947477402e-05,1.72956423603563e-05,0.0301181445777136,-0.000224647990829419,-8.64493983802472e-05,-8.39922637752011e-06,-0.000920465271162443,0.00113000911816924,0.00395470050076261,-0.31699929847818,0.3680735380801,-0.000105042325131675,0.0301191786657313,0.27151808142662,-0.0564159415662289,0.164703488349915,0.128202736377716,1
0.567,-3.53505079657577e-05,1.83772817072335e-05,0.030121899827425,-0.000616401470135616,-0.000104449040439522,-8.43138072337268e-06,-0.000905863130998801,0.00103723547409818,0.00355438860210629,-0.378030230318534,-0.400385537398207,6.91073946995618e-05,0.0301191786657313,-0.309639453887939,-0.0210226625204086,-0.0739400833845139,0.0746982395648956,1
0.568,-3.63945266669331e-05,1.94127645512393e-05,0.0301255750984606,-0.000755138676913167,-0.000454160634643286,-8.35097141882457e-06,-0.00118467302926987,0.00103526761590483,0.00379297213559485,0.128207924019961,-0.221227015328445,7.91921822944231e-05,0.0301191786657313,0.386999040842056,-0.0399315357208252,-0.20778588950634,0.272763133049011,1
0.569,-3.73902313623392e-05,2.03588641231636e-05,0.030129192354422,-0.000586771809120986,-0.00109525318999321,-8.09722489858444e-06,-0.000813469676105532,0.000856220683417317,0.00344001112799105,0.16602747383619,-0.912082799645123,0.000348128125073824,0.0301191786657313,0.0244048163294792,-0.0915342196822166,-0.187894821166992,0.396896183490753,1
0.57,-3.81894300253731e-05,2.10521742436565e-05,0.0301325549289876,-0.0006332586576461,-0.00159788603630964,-8.03220763856416e-06,-0.000789539128797876,0.000531878762002439,0.00328332436033407,-0.249133423475617,0.0193466682179208,-0.000269094712853948,0.0301191786657313,0.262324899435043,0.248167037963867,-0.121990472078323,0.192022785544395,1
0.571,-3.89002551237468e-05,2.16451328427563e-05,0.0301355825874695,-0.000566765913703927,-0.00120131737335821,-8.17521214679928e-06,-0.000629190277819705,0.000653461762903884,0.00277073192211003,0.363696623783605,0.677392880709377,-1.5758139883175e-05,0.0301191786657313,0.249976888298988,-0.118348561227322,-0.225691884756088,-0.016961008310318,1
0.572,-3.9400952810395e-05,2.22906533374989e-05,0.0301383623329432,-0.000183981285464842,-0.00060569802439329,-8.16125229707865e-06,-0.000368006264621804,0.000634584864336047,0.00278678753101185,0.310951609854095,0.374415034330841,2.04752190459651e-05,0.0301191786657313,0.224142983555794,-0.173201143741608,-0.387459367513657,-0.22443675994873,1
0.573,-3.95754991583634e-05,2.29713360218211e-05,0.0301413284199128,3.55596206720155e-05,-0.00071833184494556,-8.14466408005643e-06,1.68564378562315e-05,0.000724895729096676,0.00314245800219097,0.0754459520294543,-0.571239412964599,-2.67070807943723e-05,0.0301191786657313,0.119191937148571,-0.127487674355507,-0.0178402364253998,-0.101651139557362,1
0.574,-3.9566008971394e-05,2.37088334451309e-05,0.0301444737867886,-0.000129619033663167,-0.0011436818946026,-8.28747990322398e-06,-1.5003821123525e-06,0.000751700995917017,0.00314615900640378,-0.368330456813185,-0.180477583920974,-0.000263233960878436,0.0301191786657313,0.407127499580383,0.0647154152393341,-0.189995959401131,0.0632165223360062,1
0.575,-3.93960140572651e-05,2.44920324355679e-05,0.0301474325209341,-0.000527852643143034,-0.00135419403460069,-8.56626394218907e-06,0.00033879250163657,0.000818149749255018,0.00277042269112018,-0.338311634210426,-0.191294316700988,-0.000240954683681613,0.0301191786657313,0.320161134004593,-0.155506312847137,0.26738041639328,0.00323966890573502,1
0.576,-3.91094982517063e-05,2.52865619087636e-05,0.0301499737511765,-0.000787068858297452,-0.00102758853407866,-8.92887275405485e-06,0.000237417993749669,0.000773488694985096,0.00231140229941626,-0.122342098936673,0.766304553138665,-0.000444749048915677,0.0301191786657313,-0.153341829776764,-0.514015674591064,-0.052888810634613,0.466045260429382,1
0.577,-3.89705187660119e-05,2.57117924263816e-05,0.0301523213686739,-0.0013511644554642,-2.68480304527495e-05,-9.66324143281128e-06,4.96245951448408e-05,8.36977063719114e-05,0.00238221945612484,-0.873167959116915,1.00078311817496,-0.00079777021584779,0.0301191786657313,-0.139739736914635,-0.0719485729932785,-0.171560257673264,0.0872967392206192,1
0.578,-3.89418138606152e-05,2.57960208828293e-05,0.0301547505342245,-0.0015326620320907,0.000444628920342254,-1.01039197573094e-05,1.18931362243097e-05,8.63188418173634e-05,0.00247425292428953,0.547805242573451,-0.163790557383173,-4.17550154021108e-05,0.0301191786657313,-0.110186040401459,-0.0025981068611145,0.226616680622101,0.645063281059265,1
0.579,-3.90968453913549e-05,2.56794894520188e-05,0.0301568550431547,-0.000865041476935923,-8.49677688073578e-06,-9.95894468625025e-06,-0.000325009992276589,-0.000324140371107784,0.00173511329940167,0.631204551821897,-0.635745678820045,0.000257588415909548,0.0301191786657313,-0.176447808742523,-0.348034173250198,0.150071680545807,0.337638795375824,1
0.58,-3.95994048042233e-05,2.51211607646461e-05,0.0301585270543012,-0.000566157493326784,-0.000561886967124403,-9.77256683931671e-06,-0.000683968307650595,-0.000793911896204665,0.00160806124811176,-0.0990879479106067,-0.344743054994393,2.95573036597852e-05,0.0301191786657313,0.0894969776272774,0.212739199399948,0.00364783406257629,0.229624465107918,1
0.581,-4.03055845831756e-05,2.4359982869551e-05,0.030159845079672,-0.000508157872697843,-0.00087017010929452,-9.69623962054911e-06,-0.000731146606088869,-0.000729354118635249,0.00102850825436418,0.203064498759082,-0.202283230232705,0.000106290582357714,0.0301191786657313,0.195344030857086,-0.128312841057777,-0.150903269648552,0.203513950109482,1
0.582,-4.09612493144833e-05,2.35324139233098e-05,0.0301607444411602,-0.000482163056787404,-0.00108151776995154,-9.6789489782978e-06,-0.000582634242150661,-0.000925704332342244,0.000770377534478346,-0.153510616098274,-0.173314318982893,-9.18799305233168e-05,0.0301191786657313,0.340017586946487,0.027705755084753,-0.352058529853821,-0.248298555612564,1
0.583,-4.13350585585802e-05,2.27538994635593e-05,0.0301615217288929,-0.000278720661262835,-0.00140909787082924,-9.50240616770515e-06,-0.000168880438514574,-0.000634000447394208,0.000783709183584358,0.513564165766063,-0.405771134576895,0.000411295361082687,0.0301191786657313,0.295812040567398,0.0679188370704651,-0.187115177512169,0.126512840390205,1
0.584,-4.13880637853546e-05,2.21221184418244e-05,0.0301621015843681,7.09680123781648e-05,-0.0015618793203409,-9.24379215927473e-06,6.09056151741376e-05,-0.000632758396142823,0.000376782543152473,0.107628595765061,0.133915936986207,5.08439941052789e-05,0.0301191786657313,0.365614473819733,-0.136489376425743,-0.359454244375229,0.165029406547546,1
0.585,-4.11134727171765e-05,2.13888358685839e-05,0.0301623792325766,-0.000292076355204095,-0.00138162672147977,-9.58038641263315e-06,0.000488972162704582,-0.000830491329832374,0.000178746661880897,-0.744456461484899,0.185036321409961,-0.000638518542557401,0.0301191786657313,0.488185316324234,0.522390186786652,-0.267294198274612,-0.281394571065903,1
0.586,-4.03934209525329e-05,2.09155702831664e-05,0.030162290539115,-0.000250290180572429,-0.00129344490199632,-9.62316969355115e-06,0.000950857150950829,-0.000118516339704579,-0.000354620122368508,0.815091221510518,-0.0264252669718552,0.000534063888643577,0.0301191786657313,0.0793588161468506,-0.358171284198761,-0.116354748606682,0.543577075004578,1
0.587,-3.94350781557012e-05,2.04563842649881e-05,0.0301617918578964,-0.000312442903069327,-0.000988362032330402,-9.70807934264073e-06,0.000968736546399928,-0.000798431633610577,-0.000641976351232632,-0.920768681397965,0.567076240634585,-0.000640885301190148,0.0301191786657313,0.13389977812767,0.239700227975845,-0.46769255399704,-0.24719412624836,1
0.588,-3.82834673375084e-05,1.9889112974008e-05,0.0301611975509185,-0.00063013696326055,-0.00070509568865353,-9.98998043044708e-06,0.00133624490271307,-0.000334879619091351,-0.000546564940990428,0.35714015966496,-0.0610233590720824,0.000112547609844601,0.0301191786657313,-0.0466271564364433,-0.374739110469818,-0.438021898269653,-0.0394428670406342,1
0.589,-3.68464698157483e-05,1.94519340379946e-05,0.0301609177207977,-0.000374753842051106,-0.000915518423360052,-9.87650504580273e-06,0.00153603675035984,-0.000541388609959938,-1.39879459034625e-05,0.0957805334787671,-0.305860203134923,6.42872750236597e-05,0.0301191786657313,0.418210715055466,0.0479680486023426,-0.284256786108017,-0.00367524335160851,1
0.59,-3.508942255879e-05,1.89590814289762e-05,0.030160750579117,-0.000183097028647137,-0.00141951924640161,-9.72138666233135e-06,0.00197322103111867,-0.000446358009640568,-0.000319345845627227,0.243912487514291,-0.578478694253465,0.000201027008563969,0.0301191786657313,0.0822978392243385,-0.247980281710625,-0.00478323549032211,-0.235679894685745,1
0.591,-3.3154266937612e-05,1.85297176411996e-05,0.0301605057766732,-3.60126197416961e-05,-0.00134142871073037,-9.64124804214705e-06,0.001898618684287,-0.00041384542505788,-0.000170492966879978,0.0178967819565552,0.718523691242497,-4.70775307038989e-05,0.0301191786657313,0.612475991249084,-0.119503125548363,-0.470450788736343,-0.0610142834484577,1
0.592,-3.08796340240336e-05,1.81123018231987e-05,0.0301602684486233,-0.000189519680451342,-0.00104107583878325,-9.78381040761533e-06,0.00265229263727503,-0.000419796824930707,-0.000303792137674812,-0.286968511732293,-0.179279639869863,-0.000190628726633108,0.0301191786657313,-0.0520583838224411,0.035648874938488,0.028339397162199,-0.0388788282871246,1
0.593,-2.83158447057442e-05,1.77477773356895e-05,0.0301598917647194,-0.000383627195191496,-0.000719021271876366,-9.99813642321712e-06,0.00247925830508487,-0.000307933444178066,-0.000449022048257895,-0.0551485053558622,0.753734756690609,-0.000225954709723226,0.0301191786657313,0.393903315067291,-0.179434671998024,-0.417851448059082,-0.134494960308075,1
0.594,-2.55498259697517e-05,1.744935729586e-05,0.0301594933268728,-0.000364761352012526,-0.000524349614733442,-1.00824057365223e-05,0.00305391111167815,-0.000289215190049468,-0.000347893368060214,0.0889797636566466,-0.398445102133239,5.8933174188181e-05,0.0301191786657313,-0.103911325335503,-0.0805182978510857,0.2707239985466,-0.102447494864464,1
0.595,-2.26871084029964e-05,1.71945658180965e-05,0.0301590696435949,-0.000191482258923691,-0.000423172894737674,-1.0083837869157e-05,0.0026742771785146,-0.000222093053800303,-0.000498796157208999,0.217580226566223,0.583243543313608,-5.66221001863344e-05,0.0301191786657313,0.0473897531628609,-0.460816711187363,0.309653550386429,-0.226236283779144,1
0.596,-2.01462206154558e-05,1.68987056484956e-05,0.0301586189826288,-0.000216357549321771,0.000321383476311903,-1.01796075884231e-05,0.0024155181516953,-0.000369099703021758,-0.000402436006515206,-0.25920181027063,0.738960798390142,-8.72080379445084e-05,0.0301191786657313,-0.277868896722794,0.392747193574905,0.0211338549852371,-0.346818029880524,1
0.597,-1.78580868468949e-05,1.68511819813052e-05,0.0301582184623892,0.000145942043580624,0.000781483187114297,-1.04171878856363e-05,0.00216603598228841,0.000269388651254053,-0.00039823929117799,0.896197716172772,0.0821084077664592,-0.000423009791295678,0.0301191786657313,0.0708757191896439,-0.43711644411087,0.0966341495513916,0.0573043525218964,1
0.598,-1.57021505507892e-05,1.69295235623137e-05,0.0301578244010073,0.00024894459373405,0.000250655107017723,-1.0643021441048e-05,0.00214201816155272,-0.000112737447150471,-0.000389662340936304,-0.710987666794342,-1.01017040333143,-8.76441906516913e-05,0.0301191786657313,-0.345753252506256,0.51710444688797,0.10833977162838,-0.0957774221897125,1
0.599,-1.3760533694789e-05,1.70807444676977e-05,0.0301572841022598,-0.000127467440583488,-0.000465683556806986,-1.07118099426096e-05,0.00173690401836366,0.000417012270210568,-0.000689852573470511,0.0431244799502726,-0.252549728237742,-1.85542207380631e-05,0.0301191786657313,-0.144684165716171,-0.174575850367546,-0.0114605352282524,-0.0346950553357601,1
0.6,-1.21034539928371e-05,1.74622419037207e-05,0.0301566600189593,-0.000257941199630634,-0.000380105813758898,-1.08038601394078e-05,0.00157886817274114,0.000347371498746599,-0.000558152095340244,-0.273965488186289,0.407242164978951,-0.000161678989028777,0.0301191786657313,-0.223875910043716,-0.360022991895676,-0.338452517986298,-0.135781541466713,1
0.601,-1.04961358118148e-05,1.77461709174563e-05,0.0301564397300966,-0.000622763471190967,-5.71106422851606e-06,-1.09710397935281e-05,0.00163927399383357,0.000223996946923097,0.000115827795794505,-0.372184478423318,0.260522450645509,-0.000137019948668586,0.0301191786657313,-0.000944187864661217,-0.102972432971001,0.214059323072433,0.197369441390038,1
0.602,-8.95170388085382e-06,1.78850450492754e-05,0.0301563599268592,-0.000903915159889141,0.000287402818314109,-1.11259094977001e-05,0.00145312159959648,5.66564513232024e-05,-0.000274244823615437,-0.126051088293409,0.262305693954827,-0.000157123101709889,0.0301191786657313,-0.456103324890137,-0.296146512031555,0.0128066763281822,0.217294529080391,1
0.603,-7.68745582294783e-06,1.77757020377867e-05,0.0301562149237985,-0.000982195569911902,0.000609608731606393,-1.13240786228097e-05,0.00107957336825943,-0.000273782314429954,-1.63380651209405e-05,-0.012314409460671,0.310857271286207,-0.000210233541061209,0.0301191786657313,0.077528789639473,-0.249561682343483,0.127527296543121,0.142670139670372,1
0.604,-6.61941379114906e-06,1.73850433206777e-05,0.0301560856563115,-0.000829595412142376,0.000459853605274412,-1.13504489061e-05,0.00105561469034586,-0.000508559575607361,-0.000241733626992873,0.282386909708445,-0.570380287894478,0.000140476947251875,0.0301191786657313,0.0467298477888107,-0.244756802916527,0.250023931264877,-0.0623713880777359,1
0.605,-5.64620908240802e-06,1.68374935808346e-05,0.0301557733757688,-0.000374954772993407,-0.000163611197560489,-1.12129196612187e-05,0.000886205009640579,-0.000590360273363678,-0.000382293197175857,0.522023608899853,-0.528278363804285,0.000108002835994789,0.0301191786657313,-0.121169447898865,-0.481738805770874,0.127681851387024,0.211406022310257,1
0.606,-4.87350166329368e-06,1.59903995302756e-05,0.0301554205164232,-0.000396257989671238,-0.00032954529618761,-1.12467659247883e-05,0.000658673353984344,-0.00110252285711366,-0.000323356223355701,-0.553939547395417,0.235175724431327,-0.000198296562628632,0.0301191786657313,-0.0461579337716103,0.074292004108429,-0.343397378921509,-0.464697122573853,1
0.607,-4.10585553655736e-06,1.51342383424096e-05,0.030155328133505,-0.000298073918057924,-0.000206732469009807,-1.13206479563921e-05,0.000877332828151138,-0.000612251946991547,0.000137417900213424,0.726252990556786,-0.0151802859825664,3.69105308898906e-05,0.0301191786657313,0.0846990644931793,-0.0746784657239914,0.113247975707054,0.299925833940506,1
0.608,-3.24872564546189e-06,1.43882192720759e-05,0.0301552273014607,4.98501261262522e-05,-0.000100291677588522,-1.13305043241141e-05,0.000838175628939567,-0.000882713181647414,-0.000338467887571325,-0.108870062235905,0.205425049560789,-4.79851586092637e-05,0.0301191786657313,-0.101279616355896,0.096465602517128,0.00658639520406723,-0.0650869831442833,1
0.609,-2.45761410897082e-06,1.35849606645085e-05,0.0301548405211859,-5.38220009195984e-05,0.000181049386441077,-1.13780358059756e-05,0.000746914733123817,-0.000723596311678171,-0.000434585484485999,-0.0722838874466285,0.294488009310654,-4.91676206104992e-05,0.0301191786657313,-0.0619264617562294,-0.174865216016769,-0.304158568382263,-0.121267542243004,1
0.61,-1.60936939800335e-06,1.28557408215968e-05,0.0301545924770658,-0.000222966509454873,9.89093398066967e-05,-1.13958015255378e-05,0.000948684996496925,-0.000733619298375561,-6.22018505206802e-05,-0.223940333409949,-0.43523964067172,1.7712270546146e-05,0.0301191786657313,0.0108286440372467,0.157534971833229,0.123310454189777,-0.104657888412476,1
0.611,-7.08454234379623e-07,1.22474414675567e-05,0.030154385199953,-0.000161355775494972,-0.00022721930040599,-1.13875425569177e-05,0.000850902738162127,-0.000484363322217352,-0.000351456978680106,0.333042620369978,-0.138908879850558,6.47012860467627e-06,0.0301191786657313,-0.202483981847763,-0.253000378608704,-0.080335408449173,0.0480016097426414,1
0.612,8.67434306350437e-08,1.16559221358881e-05,0.0301541531646632,-0.000126213518181835,-0.000106775811775018,-1.14323928421811e-05,0.000741053707595582,-0.000698663956036724,-0.000113024478341153,-0.267723809260994,0.352745517337797,-8.70807119845451e-05,0.0301191786657313,0.232876256108284,-0.0504965521395206,-0.0935197174549103,-0.220633193850517,1
0.613,9.59692497386192e-07,1.10425374204747e-05,0.030154020597033,-0.000218601406580375,-1.13111579534748e-05,-1.14901282590729e-05,0.00100522790951598,-0.000527993461059872,-0.00015192639415529,0.105155989916948,-0.179851979379134,-2.48970869150227e-05,0.0301191786657313,-0.0783944576978683,-0.324620813131332,-0.0586643069982529,-0.204816162586212,1
0.614,1.95668696480318e-06,1.04819320115506e-05,0.0301540584659294,-0.000178513205413836,-0.000120017760719464,-1.15247289023124e-05,0.000988213684944706,-0.000593569066252439,0.00022663618746353,-0.0322416491682792,-0.00978353973034859,-4.8232785274474e-05,0.0301191786657313,-0.18871596455574,0.041054230183363,0.245985791087151,0.0221386477351189,1
0.615,2.7701013954991e-06,9.9109752172523e-06,0.0301541672700725,-0.000161333769595552,0.000296372604696422,-1.16139584993569e-05,0.000642833048137134,-0.000548729847531567,-8.81420917105215e-06,0.0642023438411748,0.746567603741729,-0.000123400017796334,0.0301191786657313,0.0953844785690308,-0.103116050362587,0.0180694535374641,-0.296478092670441,1
0.616,3.45976684116503e-06,9.45325220999958e-06,0.0301541991085489,5.95213431195242e-05,0.0006647356532864,-1.17565458324087e-05,0.00073965158338482,-0.000369206951811531,7.2273878168714e-05,0.326571075121066,-0.0917424968463235,-0.000169266113720503,0.0301191786657313,-0.428917527198792,-0.130651772022247,-0.173632889986038,-0.248168960213661,1
0.617,4.11489834392028e-06,9.13727721296646e-06,0.0301545836334604,0.00029628822139611,0.000409850871826499,-1.19102302602592e-05,0.000569066802487149,-0.000265118378135999,0.00069504218454299,0.0931422672513313,-0.355906864948844,-0.000126251095081792,0.0301191786657313,-0.231437757611275,-0.163076013326645,0.380334258079529,-0.0988729819655418,1
0.618,4.44921674026997e-06,8.84849611596835e-06,0.0301552507288351,6.76318020497842e-05,0.000381171322262808,-1.19274516889867e-05,0.000100494380867752,-0.000310482542876157,0.000638823637851091,-0.494673528249196,0.304787208813179,6.65706028306427e-05,0.0301191786657313,-0.0472627021372318,-0.0950022414326668,-0.485575824975967,-0.255423545837402,1
0.619,4.74145006009095e-06,8.61413341636239e-06,0.0301561606547744,-0.000307600456983457,8.66780239947962e-05,-1.18579430918864e-05,0.000480606217643604,-0.000155500721268434,0.00117907505300943,-0.168167183077741,-0.821098631910189,9.90381091210791e-05,0.0301191786657313,0.0248218476772308,0.0725691691040993,0.295426726341248,-0.0311376508325338,1
0.62,5.11390821704731e-06,8.51744950889313e-06,0.0301571225708711,-0.000239572615748986,-0.000364417594599479,-1.18070108690027e-05,0.000261128139256935,-3.87931741993827e-05,0.000745240928300027,0.287329669843263,0.0233323281395136,7.49929255525031e-06,0.0301191786657313,-0.176939606666565,-0.434279382228851,0.133362874388695,0.043091781437397,1
0.621,5.24789353781194e-06,8.29897993016355e-06,0.0301579602751053,-0.000299080937588814,0.000155695804797107,-1.19048365925245e-05,1.19567621895995e-05,-0.000396859991626912,0.000929196898916568,-0.390120162988817,0.89327271593369,-0.000159276437061502,0.0301191786657313,0.285319924354553,0.0786914005875587,0.367586731910706,-0.119455970823765,1
0.622,5.2429794997628e-06,7.9999355376672e-06,0.0301585709721156,-0.000335222962238255,0.000865357879063283,-1.21114499589403e-05,-1.55877444182223e-05,-0.000201566949270479,0.000293571799742844,0.324993351903156,0.362146186575534,-0.000267443312419765,0.0301191786657313,-0.256056547164917,-0.0504966676235199,0.0237466618418694,0.0895514339208603,1
0.623,5.14269608254509e-06,7.75543532385803e-06,0.0301588601565998,-4.47184804328609e-05,0.000874762273239427,-1.2317567981146e-05,-0.000184467170236176,-0.000289752117951667,0.000284620589594824,0.189503472100274,-0.343670599857913,-0.000129776670091044,0.0301191786657313,-0.569504499435425,0.0389402359724045,0.267957836389542,0.236993983387947,1
0.624,4.6439466607982e-06,7.39369792348175e-06,0.0301590746417753,-8.09181573705946e-05,0.000750004493083336,-1.23516044774341e-05,-0.00081252609694829,-0.000433133815791439,0.000144564121546373,-0.251050107657477,0.120377459572845,5.00960680425143e-05,0.0301191786657313,-0.00530596077442169,-0.236811250448227,0.336060404777527,-0.0709167942404747,1
0.625,3.71688990809264e-06,6.90528645698112e-06,0.0301591294476772,-0.0004121969590519,0.000680089764705798,-1.22490084124571e-05,-0.00104194438940945,-0.000540771539385986,-3.45516955787515e-05,-0.332485231511954,-0.245721363189386,0.000131704120008505,0.0301191786657313,-0.202704787254333,-0.297485083341599,0.319753527641296,-0.197498828172684,1
0.626,2.48206273559714e-06,6.34319238252146e-06,0.0301591617494032,-0.000549822289474295,0.000496404796639361,-1.21984885397275e-05,-0.00142862808906804,-0.000582329688051567,9.87417645487212e-05,0.0896040003310177,-0.083094213013926,-4.66853049780377e-05,0.0301191786657313,-0.391665279865265,0.136796489357948,-0.172256141901016,0.167180553078651,1
0.627,9.77775864125797e-07,5.76691232071804e-06,0.0301592808969661,-0.000214215942936289,0.000310768438056709,-1.22791087457941e-05,-0.00158160437972818,-0.000573353543382341,0.000139343455865768,0.503575736543789,-0.248849203793921,-0.000103774213024235,0.0301191786657313,0.422742486000061,-0.193887621164322,0.199115812778473,0.1013303399086,1
0.628,-5.08477102021745e-07,5.08159136322355e-06,0.0301591321127727,4.22341066496048e-05,-0.000242561861510298,-1.23465113870402e-05,-0.00139667765928776,-0.000799092312259978,-0.000435274494401262,-0.0468647357318998,-0.731585071232077,-7.11019587394557e-05,0.0301191786657313,0.128543257713318,0.0290642082691193,0.46426197886467,-0.236291244626045,1
0.629,-2.05226379453165e-06,4.39344129366877e-06,0.0301584655201009,0.000144672802538578,-0.000418962139955061,-1.23690364186579e-05,-0.00169236033597825,-0.000578741219706197,-0.000896561977546171,0.2292876261423,0.413172720871007,3.7464991393236e-05,0.0301191786657313,0.450915277004242,-0.253372728824615,-0.494349360466003,-0.221941575407982,1
0.63,-3.37390272039879e-06,3.80147871928232e-06,0.0301576927099027,0.000179255552163563,-0.000581727827352943,-1.24316739982255e-05,-0.000954644312799498,-0.000605605794085592,-0.000649123238876793,-0.165374897239057,-0.701554973555134,-0.000169395570377985,0.0301191786657313,-0.146036118268967,0.130880638957024,0.0987346842885017,-0.201906591653824,1
0.631,-4.44935730367975e-06,3.33062125011072e-06,0.0301570119593146,0.000165800873023746,-0.00061789157277311,-1.24881402143728e-05,-0.00119627259733625,-0.000336872443824857,-0.000711757648068944,0.142103632388431,0.630533189639991,5.727768798261e-05,0.0301191786657313,0.114889726042747,-0.163867995142937,-0.280912637710571,-0.217981725931168,1
0.632,-5.50062979420783e-06,3.01406736772867e-06,0.0301564380664081,0.000192035009950619,-8.57626777812812e-05,-1.24676146282532e-05,-0.000902895499061292,-0.000296671722193352,-0.000436438299861677,-0.0940998714258484,0.307811829955671,-1.98521306827461e-05,0.0301191786657313,0.187690943479538,0.106307990849018,0.179889410734177,-0.194363132119179,1
0.633,-6.40595670752095e-06,2.83767390785325e-06,0.0301558171129981,0.000207459677909564,0.000155839874217741,-1.24946009636417e-05,-0.000905970063892004,-5.69435752026923e-05,-0.000804071229507307,0.12125904152542,0.116742475222377,-4.49531496719088e-05,0.0301191786657313,0.0425165295600891,0.0226922705769539,0.351492613554001,-0.160656243562698,1
0.634,-7.4386067818092e-06,2.85173021061847e-06,0.0301548392037877,0.000293454841661378,0.000334246179037232,-1.2527337264423e-05,-0.00115750966439713,8.39796302529028e-05,-0.00115021634763228,0.0308923795780537,0.19508189854683,-2.21588113978626e-05,0.0301191786657313,-0.145768985152245,-0.132525503635406,0.207948178052902,0.111047402024269,1
0.635,-8.73729994715523e-06,2.83407038651469e-06,0.0301536015164304,-7.12540735508977e-05,0.000490713321291468,-1.24685950173564e-05,-0.00143838743404223,-0.000115760807440424,-0.00132394486472615,-0.673230622151005,0.0774342930645048,0.000130083469534813,0.0301191786657313,-0.133585318922997,0.417781800031662,0.338827967643738,-0.313323199748993,1
0.636,-1.03634192493257e-05,3.02184919964486e-06,0.0301520875075382,-1.93147955182977e-05,0.00053811244677567,-1.25390560166139e-05,-0.00181311951444699,0.000489532308736957,-0.0017021819046727,0.760834412312117,0.00153901385721297,-0.000271787294850513,0.0301191786657313,-0.35991296172142,-0.43189537525177,-0.0682729706168175,0.196019500494003,1
0.637,-1.22930126385629e-05,3.25743614081871e-06,0.0301505786686976,8.56748308951313e-05,0.000346714636085677,-1.26435784184586e-05,-0.00204831767571424,-1.91164725662671e-05,-0.00131456832434065,-0.576278066499723,-0.345255171508174,4.53924037242796e-05,0.0301191786657313,-0.341418623924255,-0.15275964140892,0.245046973228455,-0.512552440166473,1
0.638,-1.45858237447795e-05,3.38901643568363e-06,0.0301494986882948,-0.000169210856152414,0.000209090970628943,-1.26509813980213e-05,-0.00253788414682958,0.000283621628696513,-0.000846028674412743,0.123211386933139,0.0938578929276875,-7.05525260840817e-05,0.0301191786657313,-0.104121342301369,0.0449653714895248,-0.340669691562653,-0.0522609986364841,1
0.639,-1.70395325902743e-05,3.71821161746987e-06,0.0301487683049482,7.80784564660283e-05,-0.00014721719441019,-1.27071594784312e-05,-0.0023736735129465,0.000372597516593104,-0.000614612540018817,0.311993499912279,-0.728912957993192,-5.3899577396397e-05,0.0301191786657313,0.025652214884758,-0.121900826692581,-0.152710765600204,-0.295739710330963,1
0.64,-1.9369485881718e-05,4.16056329718232e-06,0.030148307041464,0.000377574902397407,-0.000905141782168918,-1.27670956402426e-05,-0.00229370215605709,0.000509338309044583,-0.000308405923267574,0.216343620215256,-0.617828629054738,-6.8460237139575e-05,0.0301191786657313,-0.17061722278595,-0.181331545114517,0.0967231318354607,-0.116126015782356,1
0.641,-2.18171768226465e-05,4.63809923264136e-06,0.0301480844728842,0.000231993602737318,-0.000789360805015558,-1.28755437032169e-05,-0.00260073027806074,0.000447296239233789,-0.000137019578782753,-0.473045376585765,0.811120248621576,-0.000149507595094509,0.0301191786657313,0.142443388700485,-0.0809130221605301,-0.0894985795021057,-0.345385432243347,1
0.642,-2.4360029802799e-05,5.19531400334899e-06,0.0301480349388101,-0.000116559384196562,-2.62308857391631e-05,-1.29921105478381e-05,-0.00247962105742239,0.000669664439942747,3.74617956539042e-05,-0.145658371324705,0.53064162939049,-8.43196526173619e-05,0.0301191786657313,0.0953130349516869,0.0109096840023994,-0.0250953957438469,0.0267139337956905,1
0.643,-2.68140519625075e-05,5.86808014767836e-06,0.0301479716728636,-0.00021438112082429,0.000114174610022445,-1.30447131470035e-05,-0.00242818024328481,0.000676905005545539,-0.000163414614790917,-0.0295757243349509,-0.287533020125241,-1.27086412004521e-05,0.0301191786657313,-0.0667873024940491,-0.0543796420097351,0.053098488599062,-0.0327379778027534,1
0.644,-2.93191880975056e-05,6.54773756815454e-06,0.0301477891185095,-0.000170836451162644,-0.000308522667538111,-1.30414509791343e-05,-0.00258615325625754,0.000682248702461948,-0.000201495370560511,0.10404008802207,-0.465799985034773,1.28930376673033e-05,0.0301191786657313,0.160799905657768,-0.124531917273998,-0.137105733156204,-0.0264253132045269,1
0.645,-3.18280092101928e-05,7.20067513769049e-06,0.0301475797291821,-0.000112965786555137,-0.000950901114121413,-1.30276983361099e-05,-0.00243820075642057,0.000623504561258301,-0.000217061532406231,-0.00341481415251522,-0.676303025241238,-8.31464847587381e-06,0.0301191786657313,-0.0190004855394363,0.0245392322540283,0.0287336707115173,0.228016600012779,1
0.646,-3.43461336844303e-05,7.75277532144561e-06,0.0301472026476589,-0.000260828665629887,-0.00112110513440245,-1.31614175948869e-05,-0.00260006450617558,0.000482403223726711,-0.000536288226931652,-0.258833159137268,0.366377341539905,-0.000259592785266316,0.0301191786657313,0.374653846025467,-0.304894655942917,-0.240437939763069,-0.0560535937547684,1
0.647,-3.67585310551545e-05,8.1513046386626e-06,0.0301466995331215,-0.000556210342165184,-0.000895085424721057,-1.34135682192671e-05,-0.00222457564400917,0.000317717565648895,-0.000469777309135484,-0.264424760746948,0.026736604855714,-0.000186003813159479,0.0301191786657313,0.105630986392498,-0.195189774036407,-0.267829418182373,0.212334394454956,1
0.648,-3.88923306516408e-05,8.32863908807478e-06,0.0301462316841877,-0.000799157830006024,-0.000906459388147341,-1.35754836443347e-05,-0.00204411036580021,3.95228239054733e-05,-0.000465583501028929,-0.165379235046152,-0.0530948751598676,-0.000107151236009718,0.0301191786657313,0.0137209892272949,-0.387268483638763,-0.264803171157837,0.0190510675311089,1
0.649,-4.0887158015606e-05,8.23277773477057e-06,0.0301459542847902,-0.000814825970777702,-0.000915947723974324,-1.36273169699663e-05,-0.00194656585955541,-0.000230393948078661,-9.00748763665715e-05,0.137062591846283,0.030134944184515,6.91158792195314e-06,0.0301191786657313,0.352865993976593,-0.587184548377991,-0.131619080901146,0.0491810142993927,1
0.65,-4.27036110277313e-05,7.77241508235735e-06,0.0301459348694305,-0.000758092042523983,-0.00102973664621027,-1.35998164454421e-05,-0.00168827570360539,-0.000690367375273087,5.10779765069701e-05,-0.0352978813364398,-0.236154725028084,2.97044064040724e-05,0.0301191786657313,0.0298405885696411,-0.338959634304047,-0.399335920810699,0.0995834544301033,1
0.651,-4.42900702598173e-05,6.93109251810604e-06,0.0301461705251373,-0.000715084883391595,-0.00125078849261518,-1.35287836822151e-05,-0.00148748053415937,-0.00099230341038167,0.000419327087093807,0.113444668255425,-0.159139045697847,9.15801548379315e-05,0.0301191786657313,0.106136590242386,-0.459242820739746,-0.116057313978672,0.0401515960693359,1
0.652,-4.57651068436272e-05,5.75998706687885e-06,0.0301467030955076,-0.000621040235397343,-0.00113146644189185,-1.35540452412819e-05,-0.00146212863352454,-0.00135009567981103,0.000644795001151055,0.0562742001666231,0.363775226067437,-0.000137010664679477,0.0301191786657313,0.00412982702255249,-0.241511732339859,0.181298226118088,-0.00756727159023285,1
0.653,-4.73698544986039e-05,4.33486490146129e-06,0.030147315979523,-0.000416643307711396,-0.000383745665499263,-1.37364733148182e-05,-0.0017407779158704,-0.00150200089320074,0.000580717387560555,0.30834474768502,0.950167327106945,-0.000200202993956354,0.0301191786657313,-0.203712821006775,-0.152510121464729,-0.203715547919273,-0.161954417824745,1
0.654,-4.91625732903242e-05,2.84763575401655e-06,0.0301481211309106,5.78069006315674e-05,0.000221468933297517,-1.38745755924319e-05,-0.00183985415613972,-0.00147706828793752,0.0010278509816887,0.533788163602725,0.116403512548934,-0.000110195383746122,0.0301191786657313,0.228810414671898,-0.161678552627563,-0.0815187990665436,-0.0629584193229675,1
0.655,-5.09240581087869e-05,1.32776731342081e-06,0.0301491200108632,0.000346678519890875,-0.00045617397645907,-1.40563064343624e-05,-0.00169025530913322,-0.00156523407663039,0.000969517123522581,-0.0164025425796557,-1.31102738977618,-0.000304088827731867,0.0301191786657313,-0.112918257713318,0.0677488744258881,0.290323972702026,-0.327886343002319,1
0.656,-5.28509851569672e-05,-8.54256607663211e-08,0.030150059356922,0.000417613579654556,-0.00130617574030269,-1.42303958012846e-05,-0.00217106131029177,-0.0012625654288509,0.000908542768855309,0.14574654468653,-0.196336413751883,8.090414080746e-06,0.0301191786657313,0.250668227672577,-0.0667588636279106,-0.259936481714249,0.0453734397888184,1
0.657,-5.49040037078087e-05,-1.40413319278588e-06,0.0301509176106298,0.000194253785555905,-0.00147340833377997,-1.44923319274071e-05,-0.00193771321868387,-0.00137307591884664,0.000807675117705164,-0.534236090220088,-0.105392140505779,-0.000493305105633362,0.0301191786657313,0.342634290456772,-0.0241761803627014,-0.433445543050766,0.0533648431301117,1
0.658,-5.66220310382225e-05,-2.81046532909652e-06,0.0301516862460816,-0.000388072560392224,-0.00168470868972389,-1.5025348151454e-05,-0.00150185056439155,-0.00143490691720108,0.000729337940732874,-0.490343868288465,-0.272626236915327,-0.00044535376038838,0.0301191786657313,0.401523530483246,0.39705753326416,-0.21500226855278,0.179469481110573,1
0.659,-5.7975307235907e-05,-4.14863959026104e-06,0.0301520524498598,-0.00034153223209351,-0.00179228207631662,-1.49982802164494e-05,-0.00120685806440905,-0.00124280966487103,4.80215844833544e-06,0.573558349396433,0.0774560529326769,0.00049693804428136,0.0301191786657313,0.3778195977211,-0.0275857150554657,-0.302305191755295,-0.0184254944324493,1
0.66,-5.90099455279541e-05,-5.39676754028569e-06,0.0301519807520128,0.000346983875259463,-0.00161491099976202,-1.43982575675494e-05,-0.00086200450591062,-0.00125971623183541,-0.000147839070935273,0.646164725058601,0.232340119397752,0.00056412951277874,0.0301191786657313,0.329080283641815,0.269774854183197,-0.766196846961975,0.0556502491235733,1
0.661,-5.95279915571623e-05,-6.58960275767195e-06,0.0301518130874033,0.000850792857622047,-0.00174589713064053,-1.40677112225873e-05,-0.000177088702206251,-0.00113103085720258,-0.000187211349998671,0.248121178514036,-0.463412053599668,-3.02104644532347e-05,0.0301191786657313,0.122246772050858,0.24510546028614,-0.438330322504044,-0.0366829484701157,1
0.662,-5.95848462736025e-05,-7.63593322656457e-06,0.0301516034856097,0.000794195385148898,-0.00193665295843381,-1.42762172612443e-05,6.10950185666667e-05,-0.000961947042925512,-0.00023170604851252,-0.343193922367249,0.124534483235941,-0.000361304438814352,0.0301191786657313,0.47238963842392,0.42359870672226,-0.114757686853409,-0.678941607475281,1
0.663,-5.9393359029891e-05,-8.17815432558655e-06,0.030151268447363,0.000944054998862278,-0.0015735604236711,-1.40390116674105e-05,0.000324433901991332,-0.000126031190414025,-0.000437643374988787,0.606979386482874,0.516077838116971,0.00073700766879203,0.0301191786657313,0.417873233556747,0.0770483985543251,-0.216027945280075,-0.263160884380341,1
0.664,-5.8907931244019e-05,-8.2019417210714e-06,0.0301507616077704,0.00116661870800762,-0.00115874136906755,-1.36588542112293e-05,0.000649224993738463,7.59991820845277e-05,-0.000575343736697594,-0.211071757497894,0.219352870861418,-4.55220050074862e-05,0.0301191786657313,0.405958473682404,0.219465345144272,-0.306694805622101,-0.599712193012238,1
0.665,-5.80587302134602e-05,-7.82965864872791e-06,0.030150234673371,0.000976646654937688,-0.00128475040014297,-1.38983716992946e-05,0.0010473409537316,0.000668772786757631,-0.000478446904878316,-0.125837479941276,-0.437484368661202,-0.000373747122794673,0.0301191786657313,0.0355366244912148,0.303123116493225,0.0738502442836761,-0.286220848560333,1
0.666,-5.71197132254784e-05,-6.9529101840053e-06,0.0301496442015519,0.000789730310581194,-0.00126823789530505,-1.40886432475895e-05,0.000831729718673445,0.00108549804227367,-0.00070153071207255,-0.206820253062135,0.466863856256925,6.43165573891377e-06,0.0301191786657313,0.301873058080673,0.299032211303711,-0.0963619947433472,-0.25104957818985,1
0.667,-5.62123223438811e-05,-5.6692535069274e-06,0.0301487832735493,0.000615852909068702,-0.000880438291541942,-1.40932349088629e-05,0.000986222393414187,0.00148259247207339,-0.00101891080702422,-0.104758652078461,0.222163100955726,-2.7376766562312e-05,0.0301191786657313,0.425159811973572,-0.0999724268913269,0.0763539746403694,0.0916706621646881,1
0.668,-5.51625495863506e-05,-4.28206761747068e-06,0.0301475126434399,5.04901351708076e-05,-0.000879414770768052,-1.43930909155543e-05,0.00111334990053973,0.00129755476139456,-0.00152018638483965,-0.895672954379388,-0.215942949244003,-0.000488346739524396,0.0301191786657313,0.141541123390198,0.500809967517853,0.0973538979887962,-0.0457085520029068,1
0.669,-5.41098825676735e-05,-2.76281874112036e-06,0.0301456645225962,-0.000234813323148579,-0.000979820311876779,-1.45791748269453e-05,0.000991790718374832,0.00174271233575834,-0.00217313149936028,0.383243002261634,0.0409718888787344,0.000148867588964466,0.0301191786657313,-0.281422853469849,-0.206753864884377,0.058196485042572,-0.137977957725525,1
0.67,-5.33332606844963e-05,-1.0478231101708e-06,0.0301436599580501,0.000174169749722753,-0.000509527979217994,-1.44398881469776e-05,0.00056670234128375,0.00168448689007015,-0.0018353694576877,0.333866007327966,0.789922927784219,0.000117445228105178,0.0301191786657313,0.0447034537792206,-0.215825483202934,-0.0053505152463913,-0.410419911146164,1
0.671,-5.28081787583083e-05,7.07931264176874e-07,0.0301420054714416,0.000481478126103643,-3.51346523508662e-05,-1.43759468707039e-05,0.000487906273235229,0.00182464554975477,-0.00147343017246695,0.204491057784325,0.0520266746148631,-3.35222475135203e-05,0.0301191786657313,-0.0167343840003014,0.00313843786716461,0.0594862550497055,-0.145031601190567,1
0.672,-5.24070222672441e-05,2.58127138163804e-06,0.0301405251009435,0.000448508620165038,-0.000331660357827288,-1.45174590451269e-05,0.000312877845271376,0.00192244746459357,-0.00148626261794291,-0.265671684986549,-0.570756019854019,-0.00023980867277793,0.0301191786657313,-0.105835318565369,-0.0230058059096336,0.492486983537674,-0.342516779899597,1
0.673,-5.240217225402e-05,4.62774342508061e-06,0.030138986741326,0.000183800555914262,-0.000535426545825424,-1.46858229550517e-05,-0.000303228204547517,0.00217272223908171,-0.00158919515353883,-0.208475818570699,0.208410446435178,-9.1973482628445e-05,0.0301191786657313,0.0144174508750439,-0.421390622854233,0.0136380009353161,0.0998818725347519,1
0.674,-5.27710536089119e-05,6.59391145908894e-06,0.0301374729761365,-0.000532791113280372,-0.000458992538098147,-1.49141458538615e-05,-0.000433682539035563,0.00176739056656145,-0.00143760655025194,-1.06066073698408,-0.0738302673741412,-0.000296327328066132,0.0301191786657313,0.00268275383859873,0.193814918398857,0.119187459349632,-0.129049003124237,1
0.675,-5.33181157554855e-05,8.51917456852776e-06,0.0301359254348831,-0.000848247265261751,-0.00056625971762895,-1.4996161873615e-05,-0.000660906085723489,0.00208556494027619,-0.0016558517233052,0.492749903361947,-0.117215403785541,0.000155883577952964,0.0301191786657313,-0.130241572856903,-0.308250278234482,-0.0358844622969627,0.267463445663452,1
0.676,-5.40870979450608e-05,1.03979478103648e-05,0.0301343175610514,-0.000453991036230019,-0.000660617096899052,-1.48815886484854e-05,-0.000877544014594753,0.00167034749054232,-0.00155912186109127,0.199394683189595,-0.0520570332161107,3.38060493881825e-05,0.0301191786657313,0.140539020299911,-0.0996799096465111,-0.0859064683318138,-0.0152649432420731,1
0.677,-5.49461434321495e-05,1.20544698023816e-05,0.0301327526008565,-0.000170133542467852,-0.000899436949741315,-1.47773762937398e-05,-0.000842971637332607,0.00164088192846908,-0.00156971738279473,0.296571765582384,-0.371393317929911,0.00012924092266943,0.0301191786657313,0.356566369533539,-0.294095456600189,0.121305093169212,0.551160395145416,1
0.678,-5.57753824177797e-05,1.33697773201912e-05,0.0301308695994189,-0.000578993726535492,-0.001260293905187,-1.50460596262114e-05,-0.000818962141302065,0.000995160543867474,-0.00219350130661958,-1.01919507919943,-0.268332340065201,-0.000669752717942319,0.0301191786657313,0.343649744987488,-0.0761735513806343,-0.128543958067894,-0.0767813846468925,1
0.679,-5.64939541221346e-05,1.44006038990813e-05,0.0301286304788023,-0.00113052758586021,-0.00150213813051401,-1.53826914019994e-05,-0.000621051945031583,0.00107130738521593,-0.00228294795687432,0.0383243528049902,-0.161381602839749,7.96940849930308e-05,0.0301191786657313,0.542200088500977,0.00406253337860107,-0.153480932116508,0.296382069587708,1
0.68,-5.69294745111011e-05,1.53948815018372e-05,0.0301260623464257,-0.000746961141563652,-0.00169011069261887,-1.49924055778961e-05,-0.000252416495697109,0.000914543030487746,-0.00285057339019421,0.634600839636083,-0.171602126683943,0.000605455376973273,0.0301191786657313,0.401418417692184,-0.499071478843689,0.0255218148231506,0.167755305767059,1
0.681,-5.71305676977522e-05,1.60689859335338e-05,0.0301231636570718,-0.000423333671602146,-0.00152701266370139,-1.47807144026402e-05,-0.000148671298030742,0.000432300327021769,-0.00294467388046706,-0.0634647319359269,0.457265056723865,-0.000210022907249624,0.0301191786657313,0.565735101699829,0.0618579611182213,-0.0658562779426575,-0.185800939798355,1
0.682,-5.71155424344941e-05,1.66283727602156e-05,0.0301200664440403,-0.000152074432928307,-0.00116955861203538,-1.47163073318524e-05,0.000180004385712501,0.000682937219474533,-0.00324602663842734,0.536960743816746,0.17542536659528,0.000276962151104989,0.0301191786657313,0.102517411112785,-0.516370415687561,-0.338052004575729,-0.0622901692986488,1
0.683,-5.68438970223352e-05,1.7145398641867e-05,0.0301171409064974,-0.000115362210599262,-0.0010971121009095,-1.47446349316738e-05,0.00036349595546456,0.000351883397773068,-0.00260482909526677,-0.470592249542424,-0.0459149527534902,-0.000331541135779585,0.0301191786657313,0.139068871736526,0.0811185613274574,-0.410561114549637,0.177128821611404,1
0.684,-5.63434988678275e-05,1.74832269219338e-05,0.0301145483684035,-0.000623849309328557,-0.00132508907768247,-1.50713846336359e-05,0.0006349136014397,0.00032834614246062,-0.00257851921914906,-0.427939192340335,-0.354249431466953,-0.000241079228653619,0.0301191786657313,0.0373599976301193,0.14260321855545,-0.155125513672829,-0.121350735425949,1
0.685,-5.5722874790097e-05,1.79540925646881e-05,0.0301120188177281,-0.0005139075741693,-0.00137831333861592,-1.50133148091314e-05,0.000606162266762014,0.000611851209550298,-0.00247913082779326,0.617666925148221,0.260452169121953,0.000341025514078358,0.0301191786657313,0.367186188697815,-0.310460656881332,-0.0111246705055237,0.196682587265968,1
0.686,-5.50519424405361e-05,1.83871046724516e-05,0.0301094620971292,-0.000244157529782111,-0.00105761798584356,-1.49268646167933e-05,0.000738326112469097,0.000253004275719701,-0.00263222514695721,-0.140109370698604,0.307949482816598,-0.000173349023577759,0.0301191786657313,0.447498321533203,-0.121709197759628,-0.0990747958421707,-0.085014596581459,1
0.687,-5.41726611178813e-05,1.86513088174122e-05,0.0301067969705637,-0.000377692255801925,-0.00101881801326296,-1.50535993723722e-05,0.00102006831375473,0.000276563808835102,-0.00269606336952754,-0.0967003385146359,-0.235014082083748,-5.63460241412309e-05,0.0301191786657313,-0.0800523832440376,-0.0413794293999672,-0.238516926765442,-0.00129392801318318,1
0.688,-5.31704633094631e-05,1.89409380852105e-05,0.0301042697609423,-0.000399786854016213,-0.00112039876794417,-1.5095047550151e-05,0.000983892691905041,0.000302911920048075,-0.00235754637300461,0.0563771583515479,0.0577425812684582,-2.90668712307326e-05,0.0301191786657313,0.234333828091621,-0.0603954009711742,-0.183774322271347,0.253276318311691,1
0.689,-5.20983242435238e-05,1.91459811252364e-05,0.0301018497683736,-0.00050005636811713,-0.00112371147314518,-1.52057516840109e-05,0.00116032311016919,0.000108541207464935,-0.00248052419692905,-0.233238522015521,-0.0600085295926492,-0.000177967781729444,0.0301191786657313,-0.00441484153270721,0.177099525928497,-0.210316300392151,0.104860588908195,1
0.69,-5.09350767953552e-05,1.93171913024755e-05,0.0300993800286161,-0.000472805126050968,-0.00104462517266838,-1.52648179478909e-05,0.00116722281816561,0.00023344997270988,-0.00245733530116036,0.279746945085182,0.202604822978269,5.64585802296389e-05,0.0301191786657313,0.214703649282455,-0.489933371543884,-0.237404674291611,-0.212180525064468,1
0.691,-4.96615910491426e-05,1.94674749991688e-05,0.0300972501852234,-0.000325579035113077,-0.000985492852493298,-1.52495056404689e-05,0.00138010069917084,6.63833672941943e-05,-0.00180273261283656,-0.0191675903757508,-0.0934256677170631,-4.47524065750091e-05,0.0301191786657313,0.318900346755981,-0.225091427564621,-0.228088527917862,-0.155836299061775,1
0.692,-4.81361877042284e-05,1.95339961352899e-05,0.0300956082214803,-0.000346198783915258,-0.00125785579879494,-1.52625445428711e-05,0.00166824406021828,6.68574547874889e-05,-0.00148075064704406,-0.0174245433894322,-0.381936368768115,9.30610333105289e-06,0.0301191786657313,-0.137237831950188,-0.0945567563176155,0.204222649335861,0.254293650388718,1
0.693,-4.66874057045249e-05,1.94886281248696e-05,0.0300940868509749,-0.000567812116305133,-0.000900654332800396,-1.55513711126432e-05,0.00123386522139298,-0.000155192346008733,-0.00156073741596848,-0.372595735516426,1.01332468402371,-0.000549732398264676,0.0301191786657313,0.415507614612579,-0.110101155936718,-0.177515789866447,0.0434750244021416,1
0.694,-4.5275305972378e-05,1.93076366439834e-05,0.0300925121967199,-0.000781058814243341,-0.000371985165975843,-1.5868407479136e-05,0.0015943545025785,-0.000204893546743406,-0.00158748905435774,-0.00460349762590972,-0.0721235770110648,-2.13543333638815e-05,0.0301191786657313,0.185467123985291,0.0321705341339111,0.206268444657326,-0.240539759397507,1
0.695,-4.37457582081026e-05,1.9250596757022e-05,0.0300909076857445,-0.000248630620838795,-0.000540844886876057,-1.5731310229139e-05,0.00146397475980899,8.57948901189408e-05,-0.00162037321287174,0.942820651332361,-0.220828809954882,0.000257867097723423,0.0301191786657313,-0.0832316279411316,0.0522238463163376,-0.250895589590073,-0.0444259792566299,1
0.696,-4.22738813938734e-05,1.93941058958839e-05,0.0300894742487579,0.000563716821452495,-0.000848372027513284,-1.55212622439116e-05,0.00147761276910701,0.00019401125413091,-0.00124644647090398,0.492413873522539,-0.317609825402626,7.9113953765445e-05,0.0301191786657313,-0.1431545317173,0.0703341066837311,-0.137579590082169,-0.0661189183592796,1
0.697,-4.08644732185508e-05,1.96473191954504e-05,0.0300883976362793,0.000552052665794435,-0.000899616555126231,-1.55996073520903e-05,0.00134160120823518,0.000312298381830056,-0.000906945302649163,-0.510901160142654,0.229774801510388,-0.000233671628701301,0.0301191786657313,-0.0867304652929306,0.26351210474968,0.100652374327183,0.0849508941173553,1
0.698,-3.96595933670769e-05,2.00441840866453e-05,0.0300874112230036,-0.000210355437288757,-0.000344126399066819,-1.58798423228745e-05,0.00107403015712943,0.000487718613082612,-0.00106482306045034,-0.834969629487773,0.752953705762525,-0.000295810731633853,0.0301191786657313,0.113829389214516,0.00633963197469711,-0.164329081773758,0.125977918505669,1
0.699,-3.85164961158996e-05,2.05163973221603e-05,0.0300863801885143,-0.000986025833446814,-6.51186667258778e-05,-1.60424091433242e-05,0.00121453366329663,0.000463600364048713,-0.000996726665740267,-0.537189976466061,-0.253704558115165,6.69445818167486e-05,0.0301191786657313,-0.529900133609772,-0.473007947206497,-0.0707072764635086,-0.0973296910524368,1
0.7,-3.75320903876971e-05,2.08767934015611e-05,0.0300859106832587,-0.00124691393542962,-0.000171281240872331,-1.60470594900985e-05,0.000754930472916575,0.000260073585721736,5.5262963070087e-05,0.0735786332815085,0.0681662387667261,-9.04427211908044e-05,0.0301191786657313,0.0941021591424942,-0.343094378709793,-0.161353290081024,0.360439717769623,1
0.701,-3.67166112249566e-05,2.09016915512482e-05,0.0300860548839906,-0.00112240092248705,-0.000502293077519904,-1.58667218954633e-05,0.000872790296563162,-0.000208781433562957,0.000232063540507007,0.145610604590497,-0.645511456452694,0.000385399281228183,0.0301191786657313,0.169634535908699,0.110654830932617,0.475545734167099,0.0893285274505615,1
0.702,-3.60223253073562e-05,2.07474803478139e-05,0.0300860218447905,-0.000467251491820232,-0.000758885501138314,-1.55057931658931e-05,0.000514647652367996,-0.00010559595371563,-0.000296857307468209,1.00877174519454,0.192829897336082,0.000319583321329175,0.0301191786657313,0.336106359958649,-0.289000183343887,0.0252581536769867,0.465148031711578,1
0.703,-3.54354908616803e-05,2.03613446939046e-05,0.0300855827301606,-0.000127844603283126,-0.000663364523109663,-1.54332760797793e-05,0.00065963399729724,-0.000668138619909086,-0.000580342165152878,-0.403943925651741,-0.0217145764564473,-0.000194977422723287,0.0301191786657313,0.203551918268204,-0.0290805324912071,0.376654654741287,0.00220267474651337,1
0.704,-3.48982002322941e-05,1.97077279945505e-05,0.030084853778087,-0.000549581031214889,-0.000422567440688684,-1.56736128671398e-05,0.000417611859001822,-0.000635730260753234,-0.000876588090217533,-0.338185459870385,0.447320771488708,-0.000262766716015622,0.0301191786657313,-0.114132702350616,-0.174282312393188,-0.0987184196710587,-0.19420151412487,1
0.705,-3.45299891293354e-05,1.91158997889672e-05,0.0300842760253139,-0.000614040071834705,-7.39043308385039e-05,-1.58606724927068e-05,0.000322178935828935,-0.000547819599374277,-0.000280148347030381,0.224451073493208,0.170367995504512,-9.85183154345571e-05,0.0301191786657313,0.00743842869997025,-0.296370655298233,0.314016044139862,-0.0849984213709831,1
0.706,-3.43687619621731e-05,1.85146088053388e-05,0.0300840905607008,-0.000370139027638483,6.35810585525598e-05,-1.59494330129739e-05,2.41883628523838e-06,-0.000656723259593098,-9.11909478132967e-05,0.208341459928545,0.073257567375385,-7.24763272667556e-05,0.0301191786657313,0.0449942238628864,-0.198606193065643,-0.125994741916656,0.115603484213352,1
0.707,-3.43316423580713e-05,1.77566767818693e-05,0.030084136258911,-0.00036308163262043,-0.000320892110109362,-1.59377266637506e-05,6.81063998800653e-05,-0.000858248265222058,0.000180937172234359,-0.190973689289791,-0.746167533816994,6.37402834726742e-05,0.0301191786657313,0.0902703627943993,0.112483464181423,0.314160645008087,0.31815293431282,1
0.708,-3.44032478285854e-05,1.68433803700219e-05,0.0300840602835042,-0.000585159697274423,-0.000812369360999511,-1.59437889952763e-05,-0.000214817816650129,-0.000966444524081814,-0.000331486051848387,-0.198383405265068,-0.123743282757559,-9.97451971558281e-05,0.0301191786657313,0.094940073788166,-0.272754818201065,-0.258260101079941,0.253006935119629,1
0.709,-3.45311957122002e-05,1.56968008893934e-05,0.0300838735701891,-0.000910306061208641,-0.000949784357425957,-1.60979415300133e-05,-4.27378800755398e-05,-0.00132339217901035,-4.25069134413461e-05,-0.371700296580914,-0.119260321168925,-0.000184983742937745,0.0301191786657313,-0.191620901226997,0.218025103211403,-0.333641171455383,0.244298875331879,1
0.71,-3.45751200234387e-05,1.44028621132342e-05,0.0300839280263454,-0.000781387276582572,-0.000838036004374762,-1.61429224334597e-05,-4.41662792845955e-05,-0.001266192790837,0.000150910268462432,0.600608340309606,0.315236009950658,8.93186032979684e-05,0.0301191786657313,0.409024119377136,-0.471113234758377,-0.0351471900939941,0.0414367914199829,1
0.711,-3.44931781920822e-05,1.29569437510511e-05,0.0300841737344161,-0.000329681065358195,-0.00068813557906999,-1.60613413902055e-05,0.00020866882113288,-0.00162894918086041,0.000339744940378131,0.202786027195693,-0.0492198116377598,3.37556942863986e-05,0.0301191786657313,0.0647759735584259,0.10684697329998,-0.191366121172905,-0.0397685244679451,1
0.712,-3.42333593572443e-05,1.14062933235262e-05,0.0300846082582377,4.53752272994638e-05,-0.000769790947548616,-1.5956437966036e-05,0.000310096370216576,-0.00147649752842776,0.000528546372793439,0.463270944044947,-0.0940384026018376,0.000141324476905594,0.0301191786657313,0.293615698814392,0.00202910602092743,-0.219893902540207,0.0637402236461639,1
0.713,-3.37699934930803e-05,9.91169891813957e-06,0.0300851529653677,0.000246945248598318,-0.00103072616492604,-1.59489571416316e-05,0.000613790572717201,-0.00151483544170946,0.000560448167476776,-0.101556569613296,-0.364377629463788,-0.000158257166190116,0.0301191786657313,0.156463041901588,0.078884482383728,-0.308776706457138,-0.255343198776245,1
0.714,-3.30300710155677e-05,8.53719337158011e-06,0.0300859122357778,0.000195505871692964,-0.00129988176157893,-1.60643346980294e-05,0.000863394946697457,-0.00123487836181484,0.000956649924551016,0.0145303084945917,-0.109451885064394,-5.30952104314312e-05,0.0301191786657313,-0.0348611772060394,0.182423740625381,-0.0462654903531075,-0.0958270132541656,1
0.715,-3.22271311599803e-05,7.41934314452711e-06,0.0300869341335241,0.00023374257975357,-0.000851553938575703,-1.60390047083681e-05,0.000747436560106685,-0.00100311723322556,0.00108556805164081,0.0560254274969678,0.895443794193679,8.89756778831495e-05,0.0301191786657313,0.494285970926285,-0.099940113723278,-0.326168686151505,-0.00271181762218475,1
0.716,-3.11933133827059e-05,6.37861264688669e-06,0.0300880602920098,3.35081585913179e-06,-0.000505746274192479,-1.6110211672693e-05,0.00132023838606078,-0.00107628050035105,0.0011654673284445,-0.456213433299413,-0.274876976212903,-0.000176848262583101,0.0301191786657313,0.108818843960762,0.120949864387512,0.155854359269142,0.108325645327568,1
0.717,-2.99381110516756e-05,5.31733420534776e-06,0.0300890943332375,-0.000394156724470706,-0.000619120996621925,-1.62817391320402e-05,0.00118995934896554,-0.00104330251013262,0.000902625007039562,-0.243207486819019,0.077442433658415,-0.000149378255373149,0.0301191786657313,0.0173517242074013,-0.303934365510941,0.108434736728668,0.109624624252319,1
0.718,-2.88297410522595e-05,4.1230060147709e-06,0.0300900845869497,-0.000695811355486424,-0.000342236892767747,-1.65025937621799e-05,0.00102993783180919,-0.00134244467639725,0.00107682584850801,-0.285509134437124,0.413678803005713,-0.000261371106286522,0.0301191786657313,0.528057157993317,0.0432729832828045,-0.335614264011383,0.0764097422361374,1
0.719,-2.74854652053734e-05,2.78905251302993e-06,0.0300910984967083,-0.000545193667113709,-0.000691286693495897,-1.63844515763678e-05,0.00165457468724205,-0.00132725011316675,0.000950643369051027,0.553267801966467,-1.02194365117978,0.000463811203353224,0.0301191786657313,-0.183385625481606,-0.13694816827774,0.119629591703415,0.00888742506504059,1
0.72,-2.60056604401581e-05,1.41325940271591e-06,0.0300921806274832,9.42139161604356e-05,-0.00104858054233039,-1.59980135827631e-05,0.00130344903498248,-0.00142998473750324,0.00121213985309239,0.580135895968543,0.391165300708584,0.000304173697970148,0.0301191786657313,0.425029307603836,0.0211685299873352,0.0641042441129684,0.0612064972519875,1
0.721,-2.46040540911382e-05,-3.86469435274076e-08,0.0300932230826641,0.000452908986328258,-0.000575803984740812,-1.57909097309172e-05,0.0015037381770683,-0.00147723710578099,0.000873004753585205,0.0594204556649993,0.447807465157353,8.13025588443027e-05,0.0301191786657313,0.167902648448944,0.227053225040436,-0.318311274051666,-0.133639574050903,1
0.722,-2.2938802250672e-05,-1.38144609385838e-06,0.0300941714118142,0.000499396339789214,-0.000430756251583165,-1.57910758447066e-05,0.00182761481605588,-0.00120998728951562,0.00102256988832986,0.0268446655026155,-0.184650177082897,-9.25584221840197e-05,0.0301191786657313,-0.0114488210529089,0.147147208452225,0.172734439373016,-0.103374466300011,1
0.723,-2.12203300340892e-05,-2.50367079341228e-06,0.0300951636803486,0.000417988298908975,-0.000347449057301359,-1.58384857589233e-05,0.00161106817815539,-0.00103448929429384,0.000961424670515044,-0.166643745288581,0.335768993829006,-3.35327257724877e-06,0.0301191786657313,-0.0177097469568253,0.373404085636139,-0.412052631378174,-0.242733865976334,1
0.724,-1.94770772974256e-05,-3.30057795289642e-06,0.0300962912740346,0.000521564967073736,-0.000332836242020373,-1.58709861586281e-05,0.00187550371522408,-0.000561643356679141,0.00129220946802395,0.350546404055812,-0.303134547939966,-7.12294491465874e-05,0.0301191786657313,-0.440594971179962,-0.0781179070472717,0.180498167872429,-0.216310903429985,1
0.725,-1.78823219172519e-05,-3.82465069661754e-06,0.0300978463096917,0.000608069955828496,-4.0709838128291e-05,-1.57957548299059e-05,0.00131838825807456,-0.000487597676092284,0.00181562322451117,-0.194971809314119,0.820676720799443,0.000220473649971709,0.0301191786657313,0.313141494989395,-0.0133182406425476,-0.327855080366135,-0.56164562702179,1
0.726,-1.63181809297491e-05,-4.10712023026369e-06,0.0300999361521738,0.00053020224382785,2.04631070682546e-06,-1.58207885125883e-05,0.00180943273272701,-7.78997180193494e-05,0.00236114016430814,0.0575552310307016,-0.735896607720043,-0.00026160093995306,0.0301191786657313,-0.140025496482849,0.124512940645218,0.215618699789047,-0.0865081548690796,1
0.727,-1.46746516307475e-05,-4.11665252329861e-06,0.0301022901879925,0.00044250349122348,-0.000429716154872846,-1.60112312292959e-05,0.00147521026486309,5.92780768592435e-05,0.00234534847383476,-0.211623100393422,-0.0226363776751258,-0.00010352036949901,0.0301191786657313,-0.0250133015215397,0.131255269050598,-0.0955590605735779,-0.34895595908165,1
0.728,-1.31959267600663e-05,-3.87642552277142e-06,0.0301048010282313,0.000402302972360275,-0.000348566033417815,-1.60527812624878e-05,0.00148342895575259,0.000421113522566679,0.00267418071749152,0.139561306742145,0.170031419622362,1.57390440459839e-05,0.0301191786657313,0.170773297548294,-0.0610666796565056,0.0807655081152916,0.0670734345912933,1
0.729,-1.16961298933228e-05,-3.52109936064071e-06,0.0301074017079445,0.000196245872259366,-0.0001703487688264,-1.6089738199998e-05,0.00151812835147853,0.000291740629438322,0.00252577248486324,-0.502747761125413,0.149075113620256,-7.90045233743874e-05,0.0301191786657313,-0.0516907460987568,0.250767827033997,-0.264644742012024,-0.498590856790543,1
0.73,-1.01066482229814e-05,-2.93111569033416e-06,0.030110171171695,0.000279307891904794,-0.000198652444609605,-1.61327498973129e-05,0.00166073470162057,0.000886068471103581,0.00300996098036787,0.644330433310528,-0.193308450159445,-7.64894095171778e-06,0.0301191786657313,-0.00839020125567913,-0.403930306434631,-0.0450643077492714,0.17107330262661,1
0.731,-8.44728130247325e-06,-2.29109382055637e-06,0.0301133094735221,0.000195291393704658,-0.000331158130821762,-1.62299791757192e-05,0.00165742856111056,0.000396188559025985,0.00326388580641957,-0.790666388249533,-0.0360964820926359,-0.000195575735731059,0.0301191786657313,0.188012316823006,0.582343995571136,0.0684701278805733,-0.146692916750908,1
0.732,-6.75769413460349e-06,-1.60158284460266e-06,0.0301163121741594,2.7879734258327e-05,-0.000309788517189488,-1.63109093471725e-05,0.00172236500097999,0.000983382385341949,0.00274046075523943,0.490563974041678,0.0787235488583829,3.5848376123024e-05,0.0301191786657313,0.11117746680975,-0.243102103471756,0.0195030756294727,-0.0177211705595255,1
0.733,-5.0113096518026e-06,-7.14895902981611e-07,0.030119107587198,0.000233417360556063,-0.000176338252306855,-1.63129271850693e-05,0.0017720032446642,0.000789067215781353,0.0028481853062228,-0.128365540960639,0.161982765958656,-4.00435061007537e-05,0.0301191786657313,-0.0598708093166351,0.073388896882534,0.216018334031105,-0.15309339761734,1
0.734,-3.35786556126855e-06,1.60748680925338e-07,0.0301219239978742,0.000165571990692224,0.000234449101204142,-1.63233096581727e-05,0.00153963535667487,0.000962605642312183,0.00278294457160877,0.00555123766363645,0.567121098261641,2.18731624432078e-06,0.0301191786657313,0.0891002342104912,0.124469488859177,0.109657920897007,-0.0695082172751427,1
0.735,-1.81970751862506e-06,1.19810478866768e-06,0.0301246003272572,0.000212184920166559,0.000528783171928837,-1.63557619150545e-05,0.00153974230717476,0.00111192167999219,0.00256809767747236,0.0735385944990863,-0.0425428638882517,-7.47159257642069e-05,0.0301191786657313,-0.015643447637558,-0.00124144647270441,0.325318783521652,-0.0241920128464699,1
0.736,-4.06936706938809e-07,2.31555573386603e-06,0.0301270445564136,0.000144523408247135,0.000420254938118253,-1.63994511144239e-05,0.00128580068454603,0.00112391089920711,0.00231916481555347,-0.195858801320708,-0.144488239005802,-1.49136055877062e-05,0.0301191786657313,-0.40572315454483,0.222488403320312,0.243730217218399,0.0835765302181244,1
0.737,6.25677289873197e-07,3.49650598293759e-06,0.0301292899191266,-1.35001373769915e-05,0.000544936618742229,-1.64108469209445e-05,0.00078202219239343,0.00123948326734532,0.00217041052644014,-0.0868854753091587,0.366522426237879,-2.54452199013735e-05,0.0301191786657313,-0.280208200216293,-0.415844112634659,-0.133807718753815,-0.113523177802563,1
0.738,1.36481223918184e-06,4.6194095777532e-06,0.0301318076235261,-0.000334741983875799,0.000616653146780275,-1.63428567718782e-05,0.000697330756343272,0.00101004708262929,0.00286152642876342,-0.48266375189855,-0.236026506404219,0.000157760321282273,0.0301191786657313,0.0103028565645218,0.115003772079945,0.04018634557724,-0.161567568778992,1
0.739,2.06381934519692e-06,5.75733422276379e-06,0.0301346398983113,-0.000336071956311949,8.86283143981475e-05,-1.6245181751362e-05,0.000696381486486896,0.00126553253111781,0.00280125666922374,0.474328760050827,-0.69308789489363,5.6856908087416e-05,0.0301191786657313,-0.267316192388535,-0.118006959557533,0.0897106826305389,0.0606224238872528,1
0.74,2.61543718666221e-06,6.96130051777062e-06,0.0301374998103216,5.66244130786541e-05,-0.000218522239938852,-1.62309512883319e-05,0.00040523236618679,0.00113979643674494,0.00291630558538017,0.216722629014738,0.149494757698847,-1.66424386310821e-05,0.0301191786657313,0.344544440507889,0.226044163107872,0.02625354193151,0.114050030708313,1
0.741,3.14784640391647e-06,8.15079919022619e-06,0.0301400988067935,0.000218391954601956,-0.000188046718653806,-1.62612185965472e-05,0.000659337593213735,0.00123794246549511,0.0022816484464338,0.0659577258503237,-0.0933615302332966,-5.16091029023622e-05,0.0301191786657313,-0.164911016821861,0.027028726413846,-0.178438410162926,-0.14613963663578,1
0.742,3.81123621579322e-06,9.46200103307454e-06,0.0301425171483383,0.000200776222489751,-0.000129851845948873,-1.63028688202616e-05,0.000668142986930662,0.00138472953023933,0.00255280379997512,-0.1006036329821,0.19744783551295,-3.26910622085099e-05,0.0301191786657313,-0.0827724784612656,0.00915099121630192,0.226850539445877,-0.542139291763306,1
0.743,4.35777984899232e-06,1.10752040513933e-05,0.0301451727532239,0.00034231557193844,0.000373282364601635,-1.62996088759471e-05,0.00043008621661048,0.00183985124848101,0.0027561363757304,0.344617600272416,0.691144729753085,1.16111220350278e-05,0.0301191786657313,0.198199182748795,0.0239392444491386,0.10258661955595,0.0294737219810486,1
0.744,4.84495125637751e-06,1.29146151137389e-05,0.0301477357264102,0.000305492785943713,0.000649015233768637,-1.62646120847043e-05,0.000546472939352609,0.00183989999291974,0.00236911741611101,-0.413016545810661,-0.200092752602769,6.61395515226376e-05,0.0301191786657313,-0.322326987981796,-0.0301663503050804,0.0511267483234406,0.188003808259964,1
0.745,5.2595020748348e-06,1.46774644940709e-05,0.0301500898130086,-0.000479828489290863,0.000419415418293403,-1.60834209554928e-05,0.000281507371177515,0.00169352521657474,0.00233756808799991,-0.977932156176583,-0.204265193562233,0.000230773017429104,0.0301191786657313,-0.160483554005623,0.313740372657776,0.262036025524139,-0.169087126851082,1
0.746,5.38459230586421e-06,1.65995684778808e-05,0.0301522665064754,-0.000705043665290499,0.000367405785398529,-1.60644412963151e-05,-3.08561371468246e-05,0.00215195114776613,0.00201522650829733,0.569540352342247,0.111818382228464,-0.000204899351273685,0.0301191786657313,0.144861310720444,-0.372869521379471,0.142410025000572,0.556035935878754,1
0.747,5.36950631199709e-06,1.84077083468206e-05,0.030154030283117,-0.000674134917783464,0.000270672498345047,-1.60919362093281e-05,-2.32192747406664e-07,0.00146634555934399,0.00151237987577144,-0.517760459736461,-0.281634728029648,0.00013313245240422,0.0301191786657313,0.0915337055921555,0.0162501260638237,0.00132454931735992,0.166837319731712,1
0.748,5.4149857919738e-06,1.98526014333127e-05,0.0301553631826001,-0.000932324238805038,-0.000142319810889075,-1.59217689654767e-05,8.743434358119e-05,0.00142623413759882,0.00115354072495033,0.0554491827008934,-0.447542503635298,0.000185634459689228,0.0301191786657313,-0.273794531822205,0.00948621332645416,0.274845331907272,0.227965295314789,1
0.749,5.28111043173561e-06,2.12329822165521e-05,0.0301563497375935,-0.000645971518618971,5.61557953925955e-05,-1.60208515769256e-05,-0.000352683023281814,0.00133269539107161,0.00081954604162479,0.445181061014034,0.79518909876912,-0.000341422302435418,0.0301191786657313,0.0793797373771667,-0.35558870434761,0.0657704845070839,0.249781668186188,1
0.75,4.94689708867776e-06,2.23561258388428e-05,0.0301570784986209,-0.000535048458575373,0.000675664913329502,-1.62535300476385e-05,-0.0003106744131076,0.000914166407587483,0.000637982555991032,-0.250457077788219,0.300144021472676,-4.13520808386127e-05,0.0301191786657313,0.0137289613485336,-0.0182878896594048,0.391000360250473,-0.276172429323196,1
0.751,4.50749944701064e-06,2.34114112019795e-05,0.0301575959848449,-0.00038519749308516,0.000823462735384985,-1.64140494400833e-05,-0.000566337052368559,0.00119475708733476,0.000397271967448014,0.509930553059279,-0.0395716649069849,-0.000267739542030224,0.0301191786657313,0.123166352510452,-0.280419856309891,-0.0695820897817612,-0.0559454932808876,1
0.752,4.04137014596318e-06,2.4545621918142e-05,0.0301580255316093,-0.000107729627496951,0.000174109892724704,-1.65103345541873e-05,-0.000372124231980552,0.00107196020368825,0.000461387954600615,-0.0220720024507952,-1.10579196100284,2.01183967503175e-05,0.0301191786657313,-0.0836659371852875,0.125207185745239,0.591886520385742,0.189150497317314,1
0.753,3.39717687646508e-06,2.56202830517661e-05,0.0301580866710069,-0.000306980185137363,-0.000252148955534113,-1.6553990661361e-05,-0.000918831573306238,0.00107941271348624,-0.000337274840390796,-0.332250192980839,0.347559761578244,-0.000151956845039433,0.0301191786657313,-0.337828755378723,-0.0698886662721634,-0.210758551955223,0.0964436084032059,1
0.754,2.42767173583544e-06,2.666997901071e-05,0.0301578746755371,-0.000711527700263874,0.00029584770935497,-1.67573000906529e-05,-0.00101560902069508,0.00102394781909544,-8.72117740821744e-05,-0.385522231042119,0.617297738775336,-0.000225775232435204,0.0301191786657313,-0.304153680801392,0.150269582867622,0.257635712623596,0.131176665425301,1
0.755,1.20006637392936e-06,2.77490171262128e-05,0.0301576173531392,-0.000778192374793662,0.00104440788521795,-1.71332903842192e-05,-0.00143249452358006,0.00113474675254653,-0.000426239156026299,0.262533913202242,0.701896213842101,-0.000497533152221538,0.0301191786657313,-0.183356821537018,-0.246165603399277,0.071880429983139,0.086690716445446,1
0.756,-3.0521218901989e-07,2.87950288840363e-05,0.0301572198513238,-0.000571657373511236,0.00115588434096223,-1.73698378223008e-05,-0.0015772406206041,0.00095634406340869,-0.000368656904765557,0.0998824011061193,-0.505822100746525,4.60088668164759e-05,0.0301191786657313,-0.343113005161285,-0.12776942551136,0.479759395122528,0.116934575140476,1
0.757,-2.19181289476229e-06,2.96955790100011e-05,0.0301567258345038,-0.000560523696916156,0.00067301826983929,-1.72832135931777e-05,-0.00219914205275094,0.000845241492064804,-0.000618522427356092,-0.0823995840898999,-0.353610205052983,8.96258965494285e-05,0.0301191786657313,-0.558327078819275,-0.268578141927719,0.410299479961395,0.0169463567435741,1
0.758,-4.7709176854164e-06,3.04709019908698e-05,0.0301561882053945,-0.000735614800818603,0.000700486392538385,-1.72885291767066e-05,-0.00295754944670505,0.000707547016471219,-0.000456841924354809,-0.228787900030276,0.392107994186346,-0.000119503577585431,0.0301191786657313,0.135505393147469,-0.218991965055466,0.0595077164471149,0.0590186789631844,1
0.759,-7.68505996040509e-06,3.11171655701983e-05,0.0301556432453837,-0.000919289973715629,0.000474298120334669,-1.7152577218571e-05,-0.00287386066994795,0.000587052150050532,-0.000632277867018697,-0.0979087175189116,-0.797362334911548,0.000377438876473293,0.0301191786657313,-0.0243062227964401,-0.00793422758579254,0.549292504787445,0.301848530769348,1
0.76,-1.0794011656682e-05,3.16336480664718e-05,0.0301546177162278,-0.000919438076947533,-7.30320710422844e-05,-1.69160531378054e-05,-0.00334839609468202,0.000446487644716581,-0.00141591571846194,0.0954896915378091,-0.181080489573343,4.60555406223578e-05,0.0301191786657313,0.108504764735699,-0.160974591970444,0.12960647046566,0.170553833246231,1
0.761,-1.41664399807236e-05,3.19999964966058e-05,0.0301530344754922,-0.000786294987043439,-0.000249302514000071,-1.68696650684197e-05,-0.00339895438992396,0.000285616891114006,-0.00174864754294967,0.138610756957517,-0.140693540554307,3.05950054628376e-05,0.0301191786657313,-0.000486068427562714,-0.452176868915558,-0.151051536202431,0.274400621652603,1
0.762,-1.75277255073439e-05,3.20440665867864e-05,0.0301513480484043,-0.00100364856157065,-0.000442927734669669,-1.68756120091373e-05,-0.00332657300410088,-0.000194489190710842,-0.00162331762974911,-0.52087866213766,-0.211108548133463,-5.9285309710526e-05,0.0301191786657313,-0.0520343035459518,-0.516864061355591,0.367202997207642,0.267523199319839,1
0.763,-2.10540634188245e-05,3.15942950202512e-05,0.0301496357322824,-0.00164884562008031,-0.000165076210737354,-1.72869311674262e-05,-0.00372392180954605,-0.000698487622392286,-0.00179962467723141,-0.616862635403324,0.688652493518598,-0.000726754807683758,0.0301191786657313,0.242356687784195,-0.377527594566345,-0.0900267735123634,0.0899591669440269,1
0.764,-2.46661462291711e-05,3.07824865458375e-05,0.0301478295223612,-0.00172633629740436,4.50458333957475e-05,-1.75480218023161e-05,-0.0035002391433327,-0.000924161276529994,-0.00181154566054868,0.479236225862689,-0.325311123400395,0.000245454667961593,0.0301191786657313,-0.15286035835743,-0.772563934326172,0.34621649980545,0.487362951040268,1
0.765,-2.83958878093109e-05,2.94184255475917e-05,0.0301459988379768,-0.00149478417093663,-6.19661081828183e-05,-1.74981884200065e-05,-0.00396009618541524,-0.00180387445159507,-0.00184861031981716,-0.0641354405284761,0.123575996949296,-0.000153179433617986,0.0301191786657313,-0.0146779417991638,-0.680647492408752,-0.0187565535306931,-0.0137984752655029,1
0.766,-3.23863700030268e-05,2.74107535137334e-05,0.0301443824762478,-0.00136311620004664,-0.000164695948908327,-1.7461610707592e-05,-0.00402299734292895,-0.00221254690971836,-0.00138387887154829,0.302015913079697,-0.316148366177258,0.000213049061688633,0.0301191786657313,0.172510027885437,-0.300384521484375,0.227191478013992,0.466907262802124,1
0.767,-3.64728556493522e-05,2.49455799427878e-05,0.0301427279023713,-0.00108834091987824,-0.000539540751796294,-1.72123774357935e-05,-0.00415412569096651,-0.00271941804041058,-0.00192262814768648,0.19169821041443,-0.358797029713526,0.000220190800406329,0.0301191786657313,0.148428723216057,-0.200901806354523,-0.124289855360985,0.216066017746925,1
0.768,-4.05720246603041e-05,2.21066045577945e-05,0.0301407442107158,-0.000778782628368773,-0.000998228027998305,-1.68934472135618e-05,-0.00404982304349446,-0.0029613663934876,-0.00204305972409753,0.363254049475672,-0.463585354626251,0.000345967497453227,0.0301191786657313,0.29454442858696,-0.175660640001297,0.120687648653984,0.240305006504059,1
0.769,-4.46220906323053e-05,1.90144784755239e-05,0.0301384715749281,-0.00050121139031694,-0.00121699304788438,-1.66892539001928e-05,-0.00405351252587778,-0.00322546330389221,-0.00249932874186932,0.137371603167279,0.0630607612897434,2.43700391700397e-05,0.0301191786657313,0.596561908721924,-0.285288572311401,-0.247634172439575,0.131999760866165,1
0.77,-4.84116972669188e-05,1.5650197366867e-05,0.0301358604351175,-0.000545795090555559,-0.00143147297523724,-1.67146900351689e-05,-0.00352950920368914,-0.00350347532096774,-0.00272084518236988,-0.205433711246768,-0.452405470434699,-7.56312301395216e-05,0.0301191786657313,0.6629718542099,-0.0225444976240396,-0.422006815671921,0.221517413854599,1
0.771,-5.15924428145429e-05,1.20776093067262e-05,0.0301329383292567,-0.000672824838336213,-0.00213060337567901,-1.66377567780707e-05,-0.00284060164985637,-0.00364147943362216,-0.00312029978299163,-0.00859360115198217,-0.791255595945626,0.000231713692351428,0.0301191786657313,0.334586650133133,-0.0931761413812637,-0.626857101917267,0.186751425266266,1
0.772,-5.41558675472259e-05,8.35043133695277e-06,0.030129872878199,-0.000565495227978388,-0.00259235791726937,-1.63748943240449e-05,-0.00229120858009405,-0.00381501728149554,-0.00300844292396181,0.209322408791928,-0.0313455887679492,0.000257030571587676,0.0301191786657313,1,-0.171244293451309,-0.435333013534546,0.0593414008617401,1
0.773,-5.59858765558316e-05,4.46092904051729e-06,0.0301266722263862,-0.00028573739473696,-0.00255834009687326,-1.60353306779548e-05,-0.00137191903179079,-0.0039672070232505,-0.00338955464164278,0.296110905608074,0.0856183177556882,0.000351589901730451,0.0301191786657313,0.750452280044556,0.0810851901769638,-0.46423003077507,-0.00687995180487633,1
0.774,-5.69851733213572e-05,5.36525341618056e-07,0.0301231325796572,0.00016468830303091,-0.00229558568741755,-1.54883567469177e-05,-0.000626317986602224,-0.00388694484443221,-0.00368677675452833,0.510537946740189,0.374764204240392,0.000625586525392674,0.0301191786657313,0.823798000812531,0.134698063135147,-0.810020446777344,-0.177070140838623,1
0.775,-5.70622538507234e-05,-3.23333935423131e-06,0.0301194566172217,0.000707833691057671,-0.00229001445381127,-1.48937246704506e-05,0.000469222301794292,-0.00365930106877003,-0.0036626904668615,0.460327674932624,-0.362701347354346,0.000386233851367668,0.0301191786657313,0.544609844684601,-0.15882433950901,-0.25953733921051,-0.254570245742798,1
0.776,-5.63841920326144e-05,-6.87815033614517e-06,0.0301158486665502,0.00074285110719612,-0.00223116789562857,-1.48696407826776e-05,0.000886531803758513,-0.00363190127162557,-0.00355109183434778,-0.385184518555679,0.46643469821955,-0.000330627263111205,0.0301191786657313,0.729207634925842,0.404424965381622,-0.385513991117477,-0.396877944469452,1
0.777,-5.51541790323887e-05,-1.02091442164119e-05,0.0301121729299022,0.000659752773347713,-0.0017904733607458,-1.48676384532642e-05,0.00157597099494687,-0.00303198074897018,-0.00379740533072734,0.246571464732049,0.31634383690099,0.000305359305282478,0.0301191786657313,0.576075434684753,0.248346984386444,-0.577124059200287,0.274436563253403,1
0.778,-5.32079200728628e-05,-1.32804301117174e-05,0.0301081909142093,0.000517309288806959,-0.0017543623572357,-1.50342564966266e-05,0.00231552606959353,-0.00311016571499739,-0.00416299515982745,-0.486474528178117,-0.244882571238079,-0.000586502118426209,0.0301191786657313,0.505681276321411,0.23699389398098,-0.160509377717972,-0.217104181647301,1
0.779,-5.07206429257425e-05,-1.62302176839447e-05,0.0301039120131087,0.000277968792022822,-0.00179235296397406,-1.53328562877419e-05,0.00265867781088054,-0.00278914064496515,-0.00439137870417878,0.0709772113300337,0.18432145737045,4.72892517546939e-05,0.0301191786657313,0.525453627109528,0.260998725891113,-0.483918309211731,-0.658636689186096,1
0.78,-4.77469097096995e-05,-1.86732535430171e-05,0.0300996976417598,0.000998245827690158,-0.00170723563430588,-1.46875681008574e-05,0.00328914782006749,-0.00210542414603902,-0.00403518046163678,1.20484445793142,-0.0244420267435587,0.00106146532472491,0.0301191786657313,0.14760547876358,0.426565676927567,-0.482611060142517,-0.112522110342979,1
0.781,-4.42912470526145e-05,-2.06142173082331e-05,0.0300957153179117,0.00189336260875542,-0.0015234014469622,-1.37543706708598e-05,0.00362465388809115,-0.00178520703108766,-0.00392675069908576,0.380411780289001,0.359110211870556,0.000638616388880897,0.0301191786657313,0.264246076345444,0.621907591819763,-0.437159925699234,-0.585905432701111,1
0.782,-4.04603227508015e-05,-2.19798496099416e-05,0.030091896690643,0.00211286165518443,-0.00117806198602881,-1.32539338579818e-05,0.00404022714214249,-0.000950798378705584,-0.00370855815771582,0.0123068201125374,0.262793048655157,0.000261424833035061,0.0301191786657313,0.0281396210193634,0.589346766471863,-0.203736037015915,-0.637129962444305,1
0.783,-3.63924100018626e-05,-2.25066014290108e-05,0.0300883368620794,0.00193084823197957,-0.000731320699197547,-1.28951832367719e-05,0.00410065774178552,-0.000103609948771611,-0.00340957435550037,-0.33104331930591,0.536964724022506,0.000384671116980634,0.0301191786657313,-0.159053415060043,0.470432996749878,-0.500694870948792,-0.768552303314209,1
0.784,-3.22033360902242e-05,-2.21746018865548e-05,0.0300853714923738,0.00160171149434651,-0.000392811419085251,-1.27072993292288e-05,0.00428128370700136,0.000768147551859437,-0.00252173835689598,-0.251646275512433,0.0747917952568944,-3.84975488450189e-05,0.0301191786657313,-0.207491338253021,0.586262941360474,0.192323699593544,-0.702239155769348,1
0.785,-2.81246711074597e-05,-2.09430048869488e-05,0.0300829735321318,0.00157106260273683,-3.13238571794543e-05,-1.24639439067487e-05,0.00388155700499689,0.0016933805803238,-0.00227315656540122,0.192517972934716,0.574056195030963,0.000446558486118173,0.0301191786657313,-0.233739376068115,0.45228099822998,-0.334069341421127,-0.207124039530754,1
0.786,-2.42272087235931e-05,-1.90422368289272e-05,0.0300809036643305,0.00141585308583877,0.000152066077123802,-1.23354542433951e-05,0.0039161666452148,0.00210920316686534,-0.00186614669026389,-0.470563225741221,-0.236816698027157,-0.000194205330919783,0.0301191786657313,-0.427879333496094,0.528797626495361,0.206475108861923,-0.182912975549698,1
0.787,-2.05901749670906e-05,-1.66932604227663e-05,0.0300790684842487,0.000861274555259808,0.000174547733968764,-1.234967752195e-05,0.00336061155881623,0.00259321502543519,-0.00180319712294931,-0.515364787490724,0.286088416646769,0.000133731268025469,0.0301191786657313,0.0347481966018677,0.115990959107876,0.516110777854919,-0.300644993782043,1
0.788,-1.7438650820933e-05,-1.39633845610989e-05,0.0300772046178042,0.000369193881640297,0.000500485621220699,-1.22048304223021e-05,0.00294751138392854,0.00287081538334733,-0.00192293190866803,-0.362713381071854,0.299057320507233,0.000109321356243341,0.0301191786657313,-0.1946731954813,0.134166955947876,0.171384528279305,-0.441328406333923,1
0.789,-1.46436567263648e-05,-1.08782392772349e-05,0.0300754996987265,0.000398051418589821,0.000573705818094073,-1.22550846719527e-05,0.00264597396028113,0.00329750933377133,-0.00148853895481832,0.398908100066147,-0.158130206144042,-0.000210344361991025,0.0301191786657313,-0.361291766166687,-0.0255795568227768,0.52126407623291,0.146353125572205,1
0.79,-1.23574277634206e-05,-7.67278862906497e-06,0.0300739908090236,0.000411882412520564,0.000657375384914459,-1.22849668269254e-05,0.00192956061602875,0.00311475493418127,-0.00152808235625623,-0.382412187923272,0.311569510973801,0.000157170238039354,0.0301191786657313,-0.244395479559898,0.00603066012263298,0.348169267177582,-0.530163705348969,1
0.791,-1.06628353412892e-05,-4.35426473504314e-06,0.0300727216843566,0.000317616331688089,0.000853192143982261,-1.22661685719727e-05,0.00146326639858116,0.00352299612250648,-0.00101083390385089,0.20414207697541,0.0401162677822723,-0.000139074068634888,0.0301191786657313,-0.316202223300934,0.083793893456459,0.273922353982925,-0.250632435083389,1
0.792,-9.42942332474279e-06,-7.08204757369228e-07,0.0300718887552189,0.000560531572099981,0.000726478230559786,-1.24592502084298e-05,0.00100372136307352,0.00376781228610556,-0.000655116499231371,0.213287609817272,-0.259335849362371,-0.000215143415147609,0.0301191786657313,-0.115164950489998,-0.129642888903618,-0.0253302156925201,-0.101658202707767,1
0.793,-8.45739881890286e-06,3.03453491208075e-06,0.0300714767889577,0.000356002305728184,7.19350116228584e-05,-1.26674042353336e-05,0.000935144487107818,0.00372080302061265,-0.000169592088773888,-0.58365220670624,-0.89100161103467,-0.000201878563379183,0.0301191786657313,-0.363013952970505,0.11288196593523,0.200466081500053,-0.0426135659217834,1
0.794,-7.76442869763152e-06,6.81942060343587e-06,0.0300714408438799,-0.000236643387961346,-0.000306403470537072,-1.28287834373353e-05,0.000449138658510444,0.00385497088834885,9.69283170200442e-05,-0.474531527744577,0.221666766793112,-0.000160573338035698,0.0301191786657313,0.0230328682810068,0.109628655016422,0.197386786341667,0.132312074303627,1
0.795,-7.39906648922482e-06,1.068291603085e-05,0.0300714533780839,-0.000544713450907264,0.000127718405387875,-1.30149983950112e-05,0.000285899675606428,0.00387591378130544,-7.13956041836798e-05,-0.0820720609057242,0.544698375229872,-0.000209345910099637,0.0301191786657313,-0.142594084143639,-0.546694219112396,-0.184916645288467,0.0272183194756508,1
0.796,-7.09669547446013e-06,1.43522997430948e-05,0.0300718129547425,-0.000803586410206029,0.000386148571188963,-1.31034246231287e-05,0.000321077696532953,0.00346737286270148,0.000788155806575232,-0.384940345851845,-0.0860543746089825,6.67770443874413e-05,0.0301191786657313,-0.441951632499695,-0.159647881984711,0.138695105910301,0.256243377923965,1
0.797,-7.00998395494335e-06,1.76892650657838e-05,0.0300727789755011,-0.00104884252031578,0.000466984332581827,-1.31494784758601e-05,-0.000145802060751737,0.00321043912563336,0.00114242431183436,-0.0586321347937704,0.228157669636895,-0.0001684848628531,0.0301191786657313,-0.281435251235962,0.0202715396881104,0.134102120995522,0.449634253978729,1
0.798,-7.31901451054947e-06,2.077032926634e-05,0.030073889168973,-0.000924278960051434,0.000617837081363543,-1.33274657212468e-05,-0.000470321127481225,0.00295223068897009,0.00107736962158384,0.268071007631799,0.0375049861170436,-0.000162222945663998,0.0301191786657313,-0.20251053571701,-0.397562265396118,-0.114852502942085,0.286439150571823,1
0.799,-7.81854714317069e-06,2.34880093820075e-05,0.0300752273971498,-0.000836315038924008,0.000274231606553729,-1.3254723513878e-05,-0.00053175732399235,0.00248418870799698,0.00159717299394111,-0.120430339032705,-0.643803025669871,0.000259833638477425,0.0301191786657313,-0.177357956767082,-0.264006674289703,0.236333698034286,0.150399148464203,1
0.8,-8.52511851671224e-06,2.58501556227703e-05,0.0300769351382671,-0.000922883759635212,-0.00014806317336992,-1.31025196643542e-05,-0.00088424994732959,0.00224232100262352,0.00181651366431395,-0.0398211273945292,-0.105640154610506,-2.74966836639813e-06,0.0301191786657313,0.000166458077728748,-0.135545581579208,0.125404015183449,0.444052398204803,1
0.801,-9.47352125841497e-06,2.79073749283558e-05,0.0300786668009478,-0.00103831812652259,-0.000114742217109828,-1.31840963693008e-05,-0.0010122169028784,0.0018748570904082,0.00164615035460628,-0.169791994141546,0.160747609686357,-0.000154893207825511,0.0301191786657313,-0.183554127812386,-0.449059665203094,0.0320098772644997,0.189947798848152,1
0.802,-1.05846913406109e-05,2.95789822476395e-05,0.030080556755339,-0.00124232130976196,0.000168051414404383,-1.34131894609091e-05,-0.00120757428318969,0.00147168586117246,0.00213131120455045,-0.19534625482828,0.334666790014923,-0.00026247132344392,0.0301191786657313,0.334172964096069,-0.404224574565887,0.0845267698168755,0.217257842421532,1
0.803,-1.16964789926871e-05,3.08605112695785e-05,0.0300826755288661,-0.00134101129071254,4.85969258595357e-05,-1.33650701021892e-05,-0.00101790965990498,0.00109362279241679,0.00210489881259066,0.0166469471107389,-0.54644225631237,0.00034771740372189,0.0301191786657313,-0.243297964334488,-0.292101293802261,0.0314386337995529,0.164651915431023,1
0.804,-1.28413414530168e-05,3.18330676948692e-05,0.0300849871392008,-0.0010958654051511,-0.000295952811714089,-1.31471532358596e-05,-0.00127482227923523,0.000850034963742703,0.00251614460671863,0.412332443417641,-0.0654940371612698,5.34293539673847e-05,0.0301191786657313,0.0978923365473747,-0.165361359715462,0.2402084171772,0.331994473934174,1
0.805,-1.41948778673886e-05,3.25374075676675e-05,0.0300873737906088,-0.000732078578172716,-0.000162906699666818,-1.32056050832219e-05,-0.00143118696483022,0.000556407948153208,0.0022561014735929,0.227705523040127,0.295217894131961,-0.000150363294748737,0.0301191786657313,0.426347494125366,-0.261901170015335,0.0482712388038635,0.355523407459259,1
0.806,-1.54901075611727e-05,3.28933692695277e-05,0.0300894711862299,-0.000833227375938638,-0.000236745310983419,-1.32348920458547e-05,-0.00116103478200139,0.000157516718907793,0.00193809760446995,-0.405622104864608,-0.427535553947075,9.00079231948114e-05,0.0301191786657313,0.144982382655144,0.141632363200188,0.136353150010109,0.326253175735474,1
0.807,-1.66730537929355e-05,3.30330553702795e-05,0.0300911745683892,-0.00104227702805365,-0.000559433992276698,-1.31591647192231e-05,-0.00120788505985269,0.000123795999395393,0.00146885701484774,0.0346717624992549,-0.146816985476836,4.21114545153148e-05,0.0301191786657313,-0.261739015579224,-0.243289574980736,-0.0424896702170372,0.189602971076965,1
0.808,-1.80013576324218e-05,3.30405519583986e-05,0.0300928404074125,-0.000964013614740222,-0.000297878083198872,-1.33326771480924e-05,-0.00144637645750569,-0.000108945923760729,0.00186079367253468,0.103195909987313,0.602622118443987,-0.000353221672936845,0.0301191786657313,0.100197181105614,-0.369853854179382,-0.332006692886353,0.196698367595673,1
0.809,-1.92947559357144e-05,3.27588250779116e-05,0.0300949137438701,-0.000981027723367595,-0.000117028587495029,-1.347743938096e-05,-0.00114013394085799,-0.000453530258659682,0.00228333739239387,-0.131770177102105,-0.284716238039652,9.23029747819991e-05,0.0301191786657313,-0.106187112629414,-0.0776531249284744,0.387497544288635,0.104974403977394,1
0.81,-2.06599117311989e-05,3.2289032173871e-05,0.0300971236955613,-0.000878341503887249,-4.94326336073689e-05,-1.35554045708197e-05,-0.00158893004079091,-0.000487018244225375,0.0021354296875645,0.313212707641898,0.398082094030004,-0.00023487873204089,0.0301191786657313,0.29949751496315,-0.070874810218811,-0.342767596244812,0.233552515506744,1
0.811,-2.20098641357902e-05,3.17304902760471e-05,0.0300992566105371,-0.000579271359592149,-0.000364183172875091,-1.34899802670674e-05,-0.00111531033482963,-0.00063248573210491,0.00212899611682916,0.216389129112914,-0.954187478851903,0.000292915314413095,0.0301191786657313,-0.123208187520504,0.221510082483292,0.133068680763245,0.204743713140488,1
0.812,-2.32678975761272e-05,3.11494378009345e-05,0.030101253191116,-0.000292642116111178,-0.000870568365688812,-1.32934063881152e-05,-0.00140466416370537,-0.000532572998256907,0.00186355990352013,0.291362291808352,0.0528130928727666,7.8233027912199e-05,0.0301191786657313,0.272206842899323,0.142285019159317,0.131908521056175,-0.0523302182555199,1
0.813,-2.46602726258332e-05,3.07321016697586e-05,0.0301029581576021,1.76719533935447e-05,-0.000590113344560397,-1.32302176196752e-05,-0.00137816516119255,-0.000305342569631314,0.00154582730266959,0.257628633573263,0.437044925735213,3.5447095554725e-05,0.0301191786657313,0.307018876075745,0.189396098256111,-0.356027513742447,-0.25392010807991,1
0.814,-2.58072822062521e-05,3.06356756121359e-05,0.0301045807123334,0.000303971507582531,-0.000588330166377662,-1.3213858601091e-05,-0.000917479155836768,0.000108880226321719,0.00169781754148861,0.248345846021282,-0.434820297590275,-4.47371440087149e-05,0.0301191786657313,-0.167769238352776,0.119627311825752,-0.187500432133675,0.230319812893867,1
0.815,-2.67608686733001e-05,3.07235453897222e-05,0.0301063092126361,-1.76076001143743e-05,-0.000788321219584818,-1.34393322981374e-05,-0.000991537076094066,6.97831540348538e-05,0.0017578660940332,-0.813366336839612,0.0776076843301312,-0.000404467707386584,0.0301191786657313,0.284663766622543,0.527075886726379,-0.302203238010406,-0.28788697719574,1
0.816,-2.75613553559028e-05,3.1161251608342e-05,0.030108004921827,-0.000268560526513096,-0.000904675887245168,-1.35773952969487e-05,-0.000611517666523634,0.000806368246822249,0.00163264543998146,0.366615450946633,-0.284643021367587,0.000170679569989736,0.0301191786657313,0.253105401992798,0.182815745472908,-0.0993011444807053,0.0388097986578941,1
0.817,-2.80825672917576e-05,3.20619214536502e-05,0.0301095122345768,4.2889283610477e-05,-0.00106080414669866,-1.34469284116534e-05,-0.000432905164019315,0.000992086404368989,0.00138168304243568,0.181365709377626,0.00638660526896429,5.28915904102354e-05,0.0301191786657313,0.383888423442841,-0.0399679467082024,-0.130893841385841,-0.144573658704758,1
0.818,-2.83619046490186e-05,3.31278103419044e-05,0.0301108864002516,-1.72776457884814e-05,-0.00101998271592309,-1.35319018368385e-05,-0.000125935059955942,0.00114035639249432,0.00136573182128719,-0.290146477842044,0.0646847162147047,-0.00021505435240702,0.0301191786657313,0.1052310988307,0.13826297223568,-0.14231763780117,-0.0306982919573784,1
0.819,-2.84404131011022e-05,3.43743612999448e-05,0.0301122404743301,-0.000371509015047803,-0.000755774628314704,-1.37948323417625e-05,-2.90709521477296e-05,0.00135569213724453,0.0013415226552087,-0.338746892278137,0.400574610774824,-0.00027417198200217,0.0301191786657313,0.420427739620209,0.134703874588013,-0.234308630228043,0.0471727028489113,1
0.82,-2.82492172121959e-05,3.58130354164666e-05,0.0301134515420267,-0.000619206988213744,-0.000702470578671707,-1.39451173648553e-05,0.000410748740105258,0.0015237855443424,0.00108051049120797,-0.10385473347603,-0.30371947935909,1.05895497089791e-05,0.0301191786657313,-0.0869415029883385,-0.126020044088364,0.0674950629472733,0.107379660010338,1
0.821,-2.79486761462204e-05,3.72958529611912e-05,0.0301145578708639,-0.000785511999250593,-0.000613464558861902,-1.41030396330066e-05,0.000191787923433961,0.00144398757147407,0.00113127729742028,-0.193996212292903,0.459596369216462,-0.000315228691174522,0.0301191786657313,0.409459918737411,-0.202945351600647,0.240967690944672,-0.0262303277850151,1
0.822,-2.77286751423811e-05,3.87271232110771e-05,0.0301155330037667,-0.000888642043216473,-0.000228307568008141,-1.43608959737307e-05,0.000251455694676572,0.00141996495143348,0.000819205170334661,0.00685982998091661,0.222046152784195,-0.000159768782907389,0.0301191786657313,0.428299129009247,-0.255662679672241,0.0639493763446808,0.0487563088536263,1
0.823,-2.73631361448177e-05,4.00853542317253e-05,0.0301162482091822,-0.000879408505059687,-0.000412404546589853,-1.43236291294535e-05,0.00047795570217733,0.00129697210012948,0.000610906082021384,0.00532509591470935,-0.545195961739576,0.000210869629440005,0.0301191786657313,-0.236499965190887,-0.104002095758915,-0.205527439713478,0.210607677698135,1
0.824,-2.69398189124545e-05,4.13185731120585e-05,0.0301169961726257,-0.000895299392770239,-0.000776772749596424,-1.42067111559285e-05,0.00036581013264807,0.00117012594813277,0.000884287707987615,-0.0370829965471422,-0.0973075484805474,-2.07724911714387e-05,0.0301191786657313,0.122077032923698,-0.484261810779572,0.160248622298241,0.122997857630253,1
0.825,-2.66362166579948e-05,4.23081729985491e-05,0.0301179161380956,-0.00116575099890834,-0.000559425529882653,-1.44873559904113e-05,0.000243658721282622,0.000812516296245804,0.000954902312472482,-0.442379918786969,0.480436728135994,-0.000494616176645224,0.0301191786657313,0.321091800928116,-0.29595810174942,-0.00865200906991959,-0.0201942250132561,1
0.826,-2.62966235394494e-05,4.30838471848803e-05,0.0301188751786054,-0.00134235573269708,-0.000301734872927752,-1.47641303755996e-05,0.000437312056840104,0.000740785591639797,0.000962510787984718,0.126266954665216,-0.022705347387607,-1.53388043182849e-05,0.0301191786657313,-0.337769448757172,-0.479164898395538,-0.108588382601738,0.693451881408691,1
0.827,-2.59865278676116e-05,4.34264189708859e-05,0.0301199310188193,-0.00165675714429013,-0.000164281720054014,-1.49678923828667e-05,0.000185543907499974,-4.84551973826661e-05,0.00114753156671685,-0.677383967397027,0.264566222328928,-0.000353504752388636,0.0301191786657313,-0.145223766565323,-0.156311124563217,0.186133235692978,-0.0473100990056992,1
0.828,-2.59635800832953e-05,4.34223980977203e-05,0.0301211397621124,-0.00159555578711286,0.000191351097677008,-1.53871140575745e-05,-0.000135688912222567,3.96320434241804e-05,0.00126882949378348,0.781118014558935,0.36323652095481,-0.00045253423259891,0.0301191786657313,0.215031057596207,-0.682966709136963,0.0213605519384146,0.249301120638847,1
0.829,-2.60416030643866e-05,4.31616092675416e-05,0.0301224830702116,-0.00105559316417963,4.01418236174909e-06,-1.53996526708333e-05,-2.23050270429569e-05,-0.000564316637670384,0.00141638940241879,0.174786663186267,-0.691299225455556,0.000344234198968934,0.0301191786657313,-0.137061834335327,-0.309527844190598,0.142126008868217,0.210130006074905,1
0.83,-2.62093277030813e-05,4.24555960177085e-05,0.0301239292637341,-0.00100582639680797,-0.000533356059917802,-1.5155436825065e-05,-0.000316964651270106,-0.000847572338576414,0.00147482323990619,-0.0839944934034066,-0.259910759356754,6.36827981264336e-05,0.0301191786657313,-0.185318648815155,-0.128910675644875,0.0692801475524902,0.378414928913116,1
0.831,-2.66704717107742e-05,4.14716020633289e-05,0.0301253416712973,-0.0011758523694207,-0.000423571256894338,-1.53306226930994e-05,-0.000603853767889218,-0.00111863437538346,0.0013493548610023,-0.212879306156064,0.450609522865966,-0.000394237466184482,0.0301191786657313,0.294466316699982,0.102904245257378,-0.364928036928177,0.119504295289516,1
0.832,-2.70429436805036e-05,4.04178541718209e-05,0.0301266186645386,-0.000959574726958225,-0.000525839359986566,-1.5284224077039e-05,-0.000143191121642516,-0.000991389338949395,0.00120412877918317,0.595832849782555,-0.629620433966256,0.000446802649940492,0.0301191786657313,0.0156744252890348,-0.119121015071869,-0.023066483438015,0.287952393293381,1
0.833,-2.72158031013348e-05,3.93216237294225e-05,0.030127744198419,-0.000532089741749234,-0.000940578267800675,-1.49943325209456e-05,-0.000205943512568418,-0.0012044967470422,0.00104660050543292,0.164030263920919,-0.105305491558561,5.99519480424504e-05,0.0301191786657313,0.147144377231598,-0.232629120349884,0.150608420372009,0.0863646268844604,1
0.834,-2.7474038109777e-05,3.80401299307434e-05,0.0301287137020312,-0.000627576397254618,-0.00065967605591929,-1.5173573650884e-05,-0.000307934578554709,-0.00135773839831373,0.000892113232949719,-0.327511153401368,0.59850225953989,-0.000378757675349143,0.0301191786657313,0.134200751781464,-0.177896693348885,-0.302031487226486,-0.318898737430573,1
0.835,-2.76457832896653e-05,3.67956576403091e-05,0.0301298460620213,-0.000685383639120781,-0.000335119168524621,-1.53748444975399e-05,-3.35842930461173e-05,-0.00113174872436731,0.00137053408035074,0.227429260703479,-0.0237656059961921,-4.65046115680422e-06,0.0301191786657313,0.00662276148796082,-0.131337270140648,-0.0648000836372375,0.310269832611084,1
0.836,-2.76873643413783e-05,3.55381362444609e-05,0.0301311473133979,-0.000712245904199093,-0.000421338210541523,-1.54065603084064e-05,-5.02876732049775e-05,-0.00138283531242642,0.00123144872678943,-0.26972983942928,-0.128320377060568,-6.74950378342438e-05,0.0301191786657313,0.126396700739861,0.0470418035984039,-0.108270406723022,-0.114082999527454,1
0.837,-2.76828967290835e-05,3.427524526331e-05,0.0301323725612586,-0.00064059806189876,-0.000661562590563423,-1.5337405524285e-05,5.68903951146769e-05,-0.00114459002301526,0.00121827384856829,0.398259223231886,-0.295453160610751,0.00019261428943495,0.0301191786657313,0.0865749567747116,-0.338792264461517,-0.110024675726891,0.258572399616241,1
0.838,-2.7593269543016e-05,3.29371349914816e-05,0.0301336047309603,-0.000658494747518103,-0.000855772148608112,-1.53467815997566e-05,0.000120555416373192,-0.00153084065118517,0.00124516768911629,-0.423403052885826,-0.0480775290231812,-0.00023630196087755,0.0301191786657313,0.0978363305330276,-0.21755650639534,-0.261582255363464,-0.030231075361371,1
0.839,-2.7376835211959e-05,3.13833197544537e-05,0.0301349813928309,-0.000983979092039631,-0.000859479529851083,-1.5555954477442e-05,0.000311838568057754,-0.00157441959754048,0.00150654033733875,-0.147814832603416,0.0418845162603668,-0.000147481553163951,0.0301191786657313,0.286408603191376,-0.216182544827461,-0.0826312005519867,0.133981838822365,1
0.84,-2.69642801189954e-05,2.97236040122349e-05,0.0301364081806108,-0.00100722854243815,-0.000797289199639591,-1.56574056888736e-05,0.000513438446786091,-0.00174493916366495,0.00134647190575561,0.110996542569713,0.0691316597248434,-4.51249371823042e-05,0.0301191786657313,0.289082646369934,-0.391844809055328,0.191093593835831,0.123379066586494,1
0.841,-2.64572095250619e-05,2.78233701209358e-05,0.0301376366810491,-0.000925419354180346,-0.000542036028166246,-1.58136170296252e-05,0.000503117619505112,-0.0020559986523385,0.0011103288276344,0.0393682135964528,0.382114592102517,-0.000237186176631593,0.0301191786657313,0.0989653766155243,-0.121433652937412,-0.358416318893433,0.149425268173218,1
0.842,-2.58068899922191e-05,2.57076401680624e-05,0.030138800063601,-0.000747552516025679,-0.000465821525315054,-1.58673047336855e-05,0.000797637827276008,-0.00217739482602101,0.0012153615251499,0.280398175087884,-0.243931557108336,0.000115677673407948,0.0301191786657313,-0.0487771406769753,-0.0930289924144745,0.515718638896942,-0.244444221258163,1
0.843,-2.52757515394784e-05,2.36317329167727e-05,0.0301399231623945,-0.00014988811845144,-0.000143767307223868,-1.58570372841282e-05,0.000268872333690767,-0.00198066829279476,0.00103057943112592,0.780020435984298,0.811471586380671,-6.0137827634763e-05,0.0301191786657313,0.338610798120499,-0.0146112591028214,-0.513898432254791,-0.156775832176208,1
0.844,-2.46874446403852e-05,2.1729711885048e-05,0.0301410469980222,0.000481840992570918,-0.000268113071938438,-1.59691650725158e-05,0.000905376787043203,-0.00182976682760858,0.00121595310792241,0.34255885148761,-1.02478010080417,-0.000276516550152928,0.0301191786657313,-0.293402433395386,0.0333309471607208,0.183889985084534,-0.153017655014992,1
0.845,-2.40139263083979e-05,1.99836569876398e-05,0.0301423066356122,0.000431047363263539,-0.000734874756355446,-1.61969556402575e-05,0.000439174818411682,-0.00166294288110971,0.00130220709643577,-0.42477996611746,0.198770336937074,-0.000181197788083181,0.0301191786657313,-0.106234297156334,0.226744502782822,-0.295054137706757,-0.387451231479645,1
0.846,-2.35389140158644e-05,1.85820346290394e-05,0.0301437805578887,0.000150137382019969,-0.000459634537304318,-1.63142052773679e-05,0.000513147404845047,-0.00113978377478399,0.00164369145498653,-0.0684212711018052,0.288788255129828,-5.09614278803875e-05,0.0301191786657313,0.0580078288912773,0.0758632272481918,0.0701846331357956,-0.305134147405624,1
0.847,-2.30633740199787e-05,1.76117272499756e-05,0.0301454123695677,0.000152350770696476,-0.000127043115392791,-1.63484081006082e-05,0.000441118898331828,-0.000801984804584865,0.00161890482783371,0.0748845131172053,0.300190859973239,-2.73183057973941e-05,0.0301191786657313,0.22344708442688,-0.0676683783531189,-0.281245499849319,-0.17074379324913,1
0.848,-2.24440243625147e-05,1.68654554046622e-05,0.0301470929833987,6.01738598790242e-05,-0.000380070191340322,-1.64317197204333e-05,0.000794721016505038,-0.000690299311710954,0.00174090132898726,-0.234580960067521,-0.742351256661658,-0.000130743742451263,0.0301191786657313,-0.137538433074951,0.101759165525436,0.370231151580811,-0.264924287796021,1
0.849,-2.18912629985659e-05,1.63405105405074e-05,0.0301487479962781,-1.16559493593743e-05,-0.00051735327620221,-1.65127775089147e-05,0.000311143083300426,-0.000360061703795651,0.00156847705982585,0.108207222503638,0.497794146622035,-3.01371275667762e-05,0.0301191786657313,-0.0417181253433228,-0.0610191971063614,-0.0378019660711288,-0.0851604491472244,1
0.85,-2.1612343977329e-05,1.60066443811854e-05,0.0301503434786876,-2.89052950466919e-05,2.13460435143553e-05,-1.65658596618101e-05,0.000251564230203535,-0.00030777892154724,0.0016212727777269,-0.136948394802352,0.454768776363039,-6.29707215794783e-05,0.0301191786657313,0.00539293140172958,-0.382725119590759,0.0150741823017597,0.0635680258274078,1
0.851,-2.13833170766471e-05,1.55379655842628e-05,0.0301520172955716,-0.000584560644218861,0.000202325199800298,-1.65758283512396e-05,0.000208228049270035,-0.000624215181466416,0.00172502854588069,-0.841225609924263,-0.132997891997901,7.89201500774549e-05,0.0301191786657313,-0.180292993783951,0.0273409299552441,0.586391866207123,0.0803781896829605,1
0.852,-2.1501827368776e-05,1.49281589834998e-05,0.0301534733374873,-0.00104845976045578,0.000389588235205539,-1.66833045529557e-05,-0.000442102799437741,-0.000591700968134591,0.00118741353075587,0.021752326636852,0.46181006176761,-0.000326908838680082,0.0301191786657313,0.333898574113846,-0.0704616904258728,0.0709911435842514,0.025743156671524,1
0.853,-2.18484748569017e-05,1.43364701660196e-05,0.030154449916402,-0.000578926841791401,0.000138753775993796,-1.67395621768485e-05,-0.000253927876559956,-0.000595887762368178,0.00076606247112357,0.807145030482842,-0.902289520727973,0.000166575504775995,0.0301191786657313,-0.375647008419037,-0.293040752410889,0.282644718885422,0.114807233214378,1
0.854,-2.23940710933333e-05,1.35981748881087e-05,0.0301552494965948,-1.41960274510618e-05,-0.000323650449386368,-1.66676125759047e-05,-0.000839726302810382,-0.000884931134008769,0.000832264160483864,0.195066242964533,0.0804320298057548,-2.35890246295525e-05,0.0301191786657313,-0.0692299529910088,-0.0149744600057602,0.360763013362885,-0.0775694102048874,1
0.855,-2.34369064397647e-05,1.27510476846741e-05,0.0301559298302241,9.04669524084664e-05,8.60928105726909e-05,-1.66961658822906e-05,-0.00124186569347258,-0.000810662672081121,0.000528648633507242,-0.00721395276958728,0.638604941026572,-2.53819031708682e-05,0.0301191786657313,0.238062411546707,-0.00672289682552218,0.166240781545639,0.0687092989683151,1
0.856,-2.46678097456064e-05,1.19211123971772e-05,0.0301562018429943,-0.000127193410773049,0.000289215468354032,-1.67067709342383e-05,-0.00121861196667887,-0.000847577211720183,1.57273006514314e-05,-0.374215478891657,-0.282941211822737,2.17175255280853e-05,0.0301191786657313,-0.204763010144234,-0.235092148184776,0.0690880194306374,-0.471595644950867,1
0.857,-2.60188740923481e-05,1.11866277554967e-05,0.0301564710706101,-0.000252468772306592,-9.75115923112602e-05,-1.66960329313071e-05,-0.00148654284999876,-0.000621206054031321,0.000521126451276683,0.153360609124593,-0.404197778106125,7.18347711196041e-06,0.0301191786657313,-0.372238725423813,-0.0520358458161354,0.0647964403033257,0.145169213414192,1
0.858,-2.77142315077053e-05,1.05022399818792e-05,0.0301569994318033,-0.000214921666885219,-0.000229153784065251,-1.67336386085459e-05,-0.00190462150189958,-0.000747746503636542,0.000535175721926727,-0.0842039994827191,0.164664126215798,-8.67731339106446e-05,0.0301191786657313,-0.070379950106144,0.0355893708765507,-0.190122336149216,-0.161352410912514,1
0.859,-2.96044508540692e-05,9.84987405439164e-06,0.0301576082639957,-7.92896069893351e-05,-0.000273994828057453,-1.67718566084218e-05,-0.00187689383197447,-0.000558771189734693,0.000681774118388912,0.324760961179097,-0.248616913242881,2.57584545387633e-06,0.0301191786657313,0.263035714626312,-0.109096631407738,-0.043298065662384,-0.0741396248340607,1
0.86,-3.13982175446869e-05,9.2863854427816e-06,0.0301581976281436,0.000121247146269299,-0.000775393885205064,-1.67987004373593e-05,-0.00171598591951325,-0.000570067500509136,0.000497091233426424,0.032092497478064,-0.641386263027744,-8.61864576825069e-05,0.0301191786657313,0.178195089101791,0.321758061647415,-0.51073145866394,-0.156540215015411,1
0.861,-3.28933381468069e-05,8.91499623019672e-06,0.0301586815085585,0.000365838785626772,-0.00158214262511459,-1.67805465469684e-05,-0.00128271621220714,-0.000175934694446808,0.000470570952159211,0.399945812401315,-0.787527273763995,0.000131706179919053,0.0301191786657313,0.279167026281357,0.104583702981472,-0.0163530558347702,-0.176171183586121,1
0.862,-3.4134240093295e-05,8.84974467067906e-06,0.0301589974930422,0.000600224280134625,-0.00172101757654942,-1.66375051247059e-05,-0.00120090805392391,4.2804069578814e-05,0.000162090042009221,0.0157175991096864,0.534337835766353,0.000133806724101195,0.0301191786657313,0.317459046840668,0.0815399438142776,-0.57243537902832,-0.0427418947219849,1
0.863,-3.50483944451127e-05,8.93812993901749e-06,0.0301591648694845,0.00026953678270043,-0.00119977574516247,-1.6798566636389e-05,-0.000624513742144893,0.000136639635779265,0.000172412634790717,-0.598430347068437,0.383624679515583,-0.000392295360954618,0.0301191786657313,0.113466873764992,0.0320830345153809,-0.0919489562511444,-0.192992150783539,1
0.864,-3.56514290631687e-05,9.17328381109344e-06,0.0301593106485887,-0.00026353928160076,-0.000599648048154641,-1.71457021762578e-05,-0.000576749708495073,0.000337743925703706,0.000119134170319995,-0.345030464401392,0.674152502500985,-0.000266921417104889,0.0301191786657313,0.0934007167816162,0.153099209070206,0.0206121802330017,-0.0128833204507828,1
0.865,-3.62445344922267e-05,9.59606293095794e-06,0.0301592488616741,-0.000319561949679003,-4.37139091717175e-05,-1.73304149928555e-05,-0.00060483907830571,0.000507955874936738,-0.000241673403517601,0.242947112723475,0.307762799207184,-0.000105017854885735,0.0301191786657313,0.0686971098184586,-0.107272729277611,-0.118829101324081,0.28896564245224,1
0.866,-3.68107034606885e-05,9.96040296907064e-06,0.0301588749964046,-0.000313680670256124,-0.000207010074965669,-1.73667429024249e-05,-0.000529280517869071,0.000221526951771974,-0.000505131314768363,-0.232372368091072,-0.59546676004398,1.87432912036013e-05,0.0301191786657313,-0.334785133600235,-0.278544247150421,-0.0624426901340485,-0.224738329648972,1
0.867,-3.74980173285163e-05,1.01797920694178e-05,0.0301586408577449,-0.000423323570965226,-0.000627929065750185,-1.73577915503209e-05,-0.000848247331115579,0.000218260769759157,3.54556345149292e-05,0.0370907149615967,-0.15194644580767,-9.09560397731914e-06,0.0301191786657313,-0.0300881564617157,0.0364167541265488,-0.333248406648636,0.214170217514038,1
0.868,-3.82792309309551e-05,1.03467530263285e-05,0.0301586407188456,-0.000351960476510607,-0.000891160621470738,-1.73291602973968e-05,-0.000717000481208868,0.000115358435590605,-3.55423181096937e-05,0.088327987732362,-0.315071707772296,4.67140372512054e-05,0.0301191786657313,0.0450552701950073,-0.108701892197132,0.041474960744381,0.232912108302116,1
0.869,-3.90575796930609e-05,1.03429968566884e-05,0.0301584428850499,-0.000410582987292559,-0.000900389831843537,-1.74166905315687e-05,-0.000839720883624561,-0.000121767119541485,-0.000359171073931342,-0.191091418173659,0.294784012677766,-0.000217455611387457,0.0301191786657313,0.0556332617998123,-0.0590067692101002,-0.164645552635193,0.110852509737015,1
0.87,-3.98679190709334e-05,1.01745762697572e-05,0.0301580269472717,-0.000520170057238818,-0.000596554096325683,-1.76009881105443e-05,-0.000778808290154815,-0.000213945441760763,-0.000472128012501542,-0.0026401097578244,0.240006026719382,-0.000126343497296596,0.0301191786657313,0.194944858551025,-0.101657494902611,-0.0564947798848152,-0.117037288844585,1
0.871,-4.05995599270457e-05,9.98902201304401e-06,0.0301575079653647,-0.000271418795339314,-0.000552662426952499,-1.76009872134841e-05,-0.000684449168970649,-0.000159415787527601,-0.000565379744932851,0.441922775474467,-0.164290579936615,0.000100786764570524,0.0301191786657313,0.0168166980147362,-0.14845022559166,-0.243532285094261,0.00484152138233185,1
0.872,-4.12361184831522e-05,9.78110733371248e-06,0.0301570101751919,4.61316079331256e-05,-0.000862891757058033,-1.75325320763697e-05,-0.000591775147756232,-0.000258927299928453,-0.000430221241033408,0.120659799111745,-0.385093397916402,-1.02629016869808e-05,0.0301191786657313,-0.0489135980606079,0.198583230376244,-0.199243277311325,0.112384937703609,1
0.873,-4.18330800251034e-05,9.565002377103e-06,0.0301564790168834,0.000101258666382184,-0.00107778395870476,-1.75703435032482e-05,-0.000604127468298527,-0.000174067537426331,-0.000631158819992132,-0.0221506448814107,0.0022711125791654,-7.04663587443202e-05,0.0301191786657313,0.465660750865936,-0.124358482658863,-0.0941814780235291,-0.23646867275238,1
0.874,-4.22807693737164e-05,9.4439041498082e-06,0.0301557692613325,3.2973675604113e-05,-0.00117757651517138,-1.76731988341672e-05,-0.000293541593224763,-6.80218592409449e-05,-0.000787222255778613,-0.0977561663643463,-0.178995683575448,-0.000123731398253768,0.0301191786657313,0.274112641811371,-0.0273577347397804,-0.0907659158110619,-0.0920540615916252,1
0.875,-4.2500193180425e-05,9.41177392904953e-06,0.0301548839110457,-8.87042805895964e-05,-0.00121122798475743,-1.78132818784427e-05,-0.000146073906869854,4.58402746744272e-06,-0.000982343762602401,-0.117162715501653,0.117996951676734,-0.000140953470161811,0.0301191786657313,0.134823620319366,0.370478898286819,0.069291815161705,-0.00788997858762741,1
0.876,-4.2690510160352e-05,9.58107991676915e-06,0.0301536082791896,8.79279962610079e-05,-0.000764858268287075,-1.77895182478238e-05,-0.000230585167440391,0.000331792631958474,-0.00156669176853873,0.427142979902773,0.668210098514785,0.000153124438154318,0.0301191786657313,0.32674378156662,-0.222531020641327,-0.225618302822113,-0.0328745283186436,1
0.877,-4.27561356082152e-05,9.84149686296789e-06,0.0301520339106456,0.000148010782216747,-0.000532521571731019,-1.77995634844663e-05,0.000100382561952865,0.000189017213921387,-0.00158097484046616,-0.319457167213909,-0.255000879248199,-0.000171311293661087,0.0301191786657313,-0.133568719029427,0.0846535712480545,-0.0898033976554871,-0.0152307450771332,1
0.878,-4.27321515099618e-05,1.0080304054963e-05,0.030150447165512,-0.000195167808992788,-0.00070889109733438,-1.79774458359816e-05,-5.34781256990706e-05,0.00029132831205561,-0.00159143506931143,-0.287842386455673,-0.0572479190787363,-0.000163216376177105,0.0301191786657313,-0.231889516115189,-0.115048967301846,-0.130521580576897,-0.125272914767265,1
0.879,-4.28878886071546e-05,1.0393167622237e-05,0.0301490284244168,-0.000373463723170155,-0.000576641162568642,-1.81276655673024e-05,-0.000256448311656229,0.000335930999911988,-0.00124588728577279,-0.028498226642183,0.289463556073318,-0.000125953741880226,0.0301191786657313,0.297907501459122,-0.191288247704506,0.0340348184108734,0.105375610291958,1
0.88,-4.30940982870731e-05,1.06294104933856e-05,0.0301476270941482,-0.000476714064086536,-0.000539861388823304,-1.82200143945543e-05,-0.000155973418430414,0.000138004947799998,-0.00155506034387646,-0.154216915124992,-0.223801928451087,-4.49061415017891e-05,0.0301191786657313,0.063655324280262,0.339209079742432,-0.0195060595870018,-0.241342663764954,1
0.881,-4.32757471037381e-05,1.10238532530901e-05,0.0301459594832126,5.37697535222727e-05,-0.00078977111262491,-1.80257231323644e-05,-0.000209427876393517,0.00064539893101335,-0.0017785215312632,1.08680286284903,-0.217899917960848,0.000405854185092051,0.0301191786657313,0.260436713695526,-0.705808281898499,0.215711206197739,0.0447889268398285,1
0.882,-4.35328617445722e-05,1.13695368762947e-05,0.0301442001318158,0.000212753151983737,-0.000855306706974009,-1.802337728396e-05,-0.000305216782713431,4.62407188841748e-05,-0.00173911590943108,-0.801734152215363,0.100512605398014,-0.000420984145904142,0.0301191786657313,0.166059374809265,0.18117156624794,0.0227614715695381,-0.427933812141418,1
0.883,-4.38449868226196e-05,1.16742564311856e-05,0.0301424338715004,-0.000170837757818621,-0.000707378868645538,-1.82585492560783e-05,-0.000317834697638171,0.000565188371370972,-0.00179213324419224,0.120342313117603,0.159734805220258,-2.6088395637494e-05,0.0301191786657313,-0.24568384885788,-0.204797506332397,-0.192521587014198,0.0816022828221321,1
0.884,-4.42452175765034e-05,1.21397460857983e-05,0.0301408150362448,-0.000283850168174131,-0.000451653791129497,-1.83744904962424e-05,-0.00048019333464391,0.000367391464354101,-0.00144525776565841,-0.320141053857748,0.290257016571838,-0.000181796555340888,0.0301191786657313,0.236345306038857,-0.239780768752098,-0.546814322471619,0.218535482883453,1
0.885,-4.44650891065682e-05,1.23447315597007e-05,0.0301394580136506,-0.000807661078518844,-0.00089391159746523,-1.84364167514772e-05,3.54551997178207e-05,4.78645979178791e-05,-0.00126814470700531,-0.604492994604115,-1.06861962132439,0.000119714095674498,0.0301191786657313,0.189297065138817,-0.283021152019501,0.350681126117706,0.373228460550308,1
0.886,-4.45698696250532e-05,1.21643033426339e-05,0.0301379031413849,-0.00138529159254744,-0.00141561871077447,-1.8603495284264e-05,-0.00024874923248863,-0.000402610057560545,-0.00183889031224655,-0.416251567898789,0.142932096549177,-0.000488619459836075,0.0301191786657313,0.548319160938263,-0.368857622146606,-0.357939004898071,0.175455719232559,1
0.887,-4.45319164143643e-05,1.15896123899731e-05,0.03013603131937,-0.0013723999849695,-0.00148074622641698,-1.85971378501293e-05,0.000322639789753749,-0.000746198568238973,-0.00190331875145406,0.438478964388659,-0.256628185135313,0.00049015896865424,0.0301191786657313,0.404876351356506,-0.152352586388588,-0.0309694409370422,0.254288733005524,1
0.888,-4.41159532484905e-05,1.07189909349215e-05,0.0301339102291366,-0.000586905470884934,-0.00145990932958011,-1.79935135169451e-05,0.000509121281962102,-0.00100140034490481,-0.00233639946340248,0.950118740109668,0.293200388767492,0.000607633431745566,0.0301191786657313,0.41935920715332,0.0413259565830231,-0.186467871069908,0.398905575275421,1
0.889,-4.34392855708973e-05,9.59019087300441e-06,0.0301312834272747,0.00016223173638946,-0.00114663516897582,-1.75377784690234e-05,0.000846172576104806,-0.00126227799907838,-0.00291392785200093,0.378626818241026,0.262562467665515,0.000203951896038945,0.0301191786657313,0.152244135737419,0.0526111572980881,-0.226906895637512,-0.0637288838624954,1
0.89,-4.25096184296118e-05,8.37778713798283e-06,0.0301283810546885,0.000375827263596532,-0.000867120388492313,-1.74263091832216e-05,0.00101536976267352,-0.00116503310832124,-0.00288895641525936,0.00356371393418349,0.234270294321414,-6.86820580309077e-06,0.0301191786657313,0.183697655797005,0.0824192017316818,-0.263088434934616,-0.311699539422989,1
0.891,-4.13768207728856e-05,7.37123503246026e-06,0.030125596701548,0.000385903728926921,-0.000824029423959418,-1.74698227239922e-05,0.00125071154291678,-0.000848839372528577,-0.00267811543641833,0.0171861972736575,-0.154238198884295,-8.15532745688588e-05,0.0301191786657313,0.0147117525339127,-0.102478481829166,-0.0978249311447144,-0.197064712643623,1
0.892,-4.01440134059028e-05,6.55918649100266e-06,0.030123057155681,0.00017901969356764,-0.000847536695359758,-1.76310961301773e-05,0.00121518545479014,-0.000773903653863224,-0.00239981693735259,-0.379092753422816,0.115944604011083,-0.000221253946654455,0.0301191786657313,0.339386522769928,0.35904648900032,-0.0769906044006348,-0.206899464130402,1
0.893,-3.88209970185081e-05,6.01888669583117e-06,0.0301204892679292,0.000153400835239934,-0.000869860924888601,-1.76997459182537e-05,0.00143052929241143,-0.000307873965893449,-0.00273336009068168,0.333409163115311,-0.150533805079263,8.92770410184281e-05,0.0301191786657313,0.171626478433609,0.0356952175498009,-0.173939824104309,-0.00486857444047928,1
0.894,-3.73124234872577e-05,5.72749700748517e-06,0.0301177444484866,0.000304608967899744,-0.00102015805917519,-1.77023793659359e-05,0.00158544545350405,-0.000276371800273366,-0.00275437119766143,-0.0643214333062151,-0.11052385011144,-0.000111175539606411,0.0301191786657313,0.0451075732707977,0.118454486131668,-0.107951812446117,-0.192503035068512,1
0.895,-3.57280300386966e-05,5.57602403168352e-06,0.0301150486381073,0.000259540016912892,-0.000887056568121272,-1.77648366617156e-05,0.00158501830259574,-2.67635847047162e-05,-0.00263568782258985,-0.0149237078197422,0.349284122383965,-1.45310922320428e-05,0.0301191786657313,-0.119736239314079,-0.126278579235077,-0.490548610687256,-0.230648815631866,1
0.896,-3.40482053230867e-05,5.59157442134833e-06,0.0301128025722921,0.00012430411180609,-0.000624992301547315,-1.78418930385504e-05,0.00177699198447775,5.88339166841261e-05,-0.00185676980979075,-0.2233243085966,0.118922730391149,-0.000125054307292353,0.0301191786657313,-0.0712299197912216,0.280853450298309,0.270333856344223,-0.434899628162384,1
0.897,-3.24575134161899e-05,5.94390306418372e-06,0.0301109417034147,0.000373997566427141,-0.00015283130667708,-1.78069590073271e-05,0.00140991216800131,0.000642363513930969,-0.00186361761635338,0.660709637134008,0.717697549182427,0.000144963955824871,0.0301191786657313,0.189094483852386,-0.372946918010712,-0.0948342531919479,-0.2078917324543,1
0.898,-3.09649677499272e-05,6.51268060964057e-06,0.0301092871474068,0.000488531512338909,3.43760367794944e-05,-1.78082058051032e-05,0.00157682555425926,0.000494825953481696,-0.00144554011799085,-0.456713064449795,-0.379274920497492,-0.00014980979042139,0.0301191786657313,-0.119408451020718,0.121863484382629,0.315315932035446,-0.521180927753448,1
0.899,-2.95981131986949e-05,7.26665122815682e-06,0.0301079419305766,0.000267851849224554,-0.000194283341359619,-1.7918308696796e-05,0.00115649152180885,0.00101385772317003,-0.00124457424350025,0.0630371303551037,-0.0215381051330402,-5.34163415215603e-05,0.0301191786657313,0.0520748347043991,0.00940544717013836,0.113929778337479,0.11997278034687,1
0.9,-2.85018129978985e-05,8.23739383540475e-06,0.0301066052726427,7.71108649071501e-06,-0.000276860935508723,-1.80172286388114e-05,0.00103592197017457,0.000930312268074102,-0.00142758764893115,-0.524228291060858,-0.120694287256009,-0.000136900736504157,0.0301191786657313,-0.0623025968670845,-0.318243563175201,-0.358303606510162,-0.134737715125084,1
0.901,-2.7383774551286e-05,9.10678131882548e-06,0.0301055470557517,-0.00061468578508167,-0.000646825647241444,-1.81474963341088e-05,0.001196990760565,0.000814355995108634,-0.000689787289270752,-0.576970932654526,-0.528073463388509,-8.32580494687873e-05,0.0301191786657313,0.0265706703066826,-0.133352994918823,0.208766311407089,0.237091884016991,1
0.902,-2.63075648036625e-05,9.79996116764223e-06,0.0301047525306626,-0.00104533163452464,-0.000738846254566112,-1.83593960265682e-05,0.00095565735996763,0.000576564338656235,-0.000898116982566445,-0.186966015139168,0.366162252431749,-0.000342257511997557,0.0301191786657313,0.332594752311707,-0.0962329059839249,-0.0221003293991089,0.217752188444138,1
0.903,-2.52499555577511e-05,1.02853845430142e-05,0.0301037157248326,-0.000867474719526907,-0.000474713422005732,-1.8517741692925e-05,0.00116167281047356,0.000393375213727806,-0.0011741261591067,0.497562613757348,0.103938030220742,2.23147501862691e-05,0.0301191786657313,0.323521435260773,-0.11039437353611,-0.276315301656723,0.247100546956062,1
0.904,-2.38823725337091e-05,1.05611859416839e-05,0.0301025027016275,-0.000298681909166373,-0.000755238315084661,-1.83324305660371e-05,0.00157062220628865,0.000153929071070179,-0.00125094933994447,0.505188893314263,-0.59314587158209,0.000247609553857553,0.0301191786657313,0.141328141093254,-0.145270094275475,0.0529969409108162,0.2510866522789,1
0.905,-2.23225213522805e-05,1.05690297070321e-05,0.0301011691205238,-0.0001052026855667,-0.00100819602916311,-1.82716828427409e-05,0.00154749409674035,-0.000139101484973162,-0.00141487786436443,-0.161487367943762,0.148909453150178,-0.000155782145204264,0.0301191786657313,0.00949770212173462,0.0798342972993851,0.0556896775960922,0.0274406373500824,1
0.906,-2.08382555992108e-05,1.04658410152716e-05,0.0300997241506231,-0.000210695064598107,-0.000408866847713307,-1.84381674039891e-05,0.00142699854466065,-6.65776435921363e-05,-0.00147394274193612,-0.0247375224113318,0.911411491255215,-0.000168966952703532,0.0301191786657313,0.195554584264755,-0.136981636285782,-0.120038360357285,-0.0197568982839584,1
0.907,-1.93074571363277e-05,1.03679235381791e-05,0.0300983229959425,-0.000272164854660981,0.000155363598126891,-1.85672715016238e-05,0.00163944994056385,-0.000128608497623298,-0.00132781339714542,-0.0833232566699848,0.0913232775443337,-6.47593337643593e-05,0.0301191786657313,-0.0418546497821808,-0.00162364169955254,-0.0179127082228661,-0.00623166561126709,1
0.908,-1.76933062060383e-05,1.02589169275924e-05,0.0300970650749533,-0.000248188873796002,1.29040488129721e-06,-1.86025345367824e-05,0.00158818155980377,-8.97377364690094e-05,-0.00118749934144998,0.125463991742088,-0.357232689137999,-9.79242563222244e-06,0.0301191786657313,-0.3747718334198,0.178650915622711,0.0769539102911949,-0.137280762195587,1
0.909,-1.63084968465457e-05,1.03122295529854e-05,0.0300960236133564,0.000162329868033664,-7.04846464070404e-05,-1.86246221502984e-05,0.0011822664575097,0.000192154613844175,-0.000895395401768342,0.597687797787485,0.233195792796413,-1.40710668757361e-05,0.0301191786657313,0.0247589945793152,-0.187219172716141,0.0169166885316372,0.101749703288078,1
0.91,-1.51396760995371e-05,1.03902616484167e-05,0.0300951932914369,0.000228814692726614,2.36156046264656e-05,-1.86636875669777e-05,0.00115664238284101,-3.59946963307023e-05,-0.000765049714939865,-0.477259613256047,-0.0626024669801212,-5.93727328234385e-05,0.0301191786657313,0.0751696228981018,0.218336999416351,-0.299360394477844,-0.542186260223389,1
0.911,-1.38475594643203e-05,1.06709294212405e-05,0.0300946925586453,0.000211184498459938,-0.00044095436937406,-1.87369447819385e-05,0.00142349754398367,0.00059632403760151,-0.000237100762000724,0.443426220659963,-0.751899266964212,-3.71051309062533e-05,0.0301191786657313,-0.117601357400417,-0.219433218240738,0.241767346858978,0.0380155220627785,1
0.912,-1.25993867091462e-05,1.11665085764437e-05,0.0300945277934209,0.000146954525517184,-0.000590954190207852,-1.88491762314058e-05,0.00107292669264812,0.000396097166466769,-9.27057418993544e-05,-0.555425581132248,0.487285134876326,-0.000197995132776773,0.0301191786657313,0.507963180541992,-0.104478284716606,-0.618691742420197,-0.091476708650589,1
0.913,-1.10938910665415e-05,1.15704512967642e-05,0.030094606601819,-0.000477701310523218,-0.000799384849527403,-1.90449298766993e-05,0.00193448567269763,0.000417241455402343,0.000249393036336113,-0.548227959158241,-0.846836660893754,-7.47367551780624e-05,0.0301191786657313,0.0965679287910461,0.27463087439537,-0.07173852622509,0.0646797940135002,1
0.914,-9.12714375362266e-06,1.21000697052736e-05,0.0300947630454726,-0.00054683394329403,-0.0011816705889347,-1.90024358572849e-05,0.0019962318651198,0.000642148596780416,6.39132146651793e-05,0.421658657555125,0.174558895305452,0.000164573211281511,0.0301191786657313,0.287499189376831,0.136439874768257,-0.137577280402184,0.195827066898346,1
0.915,-6.99344256736623e-06,1.27402370554388e-05,0.030094687929747,-2.34715548067063e-05,-0.000708125760501855,-1.88402840195501e-05,0.00227525996365293,0.000633890964084978,-0.000213464303818844,0.49988105775084,0.66647286938214,0.000129613427975458,0.0301191786657313,0.270157486200333,-0.0456586554646492,-0.253878712654114,-0.0486916303634644,1
0.916,-4.52382030368843e-06,1.33856377897578e-05,0.0300945554642831,0.000282349597808431,-0.000198074917007031,-1.87737067731675e-05,0.00266810257677113,0.000654457091312707,-5.18881375639801e-05,0.039716041441902,0.243076431583034,-1.34691762752939e-05,0.0301191786657313,0.00451398827135563,-0.0700565874576569,0.306366473436356,-0.0767207369208336,1
0.917,-1.98442051530597e-06,1.40505112902619e-05,0.0300944893203156,3.66389922035014e-05,0.000315543632875756,-1.87609050303905e-05,0.00241749192797128,0.000677497022434801,-8.01532483453708e-05,-0.472084286437919,0.668196621460981,4.01289301365257e-05,0.0301191786657313,0.187514156103134,0.138738662004471,-0.167749583721161,-0.325397461652756,1
0.918,5.87774176206493e-07,1.49335570810368e-05,0.030094524767357,-0.000115304193644101,0.000365458568831922,-1.87734922167948e-05,0.00272730491875298,0.00108902326475957,0.000150339614361719,0.19904264204338,-0.568487524728275,-5.84549729213575e-05,0.0301191786657313,-0.752363920211792,0.0272013545036316,0.336182653903961,0.134173899888992,1
0.919,2.88072220259151e-06,1.59967108008052e-05,0.0300948255533945,-9.13561239825821e-05,0.0005357340159798,-1.88343021356729e-05,0.00186302338142393,0.00103756927189041,0.000450331756284379,-0.159022757662481,0.872060118562524,-5.1347568864027e-05,0.0301191786657313,-0.0611173510551453,-0.162373423576355,-0.0770850479602814,-0.211379051208496,1
0.92,4.77295352659359e-06,1.7074792294966e-05,0.0300955261759717,-0.000250794919133255,0.000904848871102164,-1.88448886118131e-05,0.00192505403086981,0.00112007795896173,0.000949017781935356,-0.125935147470177,-0.211106562942531,3.72079128459592e-05,0.0301191786657313,-0.117559298872948,0.0962316542863846,0.312383264303207,0.351969510316849,1
0.921,6.54884368271833e-06,1.81166549891895e-05,0.030096270960723,-0.000529559008316743,0.000553214720279583,-1.87158126601084e-05,0.00162500241077984,0.000966774748037454,0.000541006885209196,-0.368686507999671,-0.403731659235118,0.000174423036309538,0.0301191786657313,-0.274604111909866,-0.0356164425611496,0.472280740737915,-0.370500296354294,1
0.922,7.88916552082511e-06,1.92529213596613e-05,0.0300969401246257,-0.000382954535925824,0.000521146700179928,-1.87912760623021e-05,0.0010572628702829,0.00130402433546554,0.000796227801147676,0.621411647939602,0.349219522803986,-0.000304314465486223,0.0301191786657313,-0.288506597280502,-0.00782220065593719,0.567743957042694,0.420646071434021,1
0.923,8.62390361433531e-06,2.04083296877398e-05,0.0300975105125881,-0.000144360299400526,0.00119141813790446,-1.8989216463261e-05,0.000419888283704883,0.00100589173529451,0.000345452681018607,-0.201481125310653,0.83501360888265,1.24570661551233e-05,0.0301191786657313,-0.220632508397102,-0.144010692834854,-0.169476240873337,0.0131774544715881,1
0.924,9.06577741921808e-06,2.13777539276683e-05,0.030098104555443,-0.000496568578643227,0.00122098501502791,-1.8759438739302e-05,0.000464129250422542,0.000936499845165688,0.00084090176673302,-0.422678999385051,-0.776796943294837,0.000441388280326002,0.0301191786657313,-0.57005763053894,0.0546328313648701,0.851536929607391,0.00884881243109703,1
0.925,8.98709002751035e-06,2.23701134501244e-05,0.0300988537219076,-0.000659874134066414,0.00101614452332636,-1.86545257157e-05,-0.00062026730091528,0.00104962744540591,0.000657373187970506,0.129580506882089,0.411270514590394,-0.000272705018313832,0.0301191786657313,-0.180150717496872,-0.257577925920486,0.137536391615868,-0.0535505190491676,1
0.926,8.27414875411161e-06,2.33752781527616e-05,0.0300996913655305,-0.000486713612180827,0.00102421709326286,-1.88194735097902e-05,-0.000805321962126828,0.000959789461278424,0.00101642861728698,0.173114521154298,-0.396909734404212,-4.37059979104789e-05,0.0301191786657313,-0.561014413833618,-0.0154897272586823,0.373905003070831,0.0474303625524044,1
0.927,7.11976153565623e-06,2.4344440591037e-05,0.0301008084817845,-0.000287398226848286,0.00085800224209242,-1.89296829056218e-05,-0.00150340200678132,0.000977103412508928,0.00121647409695902,0.17600865222484,0.0984665135795671,-0.00015034993382283,0.0301191786657313,-0.208880335092545,-0.271065771579742,0.0560623183846474,-0.0411156043410301,1
0.928,5.5366523867141e-06,2.52600546735932e-05,0.0301022442280921,-0.000341744163565661,0.000660959060492519,-1.89310805200904e-05,-0.00166472319125965,0.000855150944888391,0.00165313890919987,-0.273739918402184,-0.449780012428482,0.000130792993160824,0.0301191786657313,-0.369949042797089,0.283161729574203,0.46459573507309,-0.0578677989542484,1
0.929,3.55164215303526e-06,2.62896978473754e-05,0.030103805226657,-0.000289942349741703,0.00057671984113674,-1.89775022048089e-05,-0.00230486853657505,0.00120304329332961,0.00146829302321168,0.3601571400734,0.292838479437437,-0.000212259854701166,0.0301191786657313,-0.194226235151291,-0.108794063329697,0.254450500011444,0.0801121741533279,1
0.93,1.08402282094995e-06,2.74483839546764e-05,0.0301052918374508,-0.000184693019574842,0.000814668942391184,-1.90899928949051e-05,-0.00262831401788125,0.0011140493853903,0.00150385071545374,-0.176234560046508,0.12055762099313,1.43857359142453e-05,0.0301191786657313,-0.4927579164505,0.00371285527944565,0.120111890137196,-0.0989858731627464,1
0.931,-1.77207248552924e-06,2.86390541763003e-05,0.0301070065130829,-0.00035054708503426,0.000876547266167075,-1.90724045943114e-05,-0.00308325719926377,0.00126875348493824,0.00192336197839901,-0.120439365941283,-0.019352264595169,9.51962525987339e-06,0.0301191786657313,-0.422014832496643,0.0498296767473221,0.126802206039429,0.218948364257812,1
0.932,-5.06015730655362e-06,2.98793232999581e-05,0.0301089640952646,-0.00058953465731327,0.000718384064218352,-1.89764562743555e-05,-0.00349438264334108,0.00121440545811072,0.00199028478465239,-0.304629034174655,-0.269055996485474,0.000154610690379111,0.0301191786657313,-0.309580981731415,-0.0678607299923897,0.0890041887760162,0.021355003118515,1
0.933,-8.70794360470574e-06,3.11056063632007e-05,0.0301110786669727,-0.000773130018723471,0.000320323950201785,-1.88139258296971e-05,-0.00380489909722727,0.0012400659177731,0.00223666322567467,-0.0242556040756708,-0.444464120774072,0.000140595754375009,0.0301191786657313,-0.185183063149452,-0.277903378009796,0.259039044380188,0.172240003943443,1
0.934,-1.26988412524149e-05,3.22149683058356e-05,0.0301133432632208,-0.000909240507088249,3.38467621693833e-05,-1.87307654888613e-05,-0.00417967434394405,0.000980911978162705,0.00229081708438416,-0.218836820872211,-0.0742941774488788,-1.08204208078403e-05,0.0301191786657313,0.0245700068771839,-0.12684166431427,-0.29157692193985,0.154634311795235,1
0.935,-1.67657588511203e-05,3.31391951625076e-05,0.0301157386611729,-0.000993828188668115,-0.000397712060453547,-1.85494464135516e-05,-0.00395980345315358,0.0008688737639881,0.00249786116708565,0.0659254985587368,-0.698075698241717,0.000342362322893921,0.0301191786657313,0.0634731352329254,-0.230623662471771,0.62732058763504,0.318343907594681,1
0.936,-2.09863672786762e-05,3.38434018163537e-05,0.0301179371748957,-0.00101631594641675,-0.00041657281223585,-1.85988534529002e-05,-0.00448172007248525,0.000540748776302385,0.0018990861538915,-0.107389115206513,0.64845017982308,-0.000436697197468769,0.0301191786657313,0.201886057853699,-0.48289829492569,-0.190440163016319,0.233161106705666,1
0.937,-2.53380695596873e-05,3.41551971094878e-05,0.0301199323171089,-0.00129007502368754,-0.000129750699186201,-1.88437315826739e-05,-0.0042213103034777,8.63876208586176e-05,0.00208943254777199,-0.376324968950612,-0.15320216382111,3.0206934740547e-05,0.0301191786657313,-0.237504884600639,-0.390085279941559,-0.141464084386826,-0.0442601293325424,1
0.938,-2.96310587318727e-05,3.41702430244243e-05,0.0301223390804992,-0.00132278805015944,-0.000306686835683531,-1.87604449388701e-05,-0.00436662270134613,-5.50637413371615e-05,0.00271814742219829,0.313120642894828,-0.172037999138849,0.000126344682673228,0.0301191786657313,0.06049644947052,-0.392484277486801,0.10085141658783,0.293050765991211,1
0.939,-3.40550421971509e-05,3.39021067027477e-05,0.0301250257336773,-0.00105790721322693,-0.000469787412341893,-1.86500442813653e-05,-0.00448387658843881,-0.000482344090133399,0.0026534883245617,0.156239492421264,-0.129637938827597,6.44446479173226e-05,0.0301191786657313,0.342066466808319,-0.449097633361816,-0.137782275676727,0.321926057338715,1
0.94,-3.83947872416454e-05,3.31671607835216e-05,0.0301276372111359,-0.00114061384165919,-0.000932061369179377,-1.84701667662601e-05,-0.00420181237367527,-0.000985746763231416,0.00256799611151125,-0.298846512842584,-0.69797703342546,0.000232204157859632,0.0301191786657313,0.224286675453186,0.0439227819442749,0.143481478095055,0.0509592294692993,1
0.941,-4.26324327760438e-05,3.22409294845271e-05,0.0301300051330412,-0.00094074795907132,-0.00128659449103998,-1.81510512593519e-05,-0.00427775639861354,-0.000869040023594809,0.00216725859056116,0.651991485529679,0.057175982359385,0.000379227162583198,0.0301191786657313,0.702196538448334,-0.424669682979584,-0.1512481123209,0.277399510145187,1
0.942,-4.6642078495361e-05,3.11387793403568e-05,0.0301319939012285,-0.000640057076200798,-0.00145544650523811,-1.79273845262173e-05,-0.00374503884652221,-0.00133758747906856,0.00180941151325393,-0.116946056086021,-0.367003621651319,-1.50720606558399e-05,0.0301191786657313,0.349946051836014,0.062642402946949,-0.180612921714783,0.331617295742035,1
0.943,-5.02592016389184e-05,2.97404616527734e-05,0.0301335569719825,-0.000788880985158219,-0.00163644870410408,-1.80392106838845e-05,-0.00349257179692552,-0.00145793053171164,0.00131694773499005,-0.141677211312417,0.0351548394899229,-0.000192591462187064,0.0301191786657313,0.50692492723465,-0.00165929645299911,-0.31750351190567,-0.017765074968338,1
0.944,-5.35110026338845e-05,2.83384882328264e-05,0.0301347793045802,-0.000635088361104306,-0.00164231730179951,-1.79506102933047e-05,-0.00301278556792311,-0.00134794719997152,0.00112715881200036,0.416710794744656,-0.0553340655190071,0.000343110968740044,0.0301191786657313,0.318802177906036,-0.321384072303772,-0.311146557331085,0.29113432765007,1
0.945,-5.63650782538795e-05,2.67843832227662e-05,0.0301358850450751,-0.00060646845107788,-0.0015902770416323,-1.79890597218346e-05,-0.00269668095098995,-0.0017599677537456,0.00108367823388222,-0.359414541251493,0.138021872705186,-0.00040903292287996,0.0301191786657313,0.335895717144012,-0.139654219150543,-0.0922041535377502,-0.0648623257875443,1
0.946,-5.89847803548193e-05,2.50382046739403e-05,0.0301369196713812,-0.000779846590117333,-0.00128786308712995,-1.83071370578602e-05,-0.00254132133988476,-0.00173155327078078,0.000985068647335379,0.0575128301264441,0.387447928622687,-0.000175507127132427,0.0301191786657313,0.237261101603508,-0.194590091705322,-0.375883966684341,0.138201951980591,1
0.947,-6.13683191749737e-05,2.32156488811437e-05,0.0301379460011874,-0.000703149449663991,-0.0011340274834607,-1.8373578588804e-05,-0.00222607145361543,-0.00191434010554993,0.00106666772787625,0.0833862570793673,-0.121316884896036,4.76366931700306e-05,0.0301191786657313,0.392093032598495,-0.0742253661155701,0.0551927089691162,0.200632303953171,1
0.948,-6.35504042968493e-05,2.12293233497122e-05,0.0301387500254376,-0.000595523436461609,-0.0012870745551302,-1.82986174328548e-05,-0.00214043508612247,-0.00205937175766708,0.000542688239252703,0.112675453527962,-0.15560685182475,7.92771223318395e-05,0.0301191786657313,0.187126144766808,0.0557418316602707,-0.220592424273491,0.200215220451355,1
0.949,-6.56241550883168e-05,1.9145951451934e-05,0.0301391664004101,-0.000415126982404765,-0.00143978681280687,-1.81705213107008e-05,-0.00200948035682955,-0.00210944979901318,0.000290611845008076,0.211982101261289,-0.120598360531636,0.000143652825207064,0.0301191786657313,-0.131595730781555,-0.227472066879272,-0.258234977722168,-0.170919269323349,1
0.95,-6.76863720773159e-05,1.70409902694903e-05,0.0301397244734537,-0.000181346290635912,-0.00126678044805733,-1.8064187742528e-05,-0.00211388564273758,-0.00210320400400033,0.000823713161244338,0.207055091536438,0.41834960497835,5.14570424085964e-05,0.0301191786657313,0.661062955856323,0.231573462486267,-0.245823368430138,-0.213694408535957,1
0.951,-6.95325032724885e-05,1.51363706563284e-05,0.0301403385531655,0.000302974099749528,-0.00140000958138585,-1.78102778565226e-05,-0.00158146100263521,-0.00171177959669336,0.000405158265795059,0.652881078861479,-0.656412329514457,0.000340109186842485,0.0301191786657313,0.136310070753098,0.352147459983826,-0.141419738531113,0.278374791145325,1
0.952,-7.11115499396199e-05,1.34574023156601e-05,0.0301404562410406,0.000568140909101763,-0.00182442011136701,-1.77484998657995e-05,-0.00158075524593321,-0.00164917308475478,-0.000168171343816911,-0.176710438686454,-0.100122481030818,-0.000259074656116357,0.0301191786657313,0.149736762046814,0.416215389966965,-0.273407220840454,-0.237166538834572,1
0.953,-7.2638946181562e-05,1.20731068217542e-05,0.0301402242384887,0.000477435353702069,-0.001672960879717,-1.78504591406003e-05,-0.00147348114853845,-0.00112024976457063,-0.000295418698983015,0.0203346184019618,0.361896885113618,6.1502599057815e-05,0.0301191786657313,0.663790881633759,0.181691527366638,-0.410477340221405,-0.297141194343567,1
0.954,-7.37921709833428e-05,1.11468722460767e-05,0.0301398354876497,0.000474010461535765,-0.00176417733593437,-1.79291315034469e-05,-0.000835771729192449,-0.000733483501133715,-0.000481313759172509,-0.0234850402918757,-0.524031261148224,-0.000210216262784217,0.0301191786657313,0.317980080842972,0.294126689434052,-0.0313873887062073,-0.439870417118073,1
0.955,-7.46093840643649e-05,1.07104507039484e-05,0.0301392578850237,0.000639778128327465,-0.00194714688040179,-1.78506116070842e-05,-0.000800682818662702,-0.000144036705520022,-0.000672446813096155,0.315521429680923,0.194424426210175,0.000353133299512724,0.0301191786657313,0.174566119909286,0.337346315383911,-0.254402011632919,-0.279854416847229,1
0.956,-7.53583945750217e-05,1.08090055557646e-05,0.0301385549309307,0.000881364674567482,-0.00151929161930656,-1.74776298735857e-05,-0.000694190424796844,0.000337905107002747,-0.000732843923677517,0.111357264529383,0.558050967971775,0.000310852294321401,0.0301191786657313,0.640769183635712,0.386965602636337,-0.571889400482178,0.0745380520820618,1
0.957,-7.56732864086779e-05,1.12631057177045e-05,0.0301375795608276,0.000578228791931552,-0.00167598395640801,-1.78268633699297e-05,6.13001066359016e-05,0.000572566954562664,-0.00121617293886443,-0.646035185703376,-0.832376640537052,-0.000906215557995354,0.0301191786657313,0.0769049972295761,0.299063622951508,-0.241792023181915,-0.107662156224251,1
0.958,-7.56072658521245e-05,1.20035078673938e-05,0.0301363170141039,-6.35315580608217e-05,-0.00214072387354034,-1.8658078624334e-05,6.68000487760328e-05,0.000913041097313789,-0.00130784332906566,-0.490616831936708,0.00878683174252318,-0.000626196324199686,0.0301191786657313,0.250841200351715,0.117758683860302,-0.24554730951786,0.111695632338524,1
0.959,-7.54679432547558e-05,1.2937239007914e-05,0.0301348847687396,-0.000502686539879886,-0.00179784159690764,-1.92671227243757e-05,0.000214488506887563,0.000958419977055411,-0.0015551371134243,-0.287872842213013,0.595527288726731,-0.000498660647204819,0.0301191786657313,0.543087244033813,-0.122198574244976,-0.44921937584877,0.063496857881546,1
0.96,-7.49692281144689e-05,1.38484175305888e-05,0.03013328811557,-0.000666540796797581,-0.00158218893604876,-1.95324283622789e-05,0.00078335946634792,0.000865892817013276,-0.00163690777553599,-0.00523626788555724,-0.210485424194851,2.06782121403976e-05,0.0301191786657313,0.0816820859909058,-0.252289414405823,-0.0368934124708176,0.0667535439133644,1
0.961,-7.42543166651946e-05,1.46158914786482e-05,0.0301316788181105,-0.000616650744861254,-0.00145751368390547,-1.95843231272086e-05,0.000647953244561679,0.000669140267362073,-0.00158067623680675,0.0908798114110363,0.431880792008308,-0.000124791756236971,0.0301191786657313,0.132306396961212,-0.245829313993454,-0.508588850498199,0.361392647027969,1
0.962,-7.34555886899259e-05,1.50695963826615e-05,0.0301301779261527,-0.000747537738503844,-0.00129468431815172,-1.97815006570679e-05,0.000950482743935003,0.000240509372317624,-0.00142045474391922,-0.32229636637593,-0.140614970058463,-0.000222156026801316,0.0301191786657313,0.203101754188538,-0.222969397902489,0.211176961660385,0.00700035318732262,1
0.963,-7.26159471363051e-05,1.5252635353468e-05,0.030128658158197,-0.000836729131552263,-0.00118678992495761,-1.99492786343569e-05,0.000730533605273242,0.000126657148933489,-0.00161758206939703,0.163078618093256,0.332459746773023,-9.78075959418912e-05,0.0301191786657313,0.150112450122833,-0.501489758491516,-0.363090962171555,0.335136592388153,1
0.964,-7.17793977729316e-05,1.5076125152509e-05,0.0301271728136967,-0.000953909245314432,-0.00115842128615772,-2.00815032842527e-05,0.000942552565393102,-0.000477213202718449,-0.00135275331940767,-0.367953683018818,-0.278196147287041,-0.000139379765279626,0.0301191786657313,0.292414009571075,0.018902875483036,0.0323110036551952,0.120802283287048,1
0.965,-7.08354193386416e-05,1.45978812589894e-05,0.0301256233699299,-0.00085284354574596,-0.00143333436591699,-1.99003351499805e-05,0.000943342138000886,-0.000480298814740189,-0.00174406921479787,0.545348969653873,-0.204508547420118,0.000472149441415742,0.0301191786657313,0.192654803395271,-0.397513598203659,-0.143158674240112,0.265162110328674,1
0.966,-6.98652573630292e-05,1.38806992959521e-05,0.0301239010377447,-0.000521014026063397,-0.00152756991008723,-1.96438230113394e-05,0.000996357822917086,-0.000955873111855054,-0.00169960082710856,0.0445990488234404,0.040271866998885,-2.51202648871256e-05,0.0301191786657313,0.161572799086571,0.0501563623547554,-0.0918247178196907,0.0703004896640778,1
0.967,-6.88740130747489e-05,1.29423898115738e-05,0.0301221188186635,-0.000288770173368059,-0.00130229511316278,-1.95647099467955e-05,0.000988426094422371,-0.000923169320106458,-0.00186311413395994,0.367100499794385,0.359335574334042,0.000153883522720721,0.0301191786657313,0.832151710987091,0.308514267206192,-0.0305119454860687,0.079228475689888,1
0.968,-6.76360630422522e-05,1.21282984582933e-05,0.0301197872179937,0.000250014755636455,-0.00143123170245942,-1.92574709019233e-05,0.00148541399628621,-0.000710492836037735,-0.00279595821480643,0.585937539136471,-0.580296024130334,0.000327801373147761,0.0301191786657313,0.184175729751587,-0.0390898957848549,-0.140220522880554,0.00727038457989693,1
0.969,-6.61276449381763e-05,1.14013922167148e-05,0.0301169878269869,0.000426439766704015,-0.00178551309302984,-1.92396398306371e-05,0.00152877567890821,-0.000744969205757045,-0.00280089954273413,-0.269566052446852,-0.042568424441622,-0.000325292387499786,0.0301191786657313,0.3904909491539,-0.147677451372147,-0.293065190315247,-0.179091885685921,1
0.97,-6.44338143052095e-05,1.06734206181032e-05,0.0301142849372908,-0.000110440491340135,-0.00176163386027606,-1.98165024509755e-05,0.00185904941841944,-0.000706693956223379,-0.00260343972437002,-0.675259131676531,0.0896883731599627,-0.000708367057934669,0.0301191786657313,0.351364582777023,0.149235293269157,-0.664304614067078,-0.0548674762248993,1
0.971,-6.22714742130181e-05,1.006795302637e-05,0.030111781656737,-0.000498832033718191,-0.00188478994607709,-2.02129716888599e-05,0.00246387938076051,-0.000501568994274476,-0.00240190185419085,-0.00999809513563651,-0.29950424004253,1.96893096487163e-05,0.0301191786657313,0.348263710737228,0.0289029441773891,-0.342154741287231,0.122192174196243,1
0.972,-5.96389097637725e-05,9.5505907653679e-06,0.0301093368633441,-0.000349540121294177,-0.00197383895651073,-2.00775702139389e-05,0.00280090849154646,-0.000534576256413966,-0.00248591586785401,0.274631555980985,0.149872065598793,0.000216246181350126,0.0301191786657313,0.497228562831879,-0.20684888958931,-0.207707598805428,0.127895846962929,1
0.973,-5.66591778597436e-05,8.89651065572704e-06,0.030106792199096,-0.000248549520718369,-0.00164635828308851,-2.0068427069031e-05,0.00316142104600615,-0.000774027213312656,-0.00260146463661628,-0.0932487041152645,0.436607685760735,-0.000194837926212364,0.0301191786657313,0.593901395797729,-0.146694749593735,-0.377884805202484,-0.360541552305222,1
0.974,-5.31989792017607e-05,8.22414971981628e-06,0.030104334220079,-7.3602185225933e-05,-0.00147187000928743,-2.00036234097034e-05,0.0037603807478086,-0.00057284450991479,-0.00231349924499923,0.402946048322605,-0.116881741484748,0.00027754150442892,0.0301191786657313,0.0375847816467285,-0.259980469942093,-0.369378805160522,-0.15843254327774,1
0.975,-4.93639677598727e-05,7.61739720398485e-06,0.0301023474121876,0.000147486805849157,-0.00137513448414952,-1.98685206593829e-05,0.00391148621534038,-0.000642628546568256,-0.00166004528106454,-0.0101009981101678,0.298329529320627,-3.50687511187081e-05,0.0301191786657313,0.406089603900909,-0.00135922431945801,-0.140524342656136,-0.278103590011597,1
0.976,-4.53119227861565e-05,7.09090239167539e-06,0.0301007292431626,0.000201401191578074,-0.00109267745875281,-1.98602997021347e-05,0.00419608497548936,-0.000411278054098367,-0.00157533915784472,0.106671382230367,0.212443854708692,3.56212398859256e-05,0.0301191786657313,0.356752276420593,-0.0822901055216789,-0.298835724592209,-0.292172163724899,1
0.977,-4.09209750962601e-05,6.76639388804173e-06,0.0300993180009435,0.000266425359850986,-0.00109976247971074,-1.98765011485413e-05,0.00458611519928767,-0.000238891847668567,-0.00124714373794845,0.00941687112009061,-0.210364013832632,-7.66062930783724e-05,0.0301191786657313,0.288733959197998,-0.00732480734586716,-0.133849576115608,-0.11222567409277,1
0.978,-3.62326634799098e-05,6.57080612292586e-06,0.0300980990229115,0.000136932161236982,-0.00122171916614759,-2.00294633945219e-05,0.0047906741632971,-0.000151385573657526,-0.00119008710937515,-0.236880453914123,0.00912165659671091,-0.000209330893417617,0.0301191786657313,-0.105110570788383,0.218181848526001,0.0995066165924072,-0.0437943637371063,1
0.979,-3.15883566204092e-05,6.53063302182895e-06,0.0300968860239321,1.4260397783404e-05,-0.000581306801035248,-2.0144123752619e-05,0.00450514552661339,7.19909313748581e-05,-0.00123503845955027,0.0205101510365354,1.13456951634947,-3.63460693169913e-05,0.0301191786657313,0.269406378269196,-0.089394822716713,-0.294241219758987,-0.165129393339157,1
0.98,-2.68917229937961e-05,6.63968368785255e-06,0.0300958075002986,2.75786881185851e-05,-8.91140829581419e-07,-2.0187668617222e-05,0.00489363119488991,0.000145836272491637,-0.000922197381661498,0.00273544305187937,-0.091745257809476,-5.31115480294645e-05,0.0301191786657313,-0.209158837795258,0.207362845540047,0.468098521232605,-0.142288014292717,1
0.981,-2.22986653777695e-05,6.93295605484061e-06,0.0300948058197259,0.000225661436451493,0.000242245573782877,-2.02316774315925e-05,0.00429696989145432,0.000438685691556681,-0.0010801716274387,0.345380642407999,0.533832306297277,-3.15612912814312e-05,0.0301191786657313,-0.0412068702280521,-0.00442302413284779,-0.0554259791970253,-0.220430985093117,1
0.982,-1.80084663016476e-05,7.45860628967707e-06,0.0300939022774351,0.00046586690371407,0.000336516683276964,-2.03217672130052e-05,0.00428569874771586,0.000610275031393718,-0.000727250637269029,0.0781452982109663,-0.351788927521872,-0.000156059479406608,0.0301191786657313,-0.108578443527222,-0.0293496176600456,0.25136736035347,-0.419244170188904,1
0.983,-1.38809974648567e-05,8.22343584333819e-06,0.0300933469159211,0.000477205140592105,-3.25143965393207e-06,-2.04668862431312e-05,0.00396848481353917,0.000918783952003738,-0.000383957761340959,-0.0600342346823598,-0.23613805109742,-0.000113832441046455,0.0301191786657313,0.115213572978973,0.154959201812744,0.314445972442627,-0.172847300767899,1
0.984,-1.00081713394029e-05,9.27326712397262e-06,0.0300928542190445,0.000318121735475834,-0.000134657416198694,-2.05594919790997e-05,0.00377773520953345,0.0011820255922692,-0.000600646314548415,-0.223598816410942,0.015496361003738,-6.59239420643294e-05,0.0301191786657313,-0.0117240324616432,0.169407427310944,-0.173994451761246,-0.308022767305374,1
0.985,-6.17721240913235e-06,1.06526547746411e-05,0.030092434601262,0.000233658031197881,-0.000231553100493957,-2.06304337768692e-05,0.0038845715446139,0.00157767585136182,-0.000238573836710018,0.0702680950851282,-0.174754560609436,-6.55683264607145e-05,0.0301191786657313,-0.0305455252528191,0.109271854162216,0.848199486732483,-0.0241961926221848,1
0.986,-2.65914517052706e-06,1.2290021903705e-05,0.03009189637934,0.000157145598928471,0.000403974820731511,-2.060473628962e-05,0.00315959151216077,0.00169804784785097,-0.000836310647277536,-0.209751486621187,1.30378983432312,0.000106400124904586,0.0301191786657313,0.109869480133057,0.193861782550812,-0.0893172919750214,-0.0579818785190582,1
0.987,5.98705503530041e-07,1.41015483929764e-05,0.0300910547395353,-1.47754666011128e-05,0.00101272019135878,-2.05477601662452e-05,0.0033618251313219,0.00192643725344377,-0.000846402580442772,-0.0996926713658782,-0.21415656633159,5.22315267751e-06,0.0301191786657313,-0.231177687644958,0.104744009673595,0.245159476995468,-0.156679511070251,1
0.988,3.79114277100605e-06,1.61503012898959e-05,0.0300902813153238,-1.95313041240225e-06,0.000597876030575656,-2.05950055147675e-05,0.00302130432854502,0.00217110137763963,-0.000700291100560832,0.115624742274539,-0.507759512755082,-8.8923784774545e-05,0.0301191786657313,-0.655202984809875,0.0775166898965836,0.439247906208038,0.100325278937817,1
0.989,6.38488952374235e-06,1.8329227479125e-05,0.0300896558939952,-6.19819823772752e-05,0.000702819611967542,-2.06305762415759e-05,0.0021698339332557,0.00218796952237069,-0.000550404920812239,-0.227380191557419,0.697983710531189,1.20898475701517e-05,0.0301191786657313,-0.298569619655609,-0.482162654399872,0.360511720180511,-0.155035257339478,1
0.99,8.3175565762801e-06,2.04084421462729e-05,0.0300893927402087,-0.000599951032331565,0.00137412828391977,-2.04551436557843e-05,0.00170321907841775,0.00197631118812171,2.28949732561177e-05,-0.727192835549102,0.493248723801082,0.00033384343960113,0.0301191786657313,-0.805774331092834,-0.0302107725292444,0.0209180861711502,-0.280686736106873,1
0.991,9.73070591665807e-06,2.25280253110511e-05,0.0300899074502007,-0.00077509197876836,0.00161388867325472,-2.04700591961426e-05,0.00112724380572638,0.00226424042441266,0.00100340279511638,0.408046389532938,-0.0637899363397674,-0.000384570165606547,0.0301191786657313,-0.592948436737061,-0.111294195055962,0.437059640884399,0.134179010987282,1
0.992,1.04885127665946e-05,2.47321344019518e-05,0.0300910236515651,-0.000349585744674682,0.00143405736083473,-2.08297558303983e-05,0.00038865996447278,0.00214131092935956,0.00122770850035861,0.336386768210184,-0.250859899504365,-0.000267378082941146,0.0301191786657313,-0.703554213047028,-0.0314835011959076,0.178420260548592,-0.173121362924576,1
0.993,1.05623206281283e-05,2.69631439091454e-05,0.0300925952506396,3.60512707059698e-05,0.00110988604677384,-2.11243388852367e-05,-0.000242110108438637,0.00231770741757976,0.0019125822205254,0.338509561675862,-0.321644464959079,-0.000263390028528534,0.0301191786657313,-0.11944717168808,-0.205976068973541,0.176898032426834,-0.255414515733719,1
0.994,1.02343070074051e-05,2.93267897627018e-05,0.0300947194451273,9.91075853889579e-05,0.0004828867662876,-2.12639051682117e-05,-0.000419004780223361,0.00240961500291522,0.00233327134003281,-0.232717201692331,-0.784900020471893,-3.31186152325706e-05,0.0301191786657313,-0.530585527420044,-0.271277159452438,0.428944230079651,-0.291788905858994,1
0.995,9.44327835766334e-06,3.17764126264168e-05,0.030097362272147,-0.000364196541843552,0.000380316453797177,-2.12644379340432e-05,-0.00116218846234997,0.00249417676598611,0.00294889828544205,-0.591651738099691,0.597568374731938,-4.90475396037135e-05,0.0301191786657313,-0.0746488496661186,-0.0433436818420887,0.245093032717705,-0.244851171970367,1
0.996,8.17501209214394e-06,3.43992763264204e-05,0.0301003996516554,-0.00070761314011082,0.000929086292768295,-2.1377955808255e-05,-0.00136947224767172,0.00275462060182877,0.00312335190539104,-0.0245255425060799,0.368548297242705,-0.000183669885272097,0.0301191786657313,-0.087107390165329,-0.313732773065567,-0.0942924469709396,0.0379111021757126,1
0.997,6.84051362364451e-06,3.70656406241677e-05,0.0301037389264706,-0.000837498852844772,0.00070151499906584,-2.12671993127245e-05,-0.00130210305570079,0.00258054372037867,0.00355191371086275,-0.212327485183067,-0.771324512297441,0.000381633057140285,0.0301191786657313,-0.480637073516846,0.0676756650209427,-0.0240517258644104,-0.242326557636261,1
0.998,5.37064307986017e-06,3.98323667264634e-05,0.0301075857621249,-0.000551348141939919,6.33887389829147e-05,-2.10700601517289e-05,-0.00164273370021476,0.00295044131527902,0.00413761224860973,0.706651743801196,-0.360437848060175,3.18985560096592e-05,0.0301191786657313,0.198962077498436,-0.114408627152443,0.168576061725616,0.459898918867111,1
0.999,3.74377561144701e-06,4.26006945565922e-05,0.030111465405756,-0.000422740013778033,-0.000242703685941427,-2.10675435035057e-05,-0.00161424576178007,0.00258701934566836,0.00362048156994386,-0.484500287895933,-0.185702455155893,-7.42596169396279e-05,0.0301191786657313,0.227777272462845,-0.247986406087875,-0.00862475484609604,-0.119288980960846,1
1,2.22129823017581e-06,4.51949371706422e-05,0.030115157264003,-0.000982449266205032,-0.000393678067665618,-2.11656241932978e-05,-0.00143305857360811,0.00260700514004598,0.00376036391866193,-0.512410985077702,-0.0860052291836464,-0.00011711430435539,0.0301191786657313,0.108073875308037,-0.119723536074162,-0.306283503770828,0.121699333190918,1
1.001,9.47649277050706e-07,4.77796522303697e-05,0.0301190005767062,-0.00132877560594821,-0.000521519686999623,-2.12175651976843e-05,-0.00111670054274964,0.00256637193402718,0.00392323266977206,-0.108497381288778,-0.14354286385386,2.05496167813866e-05,0.0301191786657313,0.137434720993042,-0.336583435535431,-0.0314502492547035,0.366356611251831,1
1.002,-1.1328538091194e-07,5.01446818266506e-05,0.0301228698940193,-0.0015192559221915,-0.000437845826192965,-2.13924634846485e-05,-0.00100511959391102,0.00216725647552087,0.00381314465231608,-0.234683048135177,0.286699237777627,-0.000347514263074273,0.0301191786657313,0.473928868770599,-0.431496888399124,0.15784353017807,0.17842198908329,1
1.003,-9.99229125546182e-07,5.21550557302123e-05,0.0301265260967624,-0.00163811357870345,-0.000188699684950403,-2.16855477490618e-05,-0.000765562851407565,0.00185600780796352,0.00349768037820779,0.0177649283968178,0.151039890286132,-0.000186582117823059,0.0301191786657313,-0.133697718381882,-0.183377787470818,-0.00611214339733124,0.21398614346981,1
1.004,-1.82046618451071e-06,5.39436861788949e-05,0.0301300499872571,-0.00133914191983932,0.000132996571152204,-2.20035150895193e-05,-0.000874300990326922,0.00171942398432167,0.00354764182714045,0.503885704304652,0.414042457211635,-0.000393135457682475,0.0301191786657313,0.186895444989204,-0.470491975545883,0.255644023418427,0.444466590881348,1
1.005,-2.71833518657371e-06,5.53777183768311e-05,0.0301334121755567,-0.00125268827249215,0.000411111213082874,-2.22464321693039e-05,-0.000919218402499622,0.00114994306514894,0.00317550168776967,-0.353046010217288,0.0755844135105464,-2.51361478699996e-05,0.0301191786657313,-0.080270916223526,-0.169183135032654,0.20705358684063,0.28745374083519,1
1.006,-3.74648567389761e-06,5.64334018997834e-05,0.0301364617054078,-0.00155186511710864,0.000413137672342443,-2.22289695828159e-05,-0.00113685900509777,0.000964795419544825,0.00292217804490103,-0.179263181667807,-0.0746618126292868,5.1238674738011e-05,0.0301191786657313,0.194694653153419,-0.555880665779114,0.357475221157074,0.0362529903650284,1
1.007,-4.94438764082976e-06,5.72550958907961e-05,0.0301393354571504,-0.00163865057693956,0.000191716828298497,-2.20676698745592e-05,-0.00126092861566606,0.000680384576435421,0.00282366521616174,0.0228353930698734,-0.319164394197551,0.000231183761714932,0.0301191786657313,-0.245181351900101,-0.194557681679726,0.133205741643906,0.52989798784256,1
1.008,-6.3612873939951e-06,5.77414911826624e-05,0.0301420307073609,-0.00162588715225837,7.00324024787066e-05,-2.20122573098003e-05,-0.00157369543886428,0.00029328990874502,0.00256556969670922,-0.00179606414286144,0.0989440556757649,-0.000140531973675967,0.0301191786657313,-0.0888384282588959,-0.496482789516449,-0.0909862518310547,0.431787252426147,1
1.009,-7.93901301338774e-06,5.77592972689743e-05,0.030144646088851,-0.00179533934570828,4.86326183456593e-05,-2.2035987641722e-05,-0.00158245254855349,-0.000255232542349597,0.00266328712569205,-0.296970386014997,-0.141039888177795,9.39095469834152e-05,0.0301191786657313,-0.151858493685722,-0.315694183111191,-0.111313477158546,0.484740734100342,1
1.01,-9.54668237813891e-06,5.72859369254293e-05,0.0301472947630082,-0.00199513395012287,-0.000127590930672118,-2.19053391550261e-05,-0.001634766723953,-0.000688718333995009,0.00263240520922242,-0.0554890481692487,-0.175119425597673,0.000134833467521459,0.0301191786657313,0.0809105485677719,-0.530379831790924,0.528524398803711,0.642928242683411,1
1.011,-1.13761140499537e-05,5.62300652062979e-05,0.0301495894500635,-0.00216580060047027,7.40522507176876e-05,-2.21977066119372e-05,-0.00202208916309597,-0.0014202857832636,0.00195696628281549,-0.242381425280004,0.523938324373181,-0.000663619022386251,0.0301191786657313,-0.0338637828826904,-0.526270687580109,0.10072848200798,0.502653837203979,1
1.012,-1.34591295115327e-05,5.45052524799437e-05,0.0301514694418767,-0.00225508943659668,0.000446526762757134,-2.26965597573958e-05,-0.00214113552353267,-0.00202753497387081,0.00180219278878672,0.0887045760437732,0.129211350029604,-0.000233815131677726,0.0301191786657313,0.00458394084125757,-0.485131353139877,0.136632412672043,0.386541932821274,1
1.013,-1.56570823343613e-05,5.22338063761132e-05,0.0301531907075709,-0.00189440029261084,0.00026223349232879,-2.26222056158853e-05,-0.00225684747660646,-0.00251817226063372,0.00163941802333001,0.554015623764169,-0.459999781978278,0.000344438685210202,0.0301191786657313,0.146353110671043,-0.5585697889328,-0.0299544185400009,0.186852335929871,1
1.014,-1.78581465599528e-05,4.95079416721244e-05,0.0301548616051022,-0.00127230417276173,-0.000524050995167115,-2.19778843852936e-05,-0.00215306781138959,-0.00293853575844547,0.00170098401175192,0.553369312545712,-0.934304775309194,0.000755721962529974,0.0301191786657313,0.361687541007996,-0.465538799762726,0.35697928071022,0.222852051258087,1
1.015,-2.0048231191242e-05,4.63670816719464e-05,0.0301563043654526,-0.000968024606534401,-0.00108774406107427,-2.15566347949725e-05,-0.00223246257242701,-0.00334560425510703,0.00118501285074328,-0.00439496387272364,-0.0710616079063074,-1.84168849131629e-05,0.0301191786657313,0.479998111724854,0.0551080629229546,-0.0269188284873962,0.185858398675919,1
1.016,-2.21242284703587e-05,4.30377115463959e-05,0.0301571437096301,-0.000838379804797517,-0.00103067087786018,-2.1561608579912e-05,-0.0019198033224042,-0.00331535803738357,0.00049328181193131,0.243390940942265,0.165407310883142,7.93364103824938e-06,0.0301191786657313,0.633561849594116,-0.330623745918274,-0.427719980478287,0.128148600459099,1
1.017,-2.36637901944347e-05,3.95988364738227e-05,0.0301575604519364,-0.000814488329645507,-0.0012612525221322,-2.15070355609193e-05,-0.00116346925587616,-0.00356319917796017,0.000340312096911942,-0.189886914005581,-0.575568453352357,7.1889865538578e-05,0.0301191786657313,-0.0696133971214294,0.012536009773612,-0.422103732824326,0.319341838359833,1
1.018,-2.47433785485317e-05,3.59729714438759e-05,0.0301578860518822,-0.00100299509277022,-0.00139938171664765,-2.16448869005958e-05,-0.000997612626726387,-0.00368782572165078,0.000310764991722231,-0.132443406951899,0.325897292265747,-0.000334057933516494,0.0301191786657313,0.515932202339172,0.0629992187023163,-0.419047504663467,0.216224402189255,1
1.019,-2.54206389478219e-05,3.2283588545597e-05,0.0301579729466364,-0.000885234900323543,-0.00120015997265287,-2.17305061367412e-05,-0.000356698264967185,-0.00369316974719165,-0.000136182841965171,0.350598878103572,0.0244402249824885,0.000164448049911019,0.0301191786657313,-0.00539383292198181,0.0881174355745316,-0.481202036142349,0.51009601354599,1
1.02,-2.56393042605132e-05,2.84710847954393e-05,0.0301577158459517,-0.000637291230565243,-0.00101081771994427,-2.17020071024976e-05,-7.96727973544707e-05,-0.00393476938243363,-0.000377399083976242,0.0992965949838798,0.308731596792013,-0.000106541559267507,0.0301191786657313,0.152360707521439,0.0668773576617241,-0.00316771864891052,0.068628266453743,1
1.021,-2.57036234943428e-05,2.45775422090062e-05,0.0301571493999844,-0.000385182788782434,-0.000471885846743941,-2.18096462103468e-05,-4.4455281129103e-05,-0.0038559715479175,-0.000754148774702763,0.357098263586392,0.642141926651862,-9.70327068170666e-05,0.0301191786657313,0.257362753152847,0.19609597325325,0.0615751147270203,-0.131804838776588,1
1.022,-2.57018513851879e-05,2.08833989051427e-05,0.0301561687891578,0.000197260978332555,-3.36634584606334e-05,-2.18478849571824e-05,5.14973770968405e-05,-0.00353936235565375,-0.00120514243947565,0.682287867364688,0.133633307569174,-2.76226857175311e-05,0.0301191786657313,0.188902020454407,0.102311030030251,-0.272219836711884,-0.132331326603889,1
1.023,-2.54918250155944e-05,1.74491562738725e-05,0.0301549339310332,0.000636027908567484,-0.000463537304545554,-2.20078570967175e-05,0.000364242544699288,-0.00333449338858901,-0.00126353532177994,0.104004528142607,-0.889603702386014,-0.000338685705339678,0.0301191786657313,0.254674255847931,0.125242382287979,0.0963414683938026,-0.40048623085022,1
1.024,-2.51082441791403e-05,1.4327965419094e-05,0.0301535691407131,0.000602032909417082,-0.00119969239861817,-2.2348086959223e-05,0.000396603234061137,-0.00290973192451275,-0.00146455619956653,-0.154000416665849,-0.410464496614116,-0.000292104917674809,0.0301191786657313,0.604900777339935,0.172826141119003,-0.0747828185558319,-0.0624213218688965,1
1.025,-2.4495154205663e-05,1.15142874097463e-05,0.0301517867241538,0.000186350108630167,-0.00150493013259226,-2.28009300240473e-05,0.000826241628809468,-0.00271539543243081,-0.00209772646193242,-0.570750804373419,-0.127212198307204,-0.000539053059332412,0.0301191786657313,0.435820400714874,0.316572040319443,-0.0903960317373276,-0.234687566757202,1
1.026,-2.35178419891011e-05,9.03174415295719e-06,0.0301494580270872,-3.81939879890129e-05,-0.00127655325465915,-2.30494503559164e-05,0.00113001758070672,-0.00224960360448838,-0.00255713720476169,0.180062957820115,0.531943975825111,5.81304605576543e-05,0.0301191786657313,0.427616953849792,-0.00779268890619278,-0.427598744630814,0.042711079120636,1
1.027,-2.20927308780844e-05,6.76996882817374e-06,0.0301468286796952,2.26629936208875e-05,-0.000913088035014914,-2.30648763710484e-05,0.00172209662775029,-0.00227514163423198,-0.00269947310977817,-0.0649666271965408,0.116056942580507,-8.74346053468532e-05,0.0301191786657313,0.122658126056194,0.0989782512187958,-0.449140638113022,-0.0761453658342361,1
1.028,-2.01829807028665e-05,4.57156168402073e-06,0.030144194183182,4.43814811894942e-05,-0.000867919390572866,-2.31109291144449e-05,0.0020976686056835,-0.00212290223225522,-0.00256802329982635,0.109552443537435,-0.0301744574030876,-5.13584808618441e-06,0.0301191786657313,0.237126067280769,-0.418895035982132,-0.398848474025726,-0.195800229907036,1
1.029,-1.78703370659771e-05,2.36128244911883e-06,0.0301418810865069,-9.6955674221096e-05,-0.000997595341155773,-2.3241201676516e-05,0.00252670178711977,-0.00229696172529656,-0.00205730039166976,-0.351912041296658,-0.191537080413534,-0.000238381334238212,0.0301191786657313,0.205712676048279,0.24793940782547,-0.358914494514465,-0.225847139954567,1
1.03,-1.51583706196076e-05,2.61510596738997e-07,0.0301398309324649,3.60222278276538e-05,-0.00110108990853667,-2.32074465755794e-05,0.00289639282722447,-0.0019053406305027,-0.00204163984331174,0.590714632486064,0.0164575874502324,0.000299922978627183,0.0301191786657313,0.468353629112244,-0.383186817169189,-0.731060028076172,0.272415012121201,1
1.031,-1.18193136084206e-05,-1.91325539653581e-06,0.030137896027326,-2.00038271769144e-05,-0.00143993608859124,-2.33423326885251e-05,0.00377838730233422,-0.00244349482281999,-0.00182720141044133,-0.680729681154238,-0.603366346555953,-0.000586401674629548,0.0301191786657313,0.302066326141357,0.0785286575555801,0.084439180791378,-0.318705171346664,1
1.032,-8.00198074362491e-06,-4.19395754135123e-06,0.0301359751553017,-0.000216517516898354,-0.0012781690253855,-2.35999738409376e-05,0.00385875825999161,-0.00211781973963399,-0.00201280311145146,0.337680675873062,0.89657816402128,7.25419240801241e-05,0.0301191786657313,0.605811595916748,-0.045054841786623,-0.215102165937424,-0.14167408645153,1
1.033,-3.8416820057982e-06,-6.27582646015329e-06,0.0301338504411879,0.000293588406969345,-0.00046996243864537,-2.34317961185226e-05,0.00446844312454087,-0.00205113528550861,-0.00223473859232778,0.569179534535104,0.544885591227964,0.000175871999590368,0.0301191786657313,0.0945543646812439,0.189239516854286,-0.366739690303802,-0.409769922494888,1
1.034,8.0376654056343e-07,-8.10425934162393e-06,0.0301317806919395,0.00107140650342972,-0.000124327556007064,-2.32771837151979e-05,0.00482592150203401,-0.00161423143132825,-0.00190426380610535,0.809897549308623,0.0811992123864774,4.39531774382034e-05,0.0301191786657313,0.0358543246984482,0.1847043633461,-0.306732207536697,-0.589558303356171,1
1.035,5.76799873888254e-06,-9.4463425157952e-06,0.0301301173829896,0.00170803347332701,-0.000226176042100144,-2.3377249478429e-05,0.00510267247623575,-0.00107714252012716,-0.00142228308922707,0.319256007548538,-0.245259897946409,-0.00024883588580291,0.0301191786657313,-0.183942079544067,0.42914354801178,0.0146616902202368,-0.671255767345428,1
1.036,1.07916107661012e-05,-1.01318099486655e-05,0.0301288364114605,0.00182699835472236,-6.86497616386637e-05,-2.32591084645684e-05,0.00494792589030531,-0.000296703544080367,-0.00113934664556269,-0.106248693775096,0.536731467693943,0.000473597229462644,0.0301191786657313,-0.0477845296263695,0.659713089466095,-0.0792628303170204,-0.685074687004089,1
1.037,1.57680507725233e-05,-9.93803978472451e-06,0.030127739791421,0.00172866694634312,0.000468852620680704,-2.27854008998385e-05,0.00501101130935615,0.000682505615641519,-0.00105343456099898,-0.0683077553149928,0.428493041421127,0.000363833756116678,0.0301191786657313,-0.104715563356876,0.2035843282938,-0.0667287558317184,-0.591110587120056,1
1.038,2.07962370646022e-05,-8.98390056480251e-06,0.0301268896305724,0.00129643956690144,0.000683719263512754,-2.24981312868522e-05,0.00504880109514927,0.00122829172375534,-0.000647529010191298,-0.69586873736521,-0.0327323813622945,0.000178642834621925,0.0301191786657313,-0.429032206535339,0.269753038883209,0.409373819828033,-0.575518548488617,1
1.039,2.55468773343092e-05,-7.448386509135e-06,0.0301263557970737,0.000666372657538457,0.00105575255575141,-2.21111281892838e-05,0.00445772245179176,0.0018482112666131,-0.000419974115266635,-0.420940456269511,0.703150341711337,0.000440908214820083,0.0301191786657313,-0.206440716981888,0.486167162656784,-0.135185435414314,-0.510993957519531,1
1.04,3.00336547667241e-05,-5.21741070803169e-06,0.0301260656654536,0.000741314480714277,0.00122629399882277,-2.21745992425859e-05,0.00451860861588574,0.00261166702074566,-0.000160838327450952,0.543600258480567,-0.385191248863449,-0.000580022492796353,0.0301191786657313,-0.736761808395386,0.11510207504034,0.523425877094269,-0.0556004047393799,1
1.041,3.41024773390586e-05,-2.56265909530547e-06,0.0301259534293628,0.000876258861828646,0.00138187956078102,-2.22345457516759e-05,0.00362387125021885,0.00269736440973744,-6.36941472529255e-05,-0.311234726821374,0.669447002015457,0.0004976304831712,0.0301191786657313,-0.484146565198898,0.222467303276062,0.254601955413818,-0.457597851753235,1
1.042,3.75025046064074e-05,3.89731462221691e-07,0.0301260598422743,0.000625811043650665,0.00189961412260122,-2.18541858050258e-05,0.00318302335196699,0.00320901918976638,0.000275496986809354,-0.140767529748445,0.257090599964496,0.000175712170500511,0.0301191786657313,-0.403333961963654,0.0537425056099892,0.0449645817279816,-0.393994241952896,1
1.043,4.05905948688813e-05,3.76774180357431e-06,0.0301265958779222,0.000460879577437451,0.00157942877014461,-2.18347668843322e-05,0.00299199410635634,0.00354859425702922,0.00079466829175069,-0.160446501483438,-0.809919149662082,-0.000123964813189851,0.0301191786657313,-0.676012098789215,-0.0665822774171829,0.663974285125732,-0.432298123836517,1
1.044,4.31163769504902e-05,7.45985634317514e-06,0.0301275778098888,0.000292175051829685,0.00132488059092529,-2.18302989454244e-05,0.00206076325974259,0.00383751749312145,0.00116745928607871,-0.148657702611814,0.364392393645273,0.000107329015800814,0.0301191786657313,-0.298371016979218,0.142646849155426,-0.100431948900223,-0.211579501628876,1
1.045,4.5176273157412e-05,1.14446310162564e-05,0.0301289115186004,0.00019724774416933,0.00129082069787878,-2.18180836850657e-05,0.00205941231462954,0.0041319535104408,0.00149654484983436,-0.0319501913450814,-0.411844406401523,-8.02353789696605e-05,0.0301191786657313,-0.433301985263824,-0.161468535661697,0.446524113416672,-0.115553013980389,1
1.046,4.69559186088027e-05,1.5567445837305e-05,0.0301304922828031,-8.53350649098886e-05,0.00120922499984509,-2.17077139477162e-05,0.0015010614837937,0.00411751300445762,0.00166352790899289,-0.478261781485392,0.271619505129492,0.000245119561814812,0.0301191786657313,-0.896461009979248,-0.171276092529297,0.343037962913513,-0.258446484804153,1
1.047,4.80376645638549e-05,1.97438323488354e-05,0.0301325191870486,-0.000474346912704664,0.00199633363029651,-2.15969247636671e-05,0.000671796194843645,0.00423966523761903,0.00238712688754155,-0.221876516009011,1.11928389529448,-0.000107592263152233,0.0301191786657313,0.0295238494873047,-0.141572207212448,0.318202883005142,0.182775661349297,1
1.048,4.86979788975873e-05,2.38874495646007e-05,0.0301347263749853,-0.000773111729973123,0.00225307465789273,-2.13431100077877e-05,0.000651299357826524,0.00405201769446685,0.00202685127885685,-0.318276845430818,-0.658210723481904,0.000612227654685737,0.0301191786657313,-0.597614586353302,-0.000488057732582092,0.564114570617676,0.304469555616379,1
1.049,4.89782309788268e-05,2.78632688287043e-05,0.0301366178992032,-0.000982232770429061,0.001629028430674,-2.08688706440086e-05,-9.39358037276499e-05,0.00390314744586973,0.00175554854281378,-0.0640229585518588,-0.444262786263226,0.000237417521589189,0.0301191786657313,-0.742131412029266,-0.216654479503632,0.861292660236359,-0.146561339497566,1
1.05,4.83244687357403e-05,3.17913537437976e-05,0.0301384362352764,-0.000713036450996865,0.00189217640685745,-2.12885015611342e-05,-0.00120911941082252,0.00395192802631272,0.00187969295562141,0.526081084869241,0.903797100541629,-0.000955391643316058,0.0301191786657313,-0.0983883291482925,-0.357688367366791,-0.203077077865601,0.0601995587348938,1
1.051,4.72578319125692e-05,3.56220998129094e-05,0.0301405098335135,-0.000442463044576315,0.00173638943655584,-2.16293634252018e-05,-0.000926587820558766,0.00370917051329462,0.00226510667211165,-0.0579796540052824,-1.17642596645987,0.0002807302577411,0.0301191786657313,-0.370807856321335,-0.344428777694702,0.935190200805664,-0.0576340183615685,1
1.052,4.58856606017676e-05,3.9264655059365e-05,0.0301426698823093,-0.000726082524689707,0.00111988146559671,-2.13275142275648e-05,-0.00182130739414593,0.00357988387616058,0.0020539072781154,-0.45282811069167,0.0807373373678162,0.000185415178172674,0.0301191786657313,-0.204864546656609,-0.0875392183661461,0.468222916126251,-0.173110336065292,1
1.053,4.38675044539566e-05,4.29410759844515e-05,0.030144674631036,-0.000890034438988286,0.00136940602057099,-2.14049829181384e-05,-0.00221272381679721,0.00377517660172063,0.00195445507843723,0.150962960559141,0.353188104414072,-0.000345314776618883,0.0301191786657313,-0.251671403646469,-0.843530595302582,0.0361265689134598,-0.166730865836143,1
1.054,4.16190578631456e-05,4.65097263628907e-05,0.0301470565773341,-0.00108512467265991,0.00136348077967135,-2.13029741944482e-05,-0.00228484602346537,0.00336579990766126,0.00280616964295417,-0.504790265455411,-0.368843492044619,0.000535523324398757,0.0301191786657313,-0.455015927553177,0.0432287603616714,0.589296042919159,0.234492510557175,1
1.055,3.89846599905126e-05,4.98769271700987e-05,0.030149645439188,-0.00134123632571455,0.00136021365882988,-2.11877131737204e-05,-0.00298273298375335,0.00337188471019707,0.00237111623442124,0.0402820037880228,0.352861428999183,-0.000349311217442057,0.0301191786657313,-0.265943765640259,-0.460956364870071,0.225032672286034,0.283511459827423,1
1.056,3.5878196544201e-05,5.3033280628279e-05,0.0301520409544335,-0.00145848428108695,0.00147794031257433,-2.12381936512962e-05,-0.00322990725862544,0.00294342682025368,0.00241827974469409,-0.256531238359787,-0.153719509985129,0.000269790935770445,0.0301191786657313,-0.673719465732574,-0.449823617935181,0.308906257152557,0.280104458332062,1
1.057,3.23218352057901e-05,5.57752454328006e-05,0.0301546034251896,-0.00174852029357945,0.0014751611152941,-2.10699117357827e-05,-0.00388194187002183,0.00254516881433819,0.00270405880911847,-0.264193148780969,0.137318346378228,2.13907156202123e-05,0.0301191786657313,-0.220477998256683,-0.571018755435944,0.252658545970917,0.500708937644958,1
1.058,2.83167808262891e-05,5.79907907471869e-05,0.0301572524803045,-0.00215111562082214,0.0012852982816617,-2.06032245557708e-05,-0.00413065110245663,0.00189137770206202,0.00259256397791179,-0.453238444438613,-0.483411895183109,0.000827457003994802,0.0301191786657313,0.122244238853455,-0.403802990913391,0.267561435699463,0.579694807529449,1
1.059,2.4181026289298e-05,5.95999437093649e-05,0.0301595481988928,-0.00240694252335942,0.000443934639529243,-1.94438198293234e-05,-0.00414940150127717,0.00133124625823827,0.00199907171348592,-0.00514301489241039,-1.01395803491823,0.00127717746439759,0.0301191786657313,-0.526069581508636,-0.683068752288818,0.268039762973785,0.664881110191345,1
1.06,1.97390726508213e-05,6.05079619845806e-05,0.0301615768643172,-0.00244083529124438,0.000161333417469499,-1.91291330176036e-05,-0.0047377275568655,0.000486362988896627,0.00205677124382203,-0.0575159045503579,0.49998689236465,-0.00072211520645012,0.0301191786657313,-0.119132176041603,-0.815881371498108,-0.0529252551496029,0.226277381181717,1
1.061,1.50016264080425e-05,6.0694916460595e-05,0.0301638468275402,-0.00226212961901019,0.000647475361446513,-1.98764078600533e-05,-0.0047345923302254,-0.000112688686213349,0.00248072464166102,0.371532133020949,0.344440831086353,-0.00061768228011179,0.0301191786657313,0.165646567940712,-0.744487226009369,0.2678602039814,0.42846867442131,1
1.062,1.0257539813787e-05,6.02220448697863e-05,0.0301661930873131,-0.0019608442606963,0.000705175672792137,-2.01305669662588e-05,-0.0047546116824339,-0.000833967592505701,0.00221081389071732,0.162944418727262,-0.255211926607887,0.000150946773707609,0.0301191786657313,0.0424757152795792,-0.454208552837372,0.130487754940987,0.180557131767273,1
1.063,5.49061277625741e-06,5.92384748272602e-05,0.0301683480679537,-0.00158981604290382,0.000208283944314184,-1.97983851166761e-05,-0.00478501792323067,-0.00113581051912951,0.0020979428458419,0.49451408954068,-0.6358055538238,0.000436744475342302,0.0301191786657313,0.118225306272507,-0.275772333145142,0.101771987974644,0.436966747045517,1
1.064,7.15907203438241e-07,5.79097179025125e-05,0.03017019777593,-0.00124108323991333,-0.000400146008692274,-1.93843308795572e-05,-0.00477119775160594,-0.00152398814498291,0.00160162433442063,0.127005424716294,-0.454617018703594,0.000276275267041911,0.0301191786657313,0.15652996301651,-0.542712330818176,-0.0607486963272095,0.586058855056763,1
1.065,-3.98134756807858e-06,5.60182575796746e-05,0.0301716428142988,-0.00170088532718824,-0.000684771661811994,-1.93986050587291e-05,-0.0046282408454327,-0.00225083612446214,0.00128963872239931,-0.925865015569255,-0.0650803897434573,-0.000348458952663787,0.0301191786657313,0.208373948931694,0.00492523610591888,-0.153698146343231,-0.202739253640175,1
1.066,-8.486068873882e-06,5.39538941303817e-05,0.0301728804403868,-0.00166223692645521,-0.000637984443965024,-1.94980151371205e-05,-0.0043828998971882,-0.00187982237710344,0.00118506024374207,0.995427997385149,0.133577285924511,0.000163682046782373,0.0301191786657313,0.090958371758461,-0.33000522851944,-0.25261002779007,0.40425044298172,1
1.067,-1.27548298504626e-05,5.18651145883489e-05,0.03017399184798,-0.000846879542680188,-0.000484832766935685,-1.94076599258075e-05,-0.00415520586977748,-0.00230451228452238,0.00103718775378401,0.453034065936701,0.124370875347083,2.96729670621287e-07,0.0301191786657313,-0.0291033089160919,-0.388160109519958,-0.134563028812408,0.457509934902191,1
1.068,-1.6892397082407e-05,4.92906491070048e-05,0.0301749557506941,-0.00102375496312988,-0.000283249349314378,-1.95882543629899e-05,-0.00411965166051734,-0.00284269759178935,0.000890265946034497,-0.755286174988478,0.219135471417569,-0.00030178790424352,0.0301191786657313,0.11786126345396,0.176005885004997,-0.0808479487895966,-0.0296256244182587,1
1.069,-2.09560327196842e-05,4.66098431500628e-05,0.0301756603136077,-0.0012155205218149,-0.000235150016550562,-1.97057252995236e-05,-0.0040088108842861,-0.00251893282799569,0.000519277188735909,0.421387330532421,-0.145387798928511,8.89405616343713e-05,0.0301191786657313,0.177322909235954,-0.232052087783813,-0.298250257968903,0.0845617055892944,1
1.07,-2.48039103313402e-05,4.40358771616752e-05,0.0301761703553051,-0.00074328357089635,-0.000745602673336834,-1.93957354897023e-05,-0.00369345354449988,-0.00263357851276593,0.000500543293080806,0.420582915031349,-0.766132757886916,0.000420734566223368,0.0301191786657313,0.265420079231262,-0.615376710891724,0.214920163154602,0.142715722322464,1
1.071,-2.85275193766148e-05,4.1156306526533e-05,0.0301765533138573,-0.00087708305146625,-0.00113627056376858,-1.94047339965309e-05,-0.00375819750430028,-0.0031239931911807,0.000265786040533,-0.645212915395441,0.0623100472377951,-0.000494333975813076,0.0301191786657313,0.282010793685913,0.0109258573502302,-0.135333523154259,0.256672084331512,1
1.072,-3.21744397227233e-05,3.80004075453956e-05,0.0301765423557723,-0.00135367400178771,-0.000948463628988384,-1.98717531629811e-05,-0.00353557422600568,-0.00318465672157023,-0.000286833610753006,-0.18766092550975,0.258072916166472,-0.000351986728335648,0.0301191786657313,0.368788301944733,-0.169466719031334,-0.0203780978918076,0.224484547972679,1
1.073,-3.5608080441755e-05,3.47279723831423e-05,0.0301759834677014,-0.00126663936728069,-0.000729339081838663,-2.00649036297129e-05,-0.00333141986343046,-0.00336163484572641,-0.000829357282131378,0.350028780393718,0.118853566157848,-6.31890985220195e-06,0.0301191786657313,0.386820673942566,-0.254072099924088,-0.255436688661575,0.157647132873535,1
1.074,-3.87359788927154e-05,3.1262003372083e-05,0.0301750276168729,-0.00079667490829216,-0.000972582148066716,-1.97996070534501e-05,-0.0029282388754097,-0.00357508642283889,-0.00108125272891847,0.490223946796728,-0.556622962967427,0.000439604209751133,0.0301191786657313,0.044047087430954,-0.244859129190445,0.0594251230359077,0.0843389183282852,1
1.075,-4.17383315923201e-05,2.76002364607649e-05,0.0301738563286868,-0.000413049127208144,-0.00111681705190602,-1.95691749897975e-05,-0.00307824181272421,-0.00375238301192507,-0.00126005064449965,0.199878088616038,0.289950413224534,-6.81223218333006e-06,0.0301191786657313,0.184288591146469,-0.109348177909851,-0.202171817421913,0.207495287060738,1
1.076,-4.47289800326849e-05,2.37560484801162e-05,0.03017245593431,-0.000453924315276524,-0.000839998504685984,-1.97074250269935e-05,-0.00290210556394109,-0.0039364707854456,-0.00153915111266848,-0.259298381664793,0.190436967242449,-0.000229706944345913,0.0301191786657313,0.184303119778633,-0.311752080917358,0.0318613052368164,-0.164092049002647,1
1.077,-4.76355683517307e-05,1.97959443903989e-05,0.0301709113520526,-0.000667807630781448,-0.000655263555755919,-1.991625976272e-05,-0.00291043847429459,-0.00398313369911321,-0.00154896090283484,-0.107644995816032,0.127640967556406,-0.000148489509611685,0.0301191786657313,0.156722456216812,-0.0473444014787674,-0.127328902482986,-0.150696501135826,1
1.078,-5.0496852515402e-05,1.58893677185706e-05,0.0301693246179711,-0.000409298556815112,-0.000755567645845874,-1.98545519016768e-05,-0.00281410956880779,-0.003833778945505,-0.00162329830816569,0.574779374470095,-0.312630753543804,0.000244333282610726,0.0301191786657313,0.270931899547577,-0.331694811582565,-0.709709942340851,0.323598802089691,1
1.079,-5.29908354191176e-05,1.18128045781589e-05,0.0301677775421572,-0.000323606259404051,-0.00169182156970628,-1.97698687585124e-05,-0.00218409796307307,-0.00432032594110011,-0.00147000213752899,-0.408750868603557,-1.34632292396566,-0.000204599217310507,0.0301191786657313,0.291437178850174,0.00629430264234543,0.326643079519272,0.145100951194763,1
1.08,-5.52939376637361e-05,7.45798181428233e-06,0.0301659094972266,-0.000634185833644786,-0.00211537957353473,-2.00937509502452e-05,-0.00242588899978348,-0.0043879299256787,-0.00226284312835928,-0.127857197790232,0.585561130159718,-0.000416510159959701,0.0301191786657313,0.96052485704422,-0.0832509249448776,-0.569385468959808,0.10421135276556,1
1.081,-5.72077990972857e-05,3.0163063475213e-06,0.0301633972638648,-0.000536561385046073,-0.00197733676893574,-2.01084984783328e-05,-0.00140322661293157,-0.0044975131639947,-0.00275902090617484,0.312869292088231,-0.345576637908314,0.000374470509548976,0.0301191786657313,0.581440985202789,-0.2784523665905,-0.655541777610779,0.390812158584595,1
1.082,-5.82216545044479e-05,-1.73878847220071e-06,0.0301605393612606,-0.000485509531075561,-0.00243891577617248,-2.00070380040884e-05,-0.000630967745852876,-0.00501320063897072,-0.00295421375074628,-0.20660697362904,-0.472750272674223,-0.00021601083148933,0.0301191786657313,0.381905019283295,-0.0639892667531967,-0.2422004789114,0.228874400258064,1
1.083,-5.87216516585457e-05,-6.86053265596767e-06,0.0301573863868918,-0.000546201464753629,-0.00225657842587147,-2.0215593382833e-05,-0.000368175355722624,-0.00523100947562104,-0.00334883213141866,0.114263988659743,0.790629369291275,-0.000161301558692049,0.0301191786657313,0.958259701728821,0.0467763617634773,-0.953255474567413,0.0554526150226593,1
1.084,-5.84280408287891e-05,-1.20926367107738e-05,0.0301539263026652,-5.93623008932647e-05,-0.00218044638889664,-1.97755467716831e-05,0.000952907490704773,-0.00523910627140574,-0.00356851768136986,0.759650880535309,-0.65129088245694,0.000860333252166307,0.0301191786657313,0.292933940887451,-0.10341290384531,-0.367563515901566,-0.133440226316452,1
1.085,-5.73251672763088e-05,-1.73389140885282e-05,0.0301504133420113,0.00070507141389556,-0.00231753548659892,-1.88499602944425e-05,0.00125123360798044,-0.00526162858004763,-0.00345533475737076,0.607553163934413,0.409343537525778,0.000862476303011881,0.0301191786657313,0.52427077293396,-0.0655544698238373,-0.52484142780304,-0.372148215770721,1
1.086,-5.57614083577373e-05,-2.25178956008657e-05,0.0301470716867758,0.00113413715337845,-0.00182570645292247,-1.81588062488913e-05,0.00187922014790786,-0.00510214423890569,-0.00322647727560687,0.167524019075837,0.464497654195198,0.000390125522534933,0.0301191786657313,0.552828848361969,0.0504361093044281,-0.415760308504105,-0.390011668205261,1
1.087,-5.35885038922438e-05,-2.74950036400022e-05,0.0301438730513937,0.00109797402127642,-0.00151751984237684,-1.80564030682895e-05,0.0024683530835365,-0.00485409970757529,-0.00316886923779573,-0.215453946426356,0.0875850275862867,-0.000191520985994725,0.0301191786657313,0.44754633307457,0.205766662955284,-0.398840725421906,-1,1
1.088,-5.08698585280409e-05,-3.19177878427851e-05,0.0301409514331889,0.00140426425026819,-0.00157937984409758,-1.79066414838225e-05,0.00296834608663588,-0.00399722279379867,-0.00267324149287963,0.767389249140124,-0.1879282727953,0.00045350795091946,0.0301191786657313,0.211264908313751,0.535655975341797,-0.214229553937912,-0.282844007015228,1
1.089,-4.78195363937946e-05,-3.56585582221603e-05,0.0301381406743662,0.0020341076342412,-0.00147755152520263,-1.73112127903607e-05,0.00313381322911774,-0.00349211239720297,-0.00294564271640083,0.357004132745894,0.375734895765028,0.00064204576177482,0.0301191786657313,-0.0303404629230499,0.322884261608124,-0.544011354446411,-0.691938996315002,1
1.09,-4.45587887147018e-05,-3.88299095571519e-05,0.0301355311996159,0.00212934450376057,-0.00103323529798219,-1.67811285738395e-05,0.00339175848157353,-0.00285440566696409,-0.00227361310932535,-0.177662857792915,0.419082534910527,0.000323486416574045,0.0301191786657313,-0.0695540010929108,0.539646863937378,-0.353459864854813,-0.664508581161499,1
1.091,-4.11185394004611e-05,-4.12885539575895e-05,0.0301334436017788,0.00191594767234068,-0.000627411295152327,-1.64904611583694e-05,0.00349305324127841,-0.00206375835972715,-0.00190113189287098,-0.192648012410239,0.309399492538677,0.000193860000583299,0.0301191786657313,-0.334828436374664,0.583684384822845,-0.237564355134964,-0.409875184297562,1
1.092,-3.77182724186645e-05,-4.30389040306135e-05,0.0301316727762587,0.00167920406297565,-0.000237996559737926,-1.62286699203484e-05,0.00331230623383237,-0.00143706169595335,-0.00164000825762756,-0.220976917142886,0.38951446925768,0.000264675018654827,0.0301191786657313,0.0739959925413132,0.436475157737732,0.153467163443565,-0.502692937850952,1
1.093,-3.44787818896303e-05,-4.41794501385655e-05,0.0301299472878794,0.00153648972163986,-1.65904217285482e-05,-1.61071557669423e-05,0.00317001624565975,-0.000844733751723444,-0.00180937544240533,-0.028402160497625,0.012501408592711,-5.41647619862135e-05,0.0301191786657313,-0.53705096244812,0.331452161073685,0.0953763425350189,-0.582358419895172,1
1.094,-3.15988041086865e-05,-4.47382768141856e-05,0.0301283891824551,0.0016172062036746,0.000225029185254911,-1.59691813683693e-05,0.00259362772394349,-0.00027444575625746,-0.00130626835246177,0.172270878247768,0.422166059294372,0.000287924652484351,0.0301191786657313,0.0205371528863907,0.364111751317978,-0.0638165473937988,-0.728415906429291,1
1.095,-2.89954052039081e-05,-4.46576577784302e-05,0.0301272272582559,0.00194516106020295,0.000111164208997756,-1.62049087499838e-05,0.00261300638480987,0.000431013242504405,-0.00101749328080143,0.405865543882024,-0.612366580772387,-0.000741347440545382,0.0301191786657313,-0.335363507270813,0.341688215732574,0.013542965054512,-0.259660601615906,1
1.096,-2.65549382323117e-05,-4.40788003034887e-05,0.0301262890400206,0.00187930164937228,-0.000391517622278826,-1.68480970028639e-05,0.00226537313114684,0.000726692513108735,-0.000858767152000976,-0.521328726853248,-0.269192202168838,-0.000454176389209506,0.0301191786657313,-0.426822245121002,0.870966672897339,0.082379475235939,-0.726318955421448,1
1.097,-2.45326870432229e-05,-4.27937531365564e-05,0.0301254978643609,0.00188146525702418,-0.000176165780554242,-1.67131757375927e-05,0.00178277605961893,0.00184121471186267,-0.00072334713391162,0.518665257624437,0.653177841764943,0.000656439115278016,0.0301191786657313,-0.0122951455414295,0.334214568138123,0.0833525434136391,-0.466852188110352,1
1.098,-2.28125100153299e-05,-4.07206364775272e-05,0.0301247881449356,0.00207660090588936,0.000327430911496291,-1.62157704792776e-05,0.00166278383893486,0.00230281045323262,-0.000695639191612252,-0.178090861308129,0.242923203584012,0.000242383120515771,0.0301191786657313,-0.368420779705048,0.246312916278839,-0.311866521835327,-0.398786962032318,1
1.099,-2.11869782942194e-05,-3.82461073801263e-05,0.0301244091512873,0.00146677479906686,0.000187290430351758,-1.62984373446307e-05,0.00158783663405385,0.00265139583915654,-6.39279548714436e-05,-0.903832536480973,-0.483464622079835,-0.000360397022370922,0.0301191786657313,-0.08082614839077,0.504700481891632,0.439753711223602,-0.468235522508621,1
1.1,-1.98301689323167e-05,-3.52676729556491e-05,0.0301241812113695,0.000895770198785113,-7.44485080263748e-05,-1.6523005393676e-05,0.00112523202169028,0.00330954851531993,-0.000391077217407489,-0.116342938817764,0.023700093644118,-5.82809394079459e-05,0.0301191786657313,-0.214661538600922,0.343106985092163,0.174010843038559,-0.563152492046356,1
1.101,-1.88837119951786e-05,-3.164814542882e-05,0.0301238834980197,0.00121460809161048,0.000132923813215563,-1.64792731833785e-05,0.000770921538993508,0.00392601438419775,-0.000204687931137391,0.665519189913361,0.344047135687892,0.000114978983846892,0.0301191786657313,0.191358745098114,-0.0803891643881798,0.0793421044945717,-0.423919230699539,1
1.102,-1.80816878103542e-05,-2.76479718318781e-05,0.0301237614780687,0.00149046031330211,8.74906273184843e-05,-1.6618995629436e-05,0.000832836327638173,0.00407295006769827,-3.96775855491208e-05,-0.187843504214562,-0.419678854952532,-0.000398924127617435,0.0301191786657313,-0.486404418945312,0.234521508216858,0.322511255741119,-0.658703088760376,1
1.103,-1.75950487959575e-05,-2.3274930744242e-05,0.0301239437902076,0.00131489598757241,0.000181687448737228,-1.66168193338478e-05,0.000143257840687534,0.00467449886666122,0.000402949774662351,-0.135408301127036,0.584609669576898,0.000368119437310417,0.0301191786657313,-0.15636619925499,0.0898150652647018,-0.00133855827152729,-0.224522843956947,1
1.104,-1.75240990158522e-05,-1.8525312820258e-05,0.0301244516316565,0.000811446615320606,0.000508443418389133,-1.63491617088951e-05,1.82523761838085e-06,0.00483026386874887,0.000611826941574362,-0.766058324884959,-0.00592020459568771,0.00014525785758856,0.0301191786657313,-0.604900419712067,0.151574283838272,0.395386040210724,-0.443097293376923,1
1.105,-1.79323039048345e-05,-1.34856896863641e-05,0.0301252486619214,0.000298157083333099,0.000816818654538286,-1.6180082300199e-05,-0.000813872001295837,0.00525412915268736,0.000980833281398102,-0.156460856427456,0.547737876630633,9.34676784193579e-05,0.0301191786657313,-0.409420013427734,-0.218979820609093,0.0948338359594345,0.0910858809947968,1
1.106,-1.89459270920004e-05,-8.37438241638775e-06,0.0301263895326485,-0.000152415011211918,0.000986592134720769,-1.59741723111395e-05,-0.00121125478446326,0.00497478969537684,0.00129939629273486,-0.653163479916977,-0.248822778456382,0.00030815307208929,0.0301191786657313,-0.220356568694115,-0.0387705452740192,0.426288247108459,-0.0787636041641235,1
1.107,-2.04177358157288e-05,-3.38196552740523e-06,0.0301276386854265,-0.000488055360180963,0.000524687329352026,-1.57782128056283e-05,-0.00173534238885544,0.00501445333816905,0.0011982696974692,0.043183290098747,-0.570369150921099,7.54263596751535e-05,0.0301191786657313,-0.385946869850159,-0.446415185928345,0.547295212745667,0.238570034503937,1
1.108,-2.25431115743018e-05,1.36582172667896e-06,0.0301288368083763,-0.000664408469905766,0.000299651034755332,-1.57531925171206e-05,-0.00251726187019558,0.00448476970960863,0.00119715940695173,-0.368436131586411,0.166119368887404,-6.45670751171008e-05,0.0301191786657313,-0.334184676408768,-0.28328800201416,0.591944217681885,0.213061392307281,1
1.109,-2.54496153879376e-05,5.67161333995933e-06,0.0301299398831855,-0.000947567995040323,0.000765760736486543,-1.59639077104146e-05,-0.00329099387363051,0.00413144495176049,0.00100878102847031,-0.145080825035826,0.646904834979651,-0.000339488312182338,0.0301191786657313,-0.242899298667908,-0.243578925728798,0.349203795194626,0.405314326286316,1
1.11,-2.89844780161456e-05,9.57170994622376e-06,0.0301308215353972,-0.00103111239576852,0.00104322795912655,-1.61346742517665e-05,-0.00377624062764476,0.00367197939797219,0.000754667527777013,-0.0146964187110557,-0.1649402636905,3.66242311937973e-05,0.0301191786657313,-0.147317320108414,-0.242105677723885,0.324981421232224,0.14922359585762,1
1.111,-3.29600896055197e-05,1.31209331902384e-05,0.0301315190850366,-0.000794296692451982,0.000392612850221117,-1.5959380623265e-05,-0.0041815239046074,0.00342587134980446,0.0006399463951196,0.421527871043293,-0.994562690160099,0.000276897797542472,0.0301191786657313,-0.431552171707153,-0.42801696062088,0.234891206026077,0.464030921459198,1
1.112,-3.74451481091611e-05,1.62173436122369e-05,0.0301321962999672,-0.000769997082773007,-0.00039063938966177,-1.57485811587144e-05,-0.00479517680282385,0.00276947121331794,0.000713704301407931,-0.385679140196331,-0.404367166956582,2.21824535388339e-05,0.0301191786657313,0.0399923734366894,-0.349278509616852,0.334573805332184,0.201491966843605,1
1.113,-4.24121485445065e-05,1.88032406223903e-05,0.0301327942304725,-0.00115599668771408,-0.000555002171155026,-1.58450169971402e-05,-0.00514083168165569,0.00240755763532126,0.000482482661060809,-0.304479335135861,0.0972960252566838,-0.000220058519598604,0.0301191786657313,0.354930639266968,-0.0421959757804871,-0.435082346200943,-0.0447352826595306,1
1.114,-4.72935235324264e-05,2.12608625971892e-05,0.0301333153364416,-0.000838502874760833,-0.00109003836382636,-1.54520252944046e-05,-0.00462885241968959,0.00250564636238813,0.000559370355897753,0.85585218478573,-1.05481872886218,0.000928500473542916,0.0301191786657313,0.0727066546678543,-0.478815823793411,0.0313555039465427,0.453563511371613,1
1.115,-5.19900604224095e-05,2.34265369177708e-05,0.0301338156455139,-0.000539416366678536,-0.00166740187800079,-1.51096692277974e-05,-0.00477035539348156,0.00182560351973024,0.000441180808866418,-0.330631059591838,0.0175842310164595,-0.000373303495505453,0.0301191786657313,0.172378927469254,-0.097590871155262,-0.278984040021896,0.0770825669169426,1
1.116,-5.66727071171088e-05,2.52219984125348e-05,0.0301342776181263,-0.000791468008939019,-0.00139837568795208,-1.55012004494637e-05,-0.00459430342884456,0.0017681298282723,0.000482415210265236,-0.119778041161186,0.44291670387539,-0.000349972457341364,0.0301191786657313,0.361396253108978,-0.0974770337343216,-0.261108726263046,0.131078541278839,1
1.117,-6.11056568915117e-05,2.69440095414504e-05,0.030134678268902,-0.000778823988010051,-0.00113015379224325,-1.56814006255779e-05,-0.00427157083129332,0.00167658176951285,0.000319003282837664,0.136227665611893,0.0185137880591573,9.72372844403814e-06,0.0301191786657313,0.22372505068779,-0.419140577316284,0.0247776657342911,0.141019642353058,1
1.118,-6.53885961047593e-05,2.84406759928823e-05,0.0301349780563071,-0.000838397788313626,-0.00107089534640605,-1.58082067192034e-05,-0.00429521424376861,0.00131801820842113,0.000280401071065516,-0.245675170502231,0.073015139799409,-0.000244060892431683,0.0301191786657313,0.112699940800667,-0.0881466418504715,-0.369708985090256,0.465005576610565,1
1.119,-6.95830607636407e-05,2.95877086951798e-05,0.0301351811132778,-0.0011686302203485,-0.00125214572634441,-1.5971664014014e-05,-0.00409694780934262,0.00097978898355961,0.000125868202794393,-0.340544915342403,-0.404975380302462,-4.08661409369196e-05,0.0301191786657313,0.325922161340714,-0.215198516845703,0.365951865911484,0.241968601942062,1
1.12,-7.38021005051666e-05,3.04434014178512e-05,0.0301349932550553,-0.00130556826900557,-0.00134083966564124,-1.60800417856599e-05,-0.00434257545286673,0.000733748258779061,-0.000499656428480028,0.0946234961100239,0.233418034314972,-0.000163915474420714,0.0301191786657313,0.508965015411377,-0.34671938419342,-0.13176754117012,0.481853604316711,1
1.121,-7.7994092091988e-05,3.09044279688441e-05,0.0301342644498987,-0.0013066235586475,-0.00142507974016511,-1.60887107263363e-05,-0.00404420450842561,0.000189700243370132,-0.000956403683386308,-0.0973959416815626,-0.393406485742451,0.000138708221922385,0.0301191786657313,0.407219290733337,-0.387790769338608,-0.195319801568985,0.217520073056221,1
1.122,-8.19147662901939e-05,3.0913012691439e-05,0.0301332643692005,-0.00128775491095091,-0.00194901536695722,-1.5754816804936e-05,-0.00380363642978682,-0.000171686849855257,-0.00104277621501273,0.130053204274968,-0.543244480169789,0.000455044593505988,0.0301191786657313,0.444042921066284,0.261640042066574,-0.405858516693115,0.278512299060822,1
1.123,-8.55109606745007e-05,3.07950691527245e-05,0.0301319701968434,-0.000654506311107999,-0.00248886694427767,-1.47136350241439e-05,-0.00339558453320494,-6.99901654834664e-05,-0.00154334756535127,0.985860520719224,-0.421074137720614,0.00142768032627177,0.0301191786657313,0.744760692119598,-0.28753799200058,0.00336036086082458,0.543024063110352,1
1.124,-8.87583316221754e-05,3.04294553620772e-05,0.0301300127150692,-0.000359421534141373,-0.0025537426618982,-1.43427316254829e-05,-0.00310159105379948,-0.000662228185741964,-0.00236805386992113,-0.45889069094688,0.294426666750035,-0.000764578282973994,0.0301191786657313,0.574528694152832,-0.117519743740559,-0.297376990318298,0.0692703947424889,1
1.125,-9.16587832310743e-05,2.97353869622007e-05,0.0301275380087982,-0.000879976971481265,-0.0021348289774172,-1.52251032297102e-05,-0.00269765625037831,-0.000721549125269661,-0.0025792339803816,-0.458621731540707,0.436482857673406,-0.000811438585361126,0.0301191786657313,0.407226741313934,-0.127964243292809,-0.459482610225677,0.0553590357303619,1
1.126,-9.41496748453598e-05,2.89945672443839e-05,0.0301249955934202,-0.00107189381272419,-0.0018745941551559,-1.56469592500486e-05,-0.00228381539530934,-0.000758605088663274,-0.00250411271948578,0.120151070372142,0.0171428921091332,4.75074565645756e-05,0.0301191786657313,0.326773047447205,-0.0605052411556244,-0.113972947001457,0.144612371921539,1
1.127,-9.63979293578605e-05,2.82067480993939e-05,0.0301223665980876,-0.000703795810068731,-0.00180113199991871,-1.53779729039627e-05,-0.00221288394988004,-0.000820403974442441,-0.00275188966791998,0.531608656919447,0.105665478200792,0.00041752658093176,0.0301191786657313,0.570522487163544,-0.459877133369446,-0.814945340156555,0.305094093084335,1
1.128,-9.8193962952391e-05,2.71186199880182e-05,0.0301197730891419,-0.000659316777856917,-0.00243405320699528,-1.52218358882017e-05,-0.00138972294609307,-0.00135368370977588,-0.00243492114303918,-0.443899123996236,-1.22023191700167,-0.000218852891899707,0.0301191786657313,0.630206108093262,-0.0968264192342758,-0.0889289751648903,-0.164068222045898,1
1.129,-9.94632611098507e-05,2.5838175280675e-05,0.0301172313522671,-0.000761605500228249,-0.00323064451502575,-1.50941531220639e-05,-0.00115680591255844,-0.00120715639174741,-0.00264613221842783,0.264944299717886,-0.193522183251159,0.000481829835536638,0.0301191786657313,1,-0.247814536094666,-0.604689121246338,-0.000726312398910522,1
1.13,-0.000100153643710291,2.45730445345033e-05,0.0301145414550115,-0.000475307789684899,-0.00341444103859185,-1.45773229300872e-05,-0.000228446455331014,-0.00132559392718083,-0.00273156370995805,0.245241293300554,-0.133482323832383,0.000425758960237745,0.0301191786657313,0.667120218276978,-0.0739231109619141,-0.899741411209106,-0.0135862529277802,1
1.131,-9.99341913621743e-05,2.32575132704158e-05,0.0301119543836237,-0.000227222565879446,-0.00340395603938737,-1.41768177930324e-05,0.000665035023553962,-0.00130808716189691,-0.00244164917085697,0.196960947617098,0.15200407826362,0.000280928165339174,0.0301191786657313,0.63381040096283,-0.0370235666632652,-0.732379078865051,-0.0244242809712887,1
1.132,-9.88991114315551e-05,2.19720781135259e-05,0.0301095982839394,-0.000122955705299381,-0.00302063309187893,-1.40859403483518e-05,0.00140675820300758,-0.00126422712422624,-0.00226955561706539,-0.00840876401399169,0.526969304158487,-0.000116185223623271,0.0301191786657313,0.586719214916229,0.0831263586878777,-0.288834273815155,-0.184688210487366,1
1.133,-9.73078488552979e-05,2.08411363117943e-05,0.0301072761696267,-2.0307152836424e-05,-0.00219980306025812,-1.4050262811427e-05,0.00178315986644942,-0.000999105506451206,-0.00237318700721807,0.19281693880327,0.925835614532655,0.000154909255685035,0.0301191786657313,0.732329607009888,0.159144341945648,-0.470887184143066,-0.110373973846436,1
1.134,-9.51835456182363e-05,1.99712876816691e-05,0.03010481148398,0.000185740387886658,-0.00180789167278066,-1.3895670503139e-05,0.00246758121551105,-0.000743362250869855,-0.00255410913656788,0.173821792829792,-0.223524605076737,8.19753179077265e-05,0.0301191786657313,0.663105130195618,-0.140801131725311,-0.247397482395172,0.146335318684578,1
1.135,-9.24909667665645e-05,1.91272283982649e-05,0.0301021265530965,-0.00016741979515369,-0.00231790564897,-1.43965240293475e-05,0.00291313002818934,-0.000941590833174854,-0.00281331047034945,-0.792433030890563,-0.667028216977791,-0.00101154134418607,0.0301191786657313,0.305853456258774,0.314756065607071,-0.346701323986053,-0.0658459365367889,1
1.136,-8.94682674392824e-05,1.83692616929968e-05,0.0300992701941358,-0.000545166606655725,-0.00263649931753765,-1.49141681244913e-05,0.00312998187237107,-0.00057232046545143,-0.00289724027558051,0.124901590366494,0.111236313955467,7.93274609195768e-05,0.0301191786657313,0.493697136640549,-0.137168377637863,-0.409748524427414,0.130351111292839,1
1.137,-8.61257489330925e-05,1.77194411087581e-05,0.0300963888774351,-0.00045944093869623,-0.0023157321905103,-1.49479742450609e-05,0.00355779689068427,-0.000727859511927904,-0.00286362507444911,0.0286951850462965,0.464219554503885,-0.000147923126942431,0.0301191786657313,0.4101722240448,-0.0534919612109661,-0.256759196519852,0.423915714025497,1
1.138,-8.24364442599004e-05,1.68274232626504e-05,0.0300933706527384,-0.000657048570229224,-0.00171021462318017,-1.53976112002852e-05,0.00382665051198411,-0.00105399788943824,-0.00317014771893998,-0.373517814492033,0.615053500668945,-0.000637932267838401,0.0301191786657313,0.265674203634262,-0.210468038916588,-0.231195867061615,-0.0284403190016747,1
1.139,-7.85292113481986e-05,1.57350880446314e-05,0.0300903369441337,-0.000813595632226767,-0.00119585230382442,-1.58150897044962e-05,0.00399309464281416,-0.00112950414214242,-0.0028960054695233,0.0989307258736843,0.306106917970798,-0.00013915698803653,0.0301191786657313,0.076252743601799,-0.0743601247668266,-0.0856446474790573,-0.142696097493172,1
1.14,-7.45774733331535e-05,1.46670423971198e-05,0.0300875905947709,-0.000304159201503141,-0.000953234658776065,-1.56821903170012e-05,0.00391402788399815,-0.00101165840370318,-0.00259566678094401,0.801260949316357,0.13451892104745,0.000327479632961842,0.0301191786657313,0.190324336290359,-0.220491081476212,-0.236366018652916,-0.0702601820230484,1
1.141,-7.05896463311821e-05,1.3610425015066e-05,0.0300851942487766,0.000284093645393432,-0.00116402365597434,-1.54553262348145e-05,0.00406080493718261,-0.0011067690006136,-0.00219633616456759,0.241213523614977,-0.49272450603831,8.3166819776841e-06,0.0301191786657313,0.0768123939633369,0.175716772675514,0.485735595226288,-0.309225916862488,1
1.142,-6.67979109483319e-05,1.27052993053038e-05,0.0300828984155037,0.000562165770678448,-0.00107650163020431,-1.53026149458668e-05,0.00352603754800771,-0.000707159876073556,-0.00239320851020917,0.252394498645695,0.65568713632698,0.000282089920628263,0.0301191786657313,0.432531476020813,0.169325739145279,-0.033148318529129,-0.328157037496567,1
1.143,-6.31724497808681e-05,1.21978550018083e-05,0.0300804872863761,0.000693403802354184,-0.000777552582315035,-1.5203585196133e-05,0.00372809996220523,-0.000310141640793046,-0.00242733833285005,-0.0182980515364574,-0.114389347503632,-0.000119467938301082,0.0301191786657313,0.042547307908535,0.178259894251823,0.105747058987617,-0.419767618179321,1
1.144,-5.95543330604498e-05,1.2126753093462e-05,0.030078176605584,0.000611313122800787,-0.000831440008340072,-1.53289518642907e-05,0.00350927532336789,0.000167771000280067,-0.00219287246925288,-0.126206916433482,0.0300552398656518,-0.000115665702631308,0.0301191786657313,-0.0605271346867085,0.220135122537613,0.0847377479076385,-0.42829617857933,1
1.145,-5.61846074734515e-05,1.2556960850313e-05,0.0300761404964111,0.000532536513303458,-0.000647190258712377,-1.53755249088228e-05,0.00323358796984984,0.000692176847817531,-0.00187873230382421,-0.014438218942384,0.304518724192502,1.52545963202036e-05,0.0301191786657313,0.131691724061966,0.00878779590129852,0.0644089132547379,-0.45857036113739,1
1.146,-5.29950322772816e-05,1.34400157132024e-05,0.0300744504972668,0.000448025362392484,-0.000498309225482115,-1.54259547291424e-05,0.00314817211661313,0.00107389898906301,-0.00150117412488525,-0.13702277045499,-0.031181615269961,-0.000113291644541922,0.0301191786657313,0.079542376101017,0.154403060674667,-0.258383691310883,0.0277490466833115,1
1.147,-4.97767541339465e-05,1.45706575308433e-05,0.0300730407076085,5.05738211459531e-05,-0.000882531217925999,-1.56896306306997e-05,0.00328600801145304,0.00119109397160697,-0.00131765058179846,-0.567003374993599,-0.636236386883841,-0.000359644326734126,0.0301191786657313,-0.285864293575287,0.383784711360931,0.279810011386871,-0.266508162021637,1
1.148,-4.67962481406231e-05,1.60441484226539e-05,0.0300717725980421,-4.98515065555639e-05,-0.000792868432705313,-1.58259026332708e-05,0.0026783697047788,0.00175577303339664,-0.00121795853558986,0.382605236733287,0.799444287095464,7.55696912420252e-05,0.0301191786657313,0.28264856338501,-0.100634962320328,0.188054248690605,-0.170285165309906,1
1.149,-4.4140120556166e-05,1.7843755521369e-05,0.0300705737030445,0.000201803042634189,-0.000117059456080041,-1.57921951475792e-05,0.00264073347157418,0.00184167294777708,-0.00117912036152439,0.0573668254316554,0.402888628493926,-2.02359357646278e-05,0.0301191786657313,0.0929393172264099,-0.123149998486042,-0.302788108587265,-0.0915944874286652,1
1.15,-4.13850139849824e-05,1.96873580244458e-05,0.0300696618409495,-4.7391767433258e-05,-0.000370439407381999,-1.58885012040422e-05,0.00286786666591446,0.00184830372108465,-0.000644825790155379,-0.501557856098658,-0.839460994128425,-0.000148143242088892,0.0301191786657313,-0.24111071228981,0.364944905042648,0.816016435623169,-0.245697617530823,1
1.151,-3.90028022544514e-05,2.18091642519197e-05,0.0300688432146102,-0.000109535298178046,-0.000321358411911186,-1.59852661565374e-05,0.00190019200999077,0.00239518433604922,-0.000990993898809021,0.383025927826168,0.928605137901235,-5.67884790652866e-05,0.0301191786657313,0.0441070795059204,-0.436718314886093,-0.0308938026428223,0.258717149496078,1
1.152,-3.71130581606672e-05,2.3946375141939e-05,0.0300680210484932,-0.000449213960198637,0.000243215844051304,-1.60450562329828e-05,0.00188486218366406,0.00188409513425887,-0.000653506402836338,-0.98532252303717,0.0750635435497437,4.56005279249132e-05,0.0301191786657313,-0.252891421318054,0.209692180156708,0.104481115937233,-0.196901649236679,1
1.153,-3.5405580892193e-05,2.60392407311089e-05,0.0300675247819404,-0.000830038193606092,0.00013528790087486,-1.60091884793268e-05,0.00153059160175741,0.00230462590514839,-0.000339487458207467,0.303980898625597,-0.259455144374187,2.86295298518677e-05,0.0301191786657313,-0.0315606445074081,-0.32675439119339,0.211510002613068,0.237373232841492,1
1.154,-3.40094965707087e-05,2.81602335507489e-05,0.0300672557779543,-0.00072129977928062,-0.00024426942976691,-1.5928583072089e-05,0.00125944956449663,0.00193806337598262,-0.00019871600804584,-0.117254124527577,-0.40591839123334,7.75635781268997e-05,0.0301191786657313,0.178665280342102,-0.535457968711853,0.181604370474815,0.124350525438786,1
1.155,-3.27959567313249e-05,2.9878795653086e-05,0.0300671840624337,-0.00109679983939285,-0.000677027408917304,-1.58948865380815e-05,0.00116450120998832,0.00150391028090552,5.47788839186235e-05,-0.549465847094192,-0.353945825107525,-5.83852120953648e-05,0.0301191786657313,0.0813683196902275,0.0233386158943176,0.0563252940773964,0.194623976945877,1
1.156,-3.16737428555334e-05,3.13747807846557e-05,0.030067205358995,-0.00122309736650015,-0.000813627605176802,-1.59211508874435e-05,0.00107935947898273,0.00148967921429832,-1.20094501733353e-05,0.319414919438414,0.114784717956892,-1.79336612440239e-06,0.0301191786657313,0.649357855319977,-0.10003773868084,-0.130933672189713,0.12547467648983,1
1.157,-3.0329406349535e-05,3.28317768855195e-05,0.0300670871574167,-0.000643792279414859,-0.00106524203863651,-1.55901637368672e-05,0.00160641292311057,0.00141995186882368,-0.000223851998979188,0.697188336650439,-0.552883417859758,0.000533577571830326,0.0301191786657313,-0.0407745987176895,-0.367325693368912,-0.0815330743789673,0.0867208391427994,1
1.158,-2.87668616404728e-05,3.41124447913088e-05,0.0300671289541605,-0.000308224125173574,-0.00110726154508026,-1.54170450690216e-05,0.00151908932474057,0.0011397029417805,0.000305972501395803,-0.106235008968193,0.480344733061949,-0.000212401385815453,0.0301191786657313,0.396790206432343,0.0855975449085236,-0.386192083358765,0.206853210926056,1
1.159,-2.69818348930169e-05,3.52474971160027e-05,0.0300674231023438,-0.000568927762068875,-0.000867279172062801,-1.56633645644888e-05,0.00205219562271404,0.00113306280597721,0.000282139470502287,-0.356526098228326,-0.0499290016426838,-0.000220361973592062,0.0301191786657313,0.358284384012222,-0.0953909903764725,0.220131278038025,-0.135992646217346,1
1.16,-2.49219374689374e-05,3.64500252839959e-05,0.0300676743128978,-0.000749015676716432,-0.000686590212128247,-1.58858810919149e-05,0.002069851253317,0.0012737313334808,0.000220194022948213,0.0346246958770934,0.374254651098914,-0.000207211270574572,0.0301191786657313,0.345987737178802,-0.196561262011528,0.126269027590752,-0.0557224527001381,1
1.161,-2.28016609864775e-05,3.77222081317016e-05,0.0300679133906849,-0.000658927777181405,-0.000330240157925394,-1.60688404418075e-05,0.00217433617795409,0.00127029412815533,0.000257709706813163,0.120348790459252,0.261063375475646,-0.000139256681178127,0.0301191786657313,-0.270289331674576,-0.103594318032265,-0.136074215173721,0.143736779689789,1
1.162,-2.07105307302298e-05,3.89472363550747e-05,0.0300684197894576,-0.000648359459591144,6.3840888805247e-06,-1.6247777693934e-05,0.00201190953801437,0.00118031229778068,0.000753522424743122,-0.104783680178214,0.339360696678643,-0.000186785475345718,0.0301191786657313,-0.0591017976403236,-0.336521327495575,0.408748626708984,-0.155781298875809,1
1.163,-1.89066223085966e-05,4.01114121649676e-05,0.0300693325250241,-0.000777387662975724,0.000463362309591643,-1.64769011679056e-05,0.00160170299206357,0.00114961610985835,0.00107045497859704,-0.126511562784977,0.472456894228311,-0.000235657044854509,0.0301191786657313,-0.13552463054657,-0.287246644496918,0.303372621536255,0.10438821464777,1
1.164,-1.74878598380827e-05,4.11639667511987e-05,0.0300705104741099,-0.00101493725917386,0.000734645467843915,-1.65838550856279e-05,0.00123964956821992,0.000958415280270615,0.0012841162962567,-0.295505145191861,0.0120258734875446,4.55811128371952e-05,0.0301191786657313,-0.474996477365494,0.10838083922863,0.343118399381638,-0.230256974697113,1
1.165,-1.65808203924525e-05,4.23289272170211e-05,0.0300719919416084,-0.000691351191940674,0.000777857330077805,-1.68075151880664e-05,0.000576819328563562,0.00136804535225087,0.00167683074976066,0.859815877718424,0.0668579224174661,-0.000457812423081442,0.0301191786657313,-0.129813671112061,-0.320337563753128,0.0567590147256851,0.612840414047241,1
1.166,-1.60789854888978e-05,4.33727467737868e-05,0.0300736792716306,-0.000644441704536197,0.000361967636108632,-1.68067337260602e-05,0.000424240357744541,0.000723036877128134,0.0016965520493592,-0.770702399325868,-0.794020374171076,0.00036372683055549,0.0301191786657313,-0.23350527882576,0.412084072828293,0.0168431401252747,-0.0944213941693306,1
1.167,-1.57710688561816e-05,4.43679689486391e-05,0.0300754265655194,-0.000813885825132623,-0.000418171517065743,-1.64771289914434e-05,0.000185708520655021,0.00126767168213648,0.00179651227176012,0.464835098826946,-0.583464281717259,0.000298787457671653,0.0301191786657313,0.233508884906769,-0.128370448946953,0.073010727763176,0.363303184509277,1
1.168,-1.55511489292388e-05,4.54986576479691e-05,0.030077099278547,-0.000679539373340197,-0.000864563409946777,-1.63400516237644e-05,0.000250185772191831,0.000993678090358897,0.00154847619712821,-0.229029010201652,-0.20522069404012,-9.98532359101102e-05,0.0301191786657313,-0.0278492122888565,0.260706096887589,-0.24900820851326,0.197004616260529,1
1.169,-1.52488263082714e-05,4.65841740058636e-05,0.0300786614453217,-0.000758189905043455,-0.000783178603785538,-1.64819896486534e-05,0.000354984898957751,0.00117791669947694,0.00157471959021282,0.0860728040309433,0.348191842548826,-0.000175487121127685,0.0301191786657313,0.0563426911830902,-0.418399333953857,-0.228461623191833,0.176990061998367,1
1.17,-1.48097957154777e-05,4.75879278518708e-05,0.0300804814025973,-0.00104644186592435,-0.000363467103061193,-1.68212568261161e-05,0.000526521262559961,0.000833083191948284,0.0020630258960832,-0.596326984194868,0.39339863349807,-0.000411474230266433,0.0301191786657313,0.424587041139603,-0.0632355809211731,-0.241690754890442,0.150640562176704,1
1.171,-1.4034422641771e-05,4.84134960279493e-05,0.0300825165449668,-0.00141197967187215,-0.000454318235458483,-1.68715353021653e-05,0.00102232482835689,0.000821505309252093,0.00200606830654307,-0.0529963709833104,-0.548656646598897,0.000343694428434985,0.0301191786657313,-0.0879461169242859,-0.0571218878030777,0.270538866519928,0.138695850968361,1
1.172,-1.31865855191883e-05,4.92395893117356e-05,0.0300844922033159,-0.00111918352231735,-0.000439136946942515,-1.68464585370565e-05,0.000675543119716243,0.000828380506278284,0.00194421167571297,0.563635991311491,0.571830116027259,-0.000280793117160406,0.0301191786657313,-0.0221581608057022,-0.303642898797989,-0.383484542369843,0.245489150285721,1
1.173,-1.2384109381959e-05,4.99197630594377e-05,0.0300866892712921,-0.000797093517791783,-9.73346210373608e-05,-1.7042665208411e-05,0.000931876050118431,0.000530258860301181,0.00244699331085645,0.00473741172138176,0.0358487278637472,-8.13940093749523e-05,0.0301191786657313,0.392478972673416,-0.344213515520096,0.0461644530296326,0.101402893662453,1
1.174,-1.13268631675935e-05,5.03403717838304e-05,0.0300891248735048,-0.00103780130697414,-0.000369367797121052,-1.70015681852931e-05,0.00117959188577708,0.000314041746609397,0.00242269604821991,-0.428940031078322,-0.510155091828408,0.000137020571058488,0.0301191786657313,0.167988002300262,-0.47872856259346,0.194195985794067,-0.133233577013016,1
1.175,-1.01820716234071e-05,5.05946415292311e-05,0.0300917058744536,-0.00139337192029641,-0.000608144219212778,-1.70191953019483e-05,0.00110851049971972,0.000197906127039409,0.00273673758538865,-0.200708052271074,0.0902041314005406,-0.00020179773333728,0.0301191786657313,-0.281913846731186,-0.313737452030182,-0.0868371874094009,0.022119477391243,1
1.176,-9.17579561938171e-06,5.07440133802343e-05,0.0300947564455354,-0.00134655383430697,-9.15754494051481e-05,-1.74843860620832e-05,0.000909324484853766,0.000100724179546435,0.00336078725445025,0.281547473252772,0.822553538870759,-0.000658482365255365,0.0301191786657313,0.0356115996837616,-0.156886041164398,0.251340806484222,0.106690064072609,1
1.177,-8.35847717115578e-06,5.08198451886952e-05,0.0300980721820978,-0.000900696630040202,0.000702374988603395,-1.81410433022222e-05,0.000732922022890989,4.72887483547849e-05,0.00326872780462352,0.504860458355906,0.582484785685439,-0.000548087193303943,0.0301191786657313,0.0246996805071831,-0.111413776874542,0.054827693849802,0.414831519126892,1
1.178,-7.62579260661296e-06,5.0724635139156e-05,0.0301012324126035,-0.000757084381530722,0.000685206339553973,-1.82725661135308e-05,0.000732534716972323,-0.000238171610104616,0.0030502059756197,-0.248781058756178,-0.606952008575509,0.000277383183460777,0.0301191786657313,0.0135706663131714,-0.324398994445801,0.417158424854279,0.177503913640976,1
1.179,-7.0532089639015e-06,5.03560238502295e-05,0.0301042066925967,-0.00126930290648551,3.61346401661475e-05,-1.79078024484802e-05,0.000408050706349255,-0.000494121782706653,0.00289674239615783,-0.65348401411701,-0.537196436665501,0.000318246710628999,0.0301191786657313,-0.24646320939064,-0.431136786937714,-0.0610304325819016,-0.00652723759412766,1
1.18,-6.73083115532428e-06,4.97777413005689e-05,0.0301074250176798,-0.00171723230006937,-0.000319953029264176,-1.77209271012835e-05,0.000234265950924776,-0.00065837040505003,0.00353598505968313,-0.137769380219636,-0.0922129391287703,-5.26873182870459e-06,0.0301191786657313,0.215018689632416,0.142691284418106,-0.20747971534729,0.54606568813324,1
1.181,-6.34102751145781e-06,4.90490569889624e-05,0.0301107107191575,-0.0014736814277292,-0.000570386326122515,-1.7499750911032e-05,0.000542609546857613,-0.000801042790098231,0.00303434547437021,0.567988071680723,-0.34806746073981,0.000390262785889111,0.0301191786657313,0.147409304976463,-0.378262639045715,0.151307553052902,0.235458225011826,1
1.182,-5.82221400460472e-06,4.80803588718003e-05,0.0301137004014864,-0.000976175828568887,-0.000538254111513624,-1.74011221973913e-05,0.000495604502165641,-0.00113999095051468,0.00294318883637969,0.314182843133179,0.404142875817818,-0.000190376894855507,0.0301191786657313,0.0593640804290771,-0.154894918203354,-0.0820170342922211,0.0850720480084419,1
1.183,-5.28449318165456e-06,4.69135011957869e-05,0.0301166893289959,-0.000689919574707851,-4.35036091303821e-05,-1.76405693363968e-05,0.000583987486848772,-0.00119639442767803,0.00303237876744007,0.195509674028888,0.471556101184803,-0.000240276934203333,0.0301191786657313,0.150705501437187,-0.116894252598286,-0.517073810100555,0.152984291315079,1
1.184,-4.43394907740841e-06,4.56717783197089e-05,0.0301198545443833,-0.000686049436136728,-0.000196114799458339,-1.76557959141732e-05,0.0011146174934735,-0.00128725411492494,0.00329520898671642,-0.18386883332451,-0.735037794401767,0.000189167485987479,0.0301191786657313,-0.226991549134254,-0.1607426404953,0.506633877754211,-0.0411361008882523,1
1.185,-3.62952153457442e-06,4.44006855904311e-05,0.0301231154831007,-0.000856903198715879,-0.000124607867043005,-1.77948430444275e-05,0.000496761499985053,-0.0012539878820468,0.00322468177616642,-0.114306211521508,0.85936146390892,-0.000478155371343075,0.0301191786657313,0.225358068943024,-0.0362389609217644,-0.152758166193962,0.0211655832827091,1
1.186,-2.98011425256395e-06,4.31900611053045e-05,0.0301263073917584,-0.000811977857087684,0.000309881216113632,-1.8080025759204e-05,0.000805249059175289,-0.00116826699308802,0.00315712026717284,0.196443432315786,-0.0879279530318107,-6.19380812688107e-05,0.0301191786657313,-0.109277978539467,-0.337187111377716,0.15109546482563,-0.175020933151245,1
1.187,-2.27629405167659e-06,4.20182954461169e-05,0.0301296321259434,-0.000618207891697466,0.00022791334226538,-1.81439080924051e-05,0.000602450137754484,-0.0011772666021445,0.00348926459970262,0.149754167825485,-0.0549333772735935,-6.77782025102121e-05,0.0301191786657313,0.0217116810381413,-0.102654188871384,0.0516125932335854,-0.11142635345459,1
1.188,-1.68336274224761e-06,4.09010679387108e-05,0.0301331526498266,-0.000442380667582081,5.13253913496823e-05,-1.81769205735982e-05,0.00058213591828328,-0.00105934024967912,0.00354927520633717,0.164026567909825,-0.254562358395324,-1.07164737894688e-05,0.0301191786657313,-0.0357892066240311,-0.209763363003731,0.474473416805267,0.0597369819879532,1
1.189,-1.30899650943279e-06,3.97842353352393e-05,0.0301365584534979,-0.000568397101698906,0.000197889059919568,-1.82782222024613e-05,0.000169036340997353,-0.00117333132918599,0.00326078085751102,-0.381757503841734,0.512443422950865,-0.000185784647251994,0.0301191786657313,-0.0185455232858658,-0.0125113613903522,-0.0896349996328354,-0.248895466327667,1
1.19,-1.10417135413597e-06,3.87633977231179e-05,0.0301399256908443,-0.000648127614258129,0.000414164155673388,-1.84126985289801e-05,0.000242321505521728,-0.000868854608142174,0.00347086015554945,0.242063580005333,-0.127759634269716,-7.74409383587483e-05,0.0301191786657313,0.176869243383408,-0.242396980524063,0.533831715583801,0.0851124748587608,1
1.191,-9.98095289382906e-07,3.78153066675167e-05,0.0301431360574546,-0.000615242592588349,0.000323844203495661,-1.84593978920233e-05,-3.01613983998671e-05,-0.00102747704039095,0.00294915233345641,-0.179879160690981,-0.0317140207881147,-2.53975906195524e-05,0.0301191786657313,0.0772425308823586,-0.104569032788277,0.000250786542892456,-0.12036669254303,1
1.192,-9.91313185366854e-07,3.68487501135581e-05,0.0301460920064934,-0.000661909706341395,3.34026006338957e-05,-1.84114550987324e-05,4.10596743384821e-05,-0.00090584195335885,0.00296073018740177,0.0997150682653145,-0.479966480372118,0.000104185613731967,0.0301191786657313,-0.128480643033981,-0.138957470655441,0.175092577934265,0.228069633245468,1
1.193,-1.07636310282338e-06,3.58477971557466e-05,0.0301489434669694,-0.000747796970142678,-0.00013931179356437,-1.84263584777078e-05,-0.000212024406472215,-0.00109517562481899,0.00274082288301948,-0.24743558672529,0.173086095090505,-0.000157668669099652,0.0301191786657313,-0.123301148414612,0.266981095075607,-0.146326750516891,0.202754035592079,1
1.194,-1.2820756967409e-06,3.48347008659836e-05,0.0301515435486053,-0.000716902751173595,5.51112217537995e-05,-1.85819027080925e-05,-0.00019785471342841,-0.000932066707176603,0.00245835454828893,0.303471252397273,0.1697837061766,-0.000143911225829465,0.0301191786657313,-0.275586724281311,0.0699898153543472,0.065420538187027,-0.0651871860027313,1
1.195,-1.61581390527533e-06,3.40070689005596e-05,0.0301540144467143,-0.00020871917804562,0.000404478032885848,-1.87987646596e-05,-0.00046604375694974,-0.000728371493961385,0.00248176281054315,0.595876092427585,0.445679165445592,-0.000250878226072019,0.0301191786657313,-0.088987335562706,-0.138165429234505,0.273019731044769,-0.0698734000325203,1
1.196,-2.21650543075001e-06,3.32865988262192e-05,0.0301564332651073,6.86171874937665e-05,0.000768382997512858,-1.89519294080398e-05,-0.000731678783535322,-0.000715193682233071,0.00235464603821638,-0.101427224883597,0.196415489181002,-1.77963326366488e-05,0.0301191786657313,-0.147232234477997,0.325387537479401,0.243986278772354,-0.319884419441223,1
1.197,-3.08901354785251e-06,3.28643752210795e-05,0.0301586701789025,0.000179038507428385,0.000731004608940505,-1.90710372058867e-05,-0.00101329268373186,-0.000131708573199727,0.002118240109686,0.296770531097239,-0.263890508272232,-0.000212415255168635,0.0301191786657313,0.0444445610046387,0.050109900534153,0.0359678715467453,-0.121568776667118,1
1.198,-4.0881317019698e-06,3.28296347470563e-05,0.0301607031260998,0.000174389092631865,4.22855180061083e-05,-1.92440620550016e-05,-0.000991246404311804,6.17495597636693e-05,0.00194672570665749,-0.303209882168191,-0.953719919306393,-0.000152469144813697,0.0301191786657313,0.202105358242989,0.278928697109222,0.489676624536514,0.0356934517621994,1
1.199,-5.20609631993818e-06,3.30214440205137e-05,0.030162170825983,-0.000246613039466371,-0.000547209926603277,-1.94019169894588e-05,-0.00124939280291967,0.000324785976384078,0.000990317259492588,-0.441018690929695,-0.0939625827219398,-0.00018857751057196,0.0301191786657313,-0.117059215903282,0.174225404858589,0.0126468297094107,-0.0154680237174034,1
1.2,-6.52642332972236e-06,3.34661354728548e-05,0.0301630516638607,-0.000559269660966834,-0.000231054275731924,-1.96396749130301e-05,-0.00138868019833771,0.000566902458248884,0.000771236855062188,-0.113050558868598,0.646524273504406,-0.000281768478181968,0.0301191786657313,-0.0621910840272903,-0.0880957543849945,-0.00363039970397949,0.0339590087532997,1
1.201,-7.94602234805226e-06,3.40328080412625e-05,0.0301637802548313,-0.000664403174442394,0.00040681584425148,-1.99184469700242e-05,-0.00144540285773291,0.000567523123140356,0.000685706474433422,-0.0746025116720607,0.477233393582292,-0.000226525166760052,0.0301191786657313,0.340624302625656,-0.207724541425705,-0.0689189285039902,0.298769980669022,1
1.202,-9.22287127418817e-06,3.44481666523947e-05,0.0301642341965875,-0.000975073939719937,0.000151200274943319,-1.97937647650193e-05,-0.0011117347321706,0.000266727492365639,0.000223046402075943,-0.474273158591799,-0.928933280542576,0.000465649480536988,0.0301191786657313,-0.263972401618958,-0.125724226236343,0.393030434846878,0.1554796397686,1
1.203,-1.06123912066335e-05,3.46637170869077e-05,0.0301643038299348,-0.00123840652714686,-0.000243814765288996,-1.96414086488517e-05,-0.00166955320507164,0.000166964972118618,-8.3003203294089e-05,0.00669885535544839,0.223059532991621,-0.000219631607799701,0.0301191786657313,0.332515776157379,-0.201863437891006,0.167119204998016,0.211844339966774,1
1.204,-1.22309840496373e-05,3.4728379269887e-05,0.0301639314039738,-0.00106660973572079,-0.000135355333434317,-1.97686757079651e-05,-0.00156741428473469,-3.87168794127039e-05,-0.000660569372288726,0.295962871641193,-0.0360615522554283,-2.64946083031902e-05,0.0301191786657313,0.511387407779694,-0.502768874168396,0.116360776126385,0.0141013711690903,1
1.205,-1.36566383015554e-05,3.4539591288958e-05,0.0301631272403171,-0.000849495275500898,-0.000485086207378768,-1.96364005402572e-05,-0.00128808668721531,-0.000340036552053255,-0.000946522993494506,0.0886449479381606,-0.584335027151867,0.000225414298577088,0.0301191786657313,-0.0164748337119818,0.00790378451347351,0.0550639666616917,-0.132016658782959,1
1.206,-1.50037665994886e-05,3.43101503001365e-05,0.0301621251892813,-0.000423951056823396,-0.000703142988970035,-1.9447882814827e-05,-0.00140818562227527,-0.000123111062301205,-0.00105661848939869,0.662106561072048,0.193115826128339,0.000140871898763938,0.0301191786657313,0.431526690721512,-0.732141077518463,-0.183448970317841,-0.00269615650177002,1
1.207,-1.61958557147531e-05,3.39343090566055e-05,0.0301611736311533,-0.000469303371463688,-0.000713473896383995,-1.95315536597462e-05,-0.00097759087962442,-0.000627009987806974,-0.000846387859877467,-0.737245213995219,-0.213806943578826,-0.000301950719244022,0.0301191786657313,0.706978857517242,0.142421618103981,0.29361030459404,-0.281597584486008,1
1.208,-1.70427200177791e-05,3.3528547050248e-05,0.0301599058586779,-0.000703346625731953,-0.00089270772865897,-1.96300529355931e-05,-0.000718686503498378,-0.000183900100776206,-0.00168598187286239,0.321548322736358,-0.105773950259813,0.000128981522984765,0.0301191786657313,0.158301249146461,0.135173842310905,0.129327014088631,-0.140157341957092,1
1.209,-1.77888438661063e-05,3.35033146777951e-05,0.0301580275890291,-7.43322384199262e-05,-0.000588049964374354,-1.94773998116737e-05,-0.000771059687604239,0.000127336814695108,-0.0020684077963582,0.788044609705924,0.639632848382435,0.000159165326600014,0.0301191786657313,0.123142167925835,-0.484221428632736,0.16196995973587,-0.0561537146568298,1
1.21,-1.8602796776461e-05,3.34893076503716e-05,0.0301559817849953,2.17608885918642e-07,0.000160237515097978,-1.94476858021986e-05,-0.000850461598094282,-0.000155201749413857,-0.00202195322578815,-0.65192226526757,0.67993364916475,-9.37313548538173e-06,0.0301191786657313,-0.026181198656559,0.121011354029179,0.114450663328171,-0.275335550308228,1
1.211,-1.95206233821484e-05,3.35335754760493e-05,0.0301539116301186,-0.000471654774247374,0.000553032487085954,-1.94602659719934e-05,-0.000981785896163044,0.000246662568409508,-0.00211673322217191,-0.183669203618193,0.013452537866009,-1.42942436897249e-05,0.0301191786657313,-0.125918284058571,0.00174091756343842,-0.158233776688576,-0.0438396483659744,1
1.212,-2.049781430891e-05,3.38460091724752e-05,0.0301518530396726,-0.000557086794519936,4.41442608760223e-05,-1.93513890205388e-05,-0.000977283548347232,0.00037889005890282,-0.0019992126153006,0.0316745777505268,-0.91380827034741,0.000211486332617789,0.0301191786657313,-0.556262254714966,0.0648995935916901,0.0424064248800278,-0.336179971694946,1
1.213,-2.17438278286725e-05,3.4434345879388e-05,0.0301500942728087,-0.000150415561954752,-0.000405072550172349,-1.92221431460915e-05,-0.00151787689754398,0.000793635018780321,-0.00151816454800024,0.683192953081283,0.114629927432873,7.65275238859534e-05,0.0301191786657313,0.139629438519478,-0.0326119810342789,0.217064708471298,0.081376813352108,1
1.214,-2.33243269387297e-05,3.52163136735454e-05,0.0301483559048155,0.000115383888888563,-0.000185251020449892,-1.92237712144383e-05,-0.0016414697292257,0.000768348760966477,-0.00195640334584069,-0.213863776246724,0.2684417794107,-6.98727731187314e-05,0.0301191786657313,0.0492182150483131,-0.0329805240035057,0.150950476527214,-0.105128586292267,1
1.215,-2.50338289527442e-05,3.60499120464821e-05,0.0301463170072935,-0.000347883671858525,2.6809098592371e-05,-1.93069738174678e-05,-0.00177595415833017,0.000902755522233904,-0.0021196394484026,-0.605974902128411,0.101343529604228,-7.5312614940024e-05,0.0301191786657313,0.122663989663124,-0.281118422746658,0.120295286178589,-0.366316735744476,1
1.216,-2.68345990471704e-05,3.70375439885402e-05,0.0301443014334478,-0.000828945679863578,-0.000115459721597474,-1.93116403885973e-05,-0.00182732309820893,0.00107656437504091,-0.00191059156107403,-0.247350339359492,-0.35700063596285,8.16905760255096e-05,0.0301191786657313,0.386190176010132,0.0567215830087662,0.515315651893616,0.113108292222023,1
1.217,-2.8747911330597e-05,3.81505446468112e-05,0.0301419218660744,-0.00085626199278424,-0.00044784958380022,-1.9213346662994e-05,-0.00200230558530281,0.00114981810998723,-0.00284426330262171,0.194331967197539,-0.236404800745356,9.40148861441946e-05,0.0301191786657313,-0.14235445857048,-0.200397998094559,0.103939458727837,0.499277412891388,1
1.218,-3.08919320023496e-05,3.90772361336477e-05,0.0301389322308819,-0.00101964299962251,-0.00040359997505245,-1.93440732427774e-05,-0.00228540555110177,0.000706330939408968,-0.00313229382724745,-0.483784734639548,0.306683741627289,-0.000342367735314235,0.0301191786657313,0.172001540660858,-0.119952693581581,-0.117069944739342,0.314628660678864,1
1.219,-3.31008356176728e-05,3.96768159075977e-05,0.0301356653267012,-0.00141733034161995,-0.000387423170733664,-1.94831125650552e-05,-0.00213338739644769,0.000496969433147479,-0.00339860097631998,-0.221270944009387,-0.283077903185145,0.000108546360733898,0.0301191786657313,0.380504250526428,-0.205070674419403,0.318629920482635,0.304333865642548,1
1.22,-3.52557316265387e-05,4.0043612020164e-05,0.0301319240665993,-0.00142725062116782,-0.000690744518550996,-1.93017142784413e-05,-0.00217961211077068,0.000237552398401852,-0.00407949840363593,0.20144011045188,-0.259336047188176,0.000214789676959689,0.0301191786657313,0.197339743375778,-0.221773102879524,-0.203193366527557,0.0171765983104706,1
1.221,-3.73297562646505e-05,4.02577163217422e-05,0.0301279047261166,-0.000891754359499363,-0.00106024648092523,-1.88626105708245e-05,-0.00197282733169579,0.00018627438902479,-0.00395678002176041,0.742188352430931,-0.39890374136763,0.000561502445135702,0.0301191786657313,0.328630328178406,-0.182615429162979,-0.0167137086391449,0.298437803983688,1
1.222,-3.9230485964038e-05,4.0306608571173e-05,0.0301237666830963,-0.000449870145128633,-0.00128813651486306,-1.85575970825802e-05,-0.00183160419947147,-9.14828395643721e-05,-0.00431556475620989,0.0405809466108492,-0.0105289711194167,-3.24866125969091e-05,0.0301191786657313,0.294688582420349,0.202664613723755,-0.21249070763588,-0.102235719561577,1
1.223,-4.09289932036621e-05,4.03898746513192e-05,0.0301193736133864,-0.000228846802683922,-0.00120815451373156,-1.84842417105813e-05,-0.00156551626804248,0.000255846320581672,-0.00446746357531572,0.348916065961161,0.146502056471176,0.000148626461392764,0.0301191786657313,0.458658576011658,-0.358646839857101,0.00278064608573914,0.381569564342499,1
1.224,-4.23806558375552e-05,4.03921881239641e-05,0.0301147209548954,-0.000700330801468184,-0.00102969709025596,-1.88564250169776e-05,-0.00133720651742771,-0.000246153601548151,-0.00483392863907489,-1.17784464220599,0.16408040147099,-0.000789833771497021,0.0301191786657313,-0.007123202085495,-0.000163506716489792,-0.204264581203461,-0.471258461475372,1
1.225,-4.37059685346255e-05,4.04038212156109e-05,0.0301101661160711,-0.00114987379475678,-0.000755279912928158,-1.93261633518738e-05,-0.00131157875729453,0.00027200292814162,-0.00427407959589299,0.379749277095356,0.316227272116979,-0.000106117202404013,0.0301191786657313,0.251253247261047,-0.00799340009689331,0.0010845959186554,0.131809309124947,1
1.226,-4.49776420957467e-05,4.06848845696415e-05,0.0301057662771904,-0.000574030999084273,-0.00058559828363715,-1.92819429889468e-05,-0.00123094304531806,0.000285244946763313,-0.00452203126087151,0.635734297604652,-0.0194363518910775,0.000145338681823849,0.0301191786657313,-0.0464630275964737,-0.295142769813538,-0.0584706664085388,0.199888244271278,1
1.227,-4.62652129584735e-05,4.08214775566079e-05,0.0301013537031862,-0.000421845527173258,-0.000608460638075793,-1.92927158786382e-05,-0.00134452117321891,-1.24942313376891e-05,-0.00430077044399332,-0.364272753918403,-0.0247702594797369,-0.000180055424160707,0.0301191786657313,0.0749505013227463,-0.271519601345062,-0.0437752455472946,0.140658125281334,1
1.228,-4.76252803795297e-05,4.06981820554081e-05,0.030097131904786,-0.00108402992957423,-0.000714139633367378,-1.95487441736475e-05,-0.00137690993192799,-0.000227915558184257,-0.00414031305443679,-0.802910308460543,-0.165455623262973,-0.000280023705821123,0.0301191786657313,-0.402112662792206,-0.152892589569092,0.20730559527874,-0.223457410931587,1
1.229,-4.93169663252843e-05,4.05727102240025e-05,0.0300932616582964,-0.00131143344968827,-0.000319103367619152,-2.0004508983984e-05,-0.00200224003281854,-2.1574424152351e-05,-0.00359873031460583,0.399286181460493,0.854967348948863,-0.000609133229708528,0.0301191786657313,0.553565323352814,-0.489568412303925,-0.195212662220001,0.363780230283737,1
1.23,-5.10701631455449e-05,4.02755264092368e-05,0.0300896298033943,-0.00116189382542702,-0.000421697837280728,-2.00026667815933e-05,-0.00150675499258959,-0.000572931162240239,-0.00366239301226621,-0.132946015678277,-1.03672451196638,0.000562604355570981,0.0301191786657313,0.0572216659784317,-0.332681030035019,0.404314160346985,0.290656983852386,1
1.231,-5.27895766516246e-05,3.95200171422218e-05,0.0300858656310973,-0.00134292632081109,-0.00112301238249665,-1.9682379540864e-05,-0.00193760630984148,-0.000935853083229519,-0.00386293886521831,-0.184217499306136,-0.209086375574435,-2.5650073015814e-05,0.0301191786657313,0.246581375598907,0.0183117389678955,-0.408135890960693,0.507872223854065,1
1.232,-5.45455659409275e-05,3.8459959532816e-05,0.0300819324595547,-0.00134541915818502,-0.00151669480177561,-1.94467400742582e-05,-0.00157920873243619,-0.00118398558044359,-0.0040003525426718,0.182198901504434,-0.490388096853226,0.000446322246279737,0.0301191786657313,0.280200660228729,-0.358196347951889,0.299079805612564,0.206118077039719,1
1.233,-5.62293444051154e-05,3.71165082506992e-05,0.0300778437472557,-0.00110475137776369,-0.00139306647434027,-1.9377056106773e-05,-0.00178726618161174,-0.00150455213114119,-0.00417388235406788,0.246603055626597,0.699903623575497,-0.000300551265229987,0.0301191786657313,0.10735359787941,-0.0285175442695618,-0.481743395328522,0.353597044944763,1
1.234,-5.78641154616469e-05,3.5519632734472e-05,0.0300737783811934,-0.000812454357196805,-0.000882563662627298,-1.95438438228557e-05,-0.0014793136684953,-0.00169176041171046,-0.00395478258337828,0.274457441522024,0.198731265090537,-2.15334630619407e-05,0.0301191786657313,0.313059329986572,-0.552997529506683,-0.412523031234741,-0.00986446440219879,1
1.235,-5.91310347305487e-05,3.36615679770743e-05,0.0300701815867186,-0.000782806886619224,-0.00119450898652315,-1.94739339720584e-05,-0.00105857141148851,-0.00202453798121159,-0.00323786910965672,-0.215400248481208,-0.750561873716791,0.000114765018638437,0.0301191786657313,0.352817833423615,-0.102702714502811,0.0735393911600113,0.161473408341408,1
1.236,-6.01727337514365e-05,3.15842512712565e-05,0.0300668561044947,-0.000931682260858463,-0.00173367651771194,-1.94050453243833e-05,-0.00102989741121706,-0.00212925096956749,-0.00341038658833904,-0.0417187117362402,-0.206209208466408,-3.53573507784356e-07,0.0301191786657313,0.318514347076416,-0.166797205805779,-0.476108640432358,0.09853895008564,1
1.237,-6.0986414174102e-05,2.94019988680361e-05,0.0300636461224258,-0.000835170820940061,-0.00190772915432317,-1.92853812923666e-05,-0.000599882313053705,-0.00223666824055116,-0.00300796875168217,0.21823635090162,-0.103300004246814,0.000209143734671467,0.0301191786657313,0.506959140300751,-0.289063215255737,-0.116465583443642,0.216254234313965,1
1.238,-6.1443127595326e-05,2.70080601298047e-05,0.0300606310949213,-0.000759903209002406,-0.00177353689974402,-1.93270011741298e-05,-0.000313259030898546,-0.00255185746817448,-0.00302004719751275,-0.0773239482102216,0.337509889701416,-0.000281126329287816,0.0301191786657313,0.0937165021896362,-0.149405270814896,-0.272631466388702,-0.186270892620087,1
1.239,-6.17114853222305e-05,2.45168456064351e-05,0.0300579356950292,-0.000529145376994911,-0.00117822643251186,-1.94406271591951e-05,-0.000218551801445471,-0.00243360121788826,-0.00237002515474161,0.490919795671643,0.711073669658143,4.46139690721002e-05,0.0301191786657313,0.389667838811874,-0.462296366691589,-0.230258151888847,0.238304316997528,1
1.24,-6.17659221415839e-05,2.18325701289011e-05,0.0300557200245797,-0.000536767363683562,-0.000856118532652185,-1.95734250700852e-05,0.000111534179434236,-0.0029344105638373,-0.00206071765307413,-0.493305801927398,-0.140138952929577,-0.000255373701099345,0.0301191786657313,0.120560206472874,0.0312069617211819,0.00647183507680893,-0.15912501513958,1
1.241,-6.16945632396223e-05,1.90135104970881e-05,0.0300537905731022,-0.00061214823276673,-0.00101465123776705,-1.96144473965099e-05,3.00477384764787e-05,-0.00270460993026581,-0.0017975525062287,0.366233314407554,-0.13949051674042,0.000184801692432386,0.0301191786657313,0.0358325839042664,0.0767923146486282,-0.22540970146656,-0.00298319756984711,1
1.242,-6.16483518848419e-05,1.63715629015069e-05,0.0300521738821747,-3.0667714107494e-05,-0.00118330194007246,-1.92965093934738e-05,6.08581335254016e-05,-0.00258552148449337,-0.00143568712640944,0.66716197342802,-0.157982364471913,0.000369427815157218,0.0301191786657313,0.149194002151489,-0.0500297397375107,0.100249573588371,0.0399656556546688,1
1.243,-6.16613876316373e-05,1.37614040242625e-05,0.03005078181552,0.000319424463896318,-0.00110510023923159,-1.91157358133687e-05,-8.58780199001138e-05,-0.0026385566508336,-0.001347729623275,-0.0396864690262455,0.294665405546698,-3.73608604332885e-05,0.0301191786657313,0.0702721774578094,0.127421692013741,-0.147916704416275,-0.432993531227112,1
1.244,-6.174769193109e-05,1.13566960417581e-05,0.0300497256059839,0.000415117831207727,-0.000845235949437342,-1.90848870325055e-05,-8.45100291537425e-05,-0.00217314334720955,-0.000764756580788052,0.215351833755615,0.163568283502054,7.18279961545368e-05,0.0301191786657313,0.0543960630893707,-0.0312262997031212,-0.135988250374794,0.0307174175977707,1
1.245,-6.1838724612868e-05,9.15867352270265e-06,0.0300491359643592,0.000196276604280869,-0.000829071992818418,-1.92397677243328e-05,-9.74172742077495e-05,-0.00222162868907939,-0.000414985437783134,-0.592599353748144,-0.134552964991933,-0.000348075988325457,0.0301191786657313,0.35219132900238,0.217666938900948,0.0311652198433876,-0.640304744243622,1
1.246,-6.18923233251558e-05,7.2941303468237e-06,0.030048880331834,0.000195848341602102,-0.00115974209565863,-1.93023593735298e-05,-1.28941359643629e-05,-0.0015098443753411,-9.68538031449259e-05,0.594353138629406,-0.448066755009696,0.000264894209025096,0.0301191786657313,0.37581080198288,-0.102373138070107,-0.100995987653732,0.0633248090744019,1
1.247,-6.18077695422203e-05,5.71514792083324e-06,0.0300488356029924,0.000360931125415483,-0.00164940444851749,-1.93559867360804e-05,0.000177267750734385,-0.00164967039160152,7.1826733626934e-06,-0.295483750697474,-0.416117286679453,-0.000413785203397889,0.0301191786657313,-0.127587854862213,0.363720595836639,-0.216290354728699,0.10833528637886,1
1.248,-6.17002553557077e-05,4.16865869470774e-06,0.0300489361763077,5.90138711556443e-05,-0.00151227135883942,-1.96984476277251e-05,3.93241447620499e-05,-0.0014417162377325,0.000193409581155221,-0.232477658028814,0.655547616672901,-0.000236643572991515,0.0301191786657313,0.221800819039345,0.187459141016006,-0.23240926861763,-0.161992445588112,1
1.249,-6.15715181112908e-05,2.87308320031324e-06,0.0300492682557773,7.64535616037558e-05,-0.000899396035890794,-1.97595659763294e-05,0.000223001734123292,-0.00115078171115872,0.00046975730877273,0.26578188503553,0.427001123773539,8.27340566061257e-05,0.0301191786657313,0.0327259600162506,-0.255291074514389,-0.364822238683701,0.0794050768017769,1
1.25,-6.12701688109141e-05,1.58542111806275e-06,0.0300500815145394,-3.60394023118173e-05,-0.000795271724540529,-1.98619430222813e-05,0.000380277971556922,-0.00142328390059891,0.00115439135964964,-0.458308880014776,-0.240568110107106,-0.000260366769061822,0.0301191786657313,0.0163580477237701,0.141301035881042,-0.289365768432617,-0.181500911712646,1
1.251,-6.08511534238711e-05,2.98668680022602e-07,0.0300515002548402,-0.000136353775396233,-0.00120645004878379,-1.99313344122487e-05,0.000454172418033876,-0.00115050705072601,0.00168078164926447,0.283118822418332,-0.483220429551486,0.000157760219731157,0.0301191786657313,0.155678302049637,-0.0616033300757408,0.016952108591795,-0.157098188996315,1
1.252,-6.04369267915832e-05,-8.12389985445918e-07,0.0300533365566866,0.000242488480896883,-0.00142769442127379,-1.97065880849223e-05,0.000372742502413045,-0.00107543491409635,0.00198974391488946,0.388791369692893,0.092173000237755,0.00025114726190501,0.0301191786657313,0.433883845806122,0.293909579515457,0.0577303618192673,0.189244493842125,1
1.253,-6.00068925101364e-05,-1.85526390064634e-06,0.030055076607774,0.000485913657077703,-0.00124439592487402,-1.95475336552953e-05,0.000488744594393112,-0.00101294022893484,0.0014905429198806,0.0449407163946279,0.232122900968551,2.76702701629786e-05,0.0301191786657313,0.216266989707947,0.161887213587761,-0.187540456652641,-0.370617896318436,1
1.254,-5.9444868188991e-05,-2.66606162486356e-06,0.030056769072797,0.000642788752530039,-0.0010753750455311,-1.94659838084199e-05,0.00063657761139978,-0.00061132148520022,0.00189221015332279,0.23380622357038,0.0681549094966841,9.68167381754702e-05,0.0301191786657313,0.383417904376984,0.349389404058456,0.309928357601166,-0.443810880184174,1
1.255,-5.88654511951007e-05,-2.97529615881579e-06,0.030058552183166,0.00105423659195613,-0.000890657586942678,-1.922068309268e-05,0.000524369185475142,-1.23788684894081e-05,0.00167346237189322,0.492508106488247,0.258907574328602,0.00032468036681794,0.0301191786657313,-0.0282168388366699,0.0767938494682312,-0.230359673500061,0.135295242071152,1
1.256,-5.83395329536619e-05,-3.04248172563379e-06,0.0300603669534447,0.000768060960910179,-0.000755260232290386,-1.93196996050027e-05,0.000528797711334648,-0.00011924950548138,0.00195412723099441,-0.993162705077499,-0.0177069821677625,-0.000482144318873187,0.0301191786657313,0.0633424371480942,0.526961445808411,-0.214648395776749,-0.295918822288513,1
1.257,-5.77770162181434e-05,-2.84151640315324e-06,0.0300624092335425,0.000164967355350365,-0.000974593050631478,-1.96856873593276e-05,0.000594419538072832,0.00052534060111906,0.00212863911298999,-0.0726526410736971,-0.366901511317258,-0.000135739663979925,0.0301191786657313,-0.215927019715309,0.0733652114868164,0.117420569062233,-0.221748173236847,1
1.258,-5.74039881284548e-05,-2.20267498156159e-06,0.030064748422105,0.000251367778525491,-0.000862911466549118,-1.96888302190779e-05,0.000153810055491566,0.00075126097258005,0.00254714618665841,0.222420386067595,0.562681425268923,0.000118581559813307,0.0301191786657313,0.320005655288696,-0.071757085621357,-0.198892369866371,0.0245675444602966,1
1.259,-5.71161513988387e-05,-1.49993338804438e-06,0.0300673769201105,0.000212798546713721,-0.000740035007750359,-1.97445106620009e-05,0.000422298862650044,0.00065505194559241,0.00270763339094634,-0.291152213893215,-0.342421605061953,-0.000221425685545678,0.0301191786657313,0.10370222479105,-0.129947066307068,0.0588037520647049,-0.196304202079773,1
1.26,-5.67561206230898e-05,-8.21846781128199e-07,0.0300702527600795,-8.56795511311112e-05,-0.00103821170177096,-1.9966819431172e-05,0.000295678356985556,0.0007037466179664,0.00304119131011667,-0.238450315769017,-0.183781533394612,-0.000190565181661252,0.0301191786657313,0.0287380367517471,0.348366916179657,-0.226525634527206,-0.108236566185951,1
1.261,-5.64419727257308e-05,6.98820841696366e-08,0.0300733755062615,0.000131990858917418,-0.00118406120809468,-1.98856877431375e-05,0.000331382585513643,0.00107718110719819,0.00320180376551034,0.617480906317804,-0.0729112162350234,0.000331259616005281,0.0301191786657313,0.0454277247190475,-0.242325991392136,-0.038878146559,0.0113568156957626,1
1.262,-5.61639472276594e-05,1.03705859348286e-06,0.0300767566977092,0.000338161845599491,-0.00102135647028784,-1.97816254892125e-05,0.000226413819100085,0.000856221661324053,0.00355747974925245,-0.254712549556848,0.359737134979722,-0.000139024327491798,0.0301191786657313,0.55311107635498,0.23875892162323,-0.225104734301567,0.0464470386505127,1
1.263,-5.57021313601775e-05,1.9668213535737e-06,0.0300801590574199,6.56794285267389e-05,-0.00115017013004572,-1.99958687634449e-05,0.000694985622742619,0.00100556698194486,0.00324578349659886,-0.228988738579208,-0.5830476929762,-0.000227890314173162,0.0301191786657313,-0.426161557435989,0.118965096771717,-0.155624270439148,-0.16821101307869,1
1.264,-5.52060747009865e-05,3.09132347124345e-06,0.0300837291933665,4.5824633186594e-05,-0.00112698085581765,-2.0073575237145e-05,0.000298612206088506,0.00124332422908258,0.0038902854180905,0.18933960365931,0.621853577241955,6.94446321169098e-05,0.0301191786657313,0.241973459720612,-0.112255722284317,-0.291470468044281,0.171169847249985,1
1.265,-5.47707478958302e-05,4.22128056914982e-06,0.0300876864975772,-7.75891402363457e-05,-0.000787744504829959,-2.01768727388085e-05,0.000574435106908133,0.00101859095545341,0.00402129951289106,-0.409049948349209,-0.0203285323028006,-0.000237950080449178,0.0301191786657313,0.0280725881457329,-0.0512633696198463,0.235189497470856,-0.212569773197174,1
1.266,-5.43564976704489e-05,5.31505585571086e-06,0.0300917688570863,-0.000262983613597393,-0.000595060906667514,-2.03433947540965e-05,0.000257607836277525,0.00117008605827878,0.00414001865787055,0.0757194685348318,0.359322760734747,-9.00838739584451e-05,0.0301191786657313,0.471134126186371,0.0368941202759743,0.0337367802858353,0.307455033063889,1
1.267,-5.39897652980105e-05,6.3872025099346e-06,0.0300956294962821,-0.00029340753985845,-0.000715689096287762,-2.03987017117768e-05,0.000474424490077562,0.000975282654308304,0.0035799748698685,-0.132227253791806,-0.568889076859416,-2.34747447721211e-05,0.0301191786657313,-0.222317963838577,-0.0355289876461029,0.48924732208252,-0.209309130907059,1
1.268,-5.38805110003581e-05,7.44735404184065e-06,0.0300992443567011,-0.000137376643342364,-0.000607739431257343,-2.04035496902399e-05,-0.000253128830412599,0.00114361846888531,0.00364715374958887,0.403074383571121,0.756385398442203,1.43505001830525e-05,0.0301191786657313,0.0223948061466217,0.131601572036743,0.136736035346985,-0.028809055685997,1
1.269,-5.42444219189023e-05,8.6638712975371e-06,0.0301028263434832,0.000322433390703782,1.6226160512275e-05,-2.0378798517573e-05,-0.00046886202375403,0.00128548695536947,0.00351482159543191,0.405456372186115,0.345853600337421,-5.70948878292265e-06,0.0301191786657313,0.286888182163239,-0.220263481140137,0.0473770387470722,0.122433617711067,1
1.27,-5.46709749069143e-05,9.81018610350868e-06,0.0301062796493263,0.000108781742276855,-0.000339546515294652,-2.05164542390612e-05,-0.000387675106498295,0.00101004072053287,0.00338977988971052,-0.783005111179896,-0.971620451795529,-0.000266627759951024,0.0301191786657313,-0.172117307782173,0.357091397047043,0.223178118467331,-0.360889881849289,1
1.271,-5.52914421098075e-05,1.11244024750048e-05,0.0301096733864919,-0.000105449856241536,-0.00102538140612077,-2.05971529112503e-05,-0.000857990752023943,0.00161891664661567,0.00339529613678153,0.397100493086329,-0.243958169713353,0.00017459914423288,0.0301191786657313,0.271726429462433,-0.210537225008011,0.0343447513878345,0.268462359905243,1
1.272,-5.61373654151948e-05,1.25616011703082e-05,0.0301129435522512,-0.000187155112315592,-0.00121018896678363,-2.07126030495886e-05,-0.000835786841573324,0.00125762786158518,0.00314352485583981,-0.543107005175639,-0.0854076499420442,-0.000413430742510797,0.0301191786657313,-0.165117502212524,0.199107140302658,-0.130016893148422,-0.14104850590229,1
1.273,-5.70747138169336e-05,1.39786473970677e-05,0.0301161898745351,-0.000341471585689384,-0.000950715354724624,-2.09333767124953e-05,-0.00103652677025487,0.00157753155183461,0.0033464326686126,0.264622332058919,0.539013808380995,-2.60160640081427e-05,0.0301191786657313,0.00561720132827759,-0.245559990406036,0.104145541787148,0.337914019823074,1
1.274,-5.82285345656263e-05,1.53418869759625e-05,0.03011946076418,-0.000484284034176703,-0.000324996222724976,-2.11405196983705e-05,-0.00126553752508317,0.00115169590651554,0.00319356124654548,-0.51891633089736,0.562098723472244,-0.000303488394821923,0.0301191786657313,0.0257605314254761,-0.108582571148872,0.213244378566742,0.148526430130005,1
1.275,-5.96341984140291e-05,1.64214854248579e-05,0.0301225418252375,-0.000914341785951463,-9.11218824785043e-06,-2.13477000787776e-05,-0.0015427765057654,0.00101191699399856,0.00296716551187374,-0.245014212858387,-0.00660557019476987,-5.99253150778106e-05,0.0301191786657313,0.0352500155568123,-0.0368147790431976,0.221260696649551,0.493151247501373,1
1.276,-6.13146701536336e-05,1.72603333573792e-05,0.0301252213045234,-0.00108302893320481,-0.000347211790233219,-2.12257677314476e-05,-0.00182128603389794,0.000667953901930117,0.0023906986906438,-0.0555226856159952,-0.594519676208721,0.000279844748295161,0.0301191786657313,0.257969528436661,-0.394499719142914,0.152660623192787,0.384204566478729,1
1.277,-6.31712188790609e-05,1.76576426941813e-05,0.0301274421974565,-0.00119435390464285,-0.00117510711958485,-2.08221786013318e-05,-0.00189936438411636,0.000129239005108142,0.00205055605983733,-0.142107713344252,-0.872222182807817,0.000416650369926003,0.0301191786657313,0.00769342482089996,-0.385004431009293,0.216650113463402,0.416049122810364,1
1.278,-6.5255305553827e-05,1.75107911407851e-05,0.0301293746033803,-0.00132384797734673,-0.00148559892435897,-2.0777719597298e-05,-0.00227108962444928,-0.000420316564577455,0.00181363701801375,-0.0864953890781212,0.313722693758308,-0.000359769871873069,0.0301191786657313,0.240131020545959,-0.196334600448608,-0.538187146186829,0.241980567574501,1
1.279,-6.73135345499777e-05,1.69630487675452e-05,0.0301312676172768,-0.00105020123098609,-0.00144102822336935,-2.06672206322089e-05,-0.001846561903343,-0.000677182961900553,0.00197075151917187,0.569657966184327,-0.240127412957329,0.000524709418700867,0.0301191786657313,0.370768010616302,-0.153712347149849,-0.410945057868958,0.367825418710709,1
1.28,-6.89508985159881e-05,1.6112711008927e-05,0.0301331470047982,-0.000489664987407687,-0.00187918463885437,-2.0058235799425e-05,-0.00143358579426798,-0.00102763691228155,0.00178727274396945,0.423301205398455,-0.537959781531339,0.000516581395618786,0.0301191786657313,0.448507517576218,0.00239692628383636,-0.248177111148834,0.231251001358032,1
1.281,-7.02233096435185e-05,1.50171367389299e-05,0.0301347370021423,-0.000157380910201762,-0.00223160352393656,-1.96792679822977e-05,-0.00111558670767776,-0.00116631677429018,0.00139284234937135,0.167907505550556,-0.0900381376302896,0.000150072786226322,0.0301191786657313,0.648674786090851,-0.103395037353039,-0.318205207586288,0.288688331842422,1
1.282,-7.10747634227643e-05,1.37105075830592e-05,0.0301358988531533,-0.000344729297698136,-0.00223333651968835,-1.99738192145915e-05,-0.00058903324984687,-0.00144500911384264,0.000931332500983254,-0.49285544997093,0.0838361788848135,-0.00068082704827859,0.0301191786657313,0.640493452548981,0.180773943662643,-0.329317569732666,0.035981148481369,1
1.283,-7.13978406737833e-05,1.23492536526232e-05,0.0301365920961433,-0.000514226031740014,-0.00210538053732119,-2.02772900319559e-05,-5.74778101883786e-05,-0.0012769269080712,0.000455870553137711,0.195677422936404,0.141027156917665,0.000122828106943648,0.0301191786657313,0.668715536594391,-0.121912583708763,-0.520354747772217,-0.0562544018030167,1
1.284,-7.10986013897738e-05,1.10684218859571e-05,0.0301370278426901,-0.000189262025531561,-0.00217633620087779,-1.99573072441339e-05,0.00065359728167678,-0.00128791611331123,0.000415443793304744,0.381509196481859,-0.264305885168632,0.000418592931230912,0.0301191786657313,0.838882565498352,-0.136321797966957,-0.249057218432426,0.101315662264824,1
1.285,-7.01331057070774e-05,9.69717769803021e-06,0.0301371933929372,-3.95292884720268e-05,-0.0024449030389548,-1.98262686730288e-05,0.00127370612523992,-0.00145583396078084,-8.30452169972625e-05,-0.111322122111752,-0.207403610428677,-0.000207704013807867,0.0301191786657313,0.276469320058823,0.205227226018906,-0.227495133876801,-0.120260648429394,1
1.286,-6.87865300613439e-05,8.38369575029362e-06,0.030137022840834,7.31012396235244e-05,-0.00204401234812521,-1.97517805022862e-05,0.00142303891026878,-0.00117312497632995,-0.000257626339363322,0.31320753655849,0.916756763835903,0.000323605177613821,0.0301191786657313,0.608684539794922,0.115352660417557,-0.561001837253571,-0.144714593887329,1
1.287,-6.70033974646956e-05,7.31952384101397e-06,0.0301367254180824,0.000409172257859057,-0.00150451970052384,-1.94445124162002e-05,0.00214636837539807,-0.000959047714007827,-0.000336914883947747,0.283940089348728,0.0445850547182221,0.000179922312729529,0.0301191786657313,0.236554861068726,0.00877009332180023,-0.0578015148639679,0.206217065453529,1
1.288,-6.48414997506925e-05,6.27686460291142e-06,0.0301361995666578,0.000174183896973649,-0.00129766732322763,-1.96424202445478e-05,0.00217984193901577,-0.00112416162796416,-0.000713474810644383,-0.692945351706822,0.326400229197569,-0.000524509295726393,0.0301191786657313,0.524747729301453,0.244695454835892,-0.446268260478973,-0.277716517448425,1
1.289,-6.23650512423598e-05,5.37069139255074e-06,0.0301354365535811,-0.000123790158822919,-0.00149422751816487,-1.98914662634664e-05,0.00277069819962164,-0.000687034047199088,-0.000811793401990078,0.167233305160452,-0.663282542456836,0.000118742755953503,0.0301191786657313,-0.0335845500230789,-0.213166177272797,0.215129315853119,0.283930093050003,1
1.29,-5.97978601481792e-05,4.49049856612731e-06,0.0301344926141004,-0.000336799750353537,-0.00139512894377688,-2.01595110529418e-05,0.00236633713866368,-0.00107091806955379,-0.00107479987252912,-0.538906832428519,0.842389618619442,-0.00062988331297008,0.0301191786657313,0.075735867023468,0.0975218862295151,-1,-0.14956721663475,1
1.291,-5.70854394910032e-05,3.53537582814691e-06,0.0301337719535497,-0.000396246021923924,-0.00115687638881627,-2.03271726628707e-05,0.00305952661975333,-0.000839776572744391,-0.000368029653281604,0.433855167307076,-0.409608485991865,0.000299911994453492,0.0301191786657313,0.317412555217743,-0.51784336566925,-0.00656143296509981,-0.0613781064748764,1
1.292,-5.39846011553624e-05,2.52069403979515e-06,0.0301334801994254,-0.000186811787786576,-0.00145931809088228,-2.02010826244603e-05,0.00314037472011011,-0.00119077968890851,-0.000215679011149655,-0.0593021304285286,-0.116163447439897,-9.91225177490867e-05,0.0301191786657313,0.251162439584732,0.140469580888748,-0.0905099362134933,-0.175523042678833,1
1.293,-5.07963226391013e-05,1.46389449549814e-06,0.0301331871263388,0.000105941502104678,-0.00133503033995961,-2.00382939823385e-05,0.00323816463446211,-0.000926124007451852,-0.000370007729213621,0.57813034274837,0.34444048548654,0.000378667997857387,0.0301191786657313,0.135320216417313,0.0543780252337456,-0.156245708465576,0.0179691165685654,1
1.294,-4.75203472979705e-05,5.46668141012801e-07,0.0301327692353611,0.000512764379580093,-0.000861214596241862,-1.97512223891749e-05,0.00331868940895406,-0.000912149791356556,-0.000465245729114209,0.144784924325089,0.502168444302208,0.000145967745673534,0.0301191786657313,0.469651222229004,0.305720031261444,-0.170120403170586,-0.0168767273426056,1
1.295,-4.4007994848614e-05,-2.48053682287601e-07,0.0301320475585126,0.000555732855424009,-0.000796816493603192,-1.97783878981284e-05,0.00370656187208241,-0.000678616944210601,-0.000976119611848947,-0.0657881790485003,-0.374860734821881,-0.000205849473568032,0.0301191786657313,-0.185929283499718,0.182423934340477,0.192107051610947,-0.45223593711853,1
1.296,-4.05197551026443e-05,-6.8368991761692e-07,0.030131148381702,0.000651369711567982,-0.000650529873926617,-1.97502603032085e-05,0.00327329824530019,-0.000194676007985127,-0.000821912106846306,0.235232820812049,0.641303106524222,0.000249165856535337,0.0301191786657313,0.357161998748779,0.27499657869339,-0.350912630558014,0.108374357223511,1
1.297,-3.70121168343504e-05,-8.28705097987728e-07,0.0301301513245097,0.000568600739052222,-0.000600978005842382,-1.98128640191975e-05,0.00374230561600486,-9.49489795755277e-05,-0.00117063025828676,-0.379176663640148,-0.539798405804625,-0.000355544699977633,0.0301191786657313,-0.0250016078352928,0.234850436449051,0.417897343635559,-0.399583280086517,1
1.298,-3.35037395429055e-05,-6.78839857951163e-07,0.0301288692326051,0.000413299654515706,-0.000601914049560407,-1.99433514609382e-05,0.00327681418106722,0.000394786504643061,-0.00139211859269669,0.102956952035181,0.545726231601485,9.41244311530988e-05,0.0301191786657313,-0.223385751247406,0.309496074914932,-0.199774950742722,-0.476066529750824,1
1.299,-3.02799758053609e-05,2.15193744975492e-08,0.0301276892614085,0.000843836316603443,-3.97640152572719e-05,-1.97711227611919e-05,0.00317683724693048,0.00100103500006201,-0.000967946627765415,0.653622543620353,0.456701365506026,0.000161419670085383,0.0301191786657313,-0.118175648152828,-0.215387776494026,-0.322830677032471,0.0134980976581573,1
1.3,-2.70490400233885e-05,9.06605236389427e-07,0.0301269563709004,0.000660708073980367,-4.14021149177225e-05,-1.98239882625018e-05,0.00328583719748826,0.000771575106011904,-0.000498482952864797,-0.975405925168123,-0.447599988895416,-0.00024736318828648,0.0301191786657313,-0.490564316511154,-0.0598462820053101,0.0879777818918228,-0.283970892429352,1
1.301,-2.40282916448891e-05,1.76257607761881e-06,0.0301267340166237,-0.000347426094348645,-0.000128308065288512,-2.00132772714134e-05,0.00275731441313986,0.000948779272793135,5.24547938493222e-05,-0.808975374711371,0.300895326057176,-0.000178621919653374,0.0301191786657313,-0.267667531967163,-0.0906329080462456,0.123552188277245,-0.203744605183601,1
1.302,-2.14535945439479e-05,2.77329853031592e-06,0.0301269423740804,-0.000698595007327221,0.000302960411178606,-2.02315324027147e-05,0.00239764252669452,0.00107562874185336,0.000363297541419096,0.182466999012833,0.468249630228015,-0.000274678180608649,0.0301191786657313,0.471031665802002,-0.195848554372787,0.0891663506627083,0.209261924028397,1
1.303,-1.89132233633722e-05,3.70329530665221e-06,0.0301270655181203,-0.000460760936954057,2.70638483490669e-05,-2.0261996666715e-05,0.00268085599621435,0.000783343722336441,-0.000115945158662146,0.234521606596851,-0.943881329199018,0.000168580688176608,0.0301191786657313,-0.452075093984604,-0.309397280216217,0.150306314229965,-0.0307602137327194,1
1.304,-1.65010094402416e-05,4.38709944341677e-06,0.0301271845460569,-0.000237920857725937,-0.00041098896352721,-2.01999211708603e-05,0.00214211591187362,0.000583139583999661,0.000352610626800683,0.157434617258358,0.173766608690342,-5.27807324387877e-05,0.0301191786657313,-0.0432997941970825,-0.116447381675243,0.00555730238556862,0.200664684176445,1
1.305,-1.44030501201634e-05,4.85147633666365e-06,0.030127502465406,-0.000246641458662352,-0.000109792797108373,-2.0297206812625e-05,0.00205730186300472,0.000346459790146858,0.000283202179675682,-0.173316099062188,0.363992384646755,-0.000124945612836387,0.0301191786657313,0.140100792050362,0.093259260058403,0.138654187321663,-0.0766297876834869,1
1.306,-1.23591713134759e-05,5.2784781008226e-06,0.0301276528416786,-0.000140889576508866,0.000132852554758205,-2.04043946951948e-05,0.00203329431354033,0.000506353875271632,1.81524273703248e-05,0.357252828345465,0.0713963509020976,-9.71296623272627e-05,0.0301191786657313,-0.076863557100296,-0.167284235358238,0.095945343375206,-0.20782658457756,1
1.307,-1.04043108378434e-05,5.80725102328558e-06,0.0301277930574112,0.00021364539939816,0.000147022856021749,-2.05006212317116e-05,0.00187763172008052,0.00054824420490293,0.00026152301428295,0.267948795885188,-0.0401643153479301,-9.1961426500089e-05,0.0301191786657313,0.0308032929897308,-0.255824208259583,-0.148224651813507,0.110959716141224,1
1.308,-8.46199270415913e-06,6.20733226629864e-06,0.0301281395464952,-3.43845703095843e-05,-0.000188197702507579,-2.06049605493419e-05,0.00200457290378765,0.000254650504092948,0.000430975404399279,-0.705398265636044,-0.544881118477988,-0.000128279681471214,0.0301191786657313,-0.129274412989616,0.094466045498848,0.467662751674652,-0.148360952734947,1
1.309,-6.7146084289893e-06,6.57270780730002e-06,0.0301284402921988,-0.00043090584618926,-0.000106225750745519,-2.07661477333865e-05,0.00149285456996758,0.000479008997965014,0.000171010562814219,0.0019308228641776,0.69141679728041,-0.000229659610158806,0.0301191786657313,-0.320034891366959,-0.210275888442993,0.0961823090910912,0.0715486407279968,1
1.31,-5.39259412425289e-06,6.9552034463853e-06,0.030128734142945,-0.000432941956458018,0.000770182709116774,-2.1038954053143e-05,0.00115939626021753,0.000286293558647455,0.000416373611667361,-0.00667591791607347,0.860319644395891,-0.000267733421997008,0.0301191786657313,-0.173406511545181,0.138756677508354,0.138528123497963,-0.150028139352798,1
1.311,-4.33991381362829e-06,7.37499042998199e-06,0.0301291489163319,-7.68487572142531e-06,0.00117048433562632,-2.14503735396221e-05,0.000950249699484219,0.000549142371549996,0.000412964995678567,0.754188627788823,-0.148156505140366,-0.000550109994446491,0.0301191786657313,-0.46849113702774,-0.260177612304688,0.251992970705032,-0.309437096118927,1
1.312,-3.65884953091385e-06,7.9462435721369e-06,0.0301298493665129,0.000567090564384986,0.000853938398481464,-2.191437808996e-05,0.00041071572086998,0.000588573332686016,0.00098602194444545,0.260601204842483,-0.408117116787596,-0.000316557477857673,0.0301191786657313,-0.482276797294617,0.0506021752953529,0.138903513550758,-0.307084083557129,1
1.313,-3.48610171762278e-06,8.67270630257749e-06,0.0301310480589039,0.000632283831862153,0.000456575093118596,-2.21512196918461e-05,-6.72266044073854e-05,0.000863287362849697,0.00140934207331339,-0.146349807232733,-0.293857036838104,-0.000133516046738742,0.0301191786657313,0.201795160770416,0.019344374537468,0.512717068195343,-0.65536493062973,1
1.314,-3.67414944295321e-06,9.80418990330156e-06,0.0301324016409795,0.000574915063883497,0.00015460257923601,-2.23045895988427e-05,-0.000310867675362026,0.00139902458839344,0.00129718994008651,0.041063571120335,-0.240260739852647,-0.000147380644992905,0.0301191786657313,-0.100352734327316,-0.1040004119277,0.324858903884888,-0.178690254688263,1
1.315,-4.15904930479749e-06,1.12309784273974e-05,0.0301336937932229,0.000229862280290476,0.000166339425209962,-2.23559053198485e-05,-0.000657129772034245,0.00145767588960289,0.00128628487027579,-0.650526391212228,0.25660384804864,2.26265439443453e-05,0.0301191786657313,-0.0410795621573925,0.0371507406234741,-0.238802954554558,-0.293078035116196,1
1.316,-4.73547647650947e-06,1.28339708040256e-05,0.0301351591988919,-0.000261438990967346,8.01200223496053e-05,-2.23558152363523e-05,-0.000497080632733844,0.00175227747191135,0.00164256683017538,-0.223055209206658,-0.408741776355152,-5.7113939670038e-08,0.0301191786657313,0.151802614331245,0.109961859881878,-0.142509713768959,-0.014461481012404,1
1.317,-5.12068503698048e-06,1.46580945741582e-05,0.0301367271181438,-0.000287572077025115,-0.000552809445956017,-2.23076271725908e-05,-0.000279485654784322,0.00189639457003681,0.00149267199355001,0.170218243380486,-0.709713746486552,9.5261227191043e-05,0.0301191786657313,-0.223532825708389,-0.175210446119308,-0.0271268934011459,0.104449287056923,1
1.318,-5.50268272008416e-06,1.64632634139637e-05,0.030138308893546,-0.000311964438436583,-0.000661492231452992,-2.23726864598817e-05,-0.000485040653065778,0.0017152146194666,0.00166937415251183,-0.217694428267126,0.513309471503559,-0.000234419335279836,0.0301191786657313,-0.0727683752775192,0.220554053783417,-0.0450110211968422,-0.0569912455976009,1
1.319,-6.01562647437475e-06,1.83168423799736e-05,0.0301399200930902,-0.000214654558777425,0.000123305165388028,-2.25815035928001e-05,-0.000534163834936736,0.00199099704663354,0.00155224028110113,0.382224522854189,0.869871344385087,-0.000196626465913426,0.0301191786657313,0.442877888679504,-0.162193268537521,-0.00731643289327621,-0.0486405715346336,1
1.32,-6.3654719041019e-06,2.02837694804847e-05,0.0301413413112226,-2.00113245472757e-05,0.000336393544829264,-2.27052607648659e-05,-0.00016480607645954,0.00194198870361105,0.0012899310321304,-0.0428879677833576,-0.490547751237422,-5.56835910350697e-05,0.0301191786657313,-0.0824964940547943,-0.364490896463394,0.223668619990349,-0.175492852926254,1
1.321,-6.65649901083209e-06,2.21725523379735e-05,0.0301427413277205,-0.000349636595350311,-7.18865509502426e-05,-2.27369765872787e-05,-0.000420249781822438,0.00183926558421,0.00150860544113397,-0.543580853108776,-0.231725571313488,-4.63923784310044e-05,0.0301191786657313,-0.628565192222595,0.119561553001404,0.330142676830292,-0.191414102911949,1
1.322,-7.47271573888493e-06,2.41730553227569e-05,0.0301443451287815,-0.000504012534187033,0.000469349194903143,-2.29788953522991e-05,-0.00120623510270636,0.00216308657572342,0.00169760797030805,0.263399430282981,1.1820329493306,-0.000463678677535836,0.0301191786657313,-0.00739464908838272,-0.126458436250687,-0.405070602893829,-0.0485203042626381,1
1.323,-8.50759034641801e-06,2.63404453880177e-05,0.0301462201026815,-0.000243941508407094,0.000743621831772138,-2.32367419497059e-05,-0.000862424727148557,0.00217018071910391,0.00205016938205439,0.189855006501597,-0.695296806670966,-5.52220274548125e-05,0.0301191786657313,-0.467702805995941,-0.083028718829155,0.292348951101303,0.253311574459076,1
1.324,-9.67353523616317e-06,2.84079145363486e-05,0.030148216260524,-0.000417426851477855,0.000253536713197441,-2.32127586077269e-05,-0.00147265528578537,0.00196741028603324,0.00194097057164113,-0.500785049875979,-0.174695231544914,3.80595168376984e-05,0.0301191786657313,-0.0313779190182686,-0.145849674940109,0.146898180246353,-0.0189731605350971,1
1.325,-1.12242486768505e-05,3.03681201420085e-05,0.0301501162299313,-0.000880405989395437,1.66523985565037e-05,-2.31583905430099e-05,-0.00163084333421645,0.00195760094008776,0.00185794076814986,-0.324176170891071,-0.248459247378888,5.14635024273731e-05,0.0301191786657313,0.0273861885070801,-0.237635150551796,-0.0500261634588242,0.337211489677429,1
1.326,-1.28379004373594e-05,3.21495789067232e-05,0.0301518808691863,-0.00127996914828701,-0.000340702258290206,-2.30505900638001e-05,-0.00160013344153027,0.00161036455807771,0.00167078090189445,-0.387117748823246,-0.387484721851877,0.000128087061309666,0.0301191786657313,-0.0803135260939598,-0.39775562286377,0.0172108486294746,0.127953454852104,1
1.327,-1.45020840113259e-05,3.36147475616409e-05,0.0301536150521416,-0.00145817094598987,-0.000466891018011517,-2.30704254211567e-05,-0.0017294780719639,0.00132281789790636,0.00179607766130421,0.066290998909833,0.157756035580254,-0.000180127953160865,0.0301191786657313,0.235180497169495,-0.364216536283493,0.156970262527466,0.551032364368439,1
1.328,-1.62251508313165e-05,3.46376187740686e-05,0.0301551157310319,-0.0014831089256182,-0.000237302184427952,-2.3327386116101e-05,-0.00171527668923883,0.000724816460823176,0.00120560341149029,-0.113082280105928,0.242251147250712,-0.000282411227085015,0.0301191786657313,0.567713022232056,-0.365283131599426,0.140308350324631,0.105092838406563,1
1.329,-1.7789862945642e-05,3.52435848567267e-05,0.0301560739034646,-0.00129868833469277,-0.000363533910209817,-2.32781431561691e-05,-0.00141643003027586,0.000486267843097688,0.000711179941577744,0.435628951965886,-0.468231804410821,0.000348134856156755,0.0301191786657313,-0.201366648077965,-0.386293083429337,0.0998386666178703,0.200652778148651,1
1.33,-1.93584140899084e-05,3.55569680788602e-05,0.0301568225765148,-0.000888848550300747,-0.000421983594315666,-2.3194396939985e-05,-0.00172084267124882,0.00013807925505307,0.000785397697072688,0.288190361688358,0.357751309987732,-0.000178143623063747,0.0301191786657313,0.110887125134468,-0.418129563331604,-0.263584315776825,0.14386847615242,1
1.331,-2.0956516529475e-05,3.55244446477964e-05,0.0301576989219874,-0.00082738838471571,-0.000326083124962066,-2.32964569222283e-05,-0.0014757389403601,-0.000202742708451711,0.000966213414156584,-0.17813465738024,-0.191446199199103,-1.57861487129084e-05,0.0301191786657313,0.104086883366108,-0.194665715098381,0.031277384608984,0.213584095239639,1
1.332,-2.24343343974294e-05,3.52147829476481e-05,0.030158526646554,-0.00105268493027842,-0.000502289836515473,-2.33297100509233e-05,-0.00148186366204389,-0.00041418744546058,0.000689470564271826,-0.219282666924998,-0.124805477697071,-5.9080839741139e-05,0.0301191786657313,0.0621280558407307,-0.0827454179525375,-0.0968834906816483,0.204571634531021,1
1.333,-2.38885739089163e-05,3.47474042597911e-05,0.0301591023278477,-0.0010772059795063,-0.000595508945395213,-2.33501033020111e-05,-0.00142803693569238,-0.000520228259088423,0.00046213490769375,0.176166748065307,-0.0445516891687916,1.30100797375144e-05,0.0301191786657313,0.146701633930206,-0.477368712425232,0.0850269049406052,-0.0240747630596161,1
1.334,-2.53314136025325e-05,3.41039504535737e-05,0.0301595891647459,-0.000896713310577665,-0.000505773367119691,-2.34103443959022e-05,-0.00145727890768139,-0.00076783041074425,0.000511069610630118,0.144581945849053,0.197989288454716,-0.000127716360571137,0.0301191786657313,0.267759084701538,-0.123222522437572,0.0473622381687164,0.0310365706682205,1
1.335,-2.67370920324927e-05,3.33283991988938e-05,0.0301599311962135,-0.0006194624494146,-0.000414648035753315,-2.34570885768726e-05,-0.00135401600429427,-0.000785847392892781,0.000173584815968255,0.347077605627009,-0.0406518679185992,2.18120134193345e-05,0.0301191786657313,-0.0717834606766701,-0.352147191762924,-0.197103872895241,-0.235553309321404,1
1.336,-2.80792939564438e-05,3.25418150771082e-05,0.0301603566152941,-0.000314451291167476,-0.000501452970991434,-2.34326828305598e-05,-0.00133164299726754,-0.000790157981371079,0.000675588369393434,0.194666203417455,-0.116494295474502,2.68655068681802e-06,0.0301191786657313,-0.0470353215932846,-0.188036635518074,0.151408404111862,0.0679299831390381,1
1.337,-2.95327793686891e-05,3.16881776618547e-05,0.0301609542444377,-0.000419400181267797,-0.000359815075879578,-2.35536405659431e-05,-0.00157396565296054,-0.000916175016251912,0.000519672746485969,-0.375891821099586,0.360909637953673,-0.000227544378022251,0.0301191786657313,0.0838112011551857,0.0983669236302376,0.195583879947662,-0.217803448438644,1
1.338,-3.11883879585329e-05,3.09440648096369e-05,0.0301613256041482,-0.000463362804727842,-1.01290357423214e-05,-2.37356388907983e-05,-0.00173437271515627,-0.000572845062688436,0.000223597115096441,0.29845497077627,0.252350431674065,-0.000133419584802869,0.0301191786657313,-0.259075701236725,-0.268607944250107,0.120152160525322,0.34983691573143,1
1.339,-3.31065173100804e-05,3.01633004231763e-05,0.0301614863246684,-0.000661586854961865,0.000233534910878796,-2.38458884811443e-05,-0.00209956665946298,-0.000986246444632467,9.80678457679956e-05,-0.643804295432962,0.172448653266307,-5.09074150274141e-05,0.0301191786657313,0.187797203660011,-0.101943738758564,0.0356458723545074,-0.625411629676819,1
1.34,-3.5174192621168e-05,2.94381268062012e-05,0.0301616944139878,-0.000593889424845068,-0.000158864137984971,-2.3736995292456e-05,-0.00204000357751385,-0.00046598502415439,0.000317532611420301,0.762610123446303,-0.869292622884832,0.000278538999466297,0.0301191786657313,-0.315736651420593,-0.145152479410172,0.0913329049944878,0.148197963833809,1
1.341,-3.74257386266241e-05,2.88924802935464e-05,0.0301620114548796,-8.74652233836718e-05,-0.000714309151035782,-2.35797165597518e-05,-0.00246733610889993,-0.000629344964738072,0.00031625567084047,0.136028675292287,-0.121543651957631,-1.12039811798772e-05,0.0301191786657313,0.34265273809433,0.127664536237717,-0.0955317541956902,-0.0707483664155006,1
1.342,-3.97741517357955e-05,2.83736108528021e-05,0.0301621222333093,-2.64579779046092e-06,-0.00101153042295179,-2.36083259572695e-05,-0.00223346735035887,-0.000409894781130061,-9.36043321137414e-05,0.015733359484487,-0.409745171557536,-6.09774263537772e-05,0.0301191786657313,0.0106114000082016,0.359496504068375,-0.105415835976601,-0.0313955880701542,1
1.343,-4.20291142537602e-05,2.81501649585476e-05,0.0301618501328821,8.54799171359999e-05,-0.00112280322522136,-2.36231254162611e-05,-0.00227803542916129,-3.88028223297156e-05,-0.000449472028747053,0.140212080498563,0.204732248287811,2.55286409724669e-05,0.0301191786657313,0.101559817790985,-0.202367380261421,-0.224722072482109,-0.212146818637848,1
1.344,-4.424502434517e-05,2.81419251786909e-05,0.0301615247010792,-6.93425779053193e-05,-0.000860658383686459,-2.37628700605619e-05,-0.00215255810385284,2.35035658384096e-05,-0.000201741629126466,-0.412378943533303,0.251482611005161,-0.00027374524353093,0.0301191786657313,0.21427857875824,0.0737107247114182,-0.424723625183105,0.074881948530674,1
1.345,-4.62053494346361e-05,2.81993734029823e-05,0.0301612623739497,-0.000574360905054867,-0.000979362740520377,-2.40320580910947e-05,-0.00177068868908368,9.55858161591558e-05,-0.000322422843019126,-0.479444799145926,-0.465190856029906,-0.000180232480427727,0.0301191786657313,0.15302050113678,0.19999186694622,-0.135091871023178,0.339298963546753,1
1.346,-4.79344654660338e-05,2.82853254818436e-05,0.0301606377389934,-0.000930483814457667,-0.00133613705521434,-2.41790759187843e-05,-0.00169135097148734,7.94455334993304e-05,-0.00092471426968086,-0.151332733942743,-0.171719039662905,-9.26961752177198e-05,0.0301191786657313,0.349950551986694,-0.00460632145404816,-0.0369529947638512,0.219767957925797,1
1.347,-4.95524402498471e-05,2.83262524081318e-05,0.0301594242956149,-0.00087587395221988,-0.0013345928302,-2.42077148864261e-05,-0.00154550649042285,2.15695008355626e-06,-0.00149982661552611,0.246547107286226,0.168586373175545,2.97718501662173e-05,0.0301191786657313,0.583008766174316,0.171067744493484,-0.181995898485184,-0.0188590735197067,1
1.348,-5.08717663929589e-05,2.84518272645425e-05,0.0301576291889455,-0.000225805421536083,-0.00136902447825806,-2.38089875401748e-05,-0.0010949224481446,0.000242907202678555,-0.00208778751987063,0.899718103587488,-0.232379065676435,0.0006328712436141,0.0301191786657313,0.375600069761276,-0.143789380788803,-0.376019895076752,0.230800285935402,1
1.349,-5.17509641805439e-05,2.85721134148078e-05,0.030155432982007,0.00010585766425951,-0.00169230993117029,-2.36317069410852e-05,-0.000667695399209375,-4.43840815541634e-06,-0.00230252402637975,-0.310307057277927,-0.341211423227449,-0.000377583020385783,0.0301191786657313,0.0508851855993271,-0.182245284318924,0.167227327823639,-0.242615938186646,1
1.35,-5.2561259718219e-05,2.86219457852253e-05,0.0301531385251369,-0.000380167674610248,-0.00124509600287189,-2.41847913060589e-05,-0.000948621378623391,0.000107985193836117,-0.00228490591295962,-0.547645187479978,1.12466740144934,-0.000678396758588133,0.0301191786657313,0.535438716411591,-0.0238910913467407,-0.595843315124512,0.0569590628147125,1
1.351,-5.3129767331811e-05,2.87404472197359e-05,0.0301507993652208,-0.000864921256252047,-0.000882071681284485,-2.45949869452922e-05,-0.000187593415157314,0.000133125963712495,-0.00239161655184321,-0.310116885210465,-0.479901601611837,7.22155890366161e-06,0.0301191786657313,-0.336360722780228,-0.371108293533325,-0.169824242591858,0.521609365940094,1
1.352,-5.34636226826439e-05,2.85672718885361e-05,0.030148484836858,-0.00148724239544036,-0.00100708854000154,-2.49563860177382e-05,-0.000480519391369942,-0.000472584045157306,-0.00223617914090901,-0.787096335433677,0.255961874449232,-0.000713026164330246,0.0301191786657313,0.202378794550896,-0.215109497308731,-0.484190881252289,0.223910927772522,1
1.353,-5.37450849853752e-05,2.79879517031842e-05,0.030146299590931,-0.00175199045409325,-0.00113507175433446,-2.50366754905862e-05,-8.46033575700419e-05,-0.00068344473881749,-0.00213305233847725,0.318387023328177,-0.480774299227743,0.000588075585641142,0.0301191786657313,-0.0559934228658676,-0.52292537689209,0.111834831535816,0.349519282579422,1
1.354,-5.39832446955822e-05,2.70195727476642e-05,0.0301441597883559,-0.00131347309772766,-0.00111317024276002,-2.48139438654427e-05,-0.000390758699465602,-0.00125579742841772,-0.00214518186352253,0.458964350680284,0.51576343873199,-0.000160960441691789,0.0301191786657313,0.220837011933327,-0.291709959506989,-0.28726664185524,0.327472388744354,1
1.355,-5.42474302652972e-05,2.55686478900768e-05,0.0301419791847232,-0.00083124571317755,-0.000841626672130835,-2.48092887633611e-05,-0.000136092021209083,-0.00164957096593172,-0.00221447413939514,0.39780407478593,-0.0349847718438243,0.000128856106545587,0.0301191786657313,0.0424535274505615,-0.208715379238129,0.121207013726234,0.18285921216011,1
1.356,-5.44914677584685e-05,2.38033672701837e-05,0.0301396660041478,-0.000506027390004702,-0.00072350709759256,-2.4772376056692e-05,-0.000350563935345132,-0.00188384595101741,-0.00240991515778215,0.182159334045195,0.242093116670648,-6.50147392061841e-05,0.0301191786657313,0.421036303043365,0.0107930153608322,-0.170284435153008,-0.100528478622437,1
1.357,-5.46760076555596e-05,2.19984926282644e-05,0.0301371540490837,-0.000150666536779849,-0.0009754463024781,-2.465724978995e-05,-2.15541558324476e-05,-0.00172991806641242,-0.0026117740659346,0.450086754031331,-0.685006694477147,0.000226235712594436,0.0301191786657313,-0.167832881212234,-0.141114056110382,-0.150746062397957,-0.102227680385113,1
1.358,-5.47896753626254e-05,2.02754783527032e-05,0.0301347270402308,9.70140531683938e-05,-0.00132999157375723,-2.45642060536788e-05,-0.000208315656174596,-0.00171882434721441,-0.00224163715599138,-0.00590048099560323,0.0559257723949336,-7.17497578911775e-05,0.0301191786657313,0.193093106150627,-0.0666187554597855,-0.333386689424515,-0.0928868725895882,1
1.359,-5.48737715109131e-05,1.85858495441354e-05,0.0301325734976021,-0.000102005073115441,-0.00130397082791093,-2.47759797478153e-05,4.01853996145688e-05,-0.00165932265455409,-0.00206409159156005,-0.340160312928327,-0.010168713211093,-0.000312546000770229,0.0301191786657313,0.230699449777603,-0.047575056552887,0.106345295906067,-0.32766193151474,1
1.36,-5.48712139168251e-05,1.70630975050018e-05,0.0301304983297721,-0.000233952117219271,-0.00104222160353331,-2.49726490819668e-05,-3.2644783537149e-05,-0.00138613685895724,-0.00208480840343095,0.110814344245694,0.471090725895882,-6.77541716838741e-05,0.0301191786657313,0.460166066884995,-0.127287536859512,-0.206708535552025,-0.0684250071644783,1
1.361,-5.47130770811761e-05,1.56750552454911e-05,0.0301283706718754,-0.000179139676178171,-0.000977851237480833,-2.50238673906722e-05,0.000348465701485938,-0.00139085936377059,-0.00216885700415812,-0.00943347200020939,-0.354323723493732,-4.10131469740408e-05,0.0301191786657313,0.34619814157486,-0.0221895892173052,0.033271674066782,-0.131529778242111,1
1.362,-5.43211897130856e-05,1.43481422606135e-05,0.0301260968213013,-0.000113176543577813,-0.00132925519622935,-2.5019573899332e-05,0.000432318941329092,-0.00126407075787846,-0.00237711758271767,0.129774952145303,-0.264544574412892,4.00891973864857e-05,0.0301191786657313,0.280960142612457,-0.325828313827515,0.0787297785282135,-0.0260509643703699,1
1.363,-5.38970430961054e-05,1.29794610577385e-05,0.0301237046078042,-0.00027996866298977,-0.00130522398459242,-2.52210018052423e-05,0.000416362042934792,-0.00147183276375528,-0.00240562284395945,-0.418768848975463,0.306882869259304,-0.00041687976299645,0.0301191786657313,0.416078567504883,0.454609900712967,-0.0435702800750732,-0.239298239350319,1
1.364,-5.33788940189251e-05,1.18098467726482e-05,0.0301210617236661,-6.38360107495662e-06,-0.00104262687185114,-2.51739868621925e-05,0.000621873285290807,-0.00087160910332103,-0.00287719061709381,0.901826275581563,0.158687433427588,0.000442561748447812,0.0301191786657313,-0.140017718076706,-0.21866400539875,-0.168881505727768,-0.0466310828924179,1
1.365,-5.28240524702142e-05,1.0874169309582e-05,0.0301184074257868,0.000482937677455741,-0.000717147414037935,-2.49257759463717e-05,0.000491122310899582,-0.00100389544034781,-0.00243080115579171,-0.0322553362953313,0.417063363318086,2.6855371247783e-05,0.0301191786657313,0.239667728543282,0.0637642368674278,-0.4219571352005,-0.296306699514389,1
1.366,-5.21351178497131e-05,1.0015885391253e-05,0.0301161434128285,0.000352709930753589,-0.000868279703013393,-2.50760920406101e-05,0.000884957878554474,-0.000712373970743,-0.00209630004473677,-0.19477871350721,-0.679633115918256,-0.000294254506627183,0.0301191786657313,0.0198389198631048,0.249515280127525,0.109737277030945,-0.393927335739136,1
1.367,-5.13662521841426e-05,9.56684714097165e-06,0.0301140599697757,0.000396654713283458,-0.0012098093183386,-2.51730614557744e-05,0.000650697838287284,-0.000187590146779152,-0.00206924262129034,0.27237314563419,0.0768417382669196,0.000126703637255085,0.0301191786657313,-0.238741844892502,0.0460949018597603,-0.338410705327988,-0.152356415987015,1
1.368,-5.07561444089169e-05,9.45829976196903e-06,0.0301122703472855,0.000442623856512263,-0.000881764430455395,-2.51252143663727e-05,0.000572713866601005,-3.03248876162344e-05,-0.00151018359013605,-0.18972637493914,0.503055556841484,-3.97406622220982e-05,0.0301191786657313,0.204280734062195,-0.10425366461277,0.2283955514431,-0.018806979060173,1
1.369,-5.02625101807887e-05,9.39498806304366e-06,0.0301106536475551,-0.000117883920932891,-0.000330896323644087,-2.52981965722654e-05,0.000419881641674632,-9.13645448092787e-05,-0.00172158082159469,-0.798047528091193,0.470845167468202,-0.000244378608413981,0.0301191786657313,0.0360865034162998,0.180601432919502,0.0482748076319695,-0.172918051481247,1
1.37,-4.99041900133992e-05,9.46509895632156e-06,0.030108914104718,-0.000475662363163539,-0.000146877379421268,-2.54402242707563e-05,0.000298783649267993,0.000233764308605418,-0.00175625559761534,0.162911819873588,-0.142864723747507,-1.91828864645857e-05,0.0301191786657313,-0.0425835140049458,-0.495872974395752,0.258580386638641,-0.13655249774456,1
1.371,-4.97845659508598e-05,9.57329495577577e-06,0.0301073426714286,-0.000404211454570799,-0.000334171815614425,-2.54591144344118e-05,-6.01409327673633e-05,-1.72582837108259e-05,-0.00138657781164773,-0.0363741478673259,-0.187465093858237,-3.47107482625483e-05,0.0301191786657313,0.153806284070015,0.0697941556572914,0.0900668054819107,0.0203425046056509,1
1.372,-4.98806183683025e-05,9.59556109591055e-06,0.0301058497413157,-0.000222097343553413,-0.000721082610647573,-2.54004361677218e-05,-0.000134925998045723,5.97831935326607e-05,-0.00159707663366473,0.355285071957212,-0.493716608495277,0.000130977739355899,0.0301191786657313,-0.084004782140255,-0.106266401708126,0.234043106436729,0.0261923931539059,1
1.373,-5.02169403239354e-05,9.61421328444977e-06,0.0301042525880683,1.58580499113457e-05,-0.00081889666328454,-2.53479181577809e-05,-0.000537552329712992,-2.42700139164634e-05,-0.00159617283956042,0.0658903996733344,0.317502136754142,-3.66564315363596e-05,0.0301191786657313,-0.131595611572266,0.138907015323639,0.0522475689649582,0.111981056630611,1
1.374,-5.0897654268238e-05,9.61007745081031e-06,0.0301026200004125,1.70822207505317e-06,-0.000325671098730933,-2.54117837146239e-05,-0.000819136121666235,1.60147948352589e-05,-0.00166769452314027,-0.0904185328784733,0.550631763745227,-8.44186576752253e-05,0.0301191786657313,0.173974484205246,-0.0695918351411819,0.0448625087738037,-0.04105494171381,1
1.375,-5.17218095052966e-05,9.62538818017033e-06,0.0301009447857611,-0.000167933884055203,-0.00019950837154537,-2.54948708939828e-05,-0.000828345248176854,1.60654957637301e-05,-0.0016815701538169,-0.20884201966263,-0.327945777207187,-6.12323222988772e-05,0.0301191786657313,-0.297262489795685,0.115635067224503,0.080374650657177,-0.298106014728546,1
1.376,-5.27649600209094e-05,9.82414459524676e-06,0.0300994569980027,1.09366757155008e-05,-0.000455859839080969,-2.54988709631476e-05,-0.00125943936360575,0.000379063548325276,-0.00129398624622541,0.521941277401776,-0.128104642262482,6.11685746544926e-05,0.0301191786657313,0.478527307510376,-0.373761475086212,0.159811794757843,0.0460041500627995,1
1.377,-5.39635360390431e-05,1.00398238863351e-05,0.0300980828096154,1.52535742960474e-05,-0.000945179697536454,-2.56180069961864e-05,-0.00114268024890932,5.31369872190777e-05,-0.00145304467913387,-0.512277813592407,-0.737366002733091,-0.000340046964775786,0.0301191786657313,0.0352697297930717,-0.111251249909401,0.154395163059235,-0.440398961305618,1
1.378,-5.52397425610161e-05,1.02402369715349e-05,0.0300968151061769,-0.000223733318956245,-0.00128142830874775,-2.58140951814312e-05,-0.00141230918887531,0.00034895487653606,-0.00108256770790586,0.0876566932725753,0.137066779385647,-2.43101383469429e-05,0.0301191786657313,0.156608611345291,-0.23825865983963,-0.271931827068329,0.273277938365936,1
1.379,-5.65658096734931e-05,1.03980809990407e-05,0.0300958114262819,-0.000488794173717144,-0.0011521438298361,-2.60754669270113e-05,-0.00123950169510962,-3.01665798037997e-05,-0.000924408615999334,-0.554459322817662,0.0871561826759734,-0.000441719521724284,0.0301191786657313,0.440898090600967,-0.130016982555389,-0.204623192548752,-0.24041423201561,1
1.38,-5.76308427146965e-05,1.04387588518449e-05,0.0300949892068435,-0.000620575528539132,-0.00131873208829333,-2.61629040285705e-05,-0.000893077510111654,0.000112373766070444,-0.000719864169756229,0.319948965802203,-0.383301926204584,0.000292363107725065,0.0301191786657313,0.396670877933502,-0.0819870606064796,-0.0612399056553841,0.276869654655457,1
1.381,-5.84328811954765e-05,1.04286630393773e-05,0.0300941122342455,-0.000344654104324823,-0.00161836956937612,-2.59288717519013e-05,-0.000714330556883126,-0.000134249547536249,-0.00103261946530983,0.168038442287639,-0.149153343569466,0.000108301965226722,0.0301191786657313,0.0936305522918701,-0.390629172325134,-0.128138080239296,0.033143337816,1
1.382,-5.91580008843106e-05,1.01407189904443e-05,0.0300932858087129,-0.000405003761982118,-0.00137121260837527,-2.60912990452944e-05,-0.000733968059163713,-0.000440492096257961,-0.000620659134833889,-0.27256388945558,0.581234989086329,-0.000401844274613696,0.0301191786657313,0.577771663665771,-0.0693507343530655,-0.4755939245224,0.221607729792595,1
1.383,-5.95554927253608e-05,9.60457920943721e-06,0.0300926212919073,-0.000669816358736039,-0.00134532248415836,-2.63358758885168e-05,-6.27623008036749e-05,-0.000629176925948569,-0.000707675126724985,-0.193673903968659,-0.533372948909562,-1.5135953204137e-05,0.0301191786657313,0.422069758176804,-0.207602217793465,-0.138153910636902,0.00454355776309967,1
1.384,-5.94899876345993e-05,8.91618476614132e-06,0.0300919380114914,-0.000644986969832973,-0.00183516161095947,-2.61852070484458e-05,0.000188881045160109,-0.000747741270131281,-0.000658495525981938,0.2383458255823,-0.331569943812316,0.000288623511375084,0.0301191786657313,0.346405059099197,0.00957976281642914,-0.3161860704422,-0.00971609354019165,1
1.385,-5.91404683001295e-05,8.19808133206789e-06,0.0300913255041364,-0.000115142062995753,-0.00194031901858889,-2.56547196628709e-05,0.000508545960442834,-0.000693409330352553,-0.000566330904184632,0.697859186023254,0.145719123069453,0.000664424063771078,0.0301191786657313,0.487871080636978,-0.162478789687157,-0.236127585172653,0.069767102599144,1
1.386,-5.84447511321985e-05,7.41631043666525e-06,0.0300907559540473,0.000262796831141966,-0.00165145560934086,-2.53107441641198e-05,0.000884616968213809,-0.000873150005754834,-0.000572434874209329,-0.0261836637620624,0.36569026985947,-3.79071953656153e-05,0.0301191786657313,0.231946632266045,0.0623176507651806,-0.200259447097778,-0.248191088438034,1
1.387,-5.74818194278118e-05,6.67039506008084e-06,0.0300903032559158,0.00026066334829553,-0.00113752513155585,-2.53081675913869e-05,0.00104566149499623,-0.000619430517230118,-0.000333193523731263,0.0245348577316801,0.544322912829097,2.6033738503188e-05,0.0301191786657313,0.135349005460739,-0.0499111041426659,-0.528529763221741,-0.512033104896545,1
1.388,-5.6250629164287e-05,6.23856105073897e-06,0.0300904054765192,0.000420810280292564,-0.000963012101906793,-2.52663601654213e-05,0.00141771555926017,-0.000246682090934776,0.000535403955151986,0.25877658163612,-0.230671930520363,1.61510175180277e-05,0.0301191786657313,0.0313350558280945,-0.0470507517457008,-0.0274194069206715,0.0539714992046356,1
1.389,-5.48918292664395e-05,5.94603487938456e-06,0.030090994803848,0.00023882380509503,-0.00103740045249821,-2.54583562608879e-05,0.00129998421099895,-0.000336678737600374,0.000642599553088392,-0.576929573951456,0.10266459770268,-0.000381331301849103,0.0301191786657313,0.284337937831879,0.446047365665436,-0.114448867738247,-0.313373625278473,1
1.39,-5.35108578366511e-05,5.92151936434724e-06,0.0300915762759042,0.000171165002601841,-0.00105490592994444,-2.55630174597066e-05,0.00146183343947455,0.000286540620558676,0.000520270576365004,0.454616255136149,-0.128718352049404,0.000183135761318031,0.0301191786657313,0.405142247676849,-0.014623835682869,0.0742261633276939,-0.0798235982656479,1
1.391,-5.19964751825172e-05,6.23327645496392e-06,0.0300920019551622,0.000423963136012983,-0.00118182118841829,-2.55009703420406e-05,0.00156607965727129,0.000334803142121669,0.00033128893760106,-0.00777547846972613,-0.0908989330257367,-9.33959791339096e-05,0.0301191786657313,0.184080511331558,0.100352980196476,0.229205071926117,-0.147185266017914,1
1.392,-5.05305621706423e-05,6.66519440357794e-06,0.0300922443195141,0.000294925681526313,-0.000902076928727533,-2.55894977350124e-05,0.00136904441665735,0.00052992304621979,0.0001536044761895,-0.220804998410564,0.587575160251808,-8.14888429717565e-05,0.0301191786657313,0.199587911367416,-0.280691623687744,-0.0974532142281532,-0.175433814525604,1
1.393,-4.91107624436152e-05,7.15499147026099e-06,0.0300925921371996,-0.00019319780664682,-0.000508892395967661,-2.57959297629284e-05,0.0014741510431038,0.000454205864929503,0.000540744409283277,-0.641272114689284,0.112064948913672,-0.000257104207306775,0.0301191786657313,0.193796917796135,0.0502369739115238,0.101572819054127,-0.106390230357647,1
1.394,-4.76614446249392e-05,7.68959199878262e-06,0.0300930927306145,-0.000515518211856268,-0.000565532533361654,-2.59325664231369e-05,0.00142460782253214,0.000617514104109224,0.000460309404588182,0.0688054219388892,-0.206723287322155,1.31173349062544e-05,0.0301191786657313,-0.160325855016708,-0.178813934326172,0.230894789099693,-0.0479174181818962,1
1.395,-4.64594035427288e-05,8.27365216260506e-06,0.0300936662727585,-0.000306322721395562,-0.000455529045959407,-2.59554660591022e-05,0.000981859131035235,0.000549162841404551,0.000685876163232892,0.298060096888754,0.403002865483731,-5.96101012741455e-05,0.0301191786657313,0.118867218494415,-0.0620736628770828,0.198654741048813,0.208162024617195,1
1.396,-4.55654802671591e-05,8.72709389366711e-06,0.0300942215072249,-0.000157314549119759,-0.000167200417595217,-2.60279418404785e-05,0.000809238947126013,0.000357122583310214,0.000424941994780335,-0.0352759158372856,0.109785515961659,-7.89420365363459e-05,0.0301191786657313,0.0711974799633026,0.169173553586006,0.135997250676155,-0.278239786624908,1
1.397,-4.48332925590763e-05,9.27805769421047e-06,0.0300946580853733,0.000182457645005748,-0.000289455760083775,-2.60588771676673e-05,0.000654698255911176,0.000741118853306745,0.000447887795635858,0.631365751615154,-0.322100077060935,1.47958564517358e-06,0.0301191786657313,0.0995728522539139,0.0120949074625969,0.0366772040724754,0.331074833869934,1
1.398,-4.42091699264662e-05,9.89120437948311e-06,0.0300949674994294,0.000245788284256821,-0.000766478375781848,-2.6217075085988e-05,0.000589832187809447,0.000485525473881382,0.000171474034855371,-0.51809365272128,-0.517826329761307,-0.000354165141579741,0.0301191786657313,0.0660605803132057,-0.0505025386810303,-0.0332439541816711,-0.390255123376846,1
1.399,-4.36477098857648e-05,1.0523230407709e-05,0.0300953482626353,-0.000131528836840336,-0.00112373698691359,-2.64927134150383e-05,0.000530372959894222,0.000781127024185962,0.000588624903697678,-0.151415975040957,-0.112663155961022,-0.000152284535143158,0.0301191786657313,0.42948317527771,0.0273058228194714,-0.058217216283083,-0.077495850622654,1
1.4,-4.29927547744205e-05,1.13621806664928e-05,0.0300958599000083,-0.000175125611154038,-0.00123813454898407,-2.65762173108364e-05,0.000778109307659577,0.00089711355274952,0.000434724216067662,0.0712445303280211,-0.0874640578608445,-1.06122074806766e-05,0.0301191786657313,-0.202311679720879,0.0818880125880241,0.0646270215511322,-0.282679170370102,1
1.401,-4.23969674457173e-05,1.24227087193525e-05,0.0300964742504706,0.000174199172805565,-0.000677596275347003,-2.64466370993865e-05,0.000420397330915945,0.00121959263837378,0.000791732191462489,0.539357280715313,1.07180610425587,0.000235292210919879,0.0301191786657313,0.43527227640152,-0.0929164886474609,-0.0501515716314316,0.200564295053482,1
1.402,-4.18318677565236e-05,1.35290421596194e-05,0.0300971191077247,0.000164034858918724,-0.000128277828060782,-2.6405520549222e-05,0.000713925482301718,0.00099415150533976,0.000498307544225456,-0.557420532300983,-0.0967420807938601,-0.000113642368364261,0.0301191786657313,-0.279564291238785,0.436470866203308,0.302541166543961,-0.300767838954926,1
1.403,-4.14004569842951e-05,1.48361407254893e-05,0.0300975984110464,7.70062945594006e-05,-1.19797526531513e-05,-2.64810538537219e-05,0.000151330803921573,0.00161980239694488,0.000460056892519791,0.397607960380348,0.302355991936505,-5.06769725041601e-05,0.0301191786657313,0.334090769290924,-0.0944432020187378,0.0998835563659668,0.135687738656998,1
1.404,-4.11959960582443e-05,1.63742757129842e-05,0.0300979160212582,4.35219754452998e-05,-0.000277261680377323,-2.65769845966268e-05,0.000255097990605069,0.00145766317120531,0.000175643230733168,-0.45921627147447,-0.767063501342248,-0.000154221874529468,0.0301191786657313,-0.143180310726166,0.139998868107796,0.235811904072762,-0.0725343599915504,1
1.405,-4.11497349917034e-05,1.79382383225043e-05,0.0300980711048882,-0.000315215088953045,-0.00074552296646662,-2.67206473232307e-05,-0.000165400854294687,0.00167325619087833,0.000134476614318687,-0.179968692700457,-0.0619901243504625,-0.000129225701720515,0.0301191786657313,-0.047182209789753,-0.10132635384798,0.129958719015121,-0.657130062580109,1
1.406,-4.14487792107235e-05,1.98649495554005e-05,0.0300985138101103,1.76410737969085e-05,-0.000525370903612935,-2.66929243215586e-05,-0.000429176912847715,0.00217475434426494,0.00074674281841541,0.755185951753364,0.445939695556284,0.000154732760049479,0.0301191786657313,0.116848528385162,-0.497355759143829,0.135028302669525,0.165932819247246,1
1.407,-4.19378617187951e-05,2.17872963510098e-05,0.0300993335884482,-6.85582626990775e-05,-0.000169785775046539,-2.67215718747771e-05,-0.00054577392367258,0.00167263181945154,0.000891912957353435,-0.90847925027393,0.180986475778441,-0.000156896280669292,0.0301191786657313,0.195593923330307,0.212904751300812,-0.251688361167908,-0.147951275110245,1
1.408,-4.23500214708464e-05,2.36379518722186e-05,0.0301002620209234,-0.00064120436305689,-0.000597563450808738,-2.67300670651061e-05,-0.000282960772191199,0.00203344544183433,0.000964143079545128,-0.10934480269679,-0.934550663687155,0.000227621025873636,0.0301191786657313,-0.161615014076233,0.0391691774129868,0.358752071857452,0.223644524812698,1
1.409,-4.29086166085049e-05,2.56378784122299e-05,0.030101082597844,-0.000666985435286925,-0.000904324569920989,-2.66936666699635e-05,-0.000835482482240688,0.00196747651841833,0.000677234139360388,0.0572404803507371,0.387044895340315,-0.000177425997766898,0.0301191786657313,0.443196266889572,-0.159355893731117,0.0123255327343941,0.456954836845398,1
1.41,-4.36329917635105e-05,2.73989183619436e-05,0.0301015025149816,-0.000891391900311835,-0.000718610226148374,-2.69181363043991e-05,-0.000612244674181235,0.00155777462461758,0.000163147373989895,-0.457772903276399,-0.0609638199409827,-0.000214586633523168,0.0301191786657313,-0.00497034192085266,-0.186367332935333,0.0493950247764587,0.0801042318344116,1
1.411,-4.4330334171559e-05,2.8902362255502e-05,0.0301017258892621,-0.00112561717963592,-0.000630337850766159,-2.71280469625879e-05,-0.000781491834354145,0.00145189551197961,0.000283170191279442,0.0386057557857837,0.213898337458074,-0.000182916067060718,0.0301191786657313,-0.258289754390717,-0.409411251544952,-0.0415633916854858,0.105871200561523,1
1.412,-4.52592261053188e-05,3.02027333109574e-05,0.0301022810887487,-0.00102642593328272,-0.000260319267260889,-2.73874313525546e-05,-0.00107289905962918,0.00114898649345903,0.00082587370462138,0.132397879780944,0.43606536585382,-0.000290551331431659,0.0301191786657313,0.337298393249512,-0.204403519630432,0.336941182613373,0.061419740319252,1
1.413,-4.63825198117553e-05,3.12983559884204e-05,0.0301029326808142,-0.000736678910061059,-0.000125796087973158,-2.75071986268749e-05,-0.00117265561266487,0.00104040419135939,0.000477684313490083,0.375262006859167,-0.200491775791594,4.18316333812082e-05,0.0301191786657313,-0.337554901838303,-0.159724697470665,0.263433218002319,0.260647624731064,1
1.414,-4.78515590374017e-05,3.22162519017554e-05,0.0301034319335402,-0.000560800508981963,-0.000118188024885848,-2.75556622892914e-05,-0.00176424883271306,0.000794847067016913,0.000520345101539094,-0.0662066197626632,0.208318073784103,-0.000132890126237789,0.0301191786657313,0.214025631546974,0.0769279003143311,-0.298809379339218,-0.239736557006836,1
1.415,-4.9461354293497e-05,3.3186372573912e-05,0.0301040811918084,-0.000282895631568786,-0.000655756539520975,-2.74420573784795e-05,-0.00146110660689636,0.00114266136089758,0.000777298916483745,0.552449236404562,-1.15905461529552,0.000312886021000609,0.0301191786657313,-0.145407855510712,-0.0319056361913681,0.403503358364105,0.0908174738287926,1
1.416,-5.12207118833705e-05,3.43167998554969e-05,0.0301047629650186,-3.62292165841304e-05,-0.00114083226114098,-2.7339964913331e-05,-0.00206070865525548,0.00111653377631106,0.000586247166966025,-0.118159402938545,0.29268117489373,-0.000144275965648263,0.0301191786657313,0.391511499881744,0.171130165457726,0.11438837647438,-0.0445811413228512,1
1.417,-5.32477111725775e-05,3.55583994960415e-05,0.0301051302215093,-0.000218655572972303,-0.000837025992467189,-2.752097971781e-05,-0.00199151248411752,0.00136799700656794,0.000149100277946444,-0.207554349976158,0.2377544120096,-0.00018815600125364,0.0301191786657313,0.100288391113281,-0.171799451112747,-0.0719949305057526,-0.0550826713442802,1
1.418,-5.52439561448591e-05,3.69239726546684e-05,0.0301053858693174,-0.000619636632105744,-0.000694111638584536,-2.77734256650675e-05,-0.00200039769701225,0.00136704154666357,0.00036150391983541,-0.503835261039014,0.00913855540258477,-0.000258905351400171,0.0301191786657313,-0.126978665590286,0.0510939285159111,-0.000122755765914917,-0.15226449072361,1
1.419,-5.73701322745916e-05,3.84303968477692e-05,0.0301058634476934,-0.000774516301674377,-0.000605080929750544,-2.79351210377143e-05,-0.00225172480964678,0.00164745379098135,0.00059314461298389,0.225570851707596,0.141463421213454,-4.97661606109913e-05,0.0301191786657313,0.142562866210938,-0.526005148887634,-0.0657737851142883,0.129979074001312,1
1.42,-5.96122325755106e-05,3.98700832700593e-05,0.0301066096278403,-0.000927606122791941,-0.000741246160421434,-2.79942643155451e-05,-0.00223445182685249,0.00123461033665746,0.000898078797451697,-0.498488612529841,-0.38735338684259,-7.00790750880556e-05,0.0301191786657313,-0.00230132788419724,0.0132054090499878,0.160960897803307,0.11298930644989,1
1.421,-6.19959643462343e-05,4.11317431097925e-05,0.0301074202716016,-0.00114408071973172,-0.000944965177377689,-2.80397108731734e-05,-0.00253468213671147,0.00129081640453548,0.000723152025696078,0.110395525446401,0.0190374643727691,-1.92939314822848e-05,0.0301191786657313,-0.106788605451584,-0.439029633998871,-0.0235069692134857,0.17042176425457,1
1.422,-6.46520123396718e-05,4.22459290967962e-05,0.0301083234927826,-0.00114544159107677,-0.000781401524796138,-2.82037120560297e-05,-0.00277666305069188,0.000938288992567264,0.00108232191549748,-0.115980451407029,0.261367072380984,-0.000277830282544826,0.0301191786657313,-0.0175697207450867,-0.244036480784416,-0.263436049222946,0.294365704059601,1
1.423,-6.74143380332209e-05,4.30390726814995e-05,0.0301095188614789,-0.00127893679846249,-0.000799996790869499,-2.83063378319071e-05,-0.00274914407133599,0.00065013732145476,0.00130706176375616,-0.122148451256011,-0.300979129643055,9.28328224465294e-05,0.0301191786657313,-0.166804954409599,-0.297503024339676,0.123645506799221,0.172184109687805,1
1.424,-7.03738250680713e-05,4.35750799129791e-05,0.0301109105100036,-0.0012877122296614,-0.000863061073104596,-2.83294065539508e-05,-0.0031694638120921,0.00042314480729562,0.00147452391050896,0.103878596370696,0.178308271900284,-0.000140879741880482,0.0301191786657313,0.410806179046631,-0.563557028770447,0.0136595740914345,0.454597413539886,1
1.425,-7.34766955188668e-05,4.36617358699819e-05,0.0301122801129557,-0.00153698257828593,-0.00106641828886053,-2.83633745503664e-05,-0.00303933904573977,-0.000246358288873839,0.0012642334512799,-0.542830037343206,-0.545183090620906,7.75184176350506e-05,0.0301191786657313,0.106926500797272,-0.155036404728889,0.488017559051514,0.0471879243850708,1
1.426,-7.6776834703607e-05,4.34180842136544e-05,0.0301133651853956,-0.00151772496382846,-0.00114529954858057,-2.83398944738167e-05,-0.00356125630174863,-0.000241214685300869,0.000906142111468124,0.574187372357064,0.392989109611593,-3.06298331096893e-05,0.0301191786657313,0.451665908098221,-0.464623630046844,-0.383901983499527,0.58056640625,1
1.427,-8.01060359557817e-05,4.28309020151586e-05,0.0301142150110249,-0.00127517928284073,-0.00138919376142523,-2.80948335631415e-05,-0.00310145287182266,-0.000933790373194541,0.000793197346391379,-0.14250231961906,-0.830591854091128,0.000406508619231197,0.0301191786657313,0.237749457359314,-0.377801179885864,0.0306112356483936,0.289726555347443,1
1.428,-8.32476976483436e-05,4.17024453336822e-05,0.0301149486068399,-0.00144826114045491,-0.00199010219022759,-2.78827154085448e-05,-0.00318783873360242,-0.00132101141382356,0.000673856933910258,-0.15996814838146,-0.242377048529981,-4.69883770430654e-05,0.0301191786657313,0.5848508477211,-0.259847193956375,-0.0607744306325912,0.535561263561249,1
1.429,-8.63105364548321e-05,4.01377660367832e-05,0.0301153209074107,-0.00161893464833555,-0.00212512536411281,-2.80300405437472e-05,-0.00294064672085835,-0.00180615004421906,7.20907069155073e-05,-0.136872939280944,-0.00612975346121159,-0.000218643174845962,0.0301191786657313,0.158281624317169,-0.149420171976089,-0.336440086364746,0.364583909511566,1
1.43,-8.91914872044717e-05,3.82042665521284e-05,0.0301153887573025,-0.00143657610620085,-0.00189100070277231,-2.8096601507599e-05,-0.00282026896517454,-0.00206295267934302,6.35100174253706e-05,0.464272840089609,0.410415978040996,9.28039830831812e-05,0.0301191786657313,0.848573267459869,-0.223432332277298,-0.183385461568832,0.650354087352753,1
1.431,-9.17293275969554e-05,3.58568251269531e-05,0.0301150372270445,-0.00115613540635278,-0.00191923854160706,-2.78740008652356e-05,-0.00225794630429295,-0.00263364156299437,-0.000764250295684995,0.0393153744526422,-0.46561089398713,0.000270498643536318,0.0301191786657313,0.616493880748749,-0.256582379341125,-0.1727554500103,0.465887904167175,1
1.432,-9.38132532520175e-05,3.2994285340543e-05,0.0301140300031554,-0.0012438455872276,-0.00244629102084812,-2.77093559226671e-05,-0.00191599282615726,-0.00309053806757433,-0.00124826557922406,-0.18475759236698,-0.470700604560359,7.55619732102533e-06,0.0301191786657313,0.328015983104706,0.0350612550973892,-0.206781700253487,0.506354153156281,1
1.433,-9.56709996948897e-05,2.97770540183759e-05,0.0301125359658691,-0.00123839145231272,-0.00247195774628088,-2.77487749502647e-05,-0.0018005992256489,-0.0033444445960012,-0.00173766463389937,0.20326028492452,0.417535432253331,-7.35143403300215e-05,0.0301191786657313,0.668054938316345,-0.157463878393173,-0.212740182876587,0.470398634672165,1
1.434,-9.72698127105274e-05,2.6235712024735e-05,0.0301105161359437,-0.00102476788944892,-0.00206765313213262,-2.78011916599041e-05,-0.00139516404020955,-0.00374017905727619,-0.00229928876615298,0.185233921578582,0.292901380890236,-2.02669343888814e-05,0.0301191786657313,0.436961144208908,-0.416214644908905,-0.463516771793365,0.258550673723221,1
1.435,-9.84496893126496e-05,2.22713994805116e-05,0.030108312370522,-0.000960273188553052,-0.00202571455329983,-2.78194782086238e-05,-0.000965758639247301,-0.0041891439060304,-0.00210730042160871,-0.0586530600144196,-0.220771386951851,-1.46266829445686e-05,0.0301191786657313,0.42774361371994,-0.116527937352657,-0.514511227607727,-0.129163235425949,1
1.436,-9.91880380709683e-05,1.81315053027896e-05,0.0301063621593716,-0.000570088235049542,-0.00245068999724579,-2.7207600578727e-05,-0.000515350368227683,-0.00409549919344948,-0.0017920532553145,0.75879922131139,-0.530850790892969,0.00111757134888128,0.0301191786657313,0.38743269443512,-0.513119995594025,-0.326609820127487,0.251994788646698,1
1.437,-9.95804428532469e-05,1.37518198964052e-05,0.0301046791932459,-0.00033895161060228,-0.00268977161107282,-2.68997105270508e-05,-0.000272291065914639,-0.00466577254407432,-0.00157335994336421,-0.334161545997231,0.105601065058273,-0.000577060177659605,0.0301191786657313,1,0.0730016157031059,-0.724869847297668,-0.141441881656647,1
1.438,-9.93225317088686e-05,9.19563653670382e-06,0.0301030630182966,-0.000325088960601317,-0.00305923202690636,-2.68524175042195e-05,0.000783005504583295,-0.00444864719455867,-0.00165758735185594,0.371080692908442,-0.754835849251245,0.000690020744058583,0.0301191786657313,0.732848465442657,0.0811883807182312,-0.206929594278336,0.15507984161377,1
1.439,-9.83396533031475e-05,4.72961786802016e-06,0.0301011445902358,4.83514089357697e-05,-0.00327765940757166,-2.62148760499237e-05,0.00118011120953969,-0.00448795515517961,-0.00217652014118965,0.302308196549197,0.368866739506203,0.000487142480725333,0.0301191786657313,0.779556572437286,0.158583879470825,-0.701423585414886,-0.0837799608707428,1
1.44,-9.67360962415383e-05,3.39421458219819e-07,0.0300989531989695,0.000414487013767327,-0.00287709154419915,-2.56154882252169e-05,0.00202851665228934,-0.00429754296539607,-0.00220483687819845,0.358088188115515,0.344543069459712,0.000576980237871846,0.0301191786657313,0.711522102355957,0.103124737739563,-0.799362421035767,-0.264859288930893,1
1.441,-9.42616279353133e-05,-3.8228302252379e-06,0.0300968958429434,0.000729288332120432,-0.00274518276806385,-2.5166580189584e-05,0.00291973846436221,-0.00403183131392196,-0.00190939120795101,0.210874643855954,-0.102542489063633,0.000210763146912024,0.0301191786657313,0.411108255386353,0.216666415333748,-0.384943455457687,-0.206130295991898,1
1.442,-9.1182108980421e-05,-7.70764739014701e-06,0.0300950220853254,0.000809059651224231,-0.00248093358884201,-2.49944580734685e-05,0.00324205865088617,-0.00374030176686913,-0.0018370148299468,-0.057919456017026,0.577056793931914,0.000111851394952603,0.0301191786657313,0.515510320663452,0.544674336910248,-0.69503265619278,-0.366771399974823,1
1.443,-8.75980203882036e-05,-1.1107653254065e-05,0.0300932415207769,0.00103055592517184,-0.00213417629735004,-2.46336189864138e-05,0.00392942829530715,-0.00306364257754181,-0.00172309468048309,0.458315059448592,0.0463540877283228,0.000496179682662349,0.0301191786657313,0.505988001823425,0.366963237524033,-0.620712101459503,-0.507689833641052,1
1.444,-8.33530982529335e-05,-1.38578441474937e-05,0.0300916777817722,0.00151717789005877,-0.00232228541255556,-2.42567150485762e-05,0.00455884032964037,-0.00244323288729088,-0.0014038838480052,0.408564959196313,-0.364346135973919,0.000151275284194438,0.0301191786657313,0.448749095201492,0.454665422439575,0.0541751086711884,-0.458538055419922,1
1.445,-7.87770483934111e-05,-1.59850007972906e-05,0.0300901375263762,0.00171531682469295,-0.00213213159730058,-2.38836771870865e-05,0.00459635926611305,-0.00181492889563828,-0.00167491522133638,-0.0513390743577905,0.711338185295244,0.000542669581739921,0.0301191786657313,0.44131264090538,0.402840942144394,-0.415352463722229,-0.464039891958237,1
1.446,-7.39592471352435e-05,-1.75057852102001e-05,0.0300885408289463,0.00140998660913362,-0.00152481109237414,-2.36999660088166e-05,0.00504534101535004,-0.00122553279534844,-0.00151785670167765,-0.482139769834719,0.375499898977686,-0.000177271573313838,0.0301191786657313,0.148464739322662,0.831856489181519,-0.238862186670303,-0.609957814216614,1
1.447,-6.88650809662303e-05,-1.81957742550223e-05,0.0300870376734872,0.00140279645172792,-0.00115818154038399,-2.35213437496107e-05,0.00514755394869674,-0.000157487991354837,-0.00148754258813402,0.468650433048917,0.287554998273393,0.000452441749665568,0.0301191786657313,0.190717816352844,0.330678582191467,-0.134557083249092,-0.292849272489548,1
1.448,-6.36810624435785e-05,-1.81559565198006e-05,0.0300855813372022,0.00152494025292981,-0.000999224120808281,-2.3379514441757e-05,0.0052233654108337,0.000235004201414584,-0.00142431308627335,-0.250948384884509,0.00966246513654594,-0.000194265297645044,0.0301191786657313,-0.314298987388611,0.424577385187149,-0.208756983280182,-0.537395656108856,1
1.449,-5.8588529183066e-05,-1.75847212778983e-05,0.0300844763923046,0.00126256262867026,-0.000780420375926452,-2.34158991778699e-05,0.00496542864859014,0.000909609872156907,-0.000785168401989627,-0.213685744165075,0.391508904622669,0.000114061910175972,0.0301191786657313,-0.0181589350104332,0.211056381464005,-0.101590126752853,-0.455600947141647,1
1.45,-5.36646228250275e-05,-1.64506763997815e-05,0.0300839064841727,0.00096083577626412,-0.000505311448380609,-2.34087618542489e-05,0.00488662835491977,0.00136013551260731,-0.000355554740050583,-0.322261818472771,0.109978987724038,-9.62476877804373e-05,0.0301191786657313,-0.230097815394402,0.373333990573883,0.134628370404243,-0.59090268611908,1
1.451,-4.89914736098265e-05,-1.47367992678302e-05,0.030083746171658,0.000975771076224468,-0.000241028083505565,-2.33471310608913e-05,0.00446468383457872,0.00206612584213677,3.4011488767785e-05,0.34152084560642,0.369827555323925,0.000177260495843817,0.0301191786657313,-0.131213441491127,0.466618686914444,0.097243532538414,-0.293489664793015,1
1.452,-4.4671881426788e-05,-1.24031337229432e-05,0.0300837980957051,0.00133108001067249,-5.13657741196763e-06,-2.3248778156848e-05,0.00417870924262892,0.00259753616174347,6.97940145286092e-05,0.279054849305194,0.0606610477205585,-2.03880144550451e-05,0.0301191786657313,0.132530704140663,0.263106226921082,-0.140740990638733,-0.563008368015289,1
1.453,-4.04285444178176e-05,-9.51621309673243e-06,0.0300840622745177,0.00144897039604722,-0.000504284294432703,-2.37058431227233e-05,0.00430483269105526,0.00317514358851728,0.000457642225790769,-0.0790612835843776,-0.92631643468309,-0.000821890665110024,0.0301191786657313,0.13724473118782,0.337998270988464,0.206131547689438,-0.480396956205368,1
1.454,-3.62117832714081e-05,-6.05116800523223e-06,0.0300845130293103,0.00118380388694666,-0.0011772838112907,-2.44162580766982e-05,0.00412470169738795,0.00375697774420788,0.000443525683109269,-0.39859088382602,-0.250073824752279,-0.000484967989756989,0.0301191786657313,0.317385524511337,0.272028714418411,-0.117872677743435,-0.356566578149796,1
1.455,-3.19768147071498e-05,-2.06871969875916e-06,0.0300849830870787,0.000658325245339932,-0.00125530795987518,-2.48915932701266e-05,0.00434545713345338,0.00421265559565909,0.00049604057243008,-0.541086150544767,0.124119828616938,-0.000393500835007127,0.0301191786657313,0.262145698070526,0.215007707476616,-0.0415138825774193,-0.0661493837833405,1
1.456,-2.75682830484351e-05,2.2463095625747e-06,0.0300854039913154,4.74779528227711e-05,-0.000858296442247773,-2.52617148612799e-05,0.00447615174373138,0.00442352837149688,0.000345811598657446,-0.550038518547126,0.588542178072108,-0.000310040898457961,0.0301191786657313,0.15613080561161,0.212434485554695,-0.14818362891674,-0.0670694783329964,1
1.457,-2.30113532400228e-05,6.79010474746666e-06,0.0300857585578316,-0.000230186114054248,-0.000306635791266939,-2.54714193532735e-05,0.00464344563264089,0.00466722101773255,0.000362957725912927,0.0440068756154492,0.400093767860006,-0.000110509872965536,0.0301191786657313,-0.0177337639033794,-0.292215943336487,0.0400732941925526,0.00304154306650162,1
1.458,-1.84178599435049e-05,1.13518044846594e-05,0.0300862940394804,-0.000344808069552371,7.05666426904059e-05,-2.55933891790683e-05,0.00454847337099036,0.00445894578985265,0.000707277312651902,-0.259675271407511,0.279465637159544,-0.000110126206350151,0.0301191786657313,-0.232937946915627,-0.191555619239807,0.244252249598503,0.150496423244476,1
1.459,-1.40765112635736e-05,1.56958799560394e-05,0.0300870796578809,-0.000698086406669339,0.000475290939346672,-2.57246912629405e-05,0.00414053961514993,0.00423445074187191,0.000863012592926177,-0.376904254846435,0.447770660848888,-0.000140462719672251,0.0301191786657313,-0.278513729572296,-0.127445578575134,0.178976446390152,0.115486949682236,1
1.46,-1.01201524311957e-05,1.98690599414264e-05,0.0300880516249921,-0.000884161531914708,0.000781382561871156,-2.58666924182194e-05,0.00377725121873743,0.00411527151174913,0.00107967001657909,0.0343300740456787,0.105885221746275,-0.000133467372008956,0.0301191786657313,0.0982846319675446,-0.467616558074951,0.20609325170517,0.09574294090271,1
1.461,-6.37720447134081e-06,2.37989230068155e-05,0.0300892211437408,-0.00090952615960876,0.000394625632680237,-2.57389341951075e-05,0.00370661475509851,0.0037463666374289,0.00125840052207189,-0.0908271349910328,-0.775787154044773,0.000338092669764496,0.0301191786657313,-0.0973991453647614,-0.128009289503098,0.246349737048149,0.276793241500854,1
1.462,-2.81217268857438e-06,2.74294468553563e-05,0.0300904233879619,-0.000928383975864991,-0.000234785144415676,-2.54816631772847e-05,0.0034200005340795,0.00351666425930437,0.00114556293875825,0.0461369596101229,-0.32632285925095,0.000104190835064604,0.0301191786657313,-0.0233538597822189,-0.235958814620972,0.264960318803787,0.124932065606117,1
1.463,4.81783196000119e-07,3.08511221381341e-05,0.0300915759726307,-0.000822250798026675,-0.000139638470566685,-2.55760783725023e-05,0.00317019687960035,0.00332718888201285,0.00115882237388936,0.130697974136109,0.503104399811113,-0.00028379574835614,0.0301191786657313,-0.08652663230896,-0.278055101633072,0.279582023620605,0.294329553842545,1
1.464,3.50662332180243e-06,3.39984026568119e-05,0.0300927089923806,-0.000903184842000793,0.000631688693724639,-2.59688514838707e-05,0.00288775728838696,0.00296987011364107,0.0011066554607716,-0.282212657431728,0.866604715502438,-0.000397804462400063,0.0301191786657313,-0.186251521110535,-0.218730747699738,0.149397850036621,0.233975782990456,1
1.465,6.28463540558221e-06,3.68450994216015e-05,0.0300938783291794,-0.00119027434268614,0.00121270197242634,-2.62072649115375e-05,0.00267478560139352,0.00272764100402748,0.0012309727847967,-0.233595839391813,0.170161509275041,-2.26172617582935e-05,0.0301191786657313,0.0633500814437866,-0.488244950771332,0.00702252984046936,0.242987334728241,1
1.466,9.01859693553037e-06,3.93460678090829e-05,0.0300952300283727,-0.0014955559966087,0.000613376599444617,-2.56451170090877e-05,0.00278861383344388,0.00227875226681531,0.00147102730249897,-0.31245329654754,-1.21602793914674,0.00103358331807,0.0301191786657313,-0.409463435411453,0.0321111530065536,0.142727077007294,0.12492424249649,1
1.467,1.15989268743998e-05,4.16663559993312e-05,0.0300967922741173,-0.0012086579991751,-0.000217953979617262,-2.5010666837133e-05,0.00236681695346575,0.00235991359391999,0.00165187266398797,0.8086819110967,-0.24564619161207,0.000194227268803773,0.0301191786657313,-0.054216593503952,-0.402841597795486,0.595167756080627,0.480324894189835,1
1.468,1.37097840300184e-05,4.37350712047279e-05,0.0300982479718747,-0.000841533915365234,0.0003179332529241,-2.5284778204071e-05,0.00186130656961733,0.00177623581152777,0.0012593649030136,-0.165206440368611,1.19459403974244,-0.000584787839207212,0.0301191786657313,0.0872676819562912,-0.393417298793793,-0.16496679186821,0.0279478821903467,1
1.469,1.57048997378202e-05,4.54084655995375e-05,0.0300997235007817,-0.00112242220867861,0.00097943989379869,-2.55602623848716e-05,0.00213451722248191,0.00157407283445751,0.00168950915824634,-0.335376344600563,-0.0169387127982064,0.000127375672721458,0.0301191786657313,-0.198206394910812,-0.191493839025497,0.427594631910324,0.160078629851341,1
1.47,1.76265072612746e-05,4.69170269673405e-05,0.0301013752147891,-0.00132695506121117,0.000970601322236656,-2.55081887532427e-05,0.00170977508486156,0.00144544320957428,0.00161293370316353,-0.031090309884329,0.0071168559615674,-5.14310889530452e-05,0.0301191786657313,-0.641030490398407,-0.258736163377762,0.400782257318497,0.224941670894623,1
1.471,1.89564182793744e-05,4.82476839255636e-05,0.0301031332353269,-0.00127794687437581,0.00131650249655854,-2.58500816614493e-05,0.000956496064957768,0.00121681013249849,0.00190085414862404,0.112867246132755,0.604766189047953,-0.000566992358450202,0.0301191786657313,-0.19973161816597,-0.242805555462837,0.236846730113029,0.3299520611763,1
1.472,1.97915800276065e-05,4.93127119312083e-05,0.0301050185935285,-0.00122586538444305,0.00146619980461967,-2.60578823514379e-05,0.000715989192695127,0.000913920065365207,0.00186869527025913,-0.023764897269069,-0.335225245505269,0.00018103874389781,0.0301191786657313,-0.581844925880432,-0.121923506259918,0.690149068832397,0.0214900523424149,1
1.473,2.0046238577495e-05,5.02489144811994e-05,0.0301069137903371,-0.000992308668469928,0.00142915038163534,-2.62680268519055e-05,-0.00020490912651401,0.0009566915910698,0.00192028543882107,0.432011829162695,0.269388178679143,-0.000546757284921562,0.0301191786657313,-0.269659161567688,-0.100774109363556,0.620178878307343,0.357509613037109,1
1.474,1.95377964278736e-05,5.10926735725367e-05,0.0301086218368,-0.000796317310957041,0.00159822674878345,-2.65718328913422e-05,-0.000809030412504537,0.000730049553559198,0.00149584433015542,-0.0868665578557974,0.0285008313555936,9.3561400612635e-07,0.0301191786657313,-0.396183222532272,-0.162234127521515,0.00135502219200134,0.322729051113129,1
1.475,1.86248628019917e-05,5.17005359848294e-05,0.0301102314271678,-0.00115137154202329,0.00109277177495521,-2.60933683438047e-05,-0.00102111066119133,0.000489370562917283,0.00172183425138247,-0.54069114324975,-0.921648581683973,0.000841379609648803,0.0301191786657313,-0.664745926856995,-0.201539933681488,0.54432088136673,0.361455619335175,1
1.476,1.71527529192589e-05,5.20480808167612e-05,0.0301119573676168,-0.00170767212931682,0.000764056520310457,-2.56805770075808e-05,-0.00192418698341908,0.000211290243561856,0.00172884241337644,-0.443335028062849,0.333290089511797,-0.000189527228486851,0.0301191786657313,0.154353052377701,-0.38182121515274,0.197064369916916,0.311084240674973,1
1.477,1.52487565547569e-05,5.2076511163352e-05,0.0301135915237866,-0.00194661741755661,0.000719162582366185,-2.55829223605453e-05,-0.00188493928895782,-0.00015142410363036,0.00153890979846162,0.0199523890511953,-0.416207993792926,0.000372285716341525,0.0301191786657313,0.179849773645401,-0.381247580051422,0.197332769632339,0.361854553222656,1
1.478,1.33851701367456e-05,5.17236244109352e-05,0.0301150025040019,-0.00171363257728672,8.02862497787631e-05,-2.50411940654338e-05,-0.00184849404151063,-0.000555449097426579,0.00128269724212636,0.391307642069338,-0.716105030964743,0.000591308601314913,0.0301191786657313,-0.0644989535212517,-0.179656326770782,0.551644444465637,0.570223867893219,1
1.479,1.12976855714475e-05,5.0955187604585e-05,0.0301159508734427,-0.00133774393005467,4.13876890989638e-05,-2.50354174560208e-05,-0.00232613102825536,-0.000983693862338791,0.000615213163418728,0.275290365139878,0.63687966168536,-0.000534491207621294,0.0301191786657313,0.0247519910335541,-0.348818600177765,-0.0466810092329979,0.259718269109726,1
1.48,9.01747453232543e-06,4.98075830809723e-05,0.0301166169618929,-0.00116362025347736,0.000543346780425817,-2.54638502439342e-05,-0.00223101774071651,-0.00131249651108704,0.000716217039435565,0.0364512767917131,0.244211974121732,-0.000228340864872899,0.0301191786657313,0.0571134500205517,-0.218983680009842,-0.00524404644966125,0.0600674450397491,1
1.481,6.83455090063537e-06,4.84605835922862e-05,0.0301173802235069,-0.00102221818288826,0.000418412599503884,-2.54959071970262e-05,-0.00213685999836445,-0.00138300827793662,0.000809570430591818,0.216763167689716,-0.469628867126249,0.00015091620187002,0.0301191786657313,-0.330835044384003,-0.337725341320038,0.173544630408287,0.113699197769165,1
1.482,4.50652498068468e-06,4.6967730326873e-05,0.030118343304111,-0.000945962176753326,0.000225645419718302,-2.54687990017821e-05,-0.00252048208702507,-0.00160319756687446,0.00111500145509637,-0.0766650573216571,0.120242310940379,-0.000114910385671082,0.0301191786657313,0.0980834364891052,-0.337077796459198,0.114468343555927,0.248525708913803,1
1.483,1.98937749015769e-06,4.5199287343499e-05,0.0301194117796333,-0.00123846457358533,0.000222475829033714,-2.54861201418599e-05,-0.00251469522794929,-0.00193110472414791,0.00102144744020164,-0.433653848274784,-0.132961049913082,8.08348513232983e-05,0.0301191786657313,0.3418228328228,-0.0825379639863968,0.237548828125,0.0205106027424335,1
1.484,-4.78089586084532e-07,4.33043378070517e-05,0.0301202294917408,-0.00124957417832228,-8.91773508944309e-05,-2.53097716895745e-05,-0.0024239931956712,-0.0018595101858892,0.000614456887807414,0.417502244643222,-0.424007777958865,0.000248587119020877,0.0301191786657313,-0.124725267291069,-0.453333020210266,-0.0157088041305542,0.279036790132523,1
1.485,-2.95275293545358e-06,4.12196232992324e-05,0.0301209660742234,-0.00104919227195455,-0.000294100462881399,-2.52216977250086e-05,-0.0025276025189606,-0.00231099326624399,0.000857450013035925,-0.0557513791546561,0.0530360807002024,-0.000101097475871063,0.0301191786657313,0.355248987674713,-0.0656338632106781,0.0182099491357803,0.0366575345396996,1
1.486,-5.35492316323644e-06,3.89337690012851e-05,0.0301216846983732,-0.000846834456384483,-0.000359300659553611,-2.52148683634879e-05,-0.00227847743044471,-0.00226328843906988,0.000579734996422436,0.419100082524155,-0.175094123708123,0.000101823738707944,0.0301191786657313,-0.0329100787639618,-0.205379247665405,0.0223201066255569,-0.246779233217239,1
1.487,-7.67166752912357e-06,3.67432291085003e-05,0.0301224399594182,-0.000265444040392011,-0.000282154641859449,-2.51726836193455e-05,-0.00235491261571722,-0.00212388292335336,0.000929313446550601,0.61332457277944,0.30287038141891,-1.05772570374632e-05,0.0301191786657313,0.220721110701561,-0.118957847356796,-0.156408354640007,0.282177627086639,1
1.488,-9.88747903730442e-06,3.44967632069357e-05,0.0301232734803213,-0.00021351540987355,-0.000226413945400371,-2.52304441796802e-05,-0.00207769021289565,-0.00236959563334535,0.000737658558817299,-0.511599154770383,-0.209640288803458,-0.000100105913336787,0.0301191786657313,0.298684448003769,0.170605659484863,0.236475884914398,-0.277770221233368,1
1.489,-1.19580641196116e-05,3.23518376097951e-05,0.0301238340043766,-0.000408125169006773,-0.000383924319454609,-2.52895254542196e-05,-0.00206555812044323,-0.00192051469904276,0.000383959353628285,0.172200727669941,-0.0752854784034482,-8.10080671559404e-06,0.0301191786657313,0.248949766159058,-0.0434019044041634,0.117163881659508,0.107326313853264,1
1.49,-1.39929874709842e-05,3.04115142001358e-05,0.0301240392937374,-0.00038948521214915,-0.000408594416122224,-2.5341724116501e-05,-0.00200557327793428,-0.00196065481220777,2.88611578284138e-05,-0.131152218247007,0.024784232160458,-9.57094752036893e-05,0.0301191786657313,0.317223489284515,-0.101404197514057,-0.261209040880203,-0.295395374298096,1
1.491,-1.57898186155945e-05,2.85703840618943e-05,0.0301241919775619,-0.00033812266638969,-0.000695827488101373,-2.53229724953563e-05,-0.0015929307683022,-0.00172367050718679,0.000275414104015523,0.225694134939648,-0.534600194721803,0.000123909471588248,0.0301191786657313,0.111249297857285,-0.0101728439331055,0.0139939244836569,-0.119148142635822,1
1.492,-1.73807640704165e-05,2.69259115114648e-05,0.0301244584947765,-9.13789390503977e-05,-0.000891176145850582,-2.52369199995606e-05,-0.00159116443836337,-0.00156837273272882,0.000257512895097549,0.215249216574633,0.182450473532589,3.52019504873759e-05,0.0301191786657313,0.382552325725555,-0.247820511460304,-0.438367247581482,-0.172274902462959,1
1.493,-1.86789878267633e-05,2.53554127417296e-05,0.0301248923120549,-0.000130723599781855,-0.000968250468849834,-2.5314599712889e-05,-0.00100781188552795,-0.00157280331569803,0.00060899630468678,-0.278728833854632,-0.321117395549739,-0.000185348436542181,0.0301191786657313,0.31789493560791,-0.153478235006332,-0.181805670261383,-0.371929824352264,1
1.494,-1.95302312875313e-05,2.39019337417852e-05,0.0301256420510571,-0.000296378071703752,-0.0011565929504088,-2.544957330608e-05,-0.000697401437700373,-0.00133387465763595,0.00088925918346504,-0.0104658733074085,-0.0150676993926929,-6.48318456593827e-05,0.0301191786657313,0.413985252380371,-0.0928146541118622,-0.292171150445938,0.0475612059235573,1
1.495,-1.99906488542633e-05,2.25429758854935e-05,0.0301264886815158,-0.000415041889169899,-0.00115340844474699,-2.55861673443825e-05,-0.000224032136803562,-0.00138342636147069,0.00080352001447177,-0.194706733650266,0.0192303913537888,-0.000187898361439936,0.0301191786657313,0.294199585914612,-0.0600439868867397,-0.108583979308605,0.234987914562225,1
1.496,-2.00994448044976e-05,2.10748306554748e-05,0.0301271365019424,-0.000713329684203555,-0.000896685387029726,-2.59019856980736e-05,8.13654748705031e-06,-0.00155043133327807,0.000492321731035567,-0.327044765107298,0.432659346780303,-0.000390087703819384,0.0301191786657313,0.295318812131882,-0.299372225999832,-0.306864261627197,0.000838980078697205,1
1.497,-1.98868703619438e-05,1.94437650959805e-05,0.030127734663046,-0.00092226395855095,-0.000624931675849085,-2.61711478679594e-05,0.000418310253541649,-0.00171004352600533,0.000703012622313226,-0.0381376533372771,0.0492080379883442,-9.86385383273208e-05,0.0301191786657313,-0.120772138237953,-0.302878350019455,0.000585839152336121,0.468624770641327,1
1.498,-1.95517602326753e-05,1.74643570099372e-05,0.030128402749144,-0.00112372058110244,-0.000266077141138578,-2.64828655378579e-05,0.000255365204971722,-0.00224682791533193,0.000632849570519545,-0.311015768335488,0.584418658381618,-0.000465384154696484,0.0301191786657313,0.0361128896474838,0.0243068560957909,-0.0352237448096275,-0.0987667590379715,1
1.499,-1.92895710817267e-05,1.53124210787452e-05,0.0301290450860544,-0.000715515588329468,0.000147195007251363,-2.68090919974817e-05,0.00027261685376544,-0.00206169763722729,0.000651352193001548,1.03498778286702,0.146982074050092,-0.000202636324262868,0.0301191786657313,0.142409071326256,-0.170768097043037,0.134154349565506,0.542964935302734,1
1.5,-1.90291670928144e-05,1.29865824928682e-05,0.0301294225125423,-0.000125749420928996,1.24079553522796e-05,-2.69088882607349e-05,0.000247176822318712,-0.00259448238318236,0.00010454804474132,0.0157549345671379,-0.382661431617945,-3.6172605582071e-05,0.0301191786657313,-0.179053768515587,-0.243122890591621,-0.409606695175171,-0.253850281238556,1
1.501,-1.87121385853129e-05,1.04120783750694e-05,0.0301299311070641,-0.000122168164070735,-0.000618591887820564,-2.69290481771378e-05,0.000381284400168935,-0.00255552455104177,0.000910383198868215,-0.00173053157075307,-0.729908100935984,-1.42033223757921e-05,0.0301191786657313,0.0463173538446426,0.311090707778931,0.475923240184784,0.0924002975225449,1
1.502,-1.85424846039362e-05,7.95708662153963e-06,0.0301304570710482,4.20530404419528e-05,-0.000633339348978048,-2.69120546381174e-05,-4.19982074470117e-05,-0.00235671789533939,0.000141316496049854,0.299092398477368,0.704548460611496,5.74128038738523e-05,0.0301191786657313,0.466420292854309,-0.100773431360722,-0.0576738864183426,-0.026172898709774,1
1.503,-1.84017210845411e-05,5.57453230994349e-06,0.0301304654911583,0.000137549643042568,-0.000240033913491336,-2.69228662119758e-05,0.000325926412200528,-0.0024098379095846,-0.000123783566841612,-0.12193110796572,-0.00714621209292494,-7.88426982154419e-05,0.0301191786657313,-0.144444674253464,0.315439701080322,0.153639152646065,-0.475063621997833,1
1.504,-1.82204448325393e-05,3.48554571083172e-06,0.030130377366249,0.000523394614455264,-1.54244527791713e-05,-2.6922438859156e-05,3.90451059407931e-05,-0.00177308473529626,-5.24142994686252e-05,0.807938925833735,0.403526169308647,6.00503082993649e-05,0.0301191786657313,-0.0462588295340538,0.146583214402199,0.106282494962215,-0.114799588918686,1
1.505,-1.82591298797393e-05,1.80257482734859e-06,0.0301302662831116,0.0010120862722415,0.000282363456922765,-2.68871331354781e-05,-0.000113457174798035,-0.00159807583812464,-0.000169291272063347,0.0628483886707813,0.123369884553504,-3.59662288169894e-06,0.0301191786657313,-0.141545593738556,0.199894934892654,-0.367575019598007,-0.906355738639832,1
1.506,-1.82936146962914e-05,6.29821979150453e-07,0.030130552804565,0.00127562045545915,-0.000110356647550289,-2.72184451075574e-05,4.01042573020607e-05,-0.000755493863309607,0.000736414245102536,0.403538593443299,-0.810221627000105,-0.000603770943079955,0.0301191786657313,-0.180206134915352,0.289697468280792,0.524119973182678,-0.397824466228485,1
1.507,-1.85653090611747e-05,1.19801692182151e-07,0.0301311733129967,0.00133114558832031,-0.000286078576209663,-2.74053727751244e-05,-0.000583343895323741,-0.000266544026014782,0.000504819819005969,-0.30171812771941,0.494986595641321,0.000250551520815569,0.0301191786657313,-0.0521117597818375,0.301301598548889,-0.345702886581421,-0.4467693567276,1
1.508,-1.90528204933201e-05,1.269088705343e-07,0.0301318667825599,0.00084817637094288,-9.3449640473109e-05,-2.73684653455675e-05,-0.000390726802710892,0.00028341482598912,0.000880543407840652,-0.550721858936979,-0.154254635045432,-0.000161916975768504,0.0301191786657313,-0.163556158542633,0.463555872440338,0.242270335555077,-0.293402433395386,1
1.509,-1.96303568867431e-05,7.00498609590015e-07,0.0301326235238773,0.00047139486154892,4.27977510035283e-07,-2.74273946585524e-05,-0.000762762315669458,0.00086568730481474,0.000633008334831617,-0.117404029961749,0.31696706932995,1.92854037710883e-05,0.0301191786657313,-0.239013403654099,0.295780837535858,0.0421394631266594,-0.0684467405080795,1
1.51,-2.05246686879215e-05,1.70412349680555e-06,0.0301332167204211,0.000359818767639514,0.000306159693008618,-2.741099690029e-05,-0.00102286583215751,0.0011420994698961,0.000553210031906973,-0.0829602694273703,0.221270270054086,-5.02648403459849e-06,0.0301191786657313,-0.0499049425125122,-0.108074598014355,0.143898323178291,-0.616091370582581,1
1.511,-2.16390682221247e-05,3.04553986783829e-06,0.0301339874822462,0.000445688943634863,0.00027438513275569,-2.74973401466205e-05,-0.00120615458527009,0.0015395153223343,0.000986766272931537,0.2298592400756,-0.279472899425263,-0.000165195695870917,0.0301191786657313,-0.239743620157242,-0.557027578353882,-0.139896750450134,0.0124502331018448,1
1.512,-2.29049199040019e-05,4.3479785893022e-06,0.0301353047205314,-0.000110062526174864,-0.000209579392087133,-2.76455982235468e-05,-0.0013298843748975,0.0010714895189294,0.00164554777772042,-1.21199074022752,-0.578042639363442,-0.000167291257035056,0.0301191786657313,-0.0976423770189285,0.125723212957382,0.352387458086014,-0.161722987890244,1
1.513,-2.44498136758025e-05,5.55215314007038e-06,0.0301368301474947,-0.000810694452159391,-0.000376644655762454,-2.78178563690723e-05,-0.0017606149656231,0.00134244658251734,0.00140491405509272,-0.033326206448649,0.275599957805638,-0.000192911131327673,0.0301191786657313,0.226551324129105,-0.334326028823853,0.148864969611168,0.0895382985472679,1
1.514,-2.62118931791648e-05,6.74877459401928e-06,0.0301381474993127,-0.000710832668635316,-0.000188326084614778,-2.79511027363455e-05,-0.00176249498161874,0.0010509483740025,0.00122925784094996,0.205477315241938,0.0518388407166209,-6.28659467448368e-05,0.0301191786657313,0.0828266069293022,-0.223445117473602,-0.170891791582108,0.266469776630402,1
1.515,-2.79043658100508e-05,7.62466652863957e-06,0.0301393555183192,-0.000543687164137773,-0.000437742895194875,-2.79123959328054e-05,-0.00162537106882582,0.000700227688961693,0.00118602840339242,0.0870291541209373,-0.496394578668831,0.000104542235340362,0.0301191786657313,-0.3808573782444,-0.500774800777435,0.23880010843277,0.106305807828903,1
1.516,-2.98228711394153e-05,8.10051981495967e-06,0.0301407089902241,-0.000667319974050907,-0.000309388754938021,-2.8053686408569e-05,-0.00220985811768517,0.000253704604786123,0.00151926826688478,-0.305872094131102,0.714429528960601,-0.000376734987339354,0.0301191786657313,0.415273219347,-0.174569100141525,0.197360977530479,-0.101842619478703,1
1.517,-3.19785383228762e-05,8.3507702636049e-06,0.0301420522166646,-0.000618474977230189,2.89600043091856e-05,-2.82597775882465e-05,-0.00209955873841093,0.000246478249035688,0.0011672159190765,0.38941133879328,-0.121147193428618,-2.97129637217798e-05,0.0301191786657313,-0.0157689806073904,-0.132674872875214,0.0418253168463707,0.403367280960083,1
1.518,-3.41357236242979e-05,8.40138664602732e-06,0.0301430562965644,-0.000410055124618895,-0.000299126674244449,-2.82364402792723e-05,-0.00221803273762634,-0.000146012000912494,0.000841069216280246,-0.0204272266588268,-0.463879556420349,3.58970648535074e-05,0.0301191786657313,0.0739866346120834,-0.314029604196548,0.242281258106232,0.213784068822861,1
1.519,-3.64684722856647e-05,8.06125108774092e-06,0.0301437638007129,-0.000643871804159186,-0.000628969843783145,-2.82848818309311e-05,-0.00245058081456926,-0.000531516125817696,0.000574055280138811,-0.39054305596573,-0.126246474458836,-0.000155013189689413,0.0301191786657313,0.274013698101044,-0.105373747646809,0.0134999193251133,0.0962595641613007,1
1.52,-3.88686066910624e-05,7.47441848711856e-06,0.0301441791177072,-0.000771717880765331,-0.000838119931021559,-2.83075604379235e-05,-0.0023525458493148,-0.000640960612709224,0.000257175789258333,0.16480277755919,-0.250158814750813,0.000116323882945585,0.0301191786657313,0.2848020195961,-0.0956133157014847,0.00781432539224625,0.344659715890884,1
1.521,-4.11720272277072e-05,6.68002147237273e-06,0.0301441741622327,-0.000563188556484172,-0.00104801728360965,-2.81848928929129e-05,-0.00225712165053963,-0.000948978559533926,-0.000265573377093857,0.206075095421754,-0.128201051330111,9.28448461965055e-05,0.0301191786657313,0.506160855293274,-0.257402777671814,-0.225268185138702,0.39085590839386,1
1.522,-4.32035183970206e-05,5.48801294949689e-06,0.0301436976873774,-0.000601694078999454,-0.00139843398338673,-2.81784875948432e-05,-0.00181076315040902,-0.00143378721733224,-0.00068585494695264,-0.269061623960213,-0.495669422917386,-0.000107750091945239,0.0301191786657313,0.0908745527267456,-0.16260626912117,-0.0991452261805534,0.172257795929909,1
1.523,-4.50192573915005e-05,3.94048658058374e-06,0.0301429624413125,-0.000738745763185204,-0.00142140389333348,-2.83527452036303e-05,-0.00182147843170525,-0.00166001660160069,-0.000783880022566211,0.0307012650296198,0.446938845316099,-0.000222053791899563,0.0301191786657313,0.611426889896393,-0.0741913765668869,-0.305190145969391,-0.115643858909607,1
1.524,-4.65488317820946e-05,2.3169809522035e-06,0.0301420872310832,-0.00025647482097518,-0.00126170571540557,-2.81482806334665e-05,-0.00123811155344227,-0.00159181535014057,-0.000965565753140127,0.823856024461321,-0.168230184685852,0.000526549590242737,0.0301191786657313,0.504770278930664,-0.365605473518372,0.131210818886757,-0.26163375377655,1
1.525,-4.77165583602324e-05,6.84448752071574e-07,0.0301410730320227,0.000453538811680559,-0.0012794381814612,-2.77014596838931e-05,-0.00109828055162277,-0.00167951148764893,-0.00106188779238332,0.437088246863455,0.132452824219254,0.000273384520199217,0.0301191786657313,0.19179455935955,0.0464134812355042,0.186108410358429,-0.0943750143051147,1
1.526,-4.88909015335902e-05,-9.51924564897443e-07,0.0301398382670829,0.000625074759898248,-0.00077815886183949,-2.74850028421092e-05,-0.00124612544634336,-0.0015954344011471,-0.00140602824540456,-0.127915345518652,0.74751526609069,0.000136220653128591,0.0301191786657313,0.680687308311462,0.165792375802994,-0.452673733234406,-0.422100901603699,1
1.527,-4.97448986411912e-05,-2.32544043406156e-06,0.0301384046762436,0.000602318759039164,-0.00097110399101189,-2.76174714111121e-05,-0.000465564231614405,-0.00115284529505625,-0.0014600144885922,0.0912816259529242,-1.08640800946521,-0.000374376719488519,0.0301191786657313,-0.0560561567544937,0.101217791438103,0.224651977419853,-0.129058063030243,1
1.528,-5.04063703881199e-05,-3.40273304568825e-06,0.030136850741884,0.000501791905625723,-0.00140890800067058,-2.79086027550335e-05,-0.000860397746626243,-0.00100160678572395,-0.00164637231213183,-0.26461730715009,0.307850579663709,-0.000184767239149058,0.0301191786657313,0.419729113578796,0.452585816383362,0.0755893886089325,-0.525005221366882,1
1.529,-5.12110345345275e-05,-4.02404836288945e-06,0.0301350051979633,0.000762566803894272,-0.000970379663975582,-2.76904111236043e-05,-0.000745669397872552,-0.000245262322359716,-0.0020425021397733,0.724406889973869,0.463458889827133,0.000512157108647439,0.0301191786657313,0.519473195075989,-0.18916167318821,-0.250694543123245,-0.20254123210907,1
1.53,-5.17194680752044e-05,-4.2909436518615e-06,0.0301329815708727,0.000905684714070887,-0.00100774953348138,-2.77138482061012e-05,-0.000272976454302349,-0.000289704126333154,-0.00200348364707916,-0.467319620046155,-0.528031565869912,-0.000585482444984389,0.0301191786657313,0.121274121105671,0.3803830742836,0.0709921419620514,-0.318855315446854,1
1.531,-5.20535540050282e-05,-4.32039746607447e-06,0.0301308523554846,0.000551930725683452,-0.00125321574812669,-2.81105650561386e-05,-0.000397065580450142,0.000232369886108727,-0.00225288389304594,-0.158647997454246,0.091495487975856,-0.00014753535524167,0.0301191786657313,0.0772775560617447,0.300953954458237,-0.186674624681473,0.0603561103343964,1
1.532,-5.2426341723197e-05,-4.00688415240525e-06,0.0301284792014239,0.000305798160382018,-0.00102657012727791,-2.82798165494036e-05,-0.000346820071662054,0.000396489913056465,-0.00249127351044262,-0.276592931135587,0.307113812816428,-0.000170397135016343,0.0301191786657313,0.0443526804447174,0.135653227567673,-0.415938198566437,-0.374298691749573,1
1.533,-5.26641307787109e-05,-3.41380519047118e-06,0.0301262105850274,0.000320600219607393,-0.00091859787143582,-2.83264823091045e-05,-0.000128515834190089,0.000788671855052949,-0.0020456555505033,0.299218173834965,-0.115800007871509,6.3551480384843e-05,0.0301191786657313,0.0433245077729225,-0.129854023456573,0.224207758903503,-0.00442184507846832,1
1.534,-5.29427516463426e-05,-2.68850398514239e-06,0.0301240991415834,0.000287509833339798,-0.000726384922801352,-2.83655507362646e-05,-0.000426481280292622,0.000662743039109053,-0.00217550359855973,-0.358265275497993,0.452828181499384,-0.000137551591029267,0.0301191786657313,0.265733808279037,0.227197498083115,-0.213583245873451,0.0967275351285934,1
1.535,-5.32444628594978e-05,-1.97943802549239e-06,0.0301217686472278,-5.07756298379907e-05,-0.000712201870823969,-2.85355803839593e-05,-0.000177608198791602,0.000758274085058598,-0.00248309136981674,-0.241768099252599,-0.426008788822293,-0.000148278561607656,0.0301191786657313,0.00899385940283537,-0.0688849166035652,0.354481160640717,-0.232902750372887,1
1.536,-5.36372682450498e-05,-1.15383314268746e-06,0.0301192567519232,-7.06117265273906e-05,-0.000769714196883464,-2.86065655563661e-05,-0.000607440493446123,0.000893002143457812,-0.00253886555210835,0.20287358510706,0.320935108461758,7.14771897087631e-06,0.0301191786657313,0.308582663536072,-0.0095299556851387,-0.0212963819503784,-0.0784017890691757,1
1.537,-5.41834064107131e-05,-2.33992424255286e-07,0.0301166418465689,0.000190810122543158,-0.00072539873566611,-2.8578565920423e-05,-0.000484965271571388,0.000944619326516457,-0.00268879532130894,0.256056478557993,-0.24263262324982,1.01712399704581e-05,0.0301191786657313,0.0973274260759354,0.0680718049407005,-0.0344395525753498,-0.173632115125656,1
1.538,-5.46910180731242e-05,8.01831022092179e-07,0.0301139768569058,0.000457369959430005,-0.0010004657363688,-2.85688504333415e-05,-0.000532640040447797,0.00112464153763957,-0.00263952192543583,0.212468463569922,-0.245348140685867,-1.12555266330994e-05,0.0301191786657313,0.108986310660839,-0.13269892334938,0.263018637895584,-0.0401908047497272,1
1.539,-5.5368367874763e-05,1.87847521264255e-06,0.0301112710334706,0.000262948769576917,-0.000897790183270713,-2.87206240447979e-05,-0.000820720606894272,0.0010308960742077,-0.00276998851089913,-0.556978888355029,0.42281261335709,-0.000279018242339583,0.0301191786657313,0.22638963162899,0.227139413356781,-0.197411328554153,0.0779769122600555,1
1.54,-5.60934261288653e-05,2.97036686116238e-06,0.0301083887937797,-0.000239256374199042,-0.000779106674358929,-2.8988151605347e-05,-0.000629146789378053,0.00115722832949349,-0.00299197983547399,-0.334074276367248,-0.213419498610083,-0.000180236229989863,0.0301191786657313,0.147209405899048,0.0288435332477093,0.257445216178894,0.280576676130295,1
1.541,-5.68453815611679e-05,4.03760141910492e-06,0.030105140326319,-0.000572364641684759,-0.000834058762381881,-2.91988389453657e-05,-0.000874789915203942,0.000980952105782157,-0.00350130786356041,-0.257764646173806,0.113071104594138,-0.000218986438019419,0.0301191786657313,0.029359757900238,-0.103011518716812,-0.203656524419785,0.0159501880407333,1
1.542,-5.77046081773321e-05,4.9901314479389e-06,0.0301017728441434,-0.000547521219163844,-0.000860617336932514,-2.92443851361845e-05,-0.00084426191729325,0.00092435210540568,-0.00323205635668653,0.297296829812451,-0.161756405565919,0.000122518533021855,0.0301191786657313,0.330006539821625,-0.160604178905487,0.229735612869263,0.241947501897812,1
1.543,-5.85902600605372e-05,5.76748181737313e-06,0.0300983271025584,-0.000326659016798042,-0.000999375021025549,-2.91658982018994e-05,-0.000928313272071066,0.000629503419308803,-0.00365600890492798,0.0912800741640627,-0.0862476016562634,-6.30097978172896e-07,0.0301191786657313,0.349803596735001,-0.229420065879822,0.0374233052134514,0.32823172211647,1
1.544,-5.94778643883814e-05,6.18481627415389e-06,0.0300945261738022,-0.000526214301890433,-0.00116061733390923,-2.93182459216723e-05,-0.000848766009800644,0.000207915549078692,-0.0039426347497999,-0.443414260668152,-0.200620942266893,-0.00028984979999765,0.0301191786657313,-0.157963529229164,0.129499062895775,-0.0158523246645927,-0.30652391910553,1
1.545,-6.0475356247386e-05,6.59086998603816e-06,0.0300907732466915,-0.000267146840305548,-0.000966567509945188,-2.92822759782041e-05,-0.00114415910019391,0.000601125158711598,-0.00356160174688,0.895786349012118,0.538108628644912,0.000328935876246763,0.0301191786657313,0.160902127623558,-0.357963085174561,-0.2189120054245,0.0285952538251877,1
1.546,-6.15485409757441e-05,7.04192360397939e-06,0.0300874248785154,0.000251465841146299,-0.000719734911804783,-2.91215304164538e-05,-0.00100084699979702,0.000297532345392682,-0.0031340781963224,0.0214901229893508,-0.103467034021712,-7.21131791765859e-05,0.0301191786657313,0.0826460048556328,0.0975606143474579,-0.405841618776321,-0.084347739815712,1
1.547,-6.24347491013552e-05,7.41467741452059e-06,0.0300844802535631,0.000195126006128671,-0.00121629956308645,-2.92815855456041e-05,-0.000776573749906171,0.000448300263770491,-0.00275386849136058,-0.12174733430104,-0.773946941435145,-0.000230020135936087,0.0301191786657313,0.0645252913236618,-0.0689149424433708,-0.0538279972970486,0.0522941723465919,1
1.548,-6.32636201021323e-05,7.81856192125201e-06,0.0300818014233674,-0.000172561386447948,-0.00166039178052959,-2.96843904101785e-05,-0.000885004749073602,0.00036299213782981,-0.00260234247189262,-0.527274916676829,-0.0142616813728073,-0.000544735036046917,0.0301191786657313,0.338845670223236,0.251932412385941,-0.244734033942223,-0.30529722571373,1
1.549,-6.40178177363195e-05,8.42337386885178e-06,0.0300792623851308,-0.000118382519712416,-0.00159683167637088,-2.97145546848121e-05,-0.000623768926344679,0.000845121624951316,-0.00247434677505852,0.617836699201024,0.123787786564938,0.000464624884044401,0.0301191786657313,0.470453023910522,-0.364385426044464,-0.554633378982544,0.0783247724175453,1
1.55,-6.43308260289014e-05,9.09654915305587e-06,0.0300770196079106,3.34830913052209e-05,-0.0018023947957963,-2.96637932843957e-05,-5.49836015258386e-06,0.000500910369553337,-0.00201067024675899,-0.349682987645257,-0.485850543489096,-0.000421273732580884,0.0301191786657313,0.313622564077377,0.307138353586197,0.0700676888227463,-0.416727483272552,1
1.551,-6.43509780912611e-05,9.90206459494396e-06,0.0300749888865315,0.000215577834005862,-0.00177046693930147,-2.95362459108439e-05,-3.44563432639533e-05,0.00110726911814956,-0.00204928294105861,0.665757308697173,0.539329610942578,0.000641233233946976,0.0301191786657313,0.474860727787018,-0.250756323337555,-0.542865812778473,0.23587666451931,1
1.552,-6.40777571314933e-05,1.08131871981646e-05,0.0300730668010159,0.000152863186021094,-0.00153960367965727,-2.96009046678591e-05,0.00058131227103633,0.000716884428029994,-0.00179431823727127,-0.774992411454415,-0.128968655472351,-0.000730345856079743,0.0301191786657313,0.221272826194763,-0.00776402652263641,0.341254204511642,-0.163884699344635,1
1.553,-6.36489337008913e-05,1.1607518238321e-05,0.0300712134350798,-0.000517665527432308,-0.00111186273807644,-3.0276934280149e-05,0.00028083981283378,0.000877480832771421,-0.00191092988924578,-0.411047982161491,0.882460385160671,-0.000567709341079996,0.0301191786657313,0.124881848692894,-0.201090604066849,0.0344568192958832,-0.232841521501541,1
1.554,-6.34177317550608e-05,1.25253523759381e-05,0.0300695096516471,-0.00059034291932371,-0.000308937625919435,-3.06673802734636e-05,0.000188825422006738,0.000958883969474979,-0.00149663826404816,0.277896904858196,0.536919147797805,-0.000195013003430917,0.0301191786657313,0.116200730204582,-0.283343553543091,0.106582179665565,0.183680415153503,1
1.555,-6.32951019345787e-05,1.33198890123635e-05,0.0300680671399883,-0.000465399965768225,-0.000210114450004808,-3.07543749573647e-05,5.76689337904383e-05,0.000630265685037977,-0.00138770961734338,-0.0586516276474279,-0.359470188385958,1.6117820163592e-05,0.0301191786657313,0.0283936336636543,-0.285547852516174,0.140357971191406,0.094757117331028,1
1.556,-6.33578234676631e-05,1.38215038554522e-05,0.0300667931394184,-0.000620258982681976,-0.000780342535172097,-3.07000164245785e-05,-0.000187456644847598,0.000375112769678671,-0.00116001991676328,-0.215696786913747,-0.646081210221842,5.84290238152625e-05,0.0301191786657313,0.23925992846489,-0.100430727005005,0.150314748287201,-0.0943657830357552,1
1.557,-6.35997242781178e-05,1.42245601549107e-05,0.0300656642235241,-0.000521823531007221,-0.00137921937399732,-3.04864595626064e-05,-0.00030135023452017,0.000430142972854552,-0.0010972035547839,0.386502675474072,-0.41164569894352,0.000341035445127867,0.0301191786657313,0.0445465743541718,-0.165260195732117,-0.201927095651627,0.309988498687744,1
1.558,-6.39032693716144e-05,1.4486327121292e-05,0.0300646828560181,-0.000372315889680298,-0.0015421707157832,-3.03955789768828e-05,-0.000307217796046756,9.31169432032639e-05,-0.000865508491398166,-0.121810530906643,0.121442213923085,-0.000195708716468257,0.0301191786657313,0.116295486688614,-0.305977582931519,0.00621946156024933,0.079460620880127,1
1.559,-6.42682613052525e-05,1.44481676219968e-05,0.0300639704368851,-0.000645408027420709,-0.00108762980225986,-3.07910444203863e-05,-0.000418676749769603,-0.000166473328630262,-0.000559576904413523,-0.359314363546917,0.677914473027437,-0.000521482564444844,0.0301191786657313,0.372846662998199,0.0800561532378197,-0.653236985206604,-0.0963711142539978,1
1.56,-6.43592146307594e-05,1.43860275820664e-05,0.0300636431468032,-0.000508469238262824,-0.00117271676354709,-3.07597473718779e-05,0.000234288146640956,4.04397142145851e-05,-9.59762012720488e-05,0.59843666070731,-0.824123405984152,0.000544837102399205,0.0301191786657313,0.328527092933655,-0.147157907485962,0.211892813444138,0.217875614762306,1
1.561,-6.41790892141057e-05,1.43004925809472e-05,0.0300634205115869,-0.000118262568088584,-0.00169862280570236,-3.04301363174275e-05,0.000121779929655353,-0.000214173721639237,-0.000348452792110623,0.0923414734494284,-0.105863394771905,2.42476284689208e-05,0.0301191786657313,0.19246669113636,-0.0191360339522362,-0.194982141256332,-0.052654355764389,1
1.562,-6.40080440094481e-05,1.41169732275291e-05,0.0300632162988202,-6.01820812612141e-05,-0.00153618455897496,-3.04510432123095e-05,0.000221543913609648,-0.000153570547627487,-6.05212637211783e-05,0.0108592022861965,0.391692648829982,-7.21537237095579e-05,0.0301191786657313,0.320000886917114,-0.00425568269565701,-0.532010197639465,-0.0469674505293369,1
1.563,-6.35412781775691e-05,1.39969960896851e-05,0.0300633758736654,-9.34324188790519e-05,-0.00143332191661622,-3.05480438522743e-05,0.000711940259257371,-8.62861335299797e-05,0.000378562704608686,-0.0689545789239441,-0.20748712638005,-0.000111803450339741,0.0301191786657313,0.480648636817932,-0.0410236865282059,0.14409202337265,0.118201702833176,1
1.564,-6.27944018040183e-05,1.38635652151838e-05,0.0300635928585231,-0.000322006594981741,-0.00147568643458553,-3.08020938195597e-05,0.000781526255430711,-0.000178426719143193,5.6049079455153e-05,-0.333273360876066,0.134190626282986,-0.000361200670541623,0.0301191786657313,0.54072904586792,0.181879192590714,-0.341797769069672,-0.398733258247375,1
1.565,-6.17547177725815e-05,1.39447808479329e-05,0.0300637714178761,-5.26167988279035e-05,-0.00162743934574671,-3.06234174280995e-05,0.00129561907503731,0.000337304093367243,0.000300403996877298,0.805370481893184,-0.39733427266035,0.000660175770169537,0.0301191786657313,0.224517211318016,-0.0976910814642906,-0.308611989021301,0.172134444117546,1
1.566,-6.03482869479481e-05,1.41825548900873e-05,0.0300641901132587,0.00029386273950663,-0.00182500366013595,-3.03816731763717e-05,0.00151543172323862,0.000135892592981842,0.000536080597732275,-0.19144747835845,0.0514031434058711,-0.000251397370419182,0.0301191786657313,0.704220473766327,0.200619846582413,-0.309188365936279,-0.319645881652832,1
1.567,-5.85273883287585e-05,1.45390084046364e-05,0.0300647323146158,0.000245002319842325,-0.00190586658056764,-3.05085107989989e-05,0.00212483747348079,0.000576515125986954,0.000547922855637608,0.103468169285115,-0.187865238682475,1.42799717609149e-05,0.0301191786657313,0.0809600949287415,0.194632291793823,-0.284360885620117,-0.307219386100769,1
1.568,-5.63608762616665e-05,1.5328013432386e-05,0.0300655160056741,0.000439474702263405,-0.00161093566168269,-3.03215251169497e-05,0.00221128717224336,0.000999180784676516,0.00101791539860492,0.236903393904613,0.712667715530175,0.000311885316972548,0.0301191786657313,0.580110192298889,0.130350977182388,-0.496874034404755,-0.330969959497452,1
1.569,-5.38037292380116e-05,1.65188694166258e-05,0.0300666916484409,0.000580495202273484,-0.00131790947845233,-3.02008948214194e-05,0.00290452519118824,0.00138070136897007,0.00133165861608424,0.00922421180709496,-0.185049853487551,-0.000120489140515401,0.0301191786657313,0.210780948400497,0.136753842234612,-0.149666666984558,-0.0493720397353172,1
1.57,-5.08407528438226e-05,1.79795541713758e-05,0.0300680718122328,0.000235860430327392,-0.0013433516519827,-3.05384721830393e-05,0.00302210764099878,0.00154400902739421,0.00142762465031823,-0.621024003981302,0.148932178028301,-0.000505672720617803,0.0301191786657313,0.179865807294846,-0.0367818772792816,-0.0151022300124168,-0.30358749628067,1
1.571,-4.78223259276312e-05,1.9650835040672e-05,0.0300696720023853,-0.000338980366383017,-0.000941599992742245,-3.10094036533037e-05,0.00301926522408827,0.00180334787954743,0.00177070046825456,-0.399139349473679,0.567889674646887,-0.000379904801525479,0.0301191786657313,0.0843763947486877,0.215299040079117,-0.0232328101992607,-0.0560843423008919,1
1.572,-4.4825857154014e-05,2.15963909035094e-05,0.030071455707529,-0.000397888981842274,-0.000370081364885968,-3.12519501339814e-05,0.00297970124019864,0.00208807755870627,0.001795420296388,0.287036190270243,0.450638883097324,-0.000109596324944852,0.0301191786657313,0.121172696352005,-0.0315000414848328,0.0432715751230717,0.12205496430397,1
1.573,-4.1865858826294e-05,2.365263612575e-05,0.0300732471927574,-0.000222105073159097,-0.000196831770798252,-3.13291674354232e-05,0.00294286939646184,0.00202375880074901,0.00178636911159821,0.0178934393271862,-0.134138386728109,-5.14548717898403e-05,0.0301191786657313,-0.255825400352478,-0.0898022726178169,0.333902299404144,0.0570014007389545,1
1.574,-3.92101371933987e-05,2.56477038578013e-05,0.030075107286373,-0.000375823595681603,-5.70210017809493e-05,-3.14359028621425e-05,0.00237134106634858,0.00196844225247159,0.00193243479841868,-0.294747772900593,0.388260633040719,-0.000158738974247348,0.0301191786657313,0.000201359391212463,-0.0152477249503136,0.0029531717300415,0.0469687394797802,1
1.575,-3.68789016047988e-05,2.76297505176132e-05,0.0300771146067332,-0.000631178854341724,-2.01476246464689e-05,-3.15043084024857e-05,0.00229245974404354,0.00199842102689944,0.00208041587746521,-0.16249451174224,-0.313816147858588,3.71900815678514e-05,0.0301191786657313,-0.155284687876701,-0.162713587284088,0.535083055496216,0.159952118992805,1
1.576,-3.49068346230143e-05,2.95429999073012e-05,0.0300791306843751,-0.000839799263818596,-1.76422233393459e-05,-3.15896629059509e-05,0.00165402379861898,0.00183093870880688,0.0019507553983483,-0.211529855551589,0.322492421918795,-0.000219828779378515,0.0301191786657313,-0.395650207996368,-0.11302562057972,-0.130027577280998,0.0959045514464378,1
1.577,-3.33947642597188e-05,3.13424849303946e-05,0.0300813750776469,-0.00088518545265219,0.000179055273247555,-3.17552110269403e-05,0.00137313570959574,0.00176921101494885,0.00253480469391918,0.124873355297978,0.0303821449252406,-9.66461639081085e-05,0.0301191786657313,0.208338364958763,0.11387212574482,-0.0853260606527328,-0.0400212407112122,1
1.578,-3.1933505206234e-05,3.32266358974441e-05,0.0300839078974034,-0.000378862448011256,-0.000392682333250677,-3.16144002083796e-05,0.00154458743092005,0.00199490128239908,0.00252915071184226,0.761330077695356,-1.03242409710228,0.000307702709851919,0.0301191786657313,-0.545328378677368,-0.429597854614258,0.193602055311203,-0.0183010548353195,1
1.579,-3.07383650157843e-05,3.50940710509843e-05,0.0300868206609706,-0.000127441638920877,-0.000644137664389924,-3.15650030375814e-05,0.000845889571545325,0.00173916869712554,0.0032922834465412,-0.319652352655753,0.587138469642198,-0.000223291247986706,0.0301191786657313,0.245429471135139,-0.0378457009792328,0.103260785341263,0.119287297129631,1
1.58,-2.98770970832133e-05,3.68126879665014e-05,0.0300900080067196,-0.00070274902216007,-0.000139016027426462,-3.18385953792522e-05,0.000881204064626235,0.0017036774806794,0.00308084236153279,-0.700177579751462,0.307956454391562,-0.000240795458561551,0.0301191786657313,0.179508224129677,-0.180230095982552,0.17048516869545,0.0965123325586319,1
1.581,-2.90242577347338e-05,3.84652644937529e-05,0.0300930420109638,-0.00132549496394718,-5.52551046540103e-05,-3.19617313744303e-05,0.000825642102535841,0.00160761726916329,0.0029854486532861,-0.405739247255227,-0.156015996906274,3.21945648380515e-05,0.0301191786657313,-0.188346475362778,-0.0696116238832474,0.206400111317635,0.230107396841049,1
1.582,-2.83908842077152e-05,4.00262839695306e-05,0.0300960086809072,-0.00136580911987921,-7.11641259604167e-05,-3.20200678229909e-05,0.000442207728640936,0.00151552747434921,0.00294600612234259,0.327665522393687,0.129049133871142,-0.000152388814130954,0.0301191786657313,-0.0488270595669746,-0.291362226009369,0.0115994662046432,0.575234651565552,1
1.583,-2.80033953250994e-05,4.12631143467734e-05,0.0300989047201793,-0.00125099257353095,-0.000104123162023708,-3.20646196403374e-05,0.000332900624252756,0.000959002818535023,0.00284436925920957,-0.127614398509073,-0.185189535544074,5.07138475784135e-05,0.0301191786657313,0.0373998656868935,-0.0898686498403549,0.21966116130352,-0.04936283826828,1
1.584,-2.77773936966079e-05,4.22786975819433e-05,0.0301017419258466,-0.000941296373274224,-0.000268608842399285,-3.19881342099038e-05,0.000118241296926009,0.00106958500893919,0.00282814104321445,0.669167294125886,-0.104493593701171,8.35706626312442e-05,0.0301191786657313,-0.10147687792778,-0.43797704577446,-0.0408167243003845,0.231255114078522,1
1.585,-2.77200104003712e-05,4.3139323193598e-05,0.0301047415464058,-0.000683556230582945,-0.000357801056611202,-3.19792448251199e-05,-3.87566010225685e-06,0.00065092458719751,0.00316810804998322,-0.213901979805791,-0.0530424927631999,-9.07272988775549e-05,0.0301191786657313,-0.151169314980507,0.0743293017148972,0.535154819488525,-0.00140037760138512,1
1.586,-2.80383856583155e-05,4.38833185191335e-05,0.0301077566387784,-0.000717952466208429,0.000121996948160385,-3.22540647927916e-05,-0.000627418900531544,0.000837191938099678,0.00286078107899176,0.150101504066484,0.896448153307042,-0.000431125464662801,0.0301191786657313,0.166630655527115,-0.242423057556152,0.519644021987915,0.229854822158813,1
1.587,-2.88278531351158e-05,4.45909991747004e-05,0.0301103751168558,-0.000869860331904114,0.000790491916910997,-3.25298038168498e-05,-0.000945194489207817,0.000580318301905049,0.00237564518679036,-0.419044709327505,0.282357257972893,-2.14548345966775e-05,0.0301191786657313,-0.201000034809113,-0.10721106082201,-0.25609964132309,-0.0393529161810875,1
1.588,-2.97618696205168e-05,4.52146368489204e-05,0.0301130035187036,-0.00106799327871996,0.000256095957273822,-3.22044129545951e-05,-0.000927764004036134,0.000668695573478129,0.0028783506345347,0.0664816750029323,-1.22532634393668,0.000638984889864487,0.0301191786657313,-0.0584996044635773,-0.305528968572617,-0.0572981238365173,0.425941050052643,1
1.589,-3.07256995460287e-05,4.56601847276808e-05,0.0301158920034233,-0.00127733933898495,-0.00109924472031498,-3.15174782214989e-05,-0.00101170726726583,0.000225259545060796,0.00289665480385455,-0.436298653749907,-1.1695778837545,0.000486525415476446,0.0301191786657313,0.33313524723053,-0.145316988229752,-0.00912351906299591,0.10754581540823,1
1.59,-3.16664034534197e-05,4.58636407317868e-05,0.0301186822184647,-0.00138979445690623,-0.00184827168610292,-3.10924670765544e-05,-0.000876832944285242,0.000182792674475003,0.00268259906871985,0.234914296331171,-0.159554692847827,0.000291014552643126,0.0301191786657313,0.367391556501389,-0.301574647426605,0.137539401650429,0.441019147634506,1
1.591,-3.25273690265308e-05,4.58246142698586e-05,0.0301211137412348,-0.00128359767929464,-0.0012678782572519,-3.14648971340148e-05,-0.000840412857951713,-0.000260807569099221,0.00217982987560741,-0.0468500380967881,1.17794030073326,-0.000927342332553449,0.0301191786657313,0.790356755256653,-0.460827022790909,-0.33709380030632,0.227788984775543,1
1.592,-3.29676544509984e-05,4.53633601665707e-05,0.0301232051340511,-0.00141841533357181,-0.000686794161357247,-3.20087701037863e-05,-3.72257471364451e-05,-0.000659732068041465,0.00200187146280007,-0.189533847246512,-0.150288849068703,-2.17449552167077e-05,0.0301191786657313,0.287144720554352,-0.356927067041397,0.404675602912903,0.208724290132523,1
1.593,-3.31037549463768e-05,4.45559964407595e-05,0.0301249855232451,-0.00148519994948236,-0.000557575068279277,-3.22079955155097e-05,-0.000233406798016444,-0.000953970429852828,0.00155880155506309,0.0733569438450025,0.376533763182792,-0.000350873489262701,0.0301191786657313,0.0341092348098755,-0.312310218811035,-0.0682705268263817,-0.0766995251178741,1
1.594,-3.33407585268959e-05,4.35865837237957e-05,0.0301266975196933,-0.00104257328195136,-0.000259884709131932,-3.24101149202782e-05,-0.00023810184097548,-0.000988883078508043,0.0018632590023887,0.709368880841703,0.148805685087092,-5.1697277359982e-05,0.0301191786657313,0.272362589836121,-0.214325591921806,0.26740300655365,0.199795708060265,1
1.595,-3.36166525611288e-05,4.24937951507666e-05,0.0301283391153466,-0.000505573210731262,-0.000255241722070689,-3.24188903269018e-05,-0.000313530956806264,-0.00120104401467142,0.00142000706241824,0.244028736509356,-0.140579301229448,5.0424585287457e-06,0.0301191786657313,-0.137028455734253,-0.00933234393596649,0.0117592923343182,0.198226138949394,1
1.596,-3.40323877295077e-05,4.12630382940028e-05,0.0301297144922152,-0.000496269390644147,-0.000361625504006019,-3.24608024682149e-05,-0.000518394207771943,-0.00126078481145412,0.00133007577057846,-0.222434038354305,-0.0489059392279977,-9.87363617993625e-05,0.0301191786657313,-0.0624811053276062,0.196140214800835,-0.24520169198513,0.00376071780920029,1
1.597,-3.45216573991572e-05,4.01358761967679e-05,0.0301310640696897,-0.000543081758967945,-0.000586633414880201,-3.24677008625152e-05,-0.000462361523208372,-0.000994139762506262,0.00136808992994439,0.142334033397305,-0.349141486585994,8.15542998688697e-05,0.0301191786657313,-0.0613749325275421,-0.0538717731833458,-0.173312500119209,0.203995108604431,1
1.598,-3.49913168391534e-05,3.90911204330851e-05,0.030132440497044,-0.000610314245168717,-0.000859067050501049,-3.24880976321218e-05,-0.00047939503286304,-0.00109487197118115,0.00138380447835654,-0.256756911242843,-0.133962929694619,-0.000144019991778976,0.0301191786657313,0.57113242149353,0.0720241665840149,0.13530570268631,0.0146696828305721,1
1.599,-3.53526565958486e-05,3.80752451747211e-05,0.0301334864330103,-0.00070139345554854,-0.00105145820797629,-3.25274929733332e-05,-0.000245688232650718,-0.000936857621743257,0.000709176877315457,0.0978905893489773,-0.206784720553804,6.77216095261776e-05,0.0301191786657313,0.168060690164566,-0.344758570194244,-0.125807717442513,0.0549024306237698,1
1.6,-3.55429314278599e-05,3.70322671056481e-05,0.0301342638877778,-0.0007960944200575,-0.0010725254287463,-3.26460068338363e-05,-0.000135383499646221,-0.00114810207946785,0.00084487193260556,-0.261029116923818,0.168000108476195,-0.00029437971548958,0.0301191786657313,0.0926536172628403,-0.223156601190567,0.129152774810791,0.037736501544714,1
1.601,-3.57534364100432e-05,3.5837524033011e-05,0.0301350634440574,-0.00100046794458766,-0.000537110888662736,-3.30876582794737e-05,-0.000280719221571582,-0.00123981400185137,0.00075393260805379,-0.0967100517404995,0.775117986795562,-0.000521054396587606,0.0301191786657313,0.431871324777603,-0.313153803348541,0.0421663820743561,-0.181594431400299,1
1.602,-3.59213472042666e-05,3.46048623729613e-05,0.0301357932519879,-0.00084107745669551,-0.000182894200686029,-3.3333466522123e-05,-5.25556236881745e-05,-0.00122730349999079,0.000705266766621788,0.380790654495599,-0.14851489565701,3.77552111083356e-05,0.0301191786657313,-0.138604432344437,-0.191222250461578,-0.123798683285713,-0.102139726281166,1
1.603,-3.60232532987025e-05,3.33938152842003e-05,0.0301366815808397,-0.00036273064030511,-0.000457929743664952,-3.32341255373514e-05,-0.00015336953351394,-0.00119935724819121,0.00106980101165713,0.467549584688516,-0.337078557657685,0.000115247746384916,0.0301191786657313,-0.122081518173218,0.0925062596797943,0.0494046397507191,-0.0784900337457657,1
1.604,-3.62965688622628e-05,3.23024990402448e-05,0.0301377373126661,9.59378083613074e-05,-0.000595322781965528,-3.31433006253157e-05,-0.000393840163761486,-0.000988154300842573,0.00104105731032274,0.346591898700187,0.0921719377849588,4.92285393983672e-05,0.0301191786657313,0.264624565839767,-0.342176705598831,0.0447822213172913,0.166516602039337,1
1.605,-3.6653070882385e-05,3.11383259000336e-05,0.0301386883579737,-0.000331531594588594,-0.000615417107490113,-3.33457915222546e-05,-0.000319620393111092,-0.00133615330888162,0.00086081795600111,-1.0946400350936,-0.12824376340921,-0.000413753828870763,0.0301191786657313,-0.197102576494217,0.0634744763374329,-0.004417909309268,-0.654079914093018,1
1.606,-3.71042219384933e-05,3.01393756358153e-05,0.0301398171703353,-0.000677996225450963,-0.000479814027352564,-3.35926192946978e-05,-0.000581020689563498,-0.000660809644387448,0.00139469748783853,0.481679438795323,0.365034055210581,-7.79549029261201e-05,0.0301191786657313,0.376588404178619,-0.235969454050064,0.0344641208648682,0.116816475987434,1
1.607,-3.75947598013509e-05,2.9379256816457e-05,0.0301410555828952,-0.000390363246707473,-0.000458026588858826,-3.36124319821884e-05,-0.000400532131336713,-0.000861569566923272,0.00108213646807987,0.0301898225596345,-0.325984079995343,7.89733413115879e-06,0.0301191786657313,0.0901577696204185,-0.124929815530777,0.214855343103409,0.236084759235382,1
1.608,-3.80978271193963e-05,2.84114290703897e-05,0.0301419299095985,-0.000633983893213909,-0.000638212718469042,-3.37205131448748e-05,-0.000606868988409154,-0.00107184232707504,0.000666855204053788,-0.456174521701283,0.00566624094141068,-0.00023076805612194,0.0301191786657313,-0.0795395374298096,0.195486143231392,0.030318196862936,-0.172388538718224,1
1.609,-3.8803290541806e-05,2.7534659669979e-05,0.0301425594587071,-0.000544140001847634,-0.000461161993495256,-3.3835741148458e-05,-0.000802564614510538,-0.000683172150800752,0.000591910107668366,0.616394455761184,0.304455130895764,-4.7228088523179e-06,0.0301191786657313,0.522139847278595,-0.0756693631410599,-0.276033580303192,0.667500138282776,1
1.61,-3.93333747873501e-05,2.6588527648456e-05,0.0301427778885984,-0.000513450908491371,-0.000861065469030127,-3.38275729179216e-05,-0.000262502594903202,-0.0012084189790846,-0.000153376209548467,-0.556427371106991,-1.00891787073112,-4.89796702717285e-05,0.0301191786657313,-0.0418578162789345,0.243806064128876,0.429739028215408,-0.661818385124207,1
1.611,-3.98546430466224e-05,2.57873780411498e-05,0.0301425862364674,-0.000149136598446701,-0.00107753756458731,-3.35716524246799e-05,-0.00078100564799163,-0.000398924997914051,-0.000229589413311905,1.19846738587103,0.621620261928196,0.000586697137293636,0.0301191786657313,0.54315859079361,-0.464387714862823,-0.104743301868439,0.156352922320366,1
1.612,-4.04368282132428e-05,2.51594789572963e-05,0.0301422598038313,0.000206550446446277,-0.000743508114042285,-3.34238910557616e-05,-0.000381771739788431,-0.00085882558809312,-0.000422606916387359,-0.562798504788063,-0.0313336613837682,-0.000301089616304463,0.0301191786657313,0.0928000807762146,0.188732266426086,0.0416849479079247,-0.145240947604179,1
1.613,-4.08575940190236e-05,2.44608007903203e-05,0.0301417206375053,-0.00030359976897072,-0.000672908193132523,-3.37027110233201e-05,-0.000459116490016541,-0.000535107268042906,-0.000654874027567204,-0.336199649426435,0.154249986714077,-0.000218147842889008,0.0301191786657313,0.229069292545319,-0.0475943759083748,0.142889946699142,-0.227466613054276,1
1.614,-4.13392909657161e-05,2.40328840245214e-05,0.0301409822529819,-0.000434949674819591,-0.000531567340405325,-3.38485564626012e-05,-0.000503103354306264,-0.000320337557555629,-0.000820956869699704,0.104038705252788,0.0942026896668111,-6.09902701077617e-05,0.0301191786657313,0.367734223604202,-0.00062115490436554,0.258894354104996,0.0441451370716095,1
1.615,-4.18533290613286e-05,2.37283134685786e-05,0.0301398554997841,-0.000310848015291501,-0.000547716307307829,-3.38800401036288e-05,-0.000525227634690438,-0.000290040892155149,-0.0014302104882787,0.116085404591234,-0.123675937438796,-1.30464177513088e-05,0.0301191786657313,0.390437424182892,-0.149744868278503,-0.312453776597977,0.177249774336815,1
1.616,-4.21532586412814e-05,2.33376123819752e-05,0.0301383443955192,-0.000465907714643195,-0.00117863213683107,-3.39057409712851e-05,-8.12700656534009e-05,-0.000489659159604971,-0.001590484519628,-0.387328725109395,-0.988809266453996,-6.68326895588817e-05,0.0301191786657313,0.172139719128609,-0.170015901327133,0.337644696235657,0.016306072473526,1
1.617,-4.23801318178874e-05,2.28106177408879e-05,0.030136576388036,-0.000809141454322387,-0.00144091029496608,-3.41752170140985e-05,-0.000374002219599257,-0.000561394357564373,-0.00194336555541861,-0.218164839608398,0.520297051797996,-0.000472276380171446,0.0301191786657313,0.702460646629333,0.0591001659631729,-0.520863652229309,0.0769542157649994,1
1.618,-4.2334791356461e-05,2.22856973016602e-05,0.0301344772886545,-0.000676792519458964,-0.00142021520468771,-3.4164060676467e-05,0.000462790162692824,-0.000489939324280791,-0.00225265676292599,0.451681166993293,-0.480859776835815,0.000458933506628234,0.0301191786657313,0.0865447074174881,-0.115786164999008,-0.363882809877396,0.162706807255745,1
1.619,-4.17707245854326e-05,2.17187375366336e-05,0.0301322864005449,-0.000294719733585333,-0.00160148572852893,-3.38504391486083e-05,0.000663444071578882,-0.000647008762417653,-0.00212799472010826,0.225806750928624,0.160370774971787,0.00010219815980907,0.0301191786657313,0.14829520881176,-0.190658986568451,-0.2242351770401,-0.0422214977443218,1
1.62,-4.10360671398747e-05,2.1039516890116e-05,0.0301302548617038,-0.000219106434276087,-0.00110452945625711,-3.39149685397722e-05,0.000810006587207819,-0.000712136026043346,-0.00193426944628873,-0.0893762726958748,0.717840624491687,-0.000209594031319194,0.0301191786657313,0.367556989192963,0.144682601094246,-0.413597762584686,-0.114421181380749,1
1.621,-3.99736983482732e-05,2.045924023696e-05,0.0301283066599646,-0.000121550254532618,-0.000781705431686921,-3.39832444713473e-05,0.00131670836175594,-0.000450043911973424,-0.00196080896591718,0.262502102402007,-0.142556712528629,5.19892734634191e-05,0.0301191786657313,0.0215293616056442,-0.110836640000343,-0.228201866149902,0.097409576177597,1
1.622,-3.8616820108247e-05,1.99474822608054e-05,0.0301264152080495,-0.000160374387204016,-0.000915301244558584,-3.4068569577439e-05,0.00139616075722109,-0.000572999345378398,-0.00182116172185486,-0.327918180959068,-0.0894155218993539,-0.000226265661639179,0.0301191786657313,0.575047016143799,0.266726076602936,0.0231923013925552,-0.0399273931980133,1
1.623,-3.70598148066612e-05,1.95246863315935e-05,0.0301242583143938,-0.000242754589797056,-0.00114990065859753,-3.4145727696e-05,0.00171564481074617,-0.000272666622052109,-0.00248972075826164,0.182599210308896,-0.319374463435983,8.75938824464849e-05,0.0301191786657313,-0.231121972203255,-0.194210708141327,-0.138739973306656,-0.0224952530115843,1
1.624,-3.54484101370564e-05,1.92075345250036e-05,0.0301219894157452,-0.000234149052892776,-0.000909622634792863,-3.42330299107907e-05,0.00151025740941063,-0.00036160387399815,-0.0020475941719463,-0.165560522841465,0.745723002862783,-0.000247545620062678,0.0301191786657313,0.526519775390625,0.300609856843948,-0.334160625934601,-0.216533452272415,1
1.625,-3.36427997433937e-05,1.90808789643646e-05,0.0301198301133749,2.28318982718009e-05,-0.000700079379968354,-3.42449095747099e-05,0.00210201738135277,0.000104966076298985,-0.00226906493465371,0.617593725428197,-0.367668562641403,0.000161790673044756,0.0301191786657313,-0.0706269219517708,-0.145819917321205,0.0201229304075241,-0.0286305211484432,1
1.626,-3.16309317599216e-05,1.91534337645172e-05,0.0301176491974175,0.000252976599953713,-0.000748935146972551,-3.42169629239386e-05,0.00192244334948781,3.83851827208732e-05,-0.00209175692986543,-0.208843974155067,0.285534946178903,-0.000116078535117491,0.0301191786657313,0.211871325969696,0.207168325781822,-0.0644640326499939,-0.30939507484436,1
1.627,-2.96444767142766e-05,1.94162405454292e-05,0.0301155442872707,0.000176128891185848,-0.000521249617146231,-3.42919139426634e-05,0.00205271891207718,0.00048672671726028,-0.00211660730328938,0.0714008581309026,0.123190997786229,-3.78681560869127e-05,0.0301191786657313,-0.00758983194828033,-0.057651124894619,0.00812599062919617,-0.00467689335346222,1
1.628,-2.76396404444533e-05,1.98977528249372e-05,0.0301134607797188,-7.21044298971951e-05,-0.000321273439696281,-3.4404999235349e-05,0.00195993424911087,0.000478659835435519,-0.00204941931448361,-0.507011325270898,0.235063573140329,-0.000168173349993253,0.0301191786657313,-0.082282692193985,-0.183798760175705,0.208292409777641,-0.560422718524933,1
1.629,-2.58311772397844e-05,2.05551475783073e-05,0.0301116660035352,-0.00029446545217177,6.85267404150005e-05,-3.45572731226262e-05,0.00166178132576231,0.000837252048268944,-0.00154029610080235,0.11040714467171,0.458038741357162,-0.000148184190611658,0.0301191786657313,-0.167713269591331,-0.105629324913025,0.0882152244448662,0.13646012544632,1
1.63,-2.42941151539622e-05,2.13225811017867e-05,0.0301101610673301,-0.000376499398796481,0.000380857213709816,-3.4660898408756e-05,0.00141611662924619,0.000698906109834709,-0.00146869285992445,-0.25659936261135,0.0987774718168794,-3.6929121982609e-05,0.0301191786657313,-0.473442673683167,0.0182773247361183,-0.0669576078653336,0.236522823572159,1
1.631,-2.30578760113459e-05,2.19670258398238e-05,0.0301088236281299,-0.000683433904227664,0.000347935572103237,-3.4652866344409e-05,0.0010574626880365,0.000593149993736627,-0.00120597479940988,-0.286990618495383,-0.152514118149445,4.17341981883283e-05,0.0301191786657313,-0.492288529872894,-0.144547551870346,0.411696076393127,0.0980202630162239,1
1.632,-2.2382364748187e-05,2.25034876439196e-05,0.0301076890799566,-0.000848284596301786,0.000523776340566997,-3.47717021056404e-05,0.000297039530593472,0.000481627883537235,-0.00106262889403145,-0.00625761438261106,0.463416238299306,-0.000283426725615776,0.0301191786657313,-0.300502508878708,-0.389258503913879,0.0975927412509918,-0.13548369705677,1
1.633,-2.22542120801661e-05,2.2925927113869e-05,0.0301069358962875,-0.0007024309417347,0.000692958046113061,-3.49753328663382e-05,-3.84715228169926e-05,0.000362415745648832,-0.000444619470725204,0.26179319070805,-0.163050485662631,-0.000106911234164557,0.0301191786657313,-0.154778808355331,-0.195708125829697,0.104341052472591,0.110897578299046,1
1.634,-2.24064604427348e-05,2.32027978939137e-05,0.0301065697356938,-0.000481036952259041,0.000160275188490768,-3.49448127510144e-05,-0.000270088850421425,0.000189943856746768,-0.000287902294780888,0.128536856636108,-0.776107132383656,0.000122383392684342,0.0301191786657313,0.268415331840515,-0.0234478935599327,0.355735808610916,0.257253110408783,1
1.635,-2.27379117419474e-05,2.33135575128272e-05,0.0301059714104277,-0.000484160523954938,-0.000660727542852308,-3.48199091031454e-05,-0.000399678463423582,3.20726160707114e-05,-0.000906673462134037,-0.133594965368028,-0.67484574795283,5.95080997022663e-05,0.0301191786657313,-0.00570139987394214,-0.077772818505764,0.364381015300751,0.20516112446785,1
1.636,-2.33313365203486e-05,2.32679012005809e-05,0.0301049014214457,-0.000692123657777412,-0.000683906686592022,-3.49863462814071e-05,-0.000786513262774339,-0.00012119912008344,-0.00123169768644527,-0.233161196411928,0.628260684573974,-0.000396598964592457,0.0301191786657313,0.442455381155014,0.0875568985939026,-0.168296948075294,0.178526595234871,1
1.637,-2.39066032292516e-05,2.31518790910428e-05,0.0301034884758022,-0.000703646913491948,-0.000424423985095987,-3.51706383190376e-05,-0.000363140205313411,-0.000110816216187314,-0.00159228818079861,0.211845914791111,-0.169319218076844,4.27822589780545e-05,0.0301191786657313,0.302200049161911,0.026209831237793,0.110885113477707,0.0879324376583099,1
1.638,-2.42287898664474e-05,2.30545585670337e-05,0.0301017226394278,-0.000335917457109593,-0.000633766856680477,-3.50728241103049e-05,-0.000283364143897104,-8.70766090268585e-05,-0.00193726906131713,0.437156087904808,-0.201155598119829,0.000117014555157616,0.0301191786657313,0.160063311457634,-0.0956031978130341,0.0200176443904638,0.100908733904362,1
1.639,-2.44972550540246e-05,2.29165253050078e-05,0.0300997498071642,-0.00011895555088349,-0.00070148875795657,-3.50539939595329e-05,-0.000254317000331602,-0.000190600540554823,-0.00200688053868421,-0.0520151411009727,0.0799104836626035,-9.66714480959457e-05,0.0301191786657313,0.144646242260933,0.360853672027588,-0.323524355888367,-0.135495349764824,1
1.64,-2.46031715287083e-05,2.29543122468531e-05,0.0300977658144295,0.000109983669653483,-0.000758354533185418,-3.50369047890098e-05,4.03010214046011e-05,0.00026165553018541,-0.00195999506154132,0.452719780021223,-0.178949549486948,0.000105474886993977,0.0301191786657313,0.224725842475891,0.225842416286469,0.215140745043755,0.0184004157781601,1
1.641,-2.46034583685618e-05,2.33177686558691e-05,0.0300955821970206,0.000370769361794024,-0.000635855492763907,-3.49732637765499e-05,-3.96100206358297e-05,0.000462626582350739,-0.00240463383345148,0.00756792279566259,0.393598786109345,1.11647081494714e-05,0.0301191786657313,0.188432544469833,0.104652926325798,-0.344492375850677,0.0622401386499405,1
1.642,-2.44652567199715e-05,2.38138918085425e-05,0.0300932235273269,-6.02969741622073e-06,-0.000535964106350185,-3.51268355931467e-05,0.000316466464429483,0.000532966666883494,-0.00231125129554736,-0.672969903638353,-0.21613639020668,-0.000267751130830967,0.0301191786657313,0.207470208406448,-0.293786197900772,0.243134081363678,-0.126120463013649,1
1.643,-2.42030769631787e-05,2.43098364591669e-05,0.0300909547736045,-0.000845590602101793,-0.000542443709596566,-3.54783586220542e-05,0.000208219372564407,0.000466400087428087,-0.00222493384376829,-0.810986392416458,0.20425111902667,-0.000406896291073389,0.0301191786657313,0.0949232652783394,0.0191470608115196,0.271311700344086,-0.280705273151398,1
1.644,-2.41024517716305e-05,2.49485487452875e-05,0.0300887471388958,-0.0009258868080078,-0.000106790760866141,-3.58402777238531e-05,-2.60482194837567e-06,0.000811018976026335,-0.00218892907822863,0.663185742694406,0.563944117254944,-0.000319701273126159,0.0301191786657313,-0.198519498109818,-0.421123653650284,-0.175187081098557,0.276307135820389,1
1.645,-2.41381269416654e-05,2.55202861324696e-05,0.0300868262341423,-0.000565635646254451,0.00022923358236779,-3.60583615037768e-05,-6.57255037852751e-05,0.000330875920763958,-0.0016530909966083,-0.0265667275511228,0.0310438165394406,-7.89576788302377e-05,0.0301191786657313,-0.196565866470337,-0.0907359272241592,-0.00583850592374802,0.0966120362281799,1
1.646,-2.43015555114011e-05,2.58155963280079e-05,0.0300853180008191,-0.000583453407802797,6.64817447211094e-05,-3.60775104626399e-05,-0.000261371953094122,0.000260439170493504,-0.00136417200065972,-0.00589020203753306,-0.316365983927899,2.85627928086343e-05,0.0301191786657313,-0.0907782763242722,-0.0208859443664551,0.0580374822020531,0.336859971284866,1
1.647,-2.46497769699116e-05,2.59721726941326e-05,0.0300839128367712,-0.000707341379927012,-0.000302760002774732,-3.60348940526833e-05,-0.000437956943784831,5.43282309250054e-05,-0.00144502055540526,-0.212599236444552,-0.336129749824524,2.21272060191635e-05,0.0301191786657313,0.297163128852844,-0.253621697425842,0.0706380158662796,0.00291675329208374,1
1.648,-2.50320981975437e-05,2.59677535385185e-05,0.0300824952778314,-0.000838713036997701,-0.000749331256851811,-3.59467571047212e-05,-0.000330974218991424,-6.17274801936134e-05,-0.0013892689131281,-0.019976719665884,-0.453184748998882,0.000127198776186217,0.0301191786657313,0.221044480800629,-0.506369709968567,0.00411104410886765,-0.379596829414368,1
1.649,-2.53231948628807e-05,2.59011654426531e-05,0.0300814416289206,-0.000636581258551192,-0.00100653166028334,-3.57998692530614e-05,-0.000253727480509516,-7.31661480054528e-05,-0.000718709590794843,0.376024608241247,-0.00225725427627475,0.00013550560071449,0.0301191786657313,0.357250899076462,0.0205837041139603,0.0415774285793304,0.0720869526267052,1
1.65,-2.54990422774012e-05,2.58457831273833e-05,0.0300806077951825,-0.000194887032619126,-0.0008310280487603,-3.56772704916963e-05,-9.68560280641765e-05,-4.15051396004054e-05,-0.000947886980036395,0.403296325120161,0.310559884595129,7.80636450703041e-05,0.0301191786657313,0.171374768018723,-0.0115460455417633,-0.0806470885872841,-0.0670124143362045,1
1.651,-2.55374262165209e-05,2.58552903771705e-05,0.0300797346947049,7.86242370163357e-05,-0.000470189429498146,-3.56518950046514e-05,2.28462024181873e-05,5.79086378817325e-05,-0.000798153651265172,0.0806655102862422,0.326498115440228,-3.72044333435769e-05,0.0301191786657313,0.0602856948971748,0.0373299345374107,0.0652735680341721,-0.235446572303772,1
1.652,-2.5551822413558e-05,2.6048567990769e-05,0.0300790457999467,9.64450075667706e-05,-0.000123883448064456,-3.57001304225335e-05,-4.84657104583842e-05,0.000327816094595364,-0.000579771910188862,-0.0493958295169374,0.285104177162027,-6.02336091144892e-05,0.0301191786657313,-0.0104820244014263,-0.218329086899757,0.0155991762876511,-0.19032096862793,1
1.653,-2.56387114481846e-05,2.63911263810375e-05,0.030078706778806,-0.000228369302343203,-6.75660927176728e-06,-3.57711809195749e-05,-0.00012414638907151,0.000360126790747361,-9.92004632327207e-05,-0.523604185190879,-0.0778166371266488,-6.39038629527573e-05,0.0301191786657313,-0.103713035583496,0.0343467369675636,0.0653363615274429,0.03901307284832,1
1.654,-2.58592363999606e-05,2.6786854861369e-05,0.0300786762707392,-0.000711660113944738,-0.000138541403238064,-3.58221280203352e-05,-0.000317585565570003,0.000435421019610789,3.78265086219469e-05,-0.331318562463063,-0.155285800510615,-3.62430089514729e-05,0.0301191786657313,0.0946025028824806,0.18653804063797,-0.105267278850079,0.205140233039856,1
1.655,-2.61276932936311e-05,2.72620978179705e-05,0.0300786471604687,-0.000761901008475866,-0.000532978857422633,-3.57203412000295e-05,-0.00022305778838522,0.00051544891732693,-9.56662553807839e-05,0.239644520963321,-0.540622532550018,0.00022402463315117,0.0301191786657313,0.00723688490688801,-0.603278458118439,-0.0091860368847847,0.0549563765525818,1
1.656,-2.63886168234205e-05,2.75557220504326e-05,0.0300788513456845,-0.000820196756920084,-0.00084739831180916,-3.56981037117343e-05,-0.000301385802188426,7.35694772749112e-05,0.000502330068446926,-0.341779914967804,-0.016554577966963,-0.000222603231795932,0.0301191786657313,0.242919370532036,0.0088023841381073,-0.0791983604431152,-0.0322561264038086,1
1.657,-2.66071961000651e-05,2.76962844643048e-05,0.0300793808123615,-0.000770060612828942,-0.000793642971528739,-3.57739303988858e-05,-0.000135746985097989,0.000206870806687829,0.000556120227862916,0.428021326956105,0.110403547355206,6.77246196798944e-05,0.0301191786657313,0.310525506734848,-0.296030461788177,0.244413316249847,0.322251856327057,1
1.658,-2.67615687611627e-05,2.7696235070221e-05,0.0300797902595286,-0.000651285752379098,-0.000482048682045186,-3.59021146523197e-05,-0.000170248246515074,-0.000206949073165612,0.000263211657076521,-0.216723277230295,0.438040839097166,-0.000284534980818976,0.0301191786657313,0.277758330106735,-0.390295207500458,-0.337403535842896,-0.159424528479576,1
1.659,-2.6719234974992e-05,2.74416853778691e-05,0.0300803740691076,-0.000811719238618158,-0.00052116069685415,-3.5986576725211e-05,0.000253420863342508,-0.000300612200904894,0.000902268892408152,-0.0662217086872791,-0.504184352469099,0.000134025293629883,0.0301191786657313,0.292241156101227,-0.148879036307335,0.41448912024498,-0.10860437899828,1
1.66,-2.65594386393926e-05,2.71721545229006e-05,0.0300811782529923,-0.000610735365728759,-0.00071588657734699,-3.58918370952921e-05,6.49196252670143e-05,-0.000240391513690721,0.000705965209081719,0.420589426310828,0.159841088255227,4.05655593256743e-05,0.0301191786657313,0.309098124504089,-0.238811254501343,-0.115540251135826,0.254240661859512,1
1.661,-2.63658599509204e-05,2.67714547619894e-05,0.0300818802348582,-0.00049484516391303,-0.000683591910100467,-3.59289476641322e-05,0.000321857339404557,-0.000561229621767218,0.000697533755678309,-0.212821329198461,-0.101452128532259,-0.000122904880666457,0.0301191786657313,0.287225633859634,-0.121677130460739,0.0173991564661264,-0.226908057928085,1
1.662,-2.5979258342449e-05,2.62936653430359e-05,0.0300826707984641,-0.000486267775206515,-0.000755850466133225,-3.59738019475309e-05,0.000450504448349609,-0.000395034408799653,0.000882567104229708,0.228111678108597,-0.0251634078582421,3.03084315413083e-05,0.0301191786657313,0.0110320299863815,-0.33613795042038,-0.11976733058691,-0.277480810880661,1
1.663,-2.55209028500076e-05,2.59119714537932e-05,0.0300839121236135,-0.000257328282405077,-0.000612478199357888,-3.59805430090177e-05,0.000467518245650144,-0.000370572194325387,0.00159539189579142,0.177342930725814,0.27771304198592,-5.01560880701044e-05,0.0301191786657313,0.241963744163513,-0.0804653167724609,-0.22369509935379,0.0776369571685791,1
1.664,-2.49036558112433e-05,2.5509227974416e-05,0.0300855729429236,-0.000284490308155381,-0.000572821415093824,-3.60629127715839e-05,0.000766683263429551,-0.000434634592875158,0.00172475754126013,-0.222884363995814,-0.204431737237217,-0.000108466271660885,0.0301191786657313,0.185083523392677,0.0716499537229538,-0.00386117771267891,-0.251509368419647,1
1.665,-2.4101419368167e-05,2.52402091868464e-05,0.0300873643287478,-0.000238543927314695,-0.00071952704576285,-3.60879657939073e-05,0.000836608733954784,-0.000104762392491328,0.00185646812199357,0.303338005003216,-0.0525320837520796,5.59714854255342e-05,0.0301191786657313,0.0389205440878868,0.258970856666565,-0.201704353094101,0.160641983151436,1
1.666,-2.32092432854858e-05,2.52048660299128e-05,0.030089183704153,1.92411546537993e-05,-0.000689296858889506,-3.60563004049297e-05,0.000948048271891072,3.15132234202384e-05,0.00178122997915825,0.15203196937067,0.108180400396105,-1.17714382279891e-05,0.0301191786657313,0.200785502791405,0.00978107377886772,0.0516359508037567,0.0960859805345535,1
1.667,-2.22398587462284e-05,2.52264304136875e-05,0.0300908844034026,-0.000139777540818802,-0.000475859246678067,-3.61747845265548e-05,0.000992783444315782,1.30425439295342e-05,0.00161941371389817,-0.431202106566652,0.270960177777863,-0.000203106164076785,0.0301191786657313,0.147784054279327,-0.103662252426147,-0.10293310880661,-0.305579125881195,1
1.668,-2.11777838690863e-05,2.5354400673254e-05,0.0300927034331156,-0.000435965726416703,-0.0003345836910222,-3.63291633740381e-05,0.00113254423882445,0.000244803669062194,0.00201628294530079,-0.0933985714383704,-0.0174176933184821,-8.29970401388356e-05,0.0301191786657313,0.0224054381251335,0.00756042823195457,0.357207894325256,-0.0814339593052864,1
1.669,-2.02106179050744e-05,2.56726395413846e-05,0.0300946516457,-0.000374496110722583,-5.30670284970867e-05,-3.64599429394374e-05,0.00080627859647206,0.000390482270339758,0.00187956534282408,0.199242508096409,0.514069881304323,-0.000169764117174729,0.0301191786657313,0.184098124504089,0.0640172883868217,-0.149950683116913,-0.123006775975227,1
1.67,-1.92876793224522e-05,2.6172826248908e-05,0.0300965896245199,-4.99889906194678e-05,-2.97491731017393e-05,-3.65566925450977e-05,0.00103948049902713,0.000606696019344366,0.00199478837864823,0.371770336974258,-0.467338093218232,-5.1879463945623e-05,0.0301191786657313,-0.305481910705566,-0.166688099503517,0.426774531602859,-0.252099543809891,1
1.671,-1.85684806153325e-05,2.68401517108906e-05,0.0300987451598362,0.000130019664726285,2.96929416003982e-05,-3.66055752341055e-05,0.000401423753509155,0.000726319128594767,0.00231397867209753,-0.0546765928021453,0.571432724924111,-2.88346628651536e-05,0.0301191786657313,0.0750633701682091,-0.0715751945972443,-0.127557039260864,-0.446487188339233,1
1.672,-1.8099741571356e-05,2.77441964949824e-05,0.0301013228005292,8.07855588672842e-05,0.000159511973425854,-3.66618536373764e-05,0.000536935743811532,0.00108147960958936,0.0028380671051506,-0.0350153889849822,-0.337983772566311,-8.21916911313064e-05,0.0301191786657313,-0.349357426166534,0.203835502266884,0.0172931998968124,-0.0900688692927361,1
1.673,-1.77288508222623e-05,2.89726273472428e-05,0.0301042803592648,4.3418852374209e-06,-6.50403339701569e-05,-3.67389557367481e-05,0.00020393911402363,0.00137567407758776,0.00307440290907179,-0.103432399731458,-0.0581857471864851,-7.41838104697045e-05,0.0301191786657313,-0.0946473181247711,-0.198592707514763,0.0480943098664284,-0.157149732112885,1
1.674,-1.7603228830305e-05,3.0363517996244e-05,0.0301075405851071,-0.000342223496009253,-0.000101388341236058,-3.68249248743346e-05,4.7421543129223e-05,0.00140945794069856,0.00344293506406845,-0.51151545339151,-0.00571795844928006,-9.7715048320316e-05,0.0301191786657313,0.191103503108025,-0.144664153456688,0.304013311862946,0.165147244930267,1
1.675,-1.76221847980112e-05,3.16920156193032e-05,0.0301108030243195,-0.0010139361870426,-9.84520533680293e-05,-3.69341709736126e-05,-8.49935427245195e-05,0.00125411406433747,0.00308065880289371,-0.677991684507388,0.0108045771086972,-0.00011293905128015,0.0301191786657313,0.0781707838177681,-0.0614431798458099,-0.140348300337791,0.0706384479999542,1
1.676,-1.76398609198974e-05,3.29550566672047e-05,0.0301139196680841,-0.00127717067800276,-0.000335650755629226,-3.68558615151393e-05,4.73151497086448e-05,0.0012746193693722,0.00315039546604627,0.207750971414709,-0.428549446776745,0.000267553726745246,0.0301191786657313,-0.0235968492925167,-0.10557733476162,0.150489628314972,0.674378275871277,1
1.677,-1.76920572643088e-05,3.39776180262875e-05,0.0301168071917327,-0.00119106214848547,-0.000473090392366023,-3.68124946024118e-05,-0.000152363029800415,0.000771434418057878,0.0026240977794834,-0.0581164442747612,0.183842139601666,-0.0002049028327875,0.0301191786657313,-0.231900170445442,-0.0391736030578613,0.161523342132568,0.210663288831711,1
1.678,-1.8031393381653e-05,3.47117425141168e-05,0.0301193946110583,-0.000966439614835619,0.00012159969205381,-3.72265276840089e-05,-0.000519201447197762,0.000695541116916271,0.00254944918842666,0.449124062125869,0.860660561796857,-0.000555568904229048,0.0301191786657313,-0.0575578957796097,-0.265362143516541,-0.319949328899384,0.267287313938141,1
1.679,-1.84546024385454e-05,3.52479999097002e-05,0.0301220898982126,-0.000702835653569885,0.000378864637954234,-3.74721661016153e-05,-0.000325719925283205,0.000375785639814079,0.00283848060962962,0.0161865155974793,-0.403598014066734,8.09141920487873e-05,0.0301191786657313,-0.0664209276437759,-0.0329209789633751,0.0388233959674835,-0.223492011427879,1
1.68,-1.88369917079945e-05,3.57535022519252e-05,0.0301250311632491,-0.000391543374060588,-0.000236983865419748,-3.73487240747927e-05,-0.000444275113788834,0.000632231443331455,0.00304166528391522,0.530794068699004,-0.683942185912954,0.000144642022927708,0.0301191786657313,0.0327690169215202,-0.168723985552788,0.260444760322571,0.104384280741215,1
1.681,-1.94037818552359e-05,3.63180240299859e-05,0.0301279692493073,-0.00022800410947817,-0.000605043698302717,-3.73355531171349e-05,-0.000691955840621568,0.000495990802769143,0.00283309892504091,-0.241242854387249,0.0298654082555511,-0.000154575319464372,0.0301191786657313,-0.180695205926895,-0.0360162481665611,0.240375757217407,-0.330031424760818,1
1.682,-2.02993977118675e-05,3.69777825060217e-05,0.0301309013974689,-0.000339400357754752,-4.4072126790284e-05,-3.7538608473664e-05,-0.0010939694956967,0.000824077680990773,0.00302887494975974,0.0420970104755616,0.955830849201671,-0.00024774747413248,0.0301191786657313,0.158434376120567,-0.011036291718483,-0.208267122507095,0.221808433532715,1
1.683,-2.12605055755375e-05,3.77545422576898e-05,0.030133841581266,-0.000572407216180414,0.000287063570541852,-3.76310953047465e-05,-0.000827132091851352,0.000732197276397199,0.00285043221236481,-0.453000727860334,-0.366707253159271,0.000116180949354194,0.0301191786657313,-0.275003552436829,-0.1383236348629,0.798401951789856,0.123622052371502,1
1.684,-2.2538620954697e-05,3.84373043739762e-05,0.0301364608696103,-0.00107789363894703,0.000469758942590786,-3.77301119871554e-05,-0.00172551580913428,0.000638128865353079,0.00238767675606074,-0.441750636522423,0.682438034685743,-0.000359578208360439,0.0301191786657313,-0.152740195393562,-0.262014329433441,0.0367265753448009,0.262979716062546,1
1.685,-2.4348785123541e-05,3.89326959200875e-05,0.0301388576506838,-0.00146906972349801,0.000678783528030201,-3.77895889176472e-05,-0.00189317692365821,0.000356934391854064,0.00240429369539556,-0.251596654745464,-0.315499822598133,0.000276960013674368,0.0301191786657313,-0.531506419181824,-0.30313965678215,0.0331422388553619,0.403244495391846,1
1.686,-2.64828704421062e-05,3.90820587044213e-05,0.0301413772217574,-0.00161261193653099,0.000251155458298717,-3.74505672069425e-05,-0.00237792451366791,-5.57432432365761e-05,0.00263245214842763,-0.00333265065614523,-0.446195407295249,0.000324274386831149,0.0301191786657313,-0.281559735536575,-0.30413943529129,0.225104331970215,0.317986756563187,1
1.687,-2.90910143863873e-05,3.88536101046786e-05,0.0301439802436955,-0.00140995948923971,-8.18850124136772e-05,-3.7237031320636e-05,-0.00284110337205093,-0.000402235387757592,0.00257187491203755,0.360888315832409,-0.150207918385645,6.23675960021472e-05,0.0301191786657313,0.319564074277878,-0.0867204666137695,-0.248014658689499,0.325145661830902,1
1.688,-3.17383226445031e-05,3.83552917021178e-05,0.0301463801354069,-0.00088435225456486,-0.000821857333715787,-3.6748800878339e-05,-0.00246169638085251,-0.000598609436152416,0.00222718799551303,0.568051735365887,-1.16182212172965,0.000747407554251181,0.0301191786657313,-0.129880234599113,-0.183184176683426,0.179865926504135,0.130582675337791,1
1.689,-3.43865060613344e-05,3.76859437987165e-05,0.0301485513399009,-0.000437861451155383,-0.00125044055223435,-3.63580151194753e-05,-0.00283811911357197,-0.000743696454610118,0.00211403293160663,0.224070546510939,0.391711642328606,-9.88591039266765e-06,0.0301191786657313,0.364688187837601,-0.364321947097778,-0.18198236823082,0.351552516222,1
1.69,-3.70671037561863e-05,3.67018166742898e-05,0.0301505398185482,-0.000836895594137732,-0.000874837616369895,-3.67438279087473e-05,-0.00252143445005587,-0.00122039810446029,0.00186215545421436,-0.923066912989164,0.263504741039958,-0.000631229333392987,0.0301191786657313,0.231335937976837,-0.00378119200468063,0.0339857637882233,-0.276591032743454,1
1.691,-3.95668372600762e-05,3.56549853525252e-05,0.0301523425005277,-0.00112542358366998,-0.000584044082009811,-3.71209016511997e-05,-0.00247648108490984,-0.000872071290024901,0.00174229376064866,0.412516453076604,0.242856841659304,-8.70415661187965e-05,0.0301191786657313,0.163751065731049,-0.349221497774124,-0.16702301800251,0.316787362098694,1
1.692,-4.19640336830732e-05,3.45744574954324e-05,0.0301540317247747,-0.000900339579652622,-0.000607994858708004,-3.71160745977761e-05,-0.00231931384212441,-0.00129020690691077,0.0016352593060472,-0.0105290397879547,-0.290967378637232,7.03375097143664e-05,0.0301191786657313,0.0723117366433144,-0.200906485319138,0.179458513855934,0.222499325871468,1
1.693,-4.43869855120124e-05,3.31702492719644e-05,0.0301554888522192,-0.000950795255886481,-0.000722093195089634,-3.71486645360797e-05,-0.00252815541389487,-0.00151799908712536,0.0012783849830021,-0.0742778130301872,0.0817932532745324,-0.000141413951973295,0.0301191786657313,0.471338987350464,6.98864459991455e-05,0.011995941400528,0.261051118373871,1
1.694,-4.67934113289168e-05,3.1603315613564e-05,0.0301564032597217,-0.000886085540009017,-0.000928745686460517,-3.70831213665213e-05,-0.0022876985732067,-0.00161676881472209,0.000551104627605625,0.192820233594586,-0.453057516760544,0.000248145440745615,0.0301191786657313,-0.15117235481739,-0.248915046453476,0.000915873795747757,-0.0659656375646591,1
1.695,-4.92169182572034e-05,2.99641073279083e-05,0.0301570597749495,-0.000575424174483027,-0.000973161887640574,-3.6947976234103e-05,-0.0025597066623417,-0.00166469796083405,0.000760850439429794,0.360540618219955,0.364768178608765,8.05950301320461e-06,0.0301191786657313,0.379331320524216,-0.0383155047893524,-0.430423617362976,0.388630300760269,1
1.696,-5.1522475603139e-05,2.81688722691364e-05,0.0301576284476622,-0.000500290406659733,-0.00110644935059742,-3.69494773759804e-05,-0.00205457786189247,-0.00192635768921953,0.000377096777621165,-0.220861268850565,-0.604604279610879,-3.74662495132988e-05,0.0301191786657313,0.374258995056152,-0.222637176513672,-0.122704818844795,0.00224875984713435,1
1.697,-5.34621574863559e-05,2.61938916681059e-05,0.030157916318668,-0.000755306839516727,-0.00169659220530422,-3.70157052125286e-05,-0.00183101995606555,-0.002021860120777,0.000198989946359097,-0.22446036688925,-0.445554115465186,-9.3514035433344e-05,0.0301191786657313,0.284241199493408,0.012764248996973,-0.270571708679199,0.172737240791321,1
1.698,-5.5168427873836e-05,2.41533010568268e-05,0.0301579603034365,-0.0007930653160501,-0.00185925294686994,-3.70489680805441e-05,-0.00158409633334965,-0.00205957849390926,-0.000110230215883683,0.162810630937532,0.151281461850583,3.07369111920392e-05,0.0301191786657313,0.520316481590271,-0.314952164888382,-0.259615510702133,0.0390824377536774,1
1.699,-5.6538729499091e-05,2.19925000046072e-05,0.030157779791069,-0.00063471546796025,-0.00163945566569554,-3.70504313136344e-05,-0.00115612514288875,-0.00226358034316027,-0.000250378897825635,0.123600477240352,0.232722639935492,-3.91694202012595e-05,0.0301191786657313,0.491712063550949,-0.354843467473984,-0.399736046791077,0.0800896286964417,1
1.7,-5.7431887303614e-05,1.95897196914208e-05,0.030157525313333,-0.000648141240358516,-0.00158398240411193,-3.71490335875357e-05,-0.000631371218183979,-0.00254194390438063,-0.000258397076799155,-0.139396596339543,-0.13638955078145,-0.000141619734402173,0.0301191786657313,0.438392013311386,-0.337748229503632,-0.037633091211319,-0.0204369500279427,1
1.701,-5.79697778092944e-05,1.6955437791153e-05,0.0301571740511019,-0.000750274617651632,-0.00154247283515452,-3.7325289074186e-05,-0.000444651128730193,-0.00272620876824906,-0.000443474750614292,-0.0334082351188935,0.207246734326655,-0.000182515123172261,0.0301191786657313,0.736721277236938,0.116805024445057,-0.070980429649353,0.357820898294449,1
1.702,-5.81836920540518e-05,1.41662652137987e-05,0.0301562113181713,-0.000629104261084217,-0.00151893545254542,-3.73068885548555e-05,1.64071722732189e-05,-0.00285394220063368,-0.00148012081882329,0.255570890448445,-0.165900290367486,0.000200244498805866,0.0301191786657313,0.495669782161713,-0.256326198577881,-0.42960661649704,0.138542771339417,1
1.703,-5.78922245862433e-05,1.11796394201151e-05,0.0301546799276754,-0.000448843543095816,-0.00188564027940089,-3.71120372748557e-05,0.000562063240636886,-0.00312114872431404,-0.00158132346204833,0.0723747030126809,-0.480019976245964,0.000123121679030246,0.0301191786657313,0.257054001092911,0.166649714112282,-0.422796666622162,-0.0126501871272922,1
1.704,-5.71634716214275e-05,8.15073991397055e-06,0.0301530339665924,-5.96353205173119e-05,-0.00208148511062414,-3.66984203079568e-05,0.000893213443695349,-0.00294144936541359,-0.00170913195513789,0.62264131207931,0.134858235716252,0.00063573123206497,0.0301191786657313,0.522687673568726,-0.599614977836609,-0.256976187229156,0.194446235895157,1
1.705,-5.60630636489399e-05,4.89416395264588e-06,0.0301513140871902,-0.000197347951799419,-0.0017458326903746,-3.68918553186326e-05,0.00130983262278834,-0.00357003983643138,-0.00172949377326875,-0.852178277947342,0.460358054609467,-0.000932090102188693,0.0301191786657313,0.291718304157257,0.484115928411484,-0.588901221752167,-0.284743905067444,1
1.706,-5.44929766820664e-05,1.64825970865936e-06,0.0301495607207369,-0.000186101936026394,-0.00142530182098025,-3.70379151828359e-05,0.00183223723340227,-0.00292461782168385,-0.00177598285855526,0.876944752991529,0.111808523830079,0.000603292176122301,0.0301191786657313,0.5782310962677,-0.200200900435448,-0.123994514346123,0.0753525048494339,1
1.707,-5.24663795240915e-05,-1.38919291132128e-06,0.0301475970707941,0.000400224412021882,-0.00142942943123774,-3.66624645016245e-05,0.00222048853435291,-0.00315561787075693,-0.00214898464301348,0.170332151163525,-0.112173303516442,3.92187207798014e-05,0.0301191786657313,0.203975632786751,0.168222710490227,-0.525590300559998,-0.347264230251312,1
1.708,-5.00401977944724e-05,-4.35054898046632e-06,0.0301455893338159,0.000701836105248287,-0.00160391336807221,-3.65330378628848e-05,0.0026303023959183,-0.00277150631273282,-0.00186569295072279,0.370843389168048,-0.188595873363045,0.000183614169708364,0.0301191786657313,0.339152783155441,0.29694527387619,-0.266535073518753,-0.275107830762863,1
1.709,-4.72555859333072e-05,-6.9163088014346e-06,0.0301436361424849,0.00104129553021409,-0.00161982881501732,-3.62992058726697e-05,0.00293896792098255,-0.00236473956760143,-0.00203890910970521,0.236986759269069,0.167994287306323,0.000236510415013891,0.0301191786657313,0.435338318347931,0.110040113329887,-0.298427224159241,-0.372925490140915,1
1.71,-4.41055053249704e-05,-9.11997202905452e-06,0.0301416002973609,0.0010186652124491,-0.00142065185577225,-3.62653976333505e-05,0.0033626671561964,-0.00204410107033926,-0.00203147686419749,-0.268712695187614,0.193260591232552,-0.000170230522164606,0.0301191786657313,-0.249265849590302,0.258540630340576,0.0162066668272018,-0.222235009074211,1
1.711,-4.09251404607025e-05,-1.10019145429685e-05,0.0301396012612969,0.000627706477301842,-0.00053285837503335,-3.61758401741241e-05,0.00300752221477701,-0.00171778457407621,-0.00196538280985748,-0.415578536798706,1.38117559067388,0.00028366951584441,0.0301191786657313,0.215313613414764,0.00577250123023987,-0.519032895565033,-0.477454096078873,1
1.712,-3.76656963032523e-05,-1.25483239523889e-05,0.0301379002781806,0.000376586288844377,4.18872037573979e-06,-3.61106572257519e-05,0.00351570198522053,-0.00137432142532231,-0.00143692615034516,-0.0247093724334151,-0.417461031679214,-0.000155124580629383,0.0301191786657313,-0.367914855480194,0.134634718298912,0.0502116903662682,-0.262910604476929,1
1.713,-3.43597500475754e-05,-1.37849080342661e-05,0.0301366001202961,0.000532229209045513,-0.000292751660023211,-3.62272252658613e-05,0.00309528243344811,-0.00110094732968375,-0.00116284383907026,0.302720202472263,-0.0971429315728348,-4.88653328690694e-05,0.0301191786657313,0.181065157055855,0.258371561765671,-0.0431065782904625,-0.259554028511047,1
1.714,-3.12166990596791e-05,-1.47067659137626e-05,0.0301353498533464,0.000950684567753575,-0.000624437933098284,-3.63368328031299e-05,0.00318883753595674,-0.000747316204492736,-0.00133646525337204,0.4386198694352,-0.478186529420067,-0.000168057829281799,0.0301191786657313,-0.0395606197416782,0.174028605222702,0.270856767892838,-0.072342112660408,1
1.715,-2.82023009026227e-05,-1.53954534901629e-05,0.0301338509056481,0.00101810003404937,-0.000618673015046134,-3.63733177417558e-05,0.00284190894874536,-0.00063115756893716,-0.00165956625174316,-0.315344435845488,0.494744371899085,9.97542859548195e-05,0.0301191786657313,0.01971834897995,0.446932584047318,-0.267269551753998,-0.455907762050629,1
1.716,-2.52835778794373e-05,-1.57001156848778e-05,0.030132264274916,0.000958144898256939,-0.000284209267905058,-3.6291056209059e-05,0.00299892392926126,2.04685067745452e-05,-0.00151306152925017,0.208723207738627,0.106170869143613,1.87835383876005e-05,0.0301191786657313,-0.492443442344666,0.209375873208046,-0.0343860536813736,-0.494389474391937,1
1.717,-2.25003907767743e-05,-1.54362639188555e-05,0.030131043610203,0.00119377770441359,0.000133996096819868,-3.60922998474678e-05,0.00257301700763119,0.000504101563714515,-0.000928800117736447,0.206491532925809,0.639188933619582,0.000333210037153664,0.0301191786657313,-0.0142892096191645,-0.0089518129825592,0.0903864353895187,-0.534648656845093,1
1.718,-1.9984421613003e-05,-1.4764838963428e-05,0.0301302748734848,0.00114417924698299,0.000461813349273788,-3.59245847962875e-05,0.00246288083336731,0.000838513738117062,-0.000608990839445426,-0.294696477292518,-0.0507790890278588,-2.61908373937391e-05,0.0301191786657313,-0.377050966024399,0.390372633934021,-0.230378538370132,-0.412453144788742,1
1.719,-1.75909239906664e-05,-1.36423346276339e-05,0.0301298906965427,0.000936751921304017,0.000101698525359362,-3.61483921218486e-05,0.00232207465037701,0.00140777617725539,-0.000159866859608711,-0.0751631400585431,-0.577091959704637,-0.000360308279937099,0.0301191786657313,-0.459253311157227,0.627063691616058,-0.102374911308289,-0.444894254207611,1
1.72,-1.54330072012696e-05,-1.18365307194973e-05,0.030129858857513,0.00122477181222516,-0.000271007948577874,-3.63865129200391e-05,0.00199307801970724,0.00219771123290383,9.48795983710183e-05,0.574249436715769,-0.0774413306634571,-3.41907046711503e-05,0.0301191786657313,-0.0460115224123001,0.134656608104706,0.134259045124054,-0.291624426841736,1
1.721,-1.35347778063991e-05,-9.51098275453924e-06,0.0301299592537405,0.00133617414000947,-0.00014449116983127,-3.63369388449719e-05,0.00180546513913247,0.00245272468237927,0.000105840528499644,-0.382724870927572,0.305780657185461,0.000125992785189861,0.0301191786657313,-0.0792444422841072,0.590530395507812,0.422001630067825,-0.323594361543655,1
1.722,-1.19455202379964e-05,-6.7263196444926e-06,0.0301298051278275,0.000982017215954428,0.000463187727203468,-3.60115611561795e-05,0.00138001717698371,0.00311867560754409,-0.000412543363900627,-0.2516086437739,0.770800281572647,0.000410228116698161,0.0301191786657313,-0.41089802980423,0.309445023536682,-0.411982864141464,-0.243120461702347,1
1.723,-1.05609431318353e-05,-3.4114394327699e-06,0.0301296678704396,0.000647475837835924,0.000694292412613969,-3.58317962887433e-05,0.00139150434785776,0.00351395440049122,0.000136498694741302,-0.34906460551255,-0.354804747995199,-6.01368293680101e-05,0.0301191786657313,-0.53861278295517,-0.172445952892303,0.447132974863052,-0.160631597042084,1
1.724,-9.56421076291583e-06,8.36354747285859e-08,0.0301299491325159,-1.53062750238932e-05,0.000662448082870006,-3.57016866789905e-05,0.000604045238785708,0.00348309979498994,0.000425095549150164,-0.830785140381762,0.29976537724165,0.000230902283476847,0.0301191786657313,-0.331977754831314,-0.0291655138134956,0.0451529920101166,0.222873151302338,1
1.725,-9.10472326582282e-06,3.47352561873146e-06,0.0301303886064971,-0.000859365213783653,0.000705362415552646,-3.54220091134394e-05,0.000316263805378465,0.00330557083118748,0.000453545172120145,-0.671090615828528,-0.220925926315634,0.000295896774901698,0.0301191786657313,-0.371630638837814,-0.182253569364548,0.389139473438263,0.27947410941124,1
1.726,-9.09013776247717e-06,6.6226854016416e-06,0.0301307745924998,-0.00124677058755917,0.000608337399353663,-3.52978871061005e-05,-0.000286251143433087,0.00299795382223245,0.000318586356156391,-0.0248150620667004,0.0487385554823126,-9.20562945433681e-05,0.0301191786657313,-0.510366559028625,-0.306725949048996,-0.00315015017986298,0.477192044258118,1
1.727,-9.57616275558149e-06,9.3418376272413e-06,0.0301312043763123,-0.00115907127221519,0.000588787185703102,-3.53815809188696e-05,-0.000685464218218564,0.00244143476363848,0.000540321157186913,0.171005954001753,-0.0844771547919999,-6.8598458839506e-05,0.0301191786657313,-0.0285976976156235,-0.612411081790924,0.312635242938995,0.113782286643982,1
1.728,-1.03966480085898e-05,1.15261429414696e-05,0.0301318045682504,-0.000948438033148263,0.000343013821566986,-3.53655379599083e-05,-0.000957307814275245,0.00192725675721842,0.000659347659808516,0.194401300180244,-0.351278956316134,7.86572038498122e-05,0.0301191786657313,-0.170866087079048,-0.340264528989792,-0.0483355820178986,0.45720899105072,1
1.729,-1.14096445336751e-05,1.31651285451456e-05,0.0301324785245753,-0.000918728799272892,-0.000133702899555352,-3.52069764604224e-05,-0.00107278653613343,0.00135246094559383,0.000688029576693618,-0.145939372186175,-0.493736879514325,0.000170116877460059,0.0301191786657313,-0.610053956508636,0.136674419045448,0.250277549028397,0.265176117420197,1
1.73,-1.28478421544288e-05,1.45023005587693e-05,0.030133122278536,-0.000675193623099773,0.000125133456491958,-3.53707981135543e-05,-0.00180023365242609,0.00132028430685767,0.000599260182638124,0.569940427539595,0.942987531980679,-0.000454594767104061,0.0301191786657313,0.131031945347786,-0.392197787761688,0.0345379263162613,0.00517453253269196,1
1.731,-1.46131329793308e-05,1.56889285430397e-05,0.0301337797659053,-0.000235073985280999,0.000606847960679839,-3.56732839881246e-05,-0.00172700943242895,0.00105037911900015,0.000714930220283094,0.205400226547015,-0.0941524168305472,-0.000123751597378443,0.0301191786657313,-0.0991848856210709,-0.0273634344339371,0.194353654980659,-0.0683435276150703,1
1.732,-1.64613148495571e-05,1.67763115859407e-05,0.0301344646351483,-2.53005208618838e-05,0.000263784848897986,-3.57764586209619e-05,-0.00197234122909791,0.00112277876986373,0.000654456466317574,0.161840202372919,-0.516078631476548,-8.40202686304123e-05,0.0301191786657313,-0.272256225347519,0.169727891683578,0.163100704550743,-0.336426019668579,1
1.733,-1.86250726827878e-05,1.81201621035118e-05,0.030135194922034,0.00036819736365468,-0.000105780907659117,-3.58687614090414e-05,-0.00235813694904175,0.00156094535549091,0.000805249734681413,0.528130961371892,-0.143980279151692,-6.58582578388269e-05,0.0301191786657313,0.0241849217563868,-0.120012655854225,-0.165703266859055,-0.111216902732849,1
1.734,-2.09308467283936e-05,1.96848406845204e-05,0.0301361129982879,0.000403028140195985,-0.000451885021262417,-3.60382462645248e-05,-0.00225740755623721,0.00156862403593301,0.00102972892127524,-0.468628391491352,-0.473307519160884,-0.000288186803698864,0.0301191786657313,0.147695884108543,0.224652141332626,0.0260077826678753,-0.210695564746857,1
1.735,-2.31760194786948e-05,2.14445520431347e-05,0.0301370339821969,-3.93980469459128e-05,-0.000810843973907487,-3.63025781959792e-05,-0.00223680426987237,0.00195402533309242,0.00081221025011766,-0.319153033026383,-0.168879040891018,-0.000206036330353103,0.0301191786657313,-0.0146550089120865,-0.412493705749512,-0.0775469988584518,-0.148980796337128,1
1.736,-2.54325961105201e-05,2.33192908223465e-05,0.0301380652827161,-0.000639603840117804,-0.000682058822836385,-3.66666063578158e-05,-0.00227589250502859,0.00180161758479103,0.00124853104467075,-0.744964716373246,0.387817988335698,-0.000482263710168134,0.0301191786657313,0.163837850093842,-0.0327154472470284,-0.41850671172142,0.239651188254356,1
1.737,-2.75138717508675e-05,2.50569664948344e-05,0.0301392942218473,-0.0012288368774448,-0.000610737025903875,-3.69458153302027e-05,-0.00188777789675604,0.00167968977325204,0.00120867630827751,-0.302680011571096,-0.266152977706397,9.84181804513782e-06,0.0301191786657313,0.121578097343445,-0.194063007831573,0.589706540107727,0.230363816022873,1
1.738,-2.96354039906264e-05,2.66223831191988e-05,0.0301401687823212,-0.00124049666386599,-0.000313395432272425,-3.72353678681492e-05,-0.00235216838706265,0.00145235679028836,0.000541636625027715,0.275718233813195,0.781608041978232,-0.000551501396714945,0.0301191786657313,-0.212291330099106,-0.533473074436188,0.187491104006767,0.327260136604309,1
1.739,-3.21813690774137e-05,2.7782664333278e-05,0.0301407585678849,-0.00113433334071526,0.00055597093002923,-3.78450158722288e-05,-0.00273217133400999,0.000869242188604367,0.000637346004555475,-0.0905453483143066,0.747135190129617,-0.000503929943531729,0.0301191786657313,0.384610325098038,-0.236432522535324,-0.282545357942581,0.130533590912819,1
1.74,-3.46617859784773e-05,2.85600464043889e-05,0.0301413542398554,-0.0010117209422307,2.90261304972049e-05,-3.76317651928915e-05,-0.00223478614200388,0.000685007545531918,0.000553772335837986,0.304067412591877,-1.68121315505982,0.000857959684514941,0.0301191786657313,-0.14870996773243,-0.131062790751457,0.891947507858276,0.452706575393677,1
1.741,-3.73646923835688e-05,2.90603522344464e-05,0.03014144533375,-0.000828808543275711,-0.000798016098300144,-3.72341440848523e-05,-0.00317655619247033,0.000315183711199225,-0.000369422539342885,0.0183652382486237,0.206779320424348,-0.000153478492457745,0.0301191786657313,0.229518368840218,-0.251944571733475,-0.0249841436743736,0.0914711654186249,1
1.742,-4.0495733642073e-05,2.92864300780038e-05,0.0301410144410638,-0.000798576476812651,-0.000646044471170296,-3.73582720012422e-05,-0.00308547024278586,0.000137193337583738,-0.000491803579800917,0.0343329311304736,0.0525651383471194,-7.85657673179488e-05,0.0301191786657313,-0.0209727138280869,-0.401370346546173,-0.196650817990303,0.419111549854279,1
1.743,-4.35683240085966e-05,2.91426276863645e-05,0.0301405580202273,-0.00113987613967709,-0.000670000549980485,-3.75325249457603e-05,-0.00306097550081274,-0.000421187345413909,-0.000420765798225876,-0.635586654556493,-0.103890101126653,-0.000235894383870713,0.0301191786657313,0.404148399829865,-0.302506983280182,-0.430619835853577,0.36964738368988,1
1.744,-4.63562435868731e-05,2.85123038811162e-05,0.0301400808246617,-0.00168183092532863,-0.00133110689379127,-3.73160344393497e-05,-0.00252277296702134,-0.000834010837090008,-0.000532820650794478,-0.320095557977854,-1.06933197515705,0.000684204354064664,0.0301191786657313,0.259872615337372,0.0221973359584808,-0.232904121279716,0.165165185928345,1
1.745,-4.87686143754284e-05,2.76909179023622e-05,0.0301394234688229,-0.00123383800434277,-0.00210385678007259,-3.62059623517652e-05,-0.00230990794797934,-0.000812950933628614,-0.000780787925410803,1.11000956986022,-0.304160023778526,0.00141827771910076,0.0301191786657313,0.562845826148987,-0.456796795129776,-0.0989560931921005,0.566149830818176,1
1.746,-5.09141830890616e-05,2.65139227385676e-05,0.0301383810949932,-0.000605350601112655,-0.00195221041365906,-3.55809214593883e-05,-0.0019814809187964,-0.00154490222743472,-0.0013020573431384,0.00647077344725237,0.562969396291482,-0.000243307537330797,0.0301191786657313,0.323354691267014,-0.0915622562170029,-0.826350629329681,0.112126745283604,1
1.747,-5.25269975785737e-05,2.49283452731912e-05,0.0301372326247721,-0.000589160916687287,-0.00159503572980682,-3.5747141107656e-05,-0.00124280527266576,-0.00162679670017167,-0.000994663765726067,0.0268623759991271,0.0643904261621101,-6.10743714479531e-05,0.0301191786657313,0.412728190422058,-0.0411549955606461,0.040018767118454,-0.12700292468071,1
1.748,-5.3711251002104e-05,2.33744974711833e-05,0.0301360913117158,-0.00033356678984988,-0.00127227799068047,-3.56936620309334e-05,-0.00112352787560297,-0.00148387881645579,-0.00128664511668402,0.428286263537108,0.500818881233658,0.000142939888840493,0.0301191786657313,0.713151931762695,-0.21892848610878,-0.301524966955185,0.204736486077309,1
1.749,-5.45080118570903e-05,2.17480985754898e-05,0.0301346183196883,-0.000297552951102736,-0.00130481027792779,-3.57325240982753e-05,-0.000472300470112341,-0.00176899024029509,-0.00165734614570254,-0.357448436471669,-0.557545723494545,-0.000228290383981964,0.0301191786657313,0.0407911241054535,0.3681760430336,-0.00217405706644058,0.0178609490394592,1
1.75,-5.5053825554442e-05,2.01518786316931e-05,0.0301327640332912,-0.000296434888272755,-0.00140803862638602,-3.5771574015353e-05,-0.000619996264714013,-0.00142489403982504,-0.00204894572308218,0.362192890740822,0.370890166259994,0.000155100630385434,0.0301191786657313,0.391511052846909,0.0859513357281685,-0.456195592880249,-0.0130678452551365,1
1.751,-5.54193710924876e-05,1.87913922736066e-05,0.0301306875165628,8.91956246470334e-05,-0.00133670659005592,-3.5572481269508e-05,-0.000111997568613829,-0.00130016967739243,-0.00210254578050053,0.323381632835613,-0.244051539432219,0.000160458853633074,0.0301191786657313,0.300250440835953,-0.0672336891293526,-0.0584317743778229,0.201535493135452,1
1.752,-5.54772263633264e-05,1.73976548116296e-05,0.0301284166103993,-6.29285911197155e-05,-0.00142233300597625,-3.57645214115188e-05,-4.7507242089466e-06,-0.0014859703247294,-0.00243685524740974,-0.585172970280275,0.0918454955899624,-0.000522919142332705,0.0301191786657313,0.214105516672134,0.186578303575516,-0.379714667797089,-0.183858767151833,1
1.753,-5.53325457558481e-05,1.60848118873965e-05,0.0301260274390917,-0.000333836296074057,-0.00136757395016334,-3.60430001644652e-05,0.00029382014247151,-0.00113877430987923,-0.00234016533839156,0.108409380800307,0.00566962745815362,1.57029543108215e-05,0.0301191786657313,0.324192881584167,0.13261242210865,0.158222958445549,-0.0874707028269768,1
1.754,-5.50608193030572e-05,1.50577402754491e-05,0.0301234683518431,-4.36720144890835e-07,-0.00109110616714099,-3.59030840724195e-05,0.000252232788595165,-0.00091915324733353,-0.00277512775702233,0.482146790714055,0.481776935970848,0.000223417662595551,0.0301191786657313,0.205486506223679,0.174819320440292,-0.138590261340141,0.109847202897072,1
1.755,-5.47483021538536e-05,1.41764388205832e-05,0.0301205492038876,0.000309672626321659,-0.000742234338661472,-3.57787663829434e-05,0.000375536167563824,-0.000846603211590883,-0.00306042581344851,0.0695984937522815,0.136654131832265,-1.28273104369287e-05,0.0301191786657313,0.445760697126389,0.260171592235565,-0.169907510280609,-0.445644736289978,1
1.756,-5.41981281388739e-05,1.36213373232756e-05,0.0301174536463075,0.000602826389293966,-0.0010830644095852,-3.57938293773508e-05,0.0007212352383373,-0.000267637410386818,-0.00312835088597122,0.448506102953745,-0.734228590583956,-4.07885100102598e-05,0.0301191786657313,0.0969916135072708,0.210125148296356,-0.0642837509512901,0.0634655952453613,1
1.757,-5.34987093454745e-05,1.34098524536924e-05,0.0301142110954825,0.000587617246188946,-0.00154386163214454,-3.60612418632833e-05,0.000674018898161193,-0.000155565946939032,-0.00335393533898049,-0.47202330481642,-0.07942156579004,-0.000489404589483271,0.0301191786657313,0.329194188117981,0.223207846283913,-0.245031893253326,-0.311572164297104,1
1.758,-5.26849842721561e-05,1.34745070115337e-05,0.0301108724161368,0.000158494406377391,-0.00151677471417109,-3.64892844286757e-05,0.000953259127419904,0.000287506363182212,-0.00332131073406905,-0.286362116088934,0.12926115347203,-0.000291723191480999,0.0301191786657313,0.122123867273331,0.125185430049896,-0.340800762176514,-0.127960979938507,1
1.759,-5.16334667300646e-05,1.38772189270975e-05,0.0301076579649253,-7.78621640261921e-05,-0.00124842308721732,-3.67364043993845e-05,0.00115190197007843,0.000519477633716448,-0.00310603719727063,-0.132635256828264,0.347222569528409,-0.000170822301964634,0.0301191786657313,-0.204717129468918,-0.194979727268219,-0.306917905807495,-0.0632376223802567,1
1.76,-5.05202084532339e-05,1.4361375009815e-05,0.0301048794766226,-0.000344562744428605,-0.000687373027136565,-3.70044265753933e-05,0.00107996942770995,0.000451473256282411,-0.0024508470067715,-0.339111652693069,0.646014464005801,-0.000314709455511064,0.0301191786657313,-0.156674072146416,0.17827545106411,-0.161077439785004,0.113870844244957,1
1.761,-4.95016422392671e-05,1.48647852929096e-05,0.0301024692121286,-0.000464681295158122,-0.000156928488572668,-3.72346791124301e-05,0.000962333539170615,0.000556255915952687,-0.00236828329417299,0.12403544449449,0.295234505938279,-0.000130131590772536,0.0301191786657313,-0.210075706243515,-0.219390392303467,0.228879973292351,0.0951879769563675,1
1.762,-4.87698241170557e-05,1.53194663304041e-05,0.0301001772142127,-0.000440129227070991,0.000115585213989916,-3.73624148215512e-05,0.000505086423313344,0.000353584975406313,-0.002214541626647,-0.0814102871515803,0.188592886478926,-0.000105898205276695,0.0301191786657313,-0.0247689113020897,-0.296699643135071,-0.0611531846225262,0.103348195552826,1
1.763,-4.8297582691681e-05,1.55384986456032e-05,0.0300981126485108,-0.000659528294025018,-0.000219412005400072,-3.73203583006188e-05,0.000436824609012532,8.70850324833697e-05,-0.00191390595667635,-0.305820231957546,-0.775882570749022,0.000177832870092305,0.0301191786657313,-0.184256747364998,-0.0262944921851158,0.268260985612869,0.308905273675919,1
1.764,-4.81052761843927e-05,1.5524027883584e-05,0.0300960983669335,-0.00087224296273428,-0.000730503847138761,-3.72286027294777e-05,-5.51709847398747e-05,-0.000113650459547001,-0.00211278701134527,-0.0704798424181438,-0.128238285814338,-3.24498601773584e-05,0.0301191786657313,-0.0976964831352234,-0.153664499521255,0.0261604301631451,0.156120896339417,1
1.765,-4.82788968754847e-05,1.53219754066904e-05,0.0300940610108245,-0.000748892715090048,-0.000667854277483537,-3.72725074928582e-05,-0.000291044688561826,-0.000291179585222234,-0.00196090672469382,0.287895035375419,0.237365332122211,-5.75226633833529e-05,0.0301191786657313,0.148068130016327,0.0806525051593781,0.20186510682106,-0.271274477243423,1
1.766,-4.86562198616806e-05,1.52035157392921e-05,0.0300920895051589,8.48891471030815e-05,-0.000415822154825706,-3.7160815169468e-05,-0.000461121583199487,4.62372494045188e-05,-0.0019806671235404,1.18188078292785,0.206347109489677,0.000212648862738323,0.0301191786657313,0.092655748128891,-0.473686575889587,0.0420190840959549,0.0308930724859238,1
1.767,-4.91567705342276e-05,1.50508104755398e-05,0.0300902864715555,0.000455551169710245,-0.000423814944208833,-3.71592860726189e-05,-0.000540012967114213,-0.000353774173089461,-0.00162516232229007,-0.52187518283654,-0.220715624545862,-0.000242154547327714,0.0301191786657313,-0.0360914617776871,0.322464793920517,-0.35792800784111,-0.382590502500534,1
1.768,-4.96304997233182e-05,1.49916954540402e-05,0.0300888998345535,0.000184576872547979,-0.000968011276636618,-3.7380664408726e-05,-0.000412589728134936,0.000236359246531773,-0.00114839985264205,0.0422279419707966,-0.739951780856237,-0.000117813834455461,0.0301191786657313,-0.0880613774061203,0.110205605626106,0.275286614894867,-0.103402808308601,1
1.769,-5.02703455563384e-05,1.53257627166991e-05,0.0300877366212095,0.000146874427165505,-0.00107121935331152,-3.74827104900888e-05,-0.000867134676586888,0.000431752382391273,-0.00117718507526858,-0.109397839051653,0.552720243860876,-8.52690032506806e-05,0.0301191786657313,0.195963114500046,0.153104990720749,-0.190420299768448,-0.342190474271774,1
1.77,-5.10549550697283e-05,1.59716418649935e-05,0.0300866968456531,0.000225365327844565,-0.000672793303791213,-3.74869473751538e-05,-0.00069932493111586,0.000858490277271317,-0.000902366620763139,0.245010549726322,0.149020724795594,4.27587282005444e-05,0.0301191786657313,-0.329607963562012,0.168986454606056,-0.215050414204597,-0.0112347602844238,1
1.771,-5.18688923549196e-05,1.69132807941382e-05,0.0300860127454832,0.000286253424920885,-0.000456748766500116,-3.7495191977488e-05,-0.000926398435231844,0.00102415298469487,-0.000466499962199045,-0.13928830637669,0.229890020958347,-6.44808645151707e-05,0.0301191786657313,0.134112328290939,-0.0170217677950859,-0.552278697490692,-0.272052586078644,1
1.772,-5.25821780174652e-05,1.80536030846517e-05,0.0300858929248805,5.90776760093953e-05,-0.000926529869580059,-3.76687453180757e-05,-0.000505396504280197,0.00125831635478325,0.000225433975125939,-0.264669494401911,-1.05798502837347,-0.000233746761592442,0.0301191786657313,0.0471745952963829,0.213090538978577,0.210134148597717,0.0231795571744442,1
1.773,-5.32384427076089e-05,1.94089196691973e-05,0.030085991439493,-0.000187712534124472,-0.00148157043578821,-3.78993550489426e-05,-0.000811258613063834,0.00145433857623522,-2.77893183737322e-05,-0.175535467750936,0.0723890693764706,-0.000215519983172703,0.0301191786657313,0.368863016366959,0.0845138505101204,-0.168882638216019,0.266228854656219,1
1.774,-5.39215752416916e-05,2.08164407309507e-05,0.0300858164496534,-0.000506969227739543,-0.00134820678180714,-3.8237573503519e-05,-0.000554688364208701,0.00136414710432983,-0.000321383480951388,-0.391735293624609,0.160733469235948,-0.000399346085273671,0.0301191786657313,0.372812032699585,-0.126205056905746,-0.161660924553871,-0.107587516307831,1
1.775,-5.43470877691568e-05,2.22100547316192e-05,0.0300855733730511,-0.000684009054110469,-0.00122846813177995,-3.84706706584304e-05,-0.000296142684310496,0.0014248898810609,-0.000165038280185999,0.0735104850758868,0.0497544657474981,-3.50544833266886e-05,0.0301191786657313,0.290989071130753,-0.0577383041381836,-0.104617170989513,0.460395604372025,1
1.776,-5.45679391382776e-05,2.34644635632228e-05,0.0300852470950917,-0.000780644980579503,-0.00116803238474146,-3.86222763490984e-05,-0.000145417428667981,0.00108587324820456,-0.000486633992031352,-0.247179999452452,0.0562084361450583,-0.00024779775329881,0.0301191786657313,0.210570484399796,-0.0589313432574272,0.00383251160383224,0.0456011965870857,1
1.777,-5.4713657244935e-05,2.45528123800175e-05,0.0300847514031745,-0.000762185120820155,-0.000996598446520881,-3.87578270664157e-05,-0.000144585492203986,0.00109101550089057,-0.000504380358066552,0.275125199546349,0.245391525428512,-1.82655787381389e-05,0.0301191786657313,0.14684522151947,-0.400929272174835,0.0242011100053787,0.00577794015407562,1
1.778,-5.48877740950093e-05,2.55207368238394e-05,0.0300844061237812,-0.000582874228152525,-0.000718601694508551,-3.88355980427413e-05,-0.000201158276295116,0.000844294146259441,-0.000186814484411072,0.0393976985446518,0.244993335874983,-0.000128486716031786,0.0301191786657313,0.0412601977586746,-0.105317585170269,0.146606802940369,0.106200069189072,1
1.779,-5.52039944315076e-05,2.63196431366436e-05,0.0300842159422753,-0.000558695623132404,-0.000441599799468944,-3.89792507076159e-05,-0.000428485652517515,0.000753784684743647,-0.000193397777202752,0.000990984444892856,0.243224936503082,-0.000139938820122365,0.0301191786657313,0.0784493759274483,-0.0766395032405853,-0.111788764595985,0.188128024339676,1
1.78,-5.56222025917106e-05,2.70073598181728e-05,0.030084063640785,-0.000626205346079643,-0.000562002576049418,-3.90214895613639e-05,-0.000409112323477721,0.000622498185062807,-0.000111116078543787,-0.122151490811052,-0.456842950402525,5.31483402853906e-05,0.0301191786657313,-0.214130684733391,-0.172527611255646,-0.114765524864197,0.202973812818527,1
1.781,-5.61469860035606e-05,2.75222533161358e-05,0.0300841414178815,-0.000837021335885823,-0.000936957835215641,-3.90334192710284e-05,-0.00064319897468321,0.000409858547808958,0.000265601502529945,-0.2511850024044,-0.207499855322441,-9.97235628358414e-05,0.0301191786657313,0.210706770420074,-0.080366462469101,-0.341997802257538,0.124563530087471,1
1.782,-5.66492933060951e-05,2.789960694618e-05,0.0300845139086044,-0.000893239971440033,-0.00138827104532769,-3.8901989270812e-05,-0.00036620104763772,0.000345629461251624,0.000478615824388025,0.149679999647,-0.589595764141811,0.00033618690667626,0.0301191786657313,0.303624540567398,-0.126953467726707,-0.0594754628837109,0.13115519285202,1
1.783,-5.69650022888648e-05,2.81894272681641e-05,0.030084966448359,-0.000644614118887731,-0.00172321419388441,-3.85965698215252e-05,-0.000268467267437517,0.000232270552770552,0.000426312416674091,0.28800915579572,-0.004304588858652,0.00020767464870533,0.0301191786657313,0.507166743278503,-0.0671186596155167,-0.519141972064972,0.0944313183426857,1
1.784,-5.69181420097729e-05,2.83986659170475e-05,0.0300854591568936,-0.000368890400640781,-0.00189786313878696,-3.8349846408714e-05,0.000359248327028198,0.000184003886119528,0.000558497231077563,0.198005254899329,-0.302983070556111,0.00020125431365845,0.0301191786657313,0.492797493934631,-0.0908490419387817,-0.0422628670930862,-0.0624760538339615,1
1.785,-5.64484921675864e-05,2.86078779343692e-05,0.0300859706986074,-0.000233557874880067,-0.0018263775951277,-3.82786201482688e-05,0.000580244395714635,0.000233200197009106,0.000464481642975659,0.0407198318052414,0.428457801986231,-7.9429922248575e-05,0.0301191786657313,0.521827578544617,0.14410138130188,-0.210656702518463,-0.0501724183559418,1
1.786,-5.56696616748615e-05,2.89547370058806e-05,0.0300863451130791,-0.000138352135601185,-0.00137158820337938,-3.83111910173817e-05,0.000980641609274988,0.000459263209906019,0.00028445729193565,0.126044570338527,0.376656199178791,6.51604842765402e-07,0.0301191786657313,0.449998021125793,0.068668320775032,-0.346390724182129,0.0897616595029831,1
1.787,-5.44536313132704e-05,2.9438358918066e-05,0.0300865952541029,-0.000202212256268001,-0.00127728265981819,-3.84247877307509e-05,0.0014514536719198,0.000508572436297013,0.000215804790351876,-0.239236956692688,-0.204992913846116,-0.000209823481560726,0.0301191786657313,0.209329724311829,0.205967634916306,0.0244861207902431,-0.039000615477562,1
1.788,-5.3014964320879e-05,3.00836037135155e-05,0.0300867198604145,-0.000314726412086615,-0.00122184459518608,-3.85818826078577e-05,0.00142690521115747,0.000782410234721124,3.37731406288316e-05,0.037932583191521,0.305834958551224,-9.2737634074515e-05,0.0301191786657313,0.645811975002289,-0.16997566819191,-0.147211194038391,-0.0577758066356182,1
1.789,-5.1348904029087e-05,3.08593440619188e-05,0.0300867152803732,-0.000416562758481218,-0.00125252560059481,-3.87044299001715e-05,0.00190462166734707,0.000770226588671887,-4.2791252762541e-05,-0.219486979000899,-0.353615221976764,-0.000135177230324121,0.0301191786657313,0.294547259807587,-0.177802801132202,-0.198069393634796,-0.226191058754921,1
1.79,-4.93305714708292e-05,3.16932328798558e-05,0.0300868603845763,-0.000539847661794848,-0.00153393791002791,-3.87867560842636e-05,0.00212970777623754,0.000898539449218483,0.000331937056660314,-0.00138414800067727,-0.137885337776348,-2.5748559315824e-05,0.0301191786657313,0.214335501194,0.431678533554077,-0.311908304691315,-0.11831022799015,1
1.791,-4.70753564694445e-05,3.28596335475026e-05,0.0300871736441733,-4.56192088709873e-05,-0.00148297211021842,-3.84388957361814e-05,0.00238182494966502,0.0014301651119964,0.000294417302012284,0.869370007807156,0.234563566577411,0.000634246065074461,0.0301191786657313,0.405070811510086,-0.502702116966248,-0.0574020519852638,0.435579657554626,1
1.792,-4.4587548425946e-05,3.39401105108631e-05,0.030087424932361,-0.000313772102859503,-0.00110635880298136,-3.86563593810507e-05,0.00259748565703241,0.000734766459217189,0.000208157685218543,-1.34162141079181,0.437272987676698,-0.000951707225617444,0.0301191786657313,0.158622413873672,0.298512607812881,0.0492500364780426,-0.345676869153976,1
1.793,-4.20137600468514e-05,3.49890804586941e-05,0.0300876335552369,-0.000952584752358012,-0.000513534594852752,-3.93090898564985e-05,0.00255617530154225,0.00136721671368018,0.000208851678453752,0.205623185634597,0.616801437835412,-0.000329930369718243,0.0301191786657313,0.290962606668472,-0.428433835506439,-0.0807382836937904,0.0859800055623055,1
1.794,-3.93579685974285e-05,3.62056582646893e-05,0.0300879597896443,-0.000875727662707977,-0.000323530725952827,-3.94542749635463e-05,0.00275740699206566,0.00106647963060557,0.000442766086234519,-0.0727232277689095,-0.270755921752202,5.06307845393169e-05,0.0301191786657313,-0.497510254383087,-0.312586009502411,0.356521368026733,-0.241311877965927,1
1.795,-3.69961815457129e-05,3.73025260798789e-05,0.0300887371973613,-0.000734053000382709,1.07486551921874e-05,-3.96526386077234e-05,0.00197152871476412,0.00112628776333377,0.00111019506784925,0.318598803417335,0.865218636275899,-0.000415585100043789,0.0301191786657313,-0.127557367086411,-0.309768557548523,-0.0412571728229523,0.0466489940881729,1
1.796,-3.50911804788765e-05,3.83389241931569e-05,0.0300900786251377,-0.000600378697326329,0.000461335155488643,-3.98950539661769e-05,0.00184331436986943,0.000946204712627543,0.00157053395115056,-0.0844423035192996,-0.060988447493074,-2.4757071658977e-05,0.0301191786657313,-0.417001962661743,-0.265452146530151,0.115028500556946,-0.118648059666157,1
1.797,-3.34896274238784e-05,3.92812918666586e-05,0.0300919760812117,-0.000711985639256329,0.000263863776496411,-3.98663392737753e-05,0.00135956336420572,0.000939819235925826,0.00222183920228027,-0.11531546701681,-0.282249880754951,6.05143615794419e-05,0.0301191786657313,-0.253757834434509,-0.129442095756531,0.357394725084305,0.364379495382309,1
1.798,-3.2407965307299e-05,4.00804850504379e-05,0.0300941190384706,-0.00105534964781861,8.26480760344818e-05,-3.98270492412145e-05,0.000803918100964447,0.000662479423349898,0.00206303421799387,-0.492194665173551,-0.034891930612278,-2.38869090984852e-05,0.0301191786657313,-0.362553089857101,0.0779732018709183,0.257002770900726,0.362907916307449,1
1.799,-3.18862171297007e-05,4.06984959491507e-05,0.0300960999524903,-0.00133029980261446,0.000221463733388235,-3.99760309979236e-05,0.000241921976134185,0.000576294578075531,0.00189778287444835,0.0044210465470023,0.280902080133281,-0.000271444965965696,0.0301191786657313,-0.151658952236176,-0.411545157432556,0.198158591985703,0.371008783578873,1
1.8,-3.18123266781699e-05,4.10315248718864e-05,0.0300980424196113,-0.00142775038894846,0.000318752561388409,-4.00961066353567e-05,-9.17312963310029e-05,9.29597197280494e-05,0.00198545975409063,-0.17656577098696,-0.107018484269884,4.81036188132655e-05,0.0301191786657313,-0.237552523612976,-0.240288645029068,0.307534724473953,0.0725886896252632,1
1.801,-3.21515215584437e-05,4.1075128184517e-05,0.0301001079282214,-0.00125020303262323,0.000201011797197851,-4.00937645630428e-05,-0.000586534877441023,-7.01537168237453e-06,0.00214372660404143,0.487999793791255,-0.101770355019349,-5.02559985957111e-05,0.0301191786657313,0.188054382801056,-0.418401479721069,0.158436298370361,0.547756433486938,1
1.802,-3.2756381797255e-05,4.07456097892354e-05,0.0301021042380586,-0.00116111353386003,-0.000283799562514134,-3.98818456717187e-05,-0.000627488064642964,-0.000651293072291158,0.00184824896036904,-0.327726877137438,-0.753932155249967,0.000361270232228435,0.0301191786657313,0.297232091426849,-0.0619047954678535,0.504637062549591,0.194181233644485,1
1.803,-3.35146812690908e-05,4.00618171387637e-05,0.030103619590636,-0.00122225088636498,-0.000807866528310912,-3.96008850893637e-05,-0.000893170914056748,-0.000715821636403621,0.00118325102789613,0.220161669731974,-0.175575859136804,0.000148301845326066,0.0301191786657313,0.167553782463074,-0.0934425890445709,-0.216956406831741,0.32067859172821,1
1.804,-3.43078372909925e-05,3.92468541355462e-05,0.0301047652192161,-0.000929998130210099,-0.00100934286668914,-3.94020814362683e-05,-0.000695699014875376,-0.000916308248071651,0.00110744655680486,0.298238933333335,-0.182720224151235,0.000191271334179434,0.0301191786657313,0.299751728773117,-0.303143948316574,0.0904530733823776,0.140230163931847,1
1.805,-3.49800000071736e-05,3.82110375004105e-05,0.030105813077207,-0.000770032490043544,-0.000966465735939484,-3.9393928144893e-05,-0.000648607450405818,-0.00115636417406363,0.000987877929359306,-0.0117633982824836,0.255027598560563,-0.000179951283319123,0.0301191786657313,0.34294205904007,-0.118896827101707,-0.300596714019775,0.314196914434433,1
1.806,-3.54260668823692e-05,3.69375102672619e-05,0.0301067360658986,-0.000936195348331194,-0.000941563084668221,-3.95504582382245e-05,-0.000243916772896955,-0.00138941616933721,0.000857632653131141,-0.277289786134466,-0.211981517333754,-0.000100486086377804,0.0301191786657313,0.390257120132446,0.0770320072770119,0.338437259197235,0.339432746171951,1
1.807,-3.57092224814533e-05,3.55034904711578e-05,0.0301071698500941,-0.00107002904302843,-0.000854116239487641,-3.97406054162275e-05,-0.000321528481049057,-0.00147771955470999,1.17750276356709e-05,0.0446184005410592,0.363891240472407,-0.000258587278755029,0.0301191786657313,0.111993208527565,-0.0139029026031494,-0.113384567201138,0.111457027494907,1
1.808,-3.59939792147815e-05,3.40359939605984e-05,0.030107168750044,-0.000750012491196712,-0.000499200072086094,-3.98847671356783e-05,-0.000245206340265317,-0.0014605722285198,-1.39390965240374e-05,0.523400465165379,0.261897019097303,-3.11900447112116e-05,0.0301191786657313,0.0569112747907639,-0.258098214864731,-0.18817201256752,0.115397423505783,1
1.809,-3.61877425931372e-05,3.24730501302e-05,0.0301072874228054,-0.000427681916240783,-0.000458325427647547,-3.98923476190305e-05,-0.000142323709960734,-0.00166801850695805,0.000250449311852374,0.0521090500915864,-0.188902232505633,-9.60436795485187e-06,0.0301191786657313,-0.363888025283813,0.0268882215023041,0.00334344524890184,0.262546390295029,1
1.81,-3.65281033460848e-05,3.07531658949227e-05,0.0301075893297792,-0.000556997339644451,-0.00032995601367732,-4.0025185047643e-05,-0.000536498039388114,-0.00177096647014948,0.000352935050918699,-0.274224178700262,0.412960582428532,-0.000242291424814346,0.0301191786657313,0.192273512482643,-0.0426187589764595,-0.0395139381289482,-0.175721049308777,1
1.811,-3.70141854758025e-05,2.90823993413793e-05,0.0301079912813353,-0.00056586335689533,-0.000271404610055748,-4.01139515435744e-05,-0.000435594444976992,-0.00157157394222033,0.000450447441828554,0.262044006861169,-0.308972798904653,6.76038731837781e-05,0.0301191786657313,-0.0288160759955645,-0.17582730948925,0.093463659286499,0.158710777759552,1
1.812,-3.75469718313664e-05,2.7416671089254e-05,0.0301084456146931,-0.000493294578589776,-0.000548148983956322,-4.00940059344101e-05,-0.000631968439514828,-0.00176051864925365,0.000457874239693882,-0.127655063842844,-0.18188217673286,-5.63239786804698e-05,0.0301191786657313,0.185029730200768,-0.211803570389748,-0.0462227910757065,-0.0725871101021767,1
1.813,-3.81395998066735e-05,2.56404031068049e-05,0.0301089824475315,-0.000607195138995443,-0.000829180547704217,-4.01163514571756e-05,-0.000556088098129821,-0.00179156638189254,0.000615071738318388,-0.0683613971853752,-0.315855368506383,6.84208813479835e-06,0.0301191786657313,0.528643846511841,-0.175987347960472,0.0183438025414944,0.108243271708488,1
1.814,-3.85517149054789e-05,2.37745863090816e-05,0.0301094311928866,-0.000702435752119468,-0.00126222085222447,-4.00826079274275e-05,-0.000272634073810465,-0.0019395573189521,0.000282873465869876,-0.0941576379435424,-0.449679288799159,4.07332709105486e-05,0.0301191786657313,0.35673600435257,0.0738203078508377,-0.067480593919754,0.151977688074112,1
1.815,-3.87259912553241e-05,2.18443811619859e-05,0.0301095327609658,-0.000587905254643764,-0.00146999508662906,-3.99769945640394e-05,-7.81670478519635e-05,-0.00192251888301126,-7.90469596170702e-05,0.301358483206076,0.0813083416313941,0.000149302222020784,0.0301191786657313,0.365249305963516,-0.286362886428833,-0.202265918254852,0.134417116641998,1
1.816,-3.86488989918889e-05,1.97853348681905e-05,0.0301094705830269,-0.000478068506696345,-0.00124217299375781,-4.00175206478615e-05,0.000233558258594995,-0.00219650988441803,-4.53995837786647e-05,-0.100179408937732,0.320448682425305,-0.000218672484724646,0.0301191786657313,0.296859592199326,-0.356409251689911,-0.0538270771503448,0.101066827774048,1
1.817,-3.83404287810531e-05,1.74359608479913e-05,0.0301094507701839,-0.000761209670946583,-0.000800646581388518,-4.03836043445516e-05,0.000386995641020334,-0.00249998078240631,5.66541337324582e-06,-0.392007560671474,0.459489096289404,-0.000429765526002897,0.0301191786657313,0.356274008750916,-0.0574740245938301,0.147921234369278,-0.499370634555817,1
1.818,-3.79246345626993e-05,1.51516656472318e-05,0.0301094966324487,-0.000394143952360665,-0.000411652247023933,-4.05134114620509e-05,0.000447986644073322,-0.00207350220260209,8.58655408884551e-05,1.04330527590004,0.228642146707319,0.000118156880956159,0.0301191786657313,0.208186656236649,-0.157558113336563,0.267350822687149,-0.0509714037179947,1
1.819,-3.75479776581248e-05,1.30509203418745e-05,0.0301094972942288,0.000470284991032115,-0.000236380445255923,-4.04269001026414e-05,0.000307366799664766,-0.00213585015388196,-8.40600846879204e-05,0.491945538884135,0.0825245080657778,1.72837052256876e-05,0.0301191786657313,-0.0247405096888542,0.00279866904020309,-0.107301443815231,-0.137858644127846,1
1.82,-3.72516779378138e-05,1.09703989821428e-05,0.0301095377006548,0.000576826263764799,-0.00038469777151669,-4.05344686869036e-05,0.00028411124714168,-0.00202707659706236,0.000164243481021987,-0.295615497321496,-0.342295619677511,-0.000238069341075101,0.0301191786657313,-0.269755512475967,0.229656279087067,-0.015313720330596,-0.31937900185585,1
1.821,-3.7120949984207e-05,9.16506096723172e-06,0.0301098678243152,0.0003278899492931,-0.000514836912472262,-4.07047337676048e-05,-2.29150853212816e-05,-0.00158323442209976,0.000494892367807491,-0.139165387554752,0.111490471353926,-8.7156367192749e-05,0.0301191786657313,0.240120783448219,0.335359573364258,0.150333493947983,-0.369232833385468,1
1.822,-3.7157567445481e-05,7.86870212932224e-06,0.0301102415495554,0.000485825473495371,-0.000475795008458794,-4.07256356425023e-05,-4.99341868002623e-05,-0.00101253453394399,0.000252875505938084,0.420593284727574,-0.0423424091131086,3.02304132351153e-05,0.0301191786657313,-0.130148366093636,0.0471169166266918,-0.143678069114685,-0.250268757343292,1
1.823,-3.72525894264269e-05,6.96988526094395e-06,0.0301106993996945,0.000684241215788476,-0.000519003767555414,-4.07553565398011e-05,-0.000140253731775723,-0.000787729864222107,0.000661378649824117,-0.0658944817010207,-0.0343020440378927,-9.96016975409967e-05,0.0301191786657313,-0.183340907096863,0.0665483325719833,-0.236339330673218,-0.0643723756074905,1
1.824,-3.74228668901498e-05,6.2271240719427e-06,0.0301115411474394,0.000258552658622382,-0.000559890581102947,-4.09618559005231e-05,-0.000200578226120599,-0.000694563107504084,0.00102075825170992,-0.681758738949971,-0.0383821207172754,-0.000282366944037733,0.0301191786657313,-0.130391970276833,0.242602974176407,-0.27297779917717,-0.183378458023071,1
1.825,-3.76184476965966e-05,5.71029218518354e-06,0.0301127116614518,-0.000157490123951572,-0.000648844660208508,-4.11613349462492e-05,-0.000191430713780734,-0.000336616736204661,0.00131867910711232,-0.0528867559326385,-0.119076848306734,-7.64640061135028e-05,0.0301191786657313,0.023995652794838,0.259451746940613,-0.0206739660352468,-0.10862123966217,1
1.826,-3.78472065347987e-05,5.53244239770596e-06,0.0301139818857434,0.000134565261545507,-0.000675786286402383,-4.11162935600728e-05,-0.000265965925359022,-2.3461788360896e-05,0.00122148689348267,0.565050060756497,0.0696486632436325,0.000146350736921849,0.0301191786657313,0.599094152450562,-0.292729079723358,0.0521578714251518,0.0647355616092682,1
1.827,-3.7947635657764e-05,5.36323268225581e-06,0.0301150481721691,0.000178935784219239,-0.00092677988152983,-4.12138891814351e-05,6.21900352036638e-05,-0.000314779371521925,0.000911040700074892,-0.483981263587251,-0.511523038083074,-0.000363546737112047,0.0301191786657313,0.218873992562294,0.443164885044098,0.0933350846171379,0.210178717970848,1
1.828,-3.78992361412865e-05,5.1476862932138e-06,0.0301155886817127,-0.000174986083625102,-0.00115718324070609,-4.14973736582169e-05,3.27384105711344e-05,-0.000113888755523728,0.000171663993955289,-0.141517295354378,0.102793609753831,-0.00016772876615236,0.0301191786657313,0.260494381189346,-0.0030349213629961,-0.149524360895157,0.070842869579792,1
1.829,-3.77664013532958e-05,5.01446238037998e-06,0.0301156981759598,-0.000275135367407113,-0.000978719245601046,-4.16490505057432e-05,0.000233973049903386,-0.00015164422105439,4.75664943243812e-05,-0.0352521826241719,0.212456474559913,-0.000119195954183779,0.0301191786657313,-0.229273572564125,0.0364366434514523,-0.162899449467659,-0.0457339137792587,1
1.83,-3.76195750686603e-05,4.90784732475967e-06,0.0301159103195475,-0.000109789888759714,-0.00045586984866546,-4.17179346161589e-05,6.51679802491793e-05,-6.35559413116014e-05,0.000374729030055847,0.32516589446759,0.707897666963951,-3.01243434485713e-05,0.0301191786657313,0.17870706319809,-0.0199558362364769,-0.373445570468903,-0.101461976766586,1
1.831,-3.73762767059439e-05,4.88222682309644e-06,0.0301164160173319,0.000235943724289731,-0.000337760160119626,-4.17472951408371e-05,0.000421511070079641,9.14890292452846e-06,0.000635594802762219,0.285839800042702,-0.494804621784328,-8.04419213383102e-05,0.0301191786657313,0.0602678656578064,-0.113409042358398,0.408705621957779,-0.0664138793945312,1
1.832,-3.7146162039965e-05,4.87001001656132e-06,0.0301169428324289,0.000240785294037837,-0.000549896812891682,-4.18544160409873e-05,3.80254722879742e-05,-3.35049149174491e-05,0.000418267523486182,-0.275559946826457,0.119024973309464,-0.000136819013795054,0.0301191786657313,0.0537896975874901,0.285665512084961,0.289116770029068,-0.100299134850502,1
1.833,-3.72534205463752e-05,4.9939160252585e-06,0.0301171578869771,0.000132306419750136,-0.000235855584612753,-4.19294348645849e-05,-0.000249127108758493,0.000281481412485001,1.27440725984625e-05,0.0826974681601194,0.434196054872073,-2.77043189129803e-05,0.0301191786657313,-0.0855357125401497,0.178026095032692,0.186017796397209,-0.244868159294128,1
1.834,-3.76532715810575e-05,5.44756424324985e-06,0.0301171610482381,0.000397931117143523,0.000160172669018019,-4.19521717844873e-05,-0.000546572804206934,0.000622854853364026,-6.32653832284759e-06,0.384102613798797,0.264136298673293,-4.61902562340753e-05,0.0301191786657313,-0.115381479263306,-0.355780750513077,0.369993507862091,0.128093421459198,1
1.835,-3.84297071985763e-05,5.86940196811873e-06,0.0301171476186363,4.09881053828566e-05,0.000337475995309902,-4.1920984427346e-05,-0.00100393742153282,0.000224970263591351,-2.0443651780139e-05,-1.01195287608982,0.0469133782536349,0.000118300800293182,0.0301191786657313,-0.204570055007935,0.301030039787292,0.225692868232727,-0.253739207983017,1
1.836,-3.96397831881973e-05,6.33116960131337e-06,0.030117103764257,-0.00040214922801468,0.000187511927819013,-4.18789354319493e-05,-0.00141716891681785,0.000701685780228556,-6.72244233005772e-05,0.226312787181675,-0.314586257489945,-2.32868325848553e-05,0.0301191786657313,-0.375575721263885,0.144440442323685,0.168211981654167,0.150188460946083,1
1.837,-4.13165913631015e-05,7.04478615492441e-06,0.0301170057670932,-3.43776857283721e-05,-7.63471134681766e-05,-4.19173496428726e-05,-0.00193789537335647,0.0007225563466065,-0.000128594929085495,0.420431742769293,-0.156950266224569,-4.86122008483342e-05,0.0301191786657313,0.0890912637114525,-0.30145338177681,-0.00186732038855553,-0.0171270594000816,1
1.838,-4.32653123399905e-05,7.65788878220175e-06,0.0301169723653288,4.22645570642008e-05,-0.000554437300024065,-4.20107465641806e-05,-0.00196426463081168,0.000503749051691502,6.13344898621423e-05,-0.285103145596347,-0.691528230892069,-0.000172142490705766,0.0301191786657313,-0.400941044092178,-0.0514258667826653,0.127090245485306,0.0391081422567368,1
1.839,-4.55068384052119e-05,8.1347599234308e-06,0.0301171491127685,-0.000337849402349262,-0.000699314906459519,-4.22415889147487e-05,-0.00251918003155838,0.000453553085692648,0.000291358796749112,-0.387534738116218,0.425436486662047,-0.00029733505772489,0.0301191786657313,0.0142444223165512,-0.0570959448814392,-0.361847639083862,-0.0935283303260803,1
1.84,-4.79359223665201e-05,8.62249183678585e-06,0.0301176401078225,-0.000471577145659903,-0.000586904812354417,-4.2381305764394e-05,-0.0023393252157561,0.000523030375336945,0.000689247739163596,0.148293779692365,-0.232193941717499,3.71760187969843e-05,0.0301191786657313,-0.125069230794907,-0.347226321697235,0.275121599435806,0.135489791631699,1
1.841,-5.05031926948783e-05,8.96963980911077e-06,0.0301183554042106,-0.000503137093051221,-0.000489997932439569,-4.24853818077331e-05,-0.00279408069633224,0.000172544122551931,0.000740725467267429,-0.204106990497631,0.393750147942042,-0.000233457040981667,0.0301191786657313,0.389948785305023,-0.24762150645256,-0.0270936563611031,0.044340655207634,1
1.842,-5.31915007914182e-05,9.04686902389751e-06,0.0301190355908863,-0.000648084554700786,-0.000608703383983172,-4.25461488950951e-05,-0.00258499491580331,-1.63472234845296e-05,0.000619517653457303,-0.0524986570746855,-0.608807427709309,0.00012830842797268,0.0301191786657313,-0.0413917563855648,-0.257825613021851,0.119790159165859,0.115264758467674,1
1.843,-5.59171969525154e-05,8.90464527106081e-06,0.0301196797192394,-0.000646968649022232,-0.00101759302667898,-4.24666069220869e-05,-0.00287002122423778,-0.000267458917159893,0.000668141717774375,0.0545669380100733,-0.123064419014075,3.91605757416243e-06,0.0301191786657313,0.216103583574295,-0.381910085678101,-0.0585684403777122,0.356650412082672,1
1.844,-5.87603339871311e-05,8.36171643183905e-06,0.0301202952405915,-0.000840222231662874,-0.00115018841928774,-4.26031016407258e-05,-0.00281871633719581,-0.000812991663833627,0.000563271681334348,-0.39056993356914,-0.119649590681345,-0.00026107251340814,0.0301191786657313,0.3537338078022,-0.195379078388214,0.00325081497430801,-0.0577783212065697,1
1.845,-6.15279760825454e-05,7.52364405846119e-06,0.0301208159407796,-0.000799200553004215,-0.0012802665867388,-4.25771126058017e-05,-0.00271889098513964,-0.000863651426225925,0.000478017241333825,0.462989677558358,-0.118434615945692,0.000305993878811942,0.0301191786657313,0.141626715660095,-0.487661570310593,0.0728108882904053,0.317442983388901,1
1.846,-6.43149953266934e-05,6.35748597911129e-06,0.0301212733324068,-0.000616341491152574,-0.0011352757059988,-4.25656287674769e-05,-0.00285448684695122,-0.00146910899046104,0.000436507050568918,-0.135121253033368,0.364612333666644,-0.000276762563301284,0.0301191786657313,0.647854089736938,-0.100306630134583,-0.476803660392761,0.0865574181079865,1
1.847,-6.68079498684763e-05,4.83421736405949e-06,0.0301216466794648,-0.000532384103438885,-0.0015285110673666,-4.24462457053743e-05,-0.00213726626567688,-0.00157841582542013,0.00031031776067695,0.286942627300828,-1.0628980643813,0.0004798202552801,0.0301191786657313,0.124563954770565,0.140645146369934,-0.0325747430324554,0.372808009386063,1
1.848,-6.89951352518946e-05,3.17655640306069e-06,0.0301217148069824,-0.000191558384258041,-0.00207999966938993,-4.20309947744002e-05,-0.00224222251662809,-0.00173993110999406,-0.000172724452242529,0.320070435404995,0.0783914030901379,0.000286906644502363,0.0301191786657313,0.597792446613312,0.061697393655777,-0.52614414691925,-0.0513890087604523,1
1.849,-7.09044855643609e-05,1.48668756208364e-06,0.0301215085610632,0.000243137541867947,-0.00215083987991074,-4.16090931389945e-05,-0.00157903052875093,-0.00164430383065294,-0.000239451744875105,0.452035155977262,-0.208621812373199,0.000434967670102016,0.0301191786657313,0.58578497171402,0.384172648191452,-0.36003714799881,0.0829011797904968,1
1.85,-7.22270053046596e-05,-4.43407596327264e-08,0.0301209962690431,0.000670101271804533,-0.00228400483056482,-4.11881373612033e-05,-0.001069062271325,-0.00142257527057484,-0.000783137636738985,0.307314850385894,-0.0311735360773205,0.000303451991228257,0.0301191786657313,0.307494044303894,0.128260120749474,-0.369570404291153,0.0178851634263992,1
1.851,-7.31512547384775e-05,-1.44058086371195e-06,0.0301201792349512,0.000587541724852077,-0.00199592072821015,-4.12384587433756e-05,-0.000777944482771665,-0.00136977969954792,-0.000850269671618739,-0.446935382148641,0.535448633037695,-0.00038493385897113,0.0301191786657313,0.493892550468445,0.102286443114281,-0.374941766262054,-0.377595365047455,1
1.852,-7.3697707195933e-05,-2.62858437136463e-06,0.0301193915333603,0.000257638605714237,-0.00159399225109589,-4.15391547918809e-05,-0.000312954123675251,-0.00100480701461761,-0.000725041832701307,-0.133560510533529,0.174264496797198,-0.000160900234400878,0.0301191786657313,0.342010766267776,-0.141443818807602,-0.513835310935974,-0.365873456001282,1
1.853,-7.37790683710196e-05,-3.550812959488e-06,0.0301189350081899,0.000189211500926944,-0.001710767199839,-4.16789229404912e-05,0.00014810322961113,-0.000839769257128488,-0.00018895160764621,0.0151230959385644,-0.379244039027474,-9.39887906459362e-05,0.0301191786657313,-0.0430843532085419,0.135525122284889,-0.108093783259392,-0.0462014935910702,1
1.854,-7.37239174114628e-05,-4.32579234961863e-06,0.0301187706772327,0.000253834074913412,-0.0015886751451878,-4.1669672900646e-05,-3.62726765964276e-05,-0.000711326108431838,-0.000139721162264908,0.101068094461121,0.592382712051899,0.000101280990828394,0.0301191786657313,0.409433364868164,-0.0246593467891216,-0.234461039304733,0.0575471594929695,1
1.855,-7.36095283329332e-05,-5.08155720802251e-06,0.0301185520900494,0.000150729163970754,-0.00122497700929271,-4.17588716699058e-05,0.000267473649254255,-0.000799349225596231,-0.00029696243175269,-0.279791540457749,0.05136661272166,-0.000251844989881327,0.0301191786657313,0.313199937343597,0.0917127504944801,-0.00653880834579468,-0.102357029914856,1
1.856,-7.3317925155734e-05,-5.80947925918231e-06,0.0301181412236529,2.92913230040319e-05,-0.00126152464187423,-4.19086565131011e-05,0.000315394358791564,-0.000656048680772986,-0.000523934564026853,0.0667193514696711,-0.114545729980052,-2.42814839233115e-05,0.0301191786657313,0.251662850379944,-0.113158151507378,-0.0735789388418198,-0.17964631319046,1
1.857,-7.29784990849672e-05,-6.44626254434636e-06,0.0301176652630656,0.000161832915373573,-0.00140470940431977,-4.18868362568325e-05,0.000362215522080967,-0.000618956657688278,-0.000427901329751151,0.168994639850944,-0.137178711425022,4.92611441000983e-05,0.0301191786657313,0.3680439889431,-0.0599355325102806,0.0294567495584488,0.0140216574072838,1
1.858,-7.25894885407251e-05,-7.10696920293661e-06,0.0301171035793306,0.000191413583526803,-0.00148841176400402,-4.19419269079846e-05,0.000415070595447098,-0.000702698416462693,-0.000694362328284874,-0.113914700167909,-0.00985563846167402,-0.000162319720232866,0.0301191786657313,0.253699213266373,-0.0675693899393082,-0.281587660312653,-0.321646332740784,1
1.859,-7.2069489780887e-05,-7.71849254360114e-06,0.0301165785459091,0.000235894449163624,-0.0015612518718536,-4.19801413520382e-05,0.000624134915140902,-0.000521228575597739,-0.000355885795421629,0.19375793920055,-0.116935175752853,8.19282203270636e-05,0.0301191786657313,0.290410459041595,-0.143678337335587,0.13703428208828,-0.143854558467865,1
1.86,-7.14959609193042e-05,-8.25472183223051e-06,0.0301161734167624,0.000305444121950523,-0.00138302642604074,-4.19580618484794e-05,0.000524889465797168,-0.000551934047118252,-0.000453884008242441,-0.068764791982083,0.431910100036686,-4.82625939549996e-05,0.0301191786657313,0.0499812662601471,0.446819663047791,-0.258712768554688,-0.334055215120316,1
1.861,-7.09494069780552e-05,-8.50631429163964e-06,0.0301157645759759,0.00072676055540682,-0.000992897295186794,-4.16828078773079e-05,0.000571484707327296,4.17235506853729e-05,-0.000363970559318899,0.807807873583657,0.259464576380781,0.000472261877791296,0.0301191786657313,0.34728154540062,0.181685298681259,-0.266328394412994,0.0509027913212776,1
1.862,-7.02251810769437e-05,-8.44367094164344e-06,0.0301152864781639,0.0010802629907904,-0.001209009325915,-4.16976310768646e-05,0.000874579116336707,8.04325171840685e-05,-0.000591288177725228,-0.181561444906704,-0.636289742387129,-0.000566738161035391,0.0301191786657313,0.370863020420074,-0.104454129934311,0.0538192018866539,-0.518933773040771,1
1.863,-6.9329915036959e-05,-8.22758085231087e-06,0.0301147823087988,0.000656923498075507,-0.00176240810315619,-4.24080125549509e-05,0.000911352198351167,0.000354710138712759,-0.000417161625016296,-0.565715156125966,-0.338649057931705,-0.000738309588786921,0.0301191786657313,0.310573011636734,0.462529540061951,-0.0444413870573044,-0.00547009706497192,1
1.864,-6.8389974889469e-05,-7.70304504393283e-06,0.0301140920207923,0.000231288060496409,-0.00176611439859387,-4.29183546870604e-05,0.000968657169948105,0.000697278668151107,-0.000961526839193777,-0.188709679683181,0.332994387309129,-0.000211765693072098,0.0301191786657313,0.573053240776062,-0.0240508988499641,-0.473989307880402,-0.267127215862274,1
1.865,-6.71085998846793e-05,-6.91931815312114e-06,0.030113219955465,0.000185262497799173,-0.00175616623437838,-4.30305310130663e-05,0.00159281686604222,0.000870331536872134,-0.000782544889794079,0.104137553757049,-0.309510427555489,-2.78609257530276e-06,0.0301191786657313,0.241122648119926,-0.174366131424904,0.00544166564941406,-0.0199289880692959,1
1.866,-6.55334545398905e-05,-6.12320016622037e-06,0.0301124299204873,8.75953888562238e-05,-0.00162749353204878,-4.31860787486471e-05,0.00155919806263229,0.000723347701591674,-0.000796959045019385,-0.278002567164713,0.539343496985706,-0.000293265994555133,0.0301191786657313,0.570858359336853,0.145787000656128,-0.29878956079483,-0.319581389427185,1
1.867,-6.37248997965289e-05,-5.21812174028859e-06,0.0301116111379889,0.000216967760664623,-0.001383767220183,-4.31570554186855e-05,0.00205928292832064,0.00108502703041046,-0.000839983887375434,0.501405863646712,-0.101840918736848,0.000295580332445466,0.0301191786657313,0.0636936575174332,-0.101183995604515,-0.376971036195755,-0.0955746248364449,1
1.868,-6.15867946028701e-05,-4.14937732967571e-06,0.0301109879276041,0.000510445447370201,-0.00144370569965255,-4.30138266942492e-05,0.00221677136902277,0.0010503959906636,-0.000407009318430517,0.0150697108286516,0.00207998533161985,-5.94745167398617e-05,0.0301191786657313,0.313444703817368,0.23744723200798,-0.0475158020853996,-0.089538611471653,1
1.869,-5.93211849868628e-05,-2.98301245168769e-06,0.030110436858709,0.000487676155875393,-0.00131410190480877,-4.306716549074e-05,0.00231630216544323,0.00128286318006663,-0.000694702150601663,-0.0588018132000723,0.233498430280022,-5.19416811368458e-05,0.0301191786657313,0.485557496547699,0.315933108329773,-0.319846928119659,-0.440102517604828,1
1.87,-5.67691800737698e-05,-1.40757817570525e-06,0.0301097463682693,0.000738452573709599,-0.00140195285032208,-4.29924229723433e-05,0.00278523273522525,0.00186320017633325,-0.000685830632866412,0.493327524387402,-0.37709278937704,0.000153770823116725,0.0301191786657313,0.218452975153923,0.35361635684967,-0.376424998044968,-0.229487061500549,1
1.871,-5.38374173240775e-05,6.69337395722562e-07,0.0301090952258916,0.00112075396778364,-0.0017292601149092,-4.29069357164025e-05,0.00307573620788283,0.00228696123342949,-0.000616117140799617,0.176815517100251,-0.193051790956089,-2.34339441185884e-05,0.0301191786657313,0.269181191921234,0.151256024837494,-0.187556982040405,-0.188328564167023,1
1.872,-5.06739106668472e-05,3.06806228248371e-06,0.0301084839241824,0.000817322833083237,-0.00158345341503875,-4.31835095571209e-05,0.00325324510921565,0.00251345625948205,-0.000606154867138733,-0.717728112648719,0.458622199050225,-0.000489210263492145,0.0301191786657313,0.262020766735077,0.214309275150299,-0.187554150819778,-0.356960386037827,1
1.873,-4.73239231447404e-05,5.80347531821974e-06,0.0301079277564662,0.000156753157375832,-0.000985562191838187,-4.3585406666935e-05,0.00345240377070287,0.00296261741432426,-0.000506266454848315,-0.458279192924412,0.607142365815782,-0.00026797085508748,0.0301191786657313,0.488042235374451,-0.0896755680441856,-0.357707500457764,0.0258964151144028,1
1.874,-4.35965100130447e-05,8.726728111322e-06,0.0301074202593556,-0.000440646241210885,-0.000913924214954479,-4.39113481025544e-05,0.00400264741189886,0.00289018724124103,-0.000508401149193655,-0.605237718472775,-0.465886794514049,-0.000262084556716773,0.0301191786657313,0.0588586740195751,-0.0296426638960838,-0.0697125345468521,0.14948046207428,1
1.875,-3.96108430538212e-05,1.15696589734716e-05,0.0301068936590524,-0.000857549382041542,-0.00114925786732315,-4.4145435746934e-05,0.00396809240321896,0.00280042498656547,-0.000544313954288953,-0.14103141082147,0.0606998465948661,-0.000189138738359025,0.0301191786657313,0.0976078882813454,-0.495010375976562,-0.134552270174026,-0.0574047565460205,1
1.876,-3.56154956816304e-05,1.42269770190158e-05,0.030106606726417,-0.000872690111845046,-0.000872965296706137,-4.43636560469862e-05,0.00402615894019252,0.00251615216986991,-3.10182605991606e-05,0.105536576575269,0.437717846009974,-0.000230723277766233,0.0301191786657313,0.201704263687134,-0.180130571126938,-0.257585108280182,0.172835350036621,1
1.877,-3.14565627037049e-05,1.66355698196594e-05,0.0301066270596836,-0.000641720787481639,-0.000613325981027945,-4.44631511902216e-05,0.00429478003306479,0.00230029737887264,7.14102659937694e-05,0.294531098717047,0.0340511665531849,1.46004359046749e-05,0.0301191786657313,-0.26778444647789,0.102791383862495,0.23808541893959,-0.0385130643844604,1
1.878,-2.74110439852349e-05,1.90233873608066e-05,0.0301067095200087,-4.67504171299805e-05,-6.12021438759086e-05,-4.45010797083256e-05,0.00380343904136795,0.00247063071322441,9.35008604064029e-05,0.747131892341571,0.95051301702236,-7.12366436389076e-05,0.0301191786657313,0.115570664405823,-0.231922075152397,0.542737245559692,0.101274348795414,1
1.879,-2.38012505949498e-05,2.13754625950603e-05,0.0301066212802446,0.000156320766859905,0.000836177062333947,-4.44963585222169e-05,0.00342614084680058,0.00223321765393293,-0.000268820605074802,-0.392119920949058,0.646219779340702,0.000164285728258697,0.0301191786657313,-0.299649924039841,0.306546658277512,0.144237279891968,-0.33697909116745,1
1.88,-2.05543448457371e-05,2.38914481869479e-05,0.0301064505749314,6.77084451296956e-05,0.000988380382063412,-4.45136558848702e-05,0.00307109769123138,0.00279867692231641,-7.30494519978419e-05,0.226054847582233,-0.364396656949093,-0.000206169178716343,0.0301191786657313,-0.889944791793823,-0.144607543945312,0.4049291908741,-0.135940507054329,1
1.881,-1.80071799695985e-05,2.67098464653255e-05,0.0301067034117194,1.45371124643602e-06,0.000929466669892253,-4.45577227332628e-05,0.0020261232320962,0.00283954863989627,0.000576996816205252,-0.349974178236865,0.26633935004286,0.000107680968804779,0.0301191786657313,-0.305799126625061,0.133393675088882,0.244948983192444,-0.129695534706116,1
1.882,-1.619860116645e-05,2.96875809914528e-05,0.0301073275422153,-0.000292695382428174,0.000849270570810322,-4.44584923338098e-05,0.00159221344487114,0.00311863521390938,0.000670537207367232,-0.178812679986174,-0.400356166321147,7.70342894291301e-05,0.0301191786657313,-0.76300585269928,-0.173716843128204,0.550264418125153,-0.201716586947441,1
1.883,-1.51369743295285e-05,3.28581914285827e-05,0.0301082521491428,-0.000472975155953245,0.000890596130278848,-4.44667762429241e-05,0.000534586717816758,0.00322491037593609,0.00117672057166783,-0.149101547811356,0.474050013053269,-0.00012042521954658,0.0301191786657313,0.0838931798934937,0.200490295886993,0.346263289451599,0.285664498806,1
1.884,-1.46998916371143e-05,3.60960697737168e-05,0.0301090911371316,-0.000636593862307907,0.000794002567663788,-4.4414965470807e-05,0.000339419930107824,0.00325325029607796,0.000502541527878564,-0.14967026435533,-0.639935624347151,0.00021778238963046,0.0301191786657313,-0.549975514411926,0.183450177311897,0.491598010063171,0.260544121265411,1
1.885,-1.4783198089813e-05,3.93730740590421e-05,0.0301094625467217,-0.000718774164296456,0.000482425800286429,-4.43422558662476e-05,-0.000506356310824327,0.00330241846912778,0.000240681068449714,-0.00586714024942056,0.0870658115531368,-0.000102859477432323,0.0301191786657313,-0.144716203212738,-0.306279867887497,0.224224656820297,0.239504665136337,1
1.886,-1.54422419391491e-05,4.25146011283578e-05,0.0301097185988571,-0.0010178117392961,0.000416454984890179,-4.43025062382141e-05,-0.000812383859145019,0.00298440822419594,0.000271270304455498,-0.531169202185261,-0.205382106461312,0.000165259336973653,0.0301191786657313,0.0505482405424118,-0.121324874460697,0.192346215248108,0.105655208230019,1
1.887,-1.63206044728686e-05,4.54803157515846e-05,0.0301099201364929,-0.00132661884453055,-1.79064251677204e-05,-4.40285163412213e-05,-0.000948011782925,0.00295074601261865,0.000132047229293565,-0.0245439711897662,-0.563103130661693,0.00033885221413263,0.0301191786657313,-0.0774214640259743,-0.335685640573502,0.324506402015686,0.00875934958457947,1
1.888,-1.74531138204739e-05,4.83710401570015e-05,0.030110102530765,-0.00115927093896573,-0.000274700926560747,-4.38910508182566e-05,-0.00131895676123105,0.00283045393978319,0.000232399181393669,0.310578930761622,0.105400600478604,-8.9627690332423e-05,0.0301191786657313,0.190684616565704,-0.355738580226898,0.200743421912193,0.106753960251808,1
1.889,-1.880045279334e-05,5.10902748290832e-05,0.0301102982321192,-0.000945452800695997,-0.000158541719989055,-4.3999416804219e-05,-0.00137502988530272,0.00260765198102498,0.000159037735512821,0.0597165399976771,0.0957090155911844,-0.000113738499540581,0.0301191786657313,-0.178445130586624,-0.580442309379578,-0.0104223787784576,0.168609142303467,1
1.89,-2.02664875111502e-05,5.34720439134643e-05,0.0301107117554037,-0.00129586614388138,-9.69144787518886e-06,-4.41677912266236e-05,-0.00155600441144217,0.00216031344048122,0.000667099165112697,-0.684233982250952,0.162420087887966,-0.000188116341829886,0.0301191786657313,0.0434422791004181,-0.185737788677216,0.138723582029343,0.306711733341217,1
1.891,-2.1881709705283e-05,5.55254201615504e-05,0.0301112778166139,-0.0018414293097208,3.04663841342147e-05,-4.42564466061057e-05,-0.00167433245306629,0.00195231892301713,0.000465222482163678,-0.286823271972762,-0.0956605884068645,3.20191033498605e-05,0.0301191786657313,0.0617968812584877,-0.631099343299866,-0.217692673206329,0.523628830909729,1
1.892,-2.3467165161499e-05,5.71153397642937e-05,0.030111865517985,-0.00225770545184017,-0.000453526924533727,-4.38120120382912e-05,-0.00150173777180814,0.00123356308665559,0.000709277444724304,-0.452300392303028,-0.761567266594111,0.000759702244703975,0.0301191786657313,-0.0828612670302391,-0.568869948387146,-0.115784987807274,0.49144259095192,1
1.893,-2.49972447666736e-05,5.80367479018238e-05,0.030112700751774,-0.00248642690415428,-0.000985697930531924,-4.32674439121428e-05,-0.00156329241165384,0.000613291967342282,0.00095998461973246,0.0439184542737541,-0.184975032863865,0.000206682531575448,0.0301191786657313,0.224422916769981,-0.459514498710632,0.0593448504805565,0.546165704727173,1
1.894,-2.65446142014751e-05,5.83614845798335e-05,0.03011353156301,-0.00215273828809627,-0.000854018190109848,-4.33224802187659e-05,-0.00153088854607952,3.46191216085068e-05,0.000701528631363568,0.54293553414085,0.411349266517243,-0.000299356956492516,0.0301191786657313,0.318304717540741,-0.558152258396149,-0.0763408467173576,0.51487398147583,1
1.895,-2.79609650211543e-05,5.80689020034887e-05,0.0301141698080525,-0.00168455034231723,-0.000523034700310709,-4.35648025609581e-05,-0.00130006624101806,-0.000622104943422285,0.000574737356940436,0.286058366653524,0.169924887264515,-0.000143340406810588,0.0301191786657313,0.40920627117157,-0.579160034656525,-0.113794609904289,0.488985806703568,1
1.896,-2.90906806394394e-05,5.71125912908475e-05,0.0301146773779036,-0.00169709302039194,-0.000693248660702833,-4.34889400602323e-05,-0.000962000957452496,-0.00128918408901879,0.0004403872271198,-0.303897721595195,-0.472236572757761,0.000254560722557706,0.0301191786657313,0.110408805310726,-0.393768548965454,-0.324383705854416,0.0315646082162857,1
1.897,-2.99280421691857e-05,5.57526408214408e-05,0.030115353973984,-0.00166124331888945,-0.00120008179166666,-4.30402958859766e-05,-0.000718002222324954,-0.00143110928717131,0.000911141093567207,0.369304894283359,-0.425362955389374,0.000560973479929904,0.0301191786657313,0.272870063781738,-0.157221853733063,-0.19480237364769,0.446647346019745,1
1.898,-3.05195250409622e-05,5.41708449958443e-05,0.0301161304418204,-0.00125130563997551,-0.00139215251985918,-4.26447518706574e-05,-0.000467512703456903,-0.00173566061625619,0.000642007445992062,0.359648849399831,0.0826761927510869,0.000149518050399824,0.0301191786657313,0.209398627281189,-0.232562974095345,-0.188413217663765,0.00639241933822632,1
1.899,-3.08899932184773e-05,5.24207564413888e-05,0.030116859566514,-0.000804585241587892,-0.00101753996411516,-4.2610259564313e-05,-0.000270773070058422,-0.0017688581535445,0.000815287067896311,0.434022703339538,0.576223196552133,-7.96200221594195e-05,0.0301191786657313,0.567862451076508,-0.363466084003448,-0.366150736808777,-0.0201007723808289,1
1.9,-3.08356006477473e-05,5.05827038627992e-05,0.0301177521654883,-0.000638800336136551,-0.000898025964942476,-4.26465910465801e-05,0.000378785812285228,-0.00190887214234303,0.000968849347324567,-0.133926972060187,-0.362166680844651,-6.92943859488538e-06,0.0301191786657313,-0.0943818539381027,-0.0934350565075874,0.131940603256226,-0.102979019284248,1
1.901,-3.06036493699647e-05,4.87457996244e-05,0.0301187847673887,-0.00073751648064588,-0.000700597209134744,-4.2843957077654e-05,8.7564044742438e-05,-0.00176503564324944,0.00109538188804121,-0.0350910157779057,0.708855596973903,-0.000367398587079157,0.0301191786657313,0.653581738471985,0.126480951905251,0.0606758445501328,0.265690952539444,1
1.902,-3.03194272627605e-05,4.69915280191205e-05,0.0301194479892145,-0.000803829820072437,-0.0004123403710203,-4.30466107479432e-05,0.000482806448609433,-0.00174354965481768,0.000232046824883071,-0.0765575525649448,-0.19760509533127,1.81656017832242e-06,0.0301191786657313,0.0139743573963642,-0.100561961531639,-0.00476389937102795,-0.376453995704651,1
1.903,-2.98720302835451e-05,4.54267334176348e-05,0.0301198615785971,-0.000523041033700888,-0.000566354142631485,-4.29703291180417e-05,0.000410932501167227,-0.00138958904684785,0.000594243783351034,0.575709426977053,-0.0730334693990881,0.000131596413502135,0.0301191786657313,-0.0571552813053131,-0.129908502101898,-0.0671936944127083,0.0573743470013142,1
1.904,-2.95018015538148e-05,4.40164637387795e-05,0.0301205312062536,-0.00024806964003581,-0.000517924231418772,-4.29574656672926e-05,0.000330263181803918,-0.00143367840652128,0.000744190612116365,-0.0843454614895444,0.159050216071483,-0.000113062392653768,0.0301191786657313,0.257631003856659,0.153415441513062,-0.0483168289065361,0.0178041681647301,1
1.905,-2.90895641858182e-05,4.26893265974144e-05,0.0301211230725474,-0.000404580927915103,-0.00054217123838422,-4.30609089656642e-05,0.000493773790488229,-0.00122016636326279,0.000439821022957711,-0.18772887107217,-0.199768784262078,-7.89648051428497e-05,0.0301191786657313,0.266545116901398,-0.0612720213830471,-0.307016879320145,0.183192640542984,1
1.906,-2.84089310376159e-05,4.14258765181295e-05,0.0301215277191179,-0.000824903127122462,-0.00103188688901218,-4.31430336891303e-05,0.000862626607853085,-0.00130333374255606,0.000369441156055137,-0.549633828768038,-0.661712081623368,-7.91217810915791e-05,0.0301191786657313,0.209029763936996,-0.00442423298954964,0.120423413813114,-0.164047315716743,1
1.907,-2.75689557943572e-05,4.02527081981181e-05,0.0301218287013548,-0.000951251561320517,-0.00120770279044295,-4.31999696681729e-05,0.000816224256931347,-0.00104303461023304,0.000232706733412826,0.327330304622263,0.350700400801291,-3.37004861438314e-05,0.0301191786657313,0.415369778871536,-0.200645923614502,-0.186669260263443,0.165557727217674,1
1.908,-2.65633908699703e-05,3.91227982546488e-05,0.0301219814325567,-0.000705603571054673,-0.000866913121619357,-4.32776255223644e-05,0.00119707045731717,-0.00121874692390945,7.30386645301033e-05,0.110879677633568,0.254859132333727,-0.000113178666924128,0.0301191786657313,0.142850443720818,-0.106645211577415,0.235012218356133,0.399765610694885,1
1.909,-2.54483944791286e-05,3.77555171255838e-05,0.030121786537646,-0.000880341803564477,-0.000272967302707703,-4.36363016800279e-05,0.00103883053705545,-0.00151402344593124,-0.000461345717457135,-0.413733085273002,0.795331766722186,-0.000511958946432748,0.0301191786657313,-0.0381233692169189,0.0740047842264175,-0.489477515220642,-0.275009512901306,1
1.91,-2.42542314118395e-05,3.64449689152263e-05,0.0301216051308689,-0.000690091524395434,-2.19021604876152e-05,-4.38449425632648e-05,0.00135124403845797,-0.00111018444061364,9.72344907322593e-05,0.750388779256454,-0.345441140377508,7.15940882906751e-05,0.0301191786657313,-0.18084779381752,-0.1877621114254,-0.127892047166824,0.174311056733131,1
1.911,-2.29527231750174e-05,3.52367752807369e-05,0.0301218238815146,-0.000238916582162858,-0.000425514964939544,-4.37830424773189e-05,0.00124904944254238,-0.00130992950879789,0.000339434822289936,0.0523565671249334,-0.363792139255855,-8.52784869514819e-06,0.0301191786657313,0.0764370337128639,-0.0302498899400234,0.213258683681488,0.198275685310364,1
1.912,-2.17950794661027e-05,3.38761156409637e-05,0.0301219781976398,-0.000502469973064104,-0.000523970146924019,-4.39193931152104e-05,0.00106650924099865,-0.00140916598846105,-2.94197606509719e-05,-0.510960770362222,0.191172374073919,-0.000267803613053974,0.0301191786657313,-0.31272554397583,-0.0566159449517727,-0.101850919425488,-0.0258028134703636,1
1.913,-2.08464693703518e-05,3.25054517999274e-05,0.0301221374099585,-0.00088090993739289,-5.95075666006437e-05,-4.42564068623419e-05,0.000835575790431791,-0.00132957203818589,0.000346819727417557,-0.154072217153487,0.630710340717193,-0.000378264724209113,0.0301191786657313,-0.221318662166595,-0.117021828889847,0.308741092681885,0.0265149623155594,1
1.914,-2.02424659727631e-05,3.11728440457367e-05,0.030122478974233,-0.000823337788021877,0.000712607740521288,-4.47261079581374e-05,0.000380402809557091,-0.00133656788838854,0.000336205593459429,0.258654496183756,0.734044221612872,-0.000501237083631777,0.0301191786657313,0.104855269193649,-0.43247926235199,0.195219963788986,0.0605649054050446,1
1.915,-1.9897756847979e-05,2.96862555896002e-05,0.0301228370473489,-0.000732565019655455,0.000758568414829315,-4.48624367357375e-05,0.000309712502480683,-0.0016370293379978,0.000379567486328457,-0.0927741355775876,-0.647605013644245,0.000228173459102298,0.0301191786657313,-0.352742850780487,-0.087176151573658,0.436404287815094,-0.13103561103344,1
1.916,-1.99147137925909e-05,2.81147557507593e-05,0.0301232611392409,-0.000551446364090683,0.00022948124354638,-4.47632641504825e-05,-0.000346892603266729,-0.00150830750750276,0.000468061048300134,0.416195925351506,-0.286987594505031,-3.52166007068042e-05,0.0301191786657313,-0.538811564445496,-0.323320806026459,0.185109093785286,0.188336670398712,1
1.917,-2.05716744537392e-05,2.6438749430826e-05,0.0301239120665435,-0.000493967525270448,0.000258606889035772,-4.48433394160119e-05,-0.000965255630345448,-0.00184381298251645,0.000832317032849772,-0.30745480376656,0.334565768907036,-0.000116364746275034,0.0301191786657313,-0.417208552360535,-0.051207922399044,-0.177577465772629,-0.0697406306862831,1
1.918,-2.16472595207363e-05,2.46435490848155e-05,0.030125014208757,-0.000620317476258477,0.000382093060441007,-4.4927470538525e-05,-0.00118465239606928,-0.00174637255995904,0.00136981496203084,0.0884533183387123,-0.118228946122237,-4.78065713265523e-05,0.0301191786657313,-0.129338756203651,0.0841756537556648,-0.243149310350418,-0.189209535717964,1
1.919,-2.28017782569033e-05,2.304616394419e-05,0.0301265578897067,-0.000150702096758876,-0.000205048841127053,-4.48949994495962e-05,-0.00112995174022565,-0.00145380216370108,0.00171557015291461,0.743465802498323,-0.919500338369887,8.97898524504182e-05,0.0301191786657313,-0.248475596308708,-0.526693999767303,0.38753268122673,0.239363595843315,1
1.92,-2.42243336731788e-05,2.13051210741719e-05,0.0301283151840404,-0.000236839622783047,-0.000498651799585229,-4.50070175261885e-05,-0.0017166323370949,-0.00202663124855104,0.0017975741114657,-0.885836684798941,0.393098159751467,-0.000362990677056854,0.0301191786657313,0.055420845746994,0.486780941486359,-0.20744726061821,-0.272469222545624,1
1.921,-2.58692275999381e-05,1.96183842544926e-05,0.0301300680275947,-0.000370372032498279,-0.000281001472236681,-4.51691900651419e-05,-0.00157223917214764,-0.00134809520722215,0.00170717057851214,0.650526859097826,-0.0122635147972679,3.16796870500994e-05,0.0301191786657313,0.162149250507355,-0.355326950550079,0.220179110765457,0.0498215109109879,1
1.922,-2.74991794289291e-05,1.81303982341753e-05,0.0301317219723459,-9.29099390653828e-05,-0.000284357185175558,-4.51965293666312e-05,-0.00168792342729204,-0.00162996267421915,0.00159986854298551,-0.153692285698327,0.00134818015049868,-9.47991372147894e-05,0.0301191786657313,0.00184668600559235,0.112029373645782,-0.0765716135501862,-0.0389873906970024,1
1.923,-2.91914056958477e-05,1.65828758080822e-05,0.0301332958563509,-0.000180506356201637,-0.000390541751904828,-4.52723418535861e-05,-0.00169800489938137,-0.00146487436954397,0.00154684585469395,0.00381760602566926,-0.193895569660402,-5.08526960196171e-05,0.0301191786657313,0.51672899723053,-0.210356846451759,-0.135837107896805,-0.0602477304637432,1
1.924,-3.06689609514817e-05,1.50785115798013e-05,0.0301347708050865,-0.000307928759603769,-0.00103821291202463,-4.53112408913547e-05,-0.00126350076085364,-0.00154321697844967,0.00140223987911834,-0.224096631881189,-0.953175963085606,-3.75235406793518e-05,0.0301191786657313,0.117835819721222,-0.0506983138620853,-0.200475364923477,0.0747692883014679,1
1.925,-3.18679419054496e-05,1.35088662797959e-05,0.0301361638928401,-0.000505293872253541,-0.00163716445217036,-4.54033615842064e-05,-0.00114028317756536,-0.00159477403976007,0.00138311479764329,-0.12023170978643,-0.111231307462005,-0.000147944333162319,0.0301191786657313,0.652888238430023,0.0266083478927612,-0.03463014960289,0.120090946555138,1
1.926,-3.28034308791536e-05,1.19022670905469e-05,0.0301372138716993,-0.000464012537131059,-0.0015024203763882,-4.547698137225e-05,-0.0007307204908785,-0.00161925636340917,0.00071755819209475,0.197276561233934,0.345139024804732,3.49678903054252e-06,0.0301191786657313,0.434584438800812,-0.153815731406212,-0.297032505273819,0.264118194580078,1
1.927,-3.33055139845141e-05,1.01356333228781e-05,0.0301377989048156,-0.000433474133165666,-0.00113092629718639,-4.5605325440512e-05,-0.000271686394467581,-0.00191404918430233,0.00045277016288201,-0.137002824937211,0.309847871842761,-0.000229114531138312,0.0301191786657313,0.302174538373947,-0.275762289762497,-0.465075761079788,-0.0390630811452866,1
1.928,-3.33268943092661e-05,8.14719680051489e-06,0.0301384017403857,-0.000529980619022338,-0.00104251799006614,-4.57534484739064e-05,0.000228441888821263,-0.0020623049549235,0.00075175024491915,-0.0279248058034054,-0.152485642038126,-4.25018930891521e-05,0.0301191786657313,0.405771195888519,0.383826076984406,-0.138274669647217,0.173024445772171,1
1.929,-3.29384382315187e-05,6.18992503431814e-06,0.0301387914830695,-0.000124408914741972,-0.00120301366622458,-4.5533401540343e-05,0.000545709835838802,-0.00185738483209542,3.09354214057591e-05,0.745879406384308,-0.129807064405305,0.000429370451463968,0.0301191786657313,0.249278023838997,0.0380297154188156,0.171263933181763,0.240109249949455,1
1.93,-3.24237391042638e-05,4.25396883525418e-06,0.030138509488814,0.000338554540546229,-0.00088762520383219,-4.52640034596108e-05,0.000486718193111201,-0.00201880670094322,-0.000593394905587435,0.0787224094557014,0.686249798244196,9.56124021007749e-05,0.0301191786657313,0.429554283618927,0.0598783642053604,-0.205101951956749,-0.390409052371979,1
1.931,-3.17303864716174e-05,2.41193651472808e-06,0.0301379196133677,0.000508722522909052,-0.000545176678159702,-4.52050715309404e-05,0.000902063826825648,-0.00166824989859033,-0.000585997905374249,0.226955393706909,-0.077195354956079,-2.37962346607848e-05,0.0301191786657313,-0.0694837868213654,0.0219368189573288,-0.0840082317590714,-0.202197030186653,1
1.932,-3.08685509997809e-05,8.22611936739611e-07,0.0301374264559378,0.000531434192196167,-0.000529715751464905,-4.52630124421205e-05,0.0008222255123961,-0.00151150907602862,-0.000400436625510893,-0.18100293175455,0.106605492582498,-9.14648669021187e-05,0.0301191786657313,0.000985801219940186,0.157811969518661,-0.191181927919388,-0.385701954364777,1
1.933,-3.00124346463209e-05,-4.80356095484022e-07,0.0301371530604214,0.000476125188588228,-0.000508332926671895,-4.53424435953309e-05,0.000890299166351657,-0.00109546327314154,-0.000146823687588813,0.0863999691920006,-0.0657835406424776,-6.3098568509613e-05,0.0301191786657313,-0.0422741174697876,0.213790714740753,0.180393382906914,-0.549376606941223,1
1.934,-2.92550971656104e-05,-1.28110004418804e-06,0.0301370469148692,0.000841569937066129,-0.00031312529180974,-4.52520522982169e-05,0.000626832628166565,-0.000510558149189503,-6.54737844595873e-05,0.560215264435999,0.411678371096779,0.000215641836791446,0.0301191786657313,0.243843376636505,0.296245127916336,-0.155186235904694,-0.407455563545227,1
1.935,-2.85020780627503e-05,-1.53327986093791e-06,0.0301369548572159,0.00131322193189652,-0.000332782519504832,-4.52896487241894e-05,0.000878574371877148,6.55193991220798e-07,-0.000118347816550154,0.274582035448058,-0.441526430408805,-0.000337839189253605,0.0301191786657313,0.162946850061417,0.084683820605278,-0.185305058956146,-0.46463331580162,1
1.936,-2.75242863609244e-05,-1.34472320766652e-06,0.0301369587225558,0.0011547852668577,-0.000963028982614302,-4.58888109804434e-05,0.00107142468235618,0.00037692267059861,0.000125474702615326,-0.552725158533887,-0.667749404610892,-0.000784480651255527,0.0301191786657313,0.0552928075194359,0.298644512891769,0.263255447149277,-0.361494123935699,1
1.937,-2.65922120633363e-05,-7.24934524405924e-07,0.0301369479871387,0.000526801937035479,-0.000952770928519412,-4.63666689864972e-05,0.000793893782622479,0.000866873692186875,-0.00014629247873357,-0.558616151777876,0.684656661116576,-0.000166614521822365,0.0301191786657313,0.140322580933571,0.266873925924301,-0.221929922699928,-0.375359505414963,1
1.938,-2.56962977081524e-05,3.92549356339656e-07,0.0301368406125539,0.000259198546841039,-0.000315784193068808,-4.64284802217385e-05,0.00100307460639894,0.00136932023846496,-6.86979297913564e-05,0.0804273467341511,0.444375179137159,3.61170830218087e-06,0.0301191786657313,0.186949670314789,0.137915536761284,-0.268252015113831,-0.27480286359787,1
1.939,-2.45404764426984e-05,1.92231426732738e-06,0.0301368218558565,0.000471425772120031,-0.000320864838498134,-4.6484014223136e-05,0.00130825232870366,0.00168821649161375,3.09914580217169e-05,0.289276848007189,-0.447877479450979,-0.000138271458296925,0.0301191786657313,-0.208648398518562,0.140056535601616,0.342648565769196,-0.00913263857364655,1
1.94,-2.34901090941284e-05,3.66024925397945e-06,0.0301367127460733,0.000502820927285667,-0.000245581975839895,-4.65256355370869e-05,0.000794814937209759,0.00178770639853884,-0.000248397854691485,-0.237621235315233,0.581158348874448,5.45225191467582e-05,0.0301191786657313,-0.0442745983600616,0.183685451745987,0.285782545804977,-0.240537345409393,1
1.941,-2.28534726139837e-05,5.61375823613009e-06,0.0301363563539119,0.000298024576212341,0.000427720353802744,-4.6448909507113e-05,0.000485322159203855,0.00212075740718489,-0.000463509425879308,-0.130491153694104,0.610331263641537,5.65076034889094e-05,0.0301191786657313,-0.151717081665993,0.148453637957573,-0.0607013255357742,-0.00701521337032318,1
1.942,-2.24142501953862e-05,7.79806200121124e-06,0.0301358859573289,8.10279185422748e-05,0.000534900080000104,-4.64313988577381e-05,0.000394423172164917,0.00225008766925359,-0.000476937841453204,-0.25904677294832,-0.416610742860147,-1.58418351889492e-05,0.0301191786657313,-0.438131034374237,0.0974645391106606,0.192774713039398,-0.10130663216114,1
1.943,-2.2288579062572e-05,1.01374201090615e-05,0.0301354724539771,-8.79392986399787e-05,0.000186665942835492,-4.64669796063077e-05,-0.000144507727837378,0.00243035464443111,-0.000350206372817561,-0.0471614017258551,-0.199075518442048,-5.87392752391246e-05,0.0301191786657313,0.0273149311542511,0.0585417672991753,0.0670818760991096,0.162156298756599,1
1.944,-2.24698497971172e-05,1.25399093370622e-05,0.0301349660669523,-0.000237482348206404,-0.000230990386218244,-4.65069925241757e-05,-0.000221483570821353,0.00237684917557201,-0.000661430641741096,-0.223697135900698,-0.538069773645001,-3.15261931346027e-05,0.0301191786657313,-0.160791322588921,-0.0409980975091457,0.381948888301849,-0.0797508582472801,1
1.945,-2.29430454330455e-05,1.49534352474526e-05,0.0301342330790025,-0.000343241585980107,-0.000276012406858202,-4.6596669301735e-05,-0.000724042221798456,0.00245169430184856,-0.000803668471489092,0.0288302077727924,0.454046027614153,-0.000154257438419755,0.0301191786657313,0.00649809092283249,-0.0701272711157799,0.107894212007523,0.149034976959229,1
1.946,-2.37347806476109e-05,1.73410440142863e-05,0.0301333238620982,-0.000402598141069726,0.000143017403235362,-4.6749884274444e-05,-0.00085591354370346,0.00232499141306508,-0.00101386655107969,-0.140633265958081,0.283427028238128,-0.000124713271173882,0.0301191786657313,-0.368239521980286,0.109598532319069,0.195259362459183,-0.0449681468307972,1
1.947,-2.4837333050725e-05,1.97575565743538e-05,0.0301323237355954,-0.000291422903583854,0.000518230525827408,-4.69305072097193e-05,-0.00134515454081639,0.00250744124645946,-0.000985740889639395,0.3283572984339,0.375362234621415,-0.000226483741324755,0.0301191786657313,-0.0121075883507729,-0.330278635025024,-0.370962202548981,0.0460300967097282,1
1.948,-2.60503638486685e-05,2.21394137770506e-05,0.0301315734144936,-0.000304048430667974,2.27890843457771e-05,-4.69522371462361e-05,-0.00108607135904271,0.00225768211811244,-0.000515297255583391,-0.356379042927698,-1.25045073700427,0.000138571802684254,0.0301191786657313,-0.166091322898865,-0.015132512897253,0.123017251491547,-0.0559889785945415,1
1.949,-2.72901178245292e-05,2.44473504224915e-05,0.0301310774773267,-0.000546695888234682,-0.000959437931425242,-4.6851249984492e-05,-0.00140134432679352,0.00236073871189002,-0.000476417354021529,-0.0801221314793894,-0.49114987378441,3.10639477412502e-05,0.0301191786657313,0.365210056304932,-0.260211646556854,0.235987186431885,0.301409125328064,1
1.95,-2.86942490352347e-05,2.66211281222405e-05,0.030130326572504,-0.000903433600324965,-0.00107622999814462,-4.71091549361091e-05,-0.00140837731210968,0.00199153730841454,-0.00102343125576597,-0.555040464721984,0.278623618503004,-0.000538855817815178,0.0301191786657313,0.0371581166982651,-0.013226330280304,-0.0817619115114212,0.128366887569427,1
1.951,-3.01073848346841e-05,2.86091786040753e-05,0.0301292538432545,-0.00110852189522644,-0.000518882940761449,-4.7627896508029e-05,-0.0014135771530642,0.00198699729217851,-0.00112107425527157,0.184903684107662,0.70034100418775,-0.000447319710130227,0.0301191786657313,0.471281111240387,-0.14975269138813,0.0357851684093475,0.514633297920227,1
1.952,-3.13836455118565e-05,3.03826751877992e-05,0.030127773252108,-0.00102404298801686,-0.000228844027074765,-4.78558409957586e-05,-0.00113756335789803,0.00156091695573722,-0.00183734877773805,-0.0403850978699423,-0.189400772687534,2.60333387371696e-05,0.0301191786657313,0.105355642735958,-0.238385334610939,0.328930914402008,0.13861221075058,1
1.953,-3.26513485652526e-05,3.18473498351864e-05,0.0301257889032314,-0.000959521921956143,-0.000320190551193845,-4.7868616850355e-05,-0.00139841096971833,0.00136884473003912,-0.00212929400746428,0.149389992159514,0.0237534374944312,-6.12913260665173e-05,0.0301191786657313,0.0837574824690819,0.148073345422745,-0.173990651965141,0.247787460684776,1
1.954,-3.39874673494594e-05,3.32306230603355e-05,0.0301235280025125,-0.00058667366162794,-0.000564267287669925,-4.77591854659565e-05,-0.00127693326621921,0.00139480700730314,-0.00238977566422344,0.50269630116311,-0.456234374686285,0.000226405854837103,0.0301191786657313,0.0577672347426414,-0.295753747224808,0.0902626290917397,0.316166669130325,1
1.955,-3.53300888854482e-05,3.44235211945904e-05,0.0301210656591589,-0.000566006780330754,-0.000823926324000631,-4.77681044825928e-05,-0.00141062520999362,0.000992293853620258,-0.00253287500234041,-0.46687456476729,-0.00779805709355898,-0.000283696112886909,0.0301191786657313,0.506872951984406,-0.0623738281428814,-0.0510300323367119,0.102452717721462,1
1.956,-3.65723873129936e-05,3.54021315495776e-05,0.030118337581402,-0.000986416163875749,-0.00103545060349751,-4.79493537324238e-05,-0.00107681408686357,0.000968910877785623,-0.00292070591000256,-0.278413612237905,-0.368555630024187,-3.42659423863686e-05,0.0301191786657313,0.168458789587021,-0.416989535093307,-0.0348775535821915,-0.0467200428247452,1
1.957,-3.76329062513495e-05,3.62837231564119e-05,0.0301155508007709,-0.00116140763030553,-0.00113535700662593,-4.80770774218264e-05,-0.00104552571109564,0.000796540040325533,-0.00265172811993211,-0.0341099483047525,0.187210746699521,-0.000215750369734766,0.0301191786657313,0.356467515230179,-0.137985870242119,-0.147089302539825,0.046010360121727,1
1.958,-3.8539805408748e-05,3.70709204584399e-05,0.0301128633618193,-0.000903838183788619,-0.000976362592112433,-4.81040598341309e-05,-0.000767749814447955,0.000775943668213788,-0.00272122233962533,0.485237974336009,0.0908250642631453,0.000138578982858908,0.0301191786657313,0.288087069988251,-0.518876135349274,-0.30655711889267,0.449638605117798,1
1.959,-3.91301315903552e-05,3.75123556008011e-05,0.0301101937903297,-0.00100111772418959,-0.00106515315635497,-4.81943912844507e-05,-0.000414669118279144,0.000109426892691924,-0.00261631652274829,-0.655438343586067,-0.248426080599782,-0.000321693047357416,0.0301191786657313,-0.317473858594894,-0.0208908319473267,0.0648593977093697,0.264969497919083,1
1.96,-3.97661915879157e-05,3.75742124761168e-05,0.0301076004665051,-0.00141519549494175,-0.000623604047979528,-4.88287456157366e-05,-0.000852855313096384,1.81124672288142e-05,-0.00256863367502582,-0.0767909103390301,1.02272838137646,-0.000895018673521844,0.0301191786657313,0.611398935317993,-0.545196235179901,-0.027414470911026,0.140640467405319,1
1.961,-4.04098016656682e-05,3.73871492745506e-05,0.0301049890576876,-0.00142433413766957,-0.000246106827616568,-4.92048563667247e-05,-0.000432460123138714,-0.000391112678865359,-0.00265223725552972,0.0608779277055767,-0.353910438345757,0.00020706261292166,0.0301191786657313,-0.199882999062538,-0.459760904312134,-0.0227763503789902,0.508975803852081,1
1.962,-4.09649440641876e-05,3.66764507931257e-05,0.0301024370456591,-0.00153297648226566,-0.000557073911093485,-4.90650328934805e-05,-0.000680101849412706,-0.0010280817546778,-0.00245053467002595,-0.249553485272389,-0.196957763782757,1.20452700513498e-05,0.0301191786657313,0.165230840444565,-0.353075861930847,-0.284044623374939,0.0861720815300941,1
1.963,-4.15216779260068e-05,3.55461210586004e-05,0.0301001750952927,-0.00140590920780499,-0.0010359265231493,-4.86738186968871e-05,-0.000438274930566939,-0.00123355189006673,-0.00207273157133714,0.47542050904928,-0.648581440603402,0.000691687424492274,0.0301191786657313,0.387382417917252,-0.40626060962677,0.10110991448164,0.179421961307526,1
1.964,-4.19173012346446e-05,3.41407178922773e-05,0.0300980413534447,-0.000892476505390492,-0.00145712890787267,-4.81097813027631e-05,-0.000356971917736156,-0.00158111955388257,-0.00219302535714076,0.436009102442046,-0.0980656066680501,0.000319224120996725,0.0301191786657313,0.190430209040642,0.0384596288204193,-0.396598339080811,0.1118558421731,1
1.965,-4.21151612677989e-05,3.25823941031981e-05,0.0300959160656839,-0.00032397908112439,-0.00141625374980787,-4.77386858794837e-05,-3.93244743589127e-05,-0.00154108235880537,-0.0020564952342976,0.571553794213591,0.168913187926261,0.000336896494629408,0.0301191786657313,0.436284452676773,-0.0379728302359581,-0.585839867591858,0.132823050022125,1
1.966,-4.18168070073329e-05,3.10091503883653e-05,0.0300939321640266,-6.09838142887725e-05,-0.00152317232026417,-4.76122101784604e-05,0.000633506587091012,-0.00160803349920009,-0.00191032058076101,-0.100832939330256,-0.355210967605483,-0.000148533839693216,0.0301191786657313,0.58180844783783,0.208584934473038,-0.174872741103172,0.0370490178465843,1
1.967,-4.09588650120064e-05,2.95045143776505e-05,0.0300918199726634,-0.000215005563917589,-0.0017720089402802,-4.78142713045138e-05,0.00107949975111212,-0.00140087978785349,-0.00231168788020717,-0.166375202177805,-0.0820586276711832,-0.000228097335159007,0.0301191786657313,0.474559783935547,0.0206629671156406,-0.517486691474915,0.0194878503680229,1
1.968,-3.95622603148758e-05,2.81410772959498e-05,0.0300895689973965,-0.00044175678649789,-0.00182137231100125,-4.81068445989941e-05,0.00171226409064604,-0.0013246940025003,-0.00218904782613534,-0.230262381390488,-0.00116454310205681,-0.000305675923285132,0.0301191786657313,0.124424546957016,-0.0672658979892731,0.0411904156208038,0.0177134610712528,1
1.969,-3.78989888523641e-05,2.68231145967175e-05,0.0300873964513102,-0.0006339120650458,-0.00107291128039159,-4.85894689474797e-05,0.00162166663372282,-0.00131007208353633,-0.00215472952009901,-0.105299993613316,1.32158250320872,-0.000597495967833999,0.0301191786657313,0.488320142030716,0.2196444272995,-0.337693631649017,-0.000695288181304932,1
1.97,-3.59968068867832e-05,2.56450655757791e-05,0.0300851638938263,-0.00036847408386842,-0.000301772144605931,-4.88614131852749e-05,0.00218888652635135,-0.00104923673762401,-0.00230868661294107,0.575784083019156,0.0472595154837773,7.31930953947968e-06,0.0301191786657313,0.187021657824516,-0.0608818084001541,0.0409530773758888,-0.0173797160387039,1
1.971,-3.37927404221314e-05,2.46087083865896e-05,0.0300828674768637,7.63718141095269e-05,-0.000470599193678264,-4.88545354686565e-05,0.00221845537034795,-0.00102770819630848,-0.00228263953097277,0.212936666623132,-0.337430888054686,-3.77890182498572e-05,0.0301191786657313,-0.401857018470764,0.080464668571949,-0.19845712184906,0.0247782468795776,1
1.972,-3.17048605318717e-05,2.36260957172752e-05,0.0300808545089676,4.62351364483455e-05,-0.000548869529802175,-4.8949296392653e-05,0.0019580069556381,-0.000937813879349118,-0.00174330179922387,-0.26184853639355,0.203980852533068,-0.000152086528429193,0.0301191786657313,0.21343269944191,-0.112594284117222,-0.2187529951334,-0.345560848712921,1
1.973,-2.9616159389567e-05,2.28083504814985e-05,0.030079372983708,-0.000192899800299559,-0.000624596787147713,-4.90885346748904e-05,0.00221879081920853,-0.000696512741541838,-0.00122007290931825,-0.158051170352621,-0.329848184204805,-9.76013889901825e-05,0.0301191786657313,-0.304490864276886,0.126749753952026,0.46531680226326,0.0341999232769012,1
1.974,-2.77558019274129e-05,2.21787134217366e-05,0.0300781073569035,-0.000307223462074898,-0.000142721518878835,-4.92789424835216e-05,0.00150818825500512,-0.000562260134432339,-0.00131004760014788,-0.0419854430991348,1.18244038510999,-0.000280736285446507,0.0301191786657313,-0.0802489072084427,-0.26693719625473,-0.433884978294373,-0.241189271211624,1
1.975,-2.61277892769218e-05,2.16369461548393e-05,0.0300772839556495,-0.000342163006406611,0.000390202878137128,-4.9446375579798e-05,0.00175233254246434,-0.000521260731780938,-0.00033859737135832,-0.0181813503815131,-0.232674772830404,-3.1211644786993e-05,0.0301191786657313,-0.125418171286583,-0.207503721117973,0.0356063991785049,0.0263598039746284,1
1.976,-2.44607788211792e-05,2.10518536272077e-05,0.0300771374953507,-0.000492627830435439,-0.000111948762311223,-4.94038598932711e-05,0.00157822632559418,-0.000647597037182732,4.50692729375427e-05,-0.245087857833045,-0.647415416109539,8.07874081862845e-05,0.0301191786657313,-0.043331578373909,0.114807687699795,0.227227970957756,-0.538279354572296,1
1.977,-2.30252437746164e-05,2.07034507643541e-05,0.0300773614675607,-4.8477527327102e-05,-0.000534404432458117,-4.9266019632288e-05,0.00129032039260549,-5.45003147914631e-05,0.000401945123060718,1.02681511008745,-0.0947223662910299,0.000225046337505469,0.0301191786657313,0.228204995393753,-0.243995189666748,0.111872717738152,0.18373142182827,1
1.978,-2.17247355619801e-05,2.04907553007734e-05,0.0300777388932024,0.000296835202008539,-0.000547775550340503,-4.92386677448664e-05,0.00131096698121265,-0.000373129862270786,0.000352751264214503,-0.412519684864699,0.0746111405791424,-0.000189178921106803,0.0301191786657313,-0.357168763875961,-0.251511454582214,-0.0197739005088806,-0.170931220054626,1
1.979,-2.05848026325714e-05,2.01034676954834e-05,0.0300784897162749,-0.000429956993395052,-6.21127306864048e-05,-4.94837070670329e-05,0.000974282373708864,-0.000395274683338833,0.00114651438736399,-0.867606736746713,0.783949639822492,-0.00029198077913898,0.0301191786657313,0.158741548657417,0.103458672761917,-0.127593040466309,-0.0774231851100922,1
1.98,-1.95113632483907e-05,1.98191641259574e-05,0.0300796959938444,-0.00086536638016266,0.000211909999673397,-4.96211774345667e-05,0.00117474113303827,-0.000170326376187318,0.001264879059525,0.0966673890678822,-0.293601815066619,5.0042697871364e-05,0.0301191786657313,-0.0578666031360626,-0.270881086587906,0.537575602531433,-0.0289946794509888,1
1.981,-1.85951938213473e-05,1.95904852245828e-05,0.0300809698354997,-0.000596784478517215,0.000150756742961456,-4.96870064901067e-05,0.000658643190183797,-0.000289114397580851,0.00128188296138319,0.37735587160422,0.18730550886894,-0.000169854894453275,0.0301191786657313,-0.256807088851929,0.188251286745071,0.435366898775101,0.0765995234251022,1
1.982,-1.82308869730107e-05,1.93775997574823e-05,0.0300821541428695,-4.27226947646453e-06,0.00058420573986496,-4.9944807366753e-05,7.53691273115179e-05,-0.000142239651823764,0.00108653060750226,0.668179896665109,0.577763015618347,-0.000292342005231725,0.0301191786657313,0.191940128803253,-0.0524287074804306,-0.044632364064455,0.0786319971084595,1
1.983,-1.80613308167249e-05,1.91976078155334e-05,0.0300832474889449,0.000268673671886029,0.000351973796914728,-5.01691026610906e-05,0.000261328907606797,-0.000219965480250203,0.0010993908296689,-0.183797713854535,-0.9829875189719,-0.00018742565173016,0.0301191786657313,-0.138853564858437,-0.189274415373802,0.291855245828629,-0.421447426080704,1
1.984,-1.79932601779572e-05,1.90872927022577e-05,0.0300845988353409,-1.33648876519733e-05,-0.000449666075022285,-5.03359920265289e-05,-0.000131030305541899,1.09445676860933e-06,0.00160094332504459,-0.313574351881306,-0.433607781451489,-0.000152711285156032,0.0301191786657313,-0.081082284450531,0.269085884094238,0.358602702617645,-0.331137955188751,1
1.985,-1.83355024538344e-05,1.93548527909903e-05,0.0300861836817238,5.53730925805307e-05,-0.000320264203086068,-5.04008540636036e-05,-0.000549853784277016,0.000530261953980541,0.00156789706863832,0.429083829665688,0.653582578483871,1.61657750353667e-05,0.0301191786657313,0.199134990572929,0.0643583834171295,-0.206007525324821,0.420817703008652,1
1.986,-1.87430884105581e-05,1.97569835004343e-05,0.030087630465373,-7.05128551850856e-05,-6.6417746654887e-05,-5.04571751065441e-05,-0.000264039837780076,0.000275911538442216,0.00132532959108551,-0.649419193589654,-0.204331946791874,-9.39515317492516e-05,0.0301191786657313,-0.241779267787933,0.0922503471374512,0.153589054942131,-0.282481491565704,1
1.987,-1.91900891897479e-05,2.02121929704402e-05,0.0300891279393516,-0.00040735266669373,-3.37388316217219e-05,-5.05662256125028e-05,-0.000628819693857717,0.000636549686095005,0.00166763573465564,0.0513533017682718,0.259318289156557,-0.000135380032863728,0.0301191786657313,0.201942339539528,-0.111553393304348,-0.103005692362785,-0.0328190810978413,1
1.988,-1.97150229013502e-05,2.0847317814181e-05,0.030090873765673,-0.000337758467642277,-0.000195831867142233,-5.0612472183964e-05,-0.000423101759082654,0.000633321980526994,0.00182248797635545,0.0695087653489796,-0.54504898050166,2.95763457038921e-05,0.0301191786657313,-0.189034834504128,0.124107867479324,0.318329364061356,0.0917283892631531,1
1.989,-2.03727268541875e-05,2.15230177430865e-05,0.0300926167247837,-0.000218644622547239,-0.000274510925512435,-5.0652340435775e-05,-0.000892048440388149,0.000717069965033337,0.00166263354807111,0.138539008325057,0.401722812927529,-0.000105691970694335,0.0301191786657313,0.0991383343935013,-0.144461184740067,-0.250716984272003,0.180950477719307,1
1.99,-2.11483862704583e-05,2.21356222873595e-05,0.0300943780356099,-0.000395650748982488,-0.00022034521233625,-5.07486752128194e-05,-0.000659611273969766,0.000510360216607376,0.00185834956420742,-0.451338438763842,-0.306777689250432,-6.6229417409969e-05,0.0301191786657313,0.0409077666699886,0.512961626052856,0.116799242794514,-0.0241807363927364,1
1.991,-2.18684407424085e-05,2.28989834287386e-05,0.0300960312369974,-0.000275749955220743,-0.00043778614505946,-5.07394816349205e-05,-0.000782269375090763,0.00101418825009199,0.00144806098719273,0.657398669355732,-0.0799085015172459,9.17116151945586e-05,0.0301191786657313,0.233261287212372,-0.282401442527771,0.0987894684076309,0.168471097946167,1
1.992,-2.26304053144665e-05,2.37565444597062e-05,0.030097440351543,-0.000118096614537688,-0.00050978874296082,-5.07754019904993e-05,-0.000742643889047767,0.000700747793033664,0.001369432138962,-0.378446765188962,-0.0496616971297406,-0.00018027938483124,0.0301191786657313,0.152061522006989,0.281326025724411,0.210027441382408,-0.330031037330627,1
1.993,-2.34325755314132e-05,2.47349331087378e-05,0.0300987294963583,-6.68949713733561e-05,-0.000373455680997211,-5.08572752324632e-05,-0.00086050504121258,0.00125462763001095,0.00120835538975097,0.463815421254202,0.286904800547123,6.20779406803552e-06,0.0301191786657313,0.541664958000183,-0.19696418941021,-0.000654447823762894,0.109627947211266,1
1.994,-2.41054086926397e-05,2.58899776068336e-05,0.0300998014607181,-9.52449407951693e-05,-0.000521821489144367,-5.09474321948034e-05,-0.000487626369528337,0.0010565950611232,0.000935562297294955,-0.514739219762238,-0.548565508594628,-0.000196614243258127,0.0301191786657313,-0.272681772708893,0.025179997086525,0.274483054876328,-0.0405983962118626,1
1.995,-2.48557561937323e-05,2.70071338794913e-05,0.0301007803935729,-0.00059775350494067,-0.000406387528076658,-5.1239552281146e-05,-0.00101087851016597,0.0011820650146191,0.00102140188422994,-0.376206131750508,0.746278668973053,-0.000407060920272168,0.0301191786657313,0.352148175239563,-0.0999614074826241,-0.0415205508470535,0.342663288116455,1
1.996,-2.57374317665262e-05,2.80557916309695e-05,0.030101622401399,-0.00108016568250102,-7.27828803099472e-05,-5.1489788051029e-05,-0.000750621221544181,0.000920461365640716,0.000663069424643113,-0.478779419186416,-0.157069926188175,-4.79182996905689e-06,0.0301191786657313,-0.0767181888222694,-0.436158448457718,0.419265270233154,0.0300140380859375,1
1.997,-2.67187679833213e-05,2.88458849215521e-05,0.0301023459479788,-0.00136966685942229,1.92616368087543e-05,-5.1651415021059e-05,-0.00121036772760324,0.00066313487031004,0.000783258489807077,-0.0359230845599309,0.315204550038851,-0.000314686102136768,0.0301191786657313,0.124773599207401,-0.215999066829681,-0.295620948076248,0.325923025608063,1
1.998,-2.77847914103886e-05,2.93519358334357e-05,0.0301031882956874,-0.00119786359842295,-0.000281381005453024,-5.15152946687358e-05,-0.000926215983802585,0.000349380643942588,0.000900220614284277,0.335279324155954,-0.84201414183765,0.00052434147174719,0.0301191786657313,-0.414461076259613,-0.319507747888565,0.211137413978577,0.218415588140488,1
1.999,-2.90063241764487e-05,2.9539854032652e-05,0.0301042398546519,-0.000840773727430646,-0.00051345374226922,-5.13444947460862e-05,-0.00151758873165214,2.43646157158603e-05,0.001201274180679,0.295034118176989,0.424653144114706,-0.000190918791839238,0.0301191786657313,0.552119731903076,0.00683706998825073,-0.00564055889844894,0.0816534087061882,1
2,-3.03381543614074e-05,2.95815014133938e-05,0.0301052223992806,-0.000384865026883671,-0.000526426425871284,-5.13271395479187e-05,-0.00114760180836683,5.49552949649779e-05,0.000764296327668914,0.50931974173267,-0.449165598037293,0.000162227361041493,0.0301191786657313,0,0,0,0,1
